 $MeshFormat
 $quadratic
 $EndMeshFormat
 $PhysicalNames
 $
 "three-rods gap-graded LgRd b=0.2 zoom=1.5 h_tip=0.005 h_side=0.08 grad=0.3 aspect=1"
 $EndPhysicalNames
 $Nodes
        4254
           1    0.00000000000000000E+00    0.00000000000000000E+00    1.00000000000000000E+00
           2    3.31433950600437156E-03    0.00000000000000000E+00    9.99959233228559397E-01
           3    1.02418723248361892E-03    3.15212418439991772E-03    9.99959233228559397E-01
           4   -2.68135698548580426E-03    1.94811988271969064E-03    9.99959233228559397E-01
           5   -2.68135698548580470E-03   -1.94811988271968999E-03    9.99959233228559397E-01
           6    1.02418723248361826E-03   -3.15212418439991815E-03    9.99959233228559397E-01
           7    6.15979489656830626E-03    4.47535295614725787E-03    9.99784752599315540E-01
           8    1.84197522208330729E-03    7.38775910077718329E-03    9.99784752599315540E-01
           9   -3.33772513008878018E-03    6.84335065635678034E-03    9.99784752599315540E-01
          10   -6.95566679920946174E-03    3.09686238445626471E-03    9.99784752599315540E-01
          11   -7.31897466935437554E-03   -2.09868221492296282E-03    9.99784752599315540E-01
          12   -4.25765295036549789E-03   -6.31223008168499151E-03    9.99784752599315540E-01
          13    7.95871902641153198E-04   -7.57221534060352128E-03    9.99784752599315540E-01
          14    5.47699944727106543E-03   -5.28907688585422177E-03    9.99784752599315540E-01
          15    7.59537808045427417E-03   -5.31120574671789698E-04    9.99784752599315540E-01
          16    7.37241766666205459E-03    1.09300586761669344E-02    9.99353851991495068E-01
          17    2.92836550065928339E-04    1.31807803893057990E-02    9.99353851991495068E-01
          18   -6.87971810209193554E-03    1.12466974597839782E-02    9.99353851991495068E-01
          19   -1.18680108666008727E-02    5.74186755214768467E-03    9.99353851991495068E-01
          20   -1.30882940363217272E-02   -1.58596473319804615E-03    9.99353851991495068E-01
          21   -1.01531363269769925E-02   -8.41026442164471977E-03    9.99353851991495068E-01
          22   -3.99442957245027715E-03   -1.25643645803079733E-02    9.99353851991495068E-01
          23    3.43248034803872622E-03   -1.27293677602813710E-02    9.99353851991495068E-01
          24    9.76960201077263501E-03   -8.85288661778010737E-03    9.99353851991495068E-01
          25    1.30049440637954473E-02   -2.16567652564143972E-03    9.99353851991495068E-01
          26    1.21113082651070070E-02    5.20912056144926840E-03    9.99353851991495068E-01
          27    6.17486480680387931E-03    1.94228615775057269E-02    9.98452055575593911E-01
          28   -2.86390285117435689E-03    2.01785670378322145E-02    9.98452055575593911E-01
          29   -1.13354394260140254E-02    1.69376598224317935E-02    9.98452055575593911E-01
          30   -1.75618532024902421E-02    1.03420413524331102E-02    9.98452055575593911E-01
          31   -2.03099265702181946E-02    1.69805475577153395E-03    9.98452055575593911E-01
          32   -1.90353698958112549E-02   -7.28225241054551546E-03    9.98452055575593911E-01
          33   -1.39906247600475164E-02   -1.48202201759892443E-02    9.98452055575593911E-01
          34   -6.17486480680387671E-03   -1.94228615775057269E-02    9.98452055575593911E-01
          35    2.86390285117435906E-03   -2.01785670378322145E-02    9.98452055575593911E-01
          36    1.13354394260140236E-02   -1.69376598224317935E-02    9.98452055575593911E-01
          37    1.75618532024902421E-02   -1.03420413524331137E-02    9.98452055575593911E-01
          38    2.03099265702181946E-02   -1.69805475577155455E-03    9.98452055575593911E-01
          39    1.90353698958112549E-02    7.28225241054551286E-03    9.98452055575593911E-01
          40    1.39906247600475060E-02    1.48202201759892564E-02    9.98452055575593911E-01
          41    2.46903958154805680E-03    2.95314461620047597E-02    9.96711549311364409E-01
          42   -9.75594138264452085E-03    2.79825673699366020E-02    9.96711549311364409E-01
          43   -2.02940314518328183E-02    2.15952484659625264E-02    9.96711549311364409E-01
          44   -2.73230991175113722E-02    1.14739149155502207E-02    9.96711549311364409E-01
          45   -2.96277547232093215E-02   -6.31362761005334382E-04    9.96711549311364409E-01
          46   -2.68095023775626155E-02   -1.26274720804324496E-02    9.96711549311364409E-01
          47   -1.93556435141523375E-02   -2.24401767601703425E-02    9.96711549311364409E-01
          48   -8.55501804664407506E-03   -2.83727710154688742E-02    9.96711549311364409E-01
          49    3.72484776102799267E-03   -2.93994554036601380E-02    9.96711549311364409E-01
          50    1.53606535516387695E-02   -2.53427068668909891E-02    9.96711549311364409E-01
          51    2.43404627960145496E-02   -1.69039740815722997E-02    9.96711549311364409E-01
          52    2.91115848967968584E-02   -5.54239060976627774E-03    9.96711549311364409E-01
          53    2.88490494984768864E-02    6.77752254950634864E-03    9.96711549311364409E-01
          54    2.35982513564833504E-02    1.79255404881099242E-02    9.96711549311364409E-01
          55    1.42671011715705467E-02    2.59740696278963346E-02    9.96711549311364409E-01
          56   -5.20777449902929367E-03    4.11038904028322022E-02    9.93514942817176561E-01
          57   -2.05411341325016823E-02    3.59821140294918629E-02    9.93514942817176561E-01
          58   -3.27472923001452879E-02    2.53823869738373127E-02    9.93514942817176561E-01
          59   -3.99679720700356969E-02    1.09184215933269164E-02    9.93514942817176561E-01
          60   -4.11038904028322022E-02   -5.20777449902929020E-03    9.93514942817176561E-01
          61   -3.59821140294918629E-02   -2.05411341325016789E-02    9.93514942817176561E-01
          62   -2.53823869738373301E-02   -3.27472923001452740E-02    9.93514942817176561E-01
          63   -1.09184215933269199E-02   -3.99679720700356900E-02    9.93514942817176561E-01
          64    5.20777449902930668E-03   -4.11038904028322022E-02    9.93514942817176561E-01
          65    2.05411341325016789E-02   -3.59821140294918629E-02    9.93514942817176561E-01
          66    3.27472923001452740E-02   -2.53823869738373301E-02    9.93514942817176561E-01
          67    3.99679720700356900E-02   -1.09184215933269217E-02    9.93514942817176561E-01
          68    4.11038904028322022E-02    5.20777449902930407E-03    9.93514942817176561E-01
          69    3.59821140294918490E-02    2.05411341325017066E-02    9.93514942817176561E-01
          70    2.53823869738373301E-02    3.27472923001452670E-02    9.93514942817176561E-01
          71    1.09184215933269234E-02    3.99679720700356900E-02    9.93514942817176561E-01
          72   -1.78229293989623193E-02    5.33575397041485822E-02    9.87855477878321508E-01
          73   -3.58943532575406316E-02    4.33160392910417191E-02    9.87855477878321508E-01
          74   -4.91180458112105076E-02    2.74244677492201105E-02    9.87855477878321508E-01
          75   -5.57080741055888534E-02    7.82906987364452751E-03    9.87855477878321508E-01
          76   -5.47744183029124990E-02   -1.28236872707405084E-02    9.87855477878321508E-01
          77   -4.64431737928982860E-02   -3.17445343907078528E-02    9.87855477878321508E-01
          78   -3.18395213116431444E-02   -4.63781062386726811E-02    9.87855477878321508E-01
          79   -1.29357650483724780E-02   -5.47480578491465059E-02    9.87855477878321508E-01
          80    7.71503796422953227E-03   -5.57239808776318901E-02    9.87855477878321508E-01
          81    2.73238823492611416E-02   -4.91740715113556867E-02    9.87855477878321508E-01
          82    4.32424850161661975E-02   -3.59829313045342339E-02    9.87855477878321508E-01
          83    5.33209504667567363E-02   -1.79320968367300063E-02    9.87855477878321508E-01
          84    5.61981260952255993E-02    2.54056667405346904E-03    9.87855477878321508E-01
          85    5.14854333899674721E-02    2.26701125777400980E-02    9.87855477878321508E-01
          86    3.98193476147593109E-02    3.97379341583725260E-02    9.87855477878321508E-01
          87    2.27754382975557668E-02    5.14389275354222159E-02    9.87855477878321508E-01
          88    2.65557983520698987E-03    5.61928087158759942E-02    9.87855477878321508E-01
          89   -3.61489330167740069E-02    6.50562827970205537E-02    9.78160312852046410E-01
          90   -5.72089161542782970E-02    4.76046762626307837E-02    9.78160312852046410E-01
          91   -7.05425181595994988E-02    2.37237944123553021E-02    9.78160312852046410E-01
          92   -7.43489621978797033E-02   -3.36111733139166091E-03    9.78160312852046410E-01
          93   -6.81141669095146063E-02   -2.99920915549401305E-02    9.78160312852046410E-01
          94   -5.26801759463912875E-02   -5.25724676220774706E-02    9.78160312852046410E-01
          95   -3.01314353107757990E-02   -6.80526406227536518E-02    9.78160312852046410E-01
          96   -3.51327737239319395E-03   -7.43419274146275844E-02    9.78160312852046410E-01
          97    2.35793681428730813E-02   -7.05909249663155269E-02    9.78160312852046410E-01
          98    4.74874893326550640E-02   -5.73062269434840565E-02    9.78160312852046410E-01
          99    6.49821619507997134E-02   -3.62820054271695835E-02    9.78160312852046410E-01
         100    7.37006335188991751E-02   -1.03576980323835336E-02    9.78160312852046410E-01
         101    7.24654261409629213E-02    1.69654738756621383E-02    9.78160312852046410E-01
         102    6.14433614179015347E-02    4.19973645278635885E-02    9.78160312852046410E-01
         103    4.21230302659336212E-02    6.13572783851465062E-02    9.78160312852046410E-01
         104    1.71137504647829765E-02    7.24305518040989915E-02    9.78160312852046410E-01
         105   -1.02068361672016557E-02    7.37216778503652220E-02    9.78160312852046410E-01
         106   -6.11340548784938057E-02    7.37744208437919741E-02    9.62129720154539125E-01
         107   -8.36562031526809774E-02    4.67084308321419478E-02    9.62129720154539125E-01
         108   -9.48801176360744708E-02    1.33342084162610917E-02    9.62129720154539125E-01
         109   -9.32899464838348319E-02   -2.18408727336352991E-02    9.62129720154539125E-01
         110   -7.91004511215145367E-02   -5.40662229964005286E-02    9.62129720154539125E-01
         111   -5.42280015245029876E-02   -7.89896302522180432E-02    9.62129720154539125E-01
         112   -2.20317598338778155E-02   -9.32450502458224140E-02    9.62129720154539125E-01
         113    1.31399931045083664E-02   -9.49072095150684109E-02    9.62129720154539125E-01
         114    4.65371171629152952E-02   -8.37516242403018446E-02    9.62129720154539125E-01
         115    7.36491456774023140E-02   -6.12849180281118885E-02    9.62129720154539125E-01
         116    9.08144489641517505E-02   -3.05413440447714554E-02    9.62129720154539125E-01
         117    9.57147576980589970E-02    4.32700768724475840E-03    9.62129720154539125E-01
         118    8.76882580310618526E-02    3.86109730543214222E-02    9.62129720154539125E-01
         119    6.78189732195582790E-02    6.76803125596244365E-02    9.62129720154539125E-01
         120    3.87903602768498723E-02    8.76090508241917088E-02    9.62129720154539125E-01
         121    4.52289423394648324E-03    9.57057013164427650E-02    9.62129720154539125E-01
         122   -3.03554137374736632E-02    9.08767665223098459E-02    9.62129720154539125E-01
         123   -9.18055140003467551E-02    7.63931930002853671E-02    9.36722798549996294E-01
         124   -1.13202496636295974E-01    3.80705541456400828E-02    9.36722798549996294E-01
         125   -1.19310854824825244E-01   -5.39372400259691565E-03    9.36722798549996294E-01
         126   -1.09305620944992479E-01   -4.81295498366266991E-02    9.36722798549996294E-01
         127   -8.45380572731839336E-02   -8.43652132701778329E-02    9.36722798549996294E-01
         128   -4.83531605250854118E-02   -1.09206887167806577E-01    9.36722798549996294E-01
         129   -5.63790151396224674E-03   -1.19299565817171258E-01    9.36722798549996294E-01
         130    3.78387873373122741E-02   -1.13280177041212168E-01    9.36722798549996294E-01
         131    7.62051382867240945E-02   -9.19616726487071379E-02    9.36722798549996294E-01
         132    1.04279563043265286E-01   -5.82232347877750106E-02    9.36722798549996294E-01
         133    1.18270454977807318E-01   -1.66214264426723136E-02    9.36722798549996294E-01
         134    1.16288266608381652E-01    2.72251976460164864E-02    9.36722798549996294E-01
         135    9.86007034579641506E-02    6.73949079325829314E-02    9.36722798549996294E-01
         136    6.75965689401895053E-02    9.84625624547773026E-02    9.36722798549996294E-01
         137    2.74631432215235033E-02    1.16232302317560598E-01    9.36722798549996294E-01
         138   -1.63793321677393050E-02    1.18304225686936368E-01    9.36722798549996294E-01
         139   -5.80096879867363913E-02    1.04398507830946549E-01    9.36722798549996294E-01
         140   -1.24640494150540154E-01    6.95915148012299506E-02    8.99252506509064964E-01
         141   -1.41363154213898973E-01    1.98668151729979245E-02    8.99252506509064964E-01
         142   -1.38993936980392085E-01   -3.25410079301706942E-02    8.99252506509064964E-01
         143   -1.17852818365690545E-01   -8.05539875964200458E-02    8.99252506509064964E-01
         144   -8.07950235856920718E-02   -1.17687704872718568E-01    8.99252506509064964E-01
         145   -3.28254131697650331E-02   -1.38927045475871452E-01    8.99252506509064964E-01
         146    1.95774511866323719E-02   -1.41403518766173797E-01    8.99252506509064964E-01
         147    6.93362722778728818E-02   -1.24782663303158098E-01    8.99252506509064964E-01
         148    1.09730845592438966E-01   -9.13092177164439439E-02    8.99252506509064964E-01
         149    1.35305660170140396E-01   -4.55039563152823470E-02    8.99252506509064964E-01
         150    1.42606695587318977E-01    6.44686653238443850E-03    8.99252506509064964E-01
         151    1.30647906554450965E-01    5.75270043315319266E-02    8.99252506509064964E-01
         152    1.01044393796362597E-01    1.00837801427571011E-01    8.99252506509064964E-01
         153    5.77942757497607804E-02    1.30529894679269759E-01    8.99252506509064964E-01
         154    6.73872051401668351E-03    1.42593202363417770E-01    8.99252506509064964E-01
         155   -4.52269362676850084E-02    1.35398507932175532E-01    8.99252506509064964E-01
         156   -9.10844446953305575E-02    1.09917494735660301E-01    8.99252506509064964E-01
         157   -1.51866708475911744E-01    5.10735179854555701E-02    8.56300865895801233E-01
         158   -1.60221695497134525E-01   -1.00482572703960971E-03    8.56300865895801233E-01
         159   -1.51214175715485816E-01   -5.29742809805324524E-02    8.56300865895801233E-01
         160   -1.25820253665377246E-01   -9.92031509091235858E-02    8.56300865895801233E-01
         161   -8.67917548282367141E-02   -1.34681820141225705E-01    8.56300865895801233E-01
         162   -3.83580226426239596E-02   -1.55565624357266563E-01    8.56300865895801233E-01
         163    1.42323964823625592E-02   -1.59591479324828145E-01    8.56300865895801233E-01
         164    6.52805146100998990E-02   -1.46323121190599120E-01    8.56300865895801233E-01
         165    1.09254476048282673E-01   -1.17198382438212206E-01    8.56300865895801233E-01
         166    1.41389019748769856E-01   -7.53733804283726466E-02    8.56300865895801233E-01
         167    1.58201869282793312E-01   -2.53805031106200812E-02    8.56300865895801233E-01
         168    1.57871091525102092E-01    2.73627455382506567E-02    8.56300865895801233E-01
         169    1.40432531378287706E-01    7.71408161313092422E-02    8.56300865895801233E-01
         170    1.07775927421397591E-01    1.18559482333450900E-01    8.56300865895801233E-01
         171    6.34401294125806342E-02    1.47130388984849897E-01    8.56300865895801233E-01
         172    1.22296090068789443E-02    1.59757435026533556E-01    8.56300865895801233E-01
         173   -4.03061792966536783E-02    1.55072284091078733E-01    8.56300865895801233E-01
         174   -8.84741676585834719E-02    1.33582644979948956E-01    8.56300865895801233E-01
         175   -1.27054607136547926E-01    9.76172535369423389E-02    8.56300865895801233E-01
         176   -1.70050407614956600E-01    2.72813773882697383E-02    8.11488111722477479E-01
         177   -1.70157957503783236E-01   -2.66023341147873620E-02    8.11488111722477479E-01
         178   -1.53609260951937138E-01   -7.78820238053285208E-02    8.11488111722477479E-01
         179   -1.22024219679461796E-01   -1.21538078369836544E-01    8.11488111722477479E-01
         180   -7.84945975920298272E-02   -1.53297139017919665E-01    8.11488111722477479E-01
         181   -2.72813773882698216E-02   -1.70050407614956572E-01    8.11488111722477479E-01
         182    2.66023341147872752E-02   -1.70157957503783236E-01    8.11488111722477479E-01
         183    7.78820238053284375E-02   -1.53609260951937193E-01    8.11488111722477479E-01
         184    1.21538078369836489E-01   -1.22024219679461851E-01    8.11488111722477479E-01
         185    1.53297139017919665E-01   -7.84945975920298411E-02    8.11488111722477479E-01
         186    1.70050407614956572E-01   -2.72813773882698389E-02    8.11488111722477479E-01
         187    1.70157957503783236E-01    2.66023341147872648E-02    8.11488111722477479E-01
         188    1.53609260951937193E-01    7.78820238053284375E-02    8.11488111722477479E-01
         189    1.22024219679461865E-01    1.21538078369836475E-01    8.11488111722477479E-01
         190    7.84945975920298550E-02    1.53297139017919665E-01    8.11488111722477479E-01
         191    2.72813773882698458E-02    1.70050407614956572E-01    8.11488111722477479E-01
         192   -2.66023341147872544E-02    1.70157957503783236E-01    8.11488111722477479E-01
         193   -7.78820238053284236E-02    1.53609260951937193E-01    8.11488111722477479E-01
         194   -1.21538078369836475E-01    1.22024219679461865E-01    8.11488111722477479E-01
         195   -1.53297139017919665E-01    7.84945975920298550E-02    8.11488111722477479E-01
         196   -1.80378002460200498E-01    3.60027800057288229E-04    7.65807160589198399E-01
         197   -1.72470433969991871E-01   -5.28233167999851219E-02    7.65807160589198399E-01
         198   -1.49238110547516345E-01   -1.01313077891041312E-01    7.65807160589198399E-01
         199   -1.12745326082233005E-01   -1.40800727406359183E-01    7.65807160589198399E-01
         200   -6.62346246198292632E-02   -1.67777614397807029E-01    7.65807160589198399E-01
         201   -1.38386860940909479E-02   -1.79846724070076208E-01    7.65807160589198399E-01
         202    3.97868804211809896E-02   -1.75935663064370085E-01    7.65807160589198399E-01
         203    8.98772080091819886E-02   -1.56391946314454272E-01    7.65807160589198399E-01
         204    1.31981551245936385E-01   -1.22952118819746964E-01    7.65807160589198399E-01
         205    1.62358754462991528E-01   -7.85874560014188511E-02    7.65807160589198399E-01
         206    1.78309669846351354E-01   -2.72399528419945657E-02    7.65807160589198399E-01
         207    1.78416988564765316E-01    2.65279396680050336E-02    7.65807160589198399E-01
         208    1.62671174879141733E-01    7.79387083225569349E-02    7.65807160589198399E-01
         209    1.32471313434813637E-01    1.22424280714261396E-01    7.65807160589198399E-01
         210    9.05007944510186207E-02    1.56031918514396878E-01    7.65807160589198399E-01
         211    4.04888827240554097E-02    1.75775435619732162E-01    7.65807160589198399E-01
         212   -1.31206439154750738E-02    1.79900533892460218E-01    7.65807160589198399E-01
         213   -6.55643437641184601E-02    1.68040680248353586E-01    7.65807160589198399E-01
         214   -1.12182363944936109E-01    1.41249674729801822E-01    7.65807160589198399E-01
         215   -1.48832488785050759E-01    1.01908015747519384E-01    7.65807160589198399E-01
         216   -1.72258193855994474E-01    5.35113823501088340E-02    7.65807160589198399E-01
         217   -1.83916603772892429E-01   -2.73456502549400508E-02    7.19733355046002776E-01
         218   -1.68762529086316115E-01   -7.80532543050635602E-02    7.19733355046002776E-01
         219   -1.39936317962572609E-01   -1.22437447891968046E-01    7.19733355046002776E-01
         220   -9.97732985908291042E-02   -1.56902487614205388E-01    7.19733355046002776E-01
         221   -5.15272399419109545E-02   -1.78656220924963444E-01    7.19733355046002776E-01
         222    8.93249242805414269E-04   -1.85936289725838200E-01    7.19733355046002776E-01
         223    5.32413726862274797E-02   -1.78152906138818984E-01    7.19733355046002776E-01
         224    1.01276196753246769E-01   -1.55936633612561548E-01    7.19733355046002776E-01
         225    1.41106225672051833E-01   -1.21087302421883189E-01    7.19733355046002776E-01
         226    1.69504667377943924E-01   -7.64281981228997070E-02    7.19733355046002776E-01
         227    1.84170849015947602E-01   -2.55773357479946381E-02    7.19733355046002776E-01
         228    1.83916603772892456E-01    2.73456502549398670E-02    7.19733355046002776E-01
         229    1.68762529086316115E-01    7.80532543050635463E-02    7.19733355046002776E-01
         230    1.39936317962572609E-01    1.22437447891968088E-01    7.19733355046002776E-01
         231    9.97732985908291181E-02    1.56902487614205388E-01    7.19733355046002776E-01
         232    5.15272399419111279E-02    1.78656220924963416E-01    7.19733355046002776E-01
         233   -8.93249242805391501E-04    1.85936289725838200E-01    7.19733355046002776E-01
         234   -5.32413726862274589E-02    1.78152906138818984E-01    7.19733355046002776E-01
         235   -1.01276196753246742E-01    1.55936633612561576E-01    7.19733355046002776E-01
         236   -1.41106225672051805E-01    1.21087302421883203E-01    7.19733355046002776E-01
         237   -1.69504667377944035E-01    7.64281981228994295E-02    7.19733355046002776E-01
         238   -1.84170849015947574E-01    2.55773357479948289E-02    7.19733355046002776E-01
         239   -1.81832739092153195E-01   -5.43410985449730502E-02    6.73482195943063244E-01
         240   -1.59157578897351798E-01   -1.03368104734307520E-01    6.73482195943063244E-01
         241   -1.23588418206854941E-01   -1.44020841831858010E-01    6.73482195943063244E-01
         242   -7.80068588818628728E-02   -1.73005866849117756E-01    6.73482195943063244E-01
         243   -2.61056477749150584E-02   -1.87974985439769621E-01    6.73482195943063244E-01
         244    2.79104876584908464E-02   -1.87715488640375017E-01    6.73482195943063244E-01
         245    7.96654813718672972E-02   -1.72248399338334052E-01    6.73482195943063244E-01
         246    1.24966451573355758E-01   -1.42826769122576108E-01    6.73482195943063244E-01
         247    1.60143383072475221E-01   -1.01834163496009517E-01    6.73482195943063244E-01
         248    1.82346450084433731E-01   -5.25915595740861289E-02    6.73482195943063244E-01
         249    1.89776892166646505E-01    9.11699730481730307E-04    6.73482195943063244E-01
         250    1.81832739092153195E-01    5.43410985449730294E-02    6.73482195943063244E-01
         251    1.59157578897351826E-01    1.03368104734307492E-01    6.73482195943063244E-01
         252    1.23588418206854955E-01    1.44020841831857982E-01    6.73482195943063244E-01
         253    7.80068588818629005E-02    1.73005866849117756E-01    6.73482195943063244E-01
         254    2.61056477749152457E-02    1.87974985439769593E-01    6.73482195943063244E-01
         255   -2.79104876584906590E-02    1.87715488640375044E-01    6.73482195943063244E-01
         256   -7.96654813718674359E-02    1.72248399338333996E-01    6.73482195943063244E-01
         257   -1.24966451573355605E-01    1.42826769122576247E-01    6.73482195943063244E-01
         258   -1.60143383072475193E-01    1.01834163496009517E-01    6.73482195943063244E-01
         259   -1.82346450084433731E-01    5.25915595740861497E-02    6.73482195943063244E-01
         260   -1.89776892166646505E-01   -9.11699730481707105E-04    6.73482195943063244E-01
         261   -1.74699476230512102E-01   -8.07991129251642293E-02    6.27149513853033413E-01
         262   -1.46421805973404984E-01   -1.24936217247823098E-01    6.27149513853033413E-01
         263   -1.07284700202441727E-01   -1.59807373882374093E-01    6.27149513853033413E-01
         264   -6.01907790123092160E-02   -1.82826348666159350E-01    6.27149513853033413E-01
         265   -8.63278309732536803E-03   -1.92285929544268125E-01    6.27149513853033413E-01
         266    4.35654668476320936E-02   -1.87484542677674004E-01    6.27149513853033413E-01
         267    9.25326654152501260E-02   -1.68778284965389075E-01    6.27149513853033413E-01
         268    1.34637139497796265E-01   -1.37554513966498593E-01    6.27149513853033413E-01
         269    1.66756192867720338E-01   -9.61289539367425200E-02    6.27149513853033413E-01
         270    1.86507702271467124E-01   -4.75739491542007328E-02    6.27149513853033413E-01
         271    1.92426788613703936E-01    4.50939780077230616E-03    6.27149513853033413E-01
         272    1.84074460338445239E-01    5.62583033499843427E-02    6.27149513853033413E-01
         273    1.62070171424507581E-01    1.03834787904340753E-01    6.27149513853033413E-01
         274    1.28045879317713968E-01    1.43710321252379564E-01    6.27149513853033413E-01
         275    8.45250101128461606E-02    1.72927517504103317E-01    6.27149513853033413E-01
         276    3.47353075841002751E-02    1.89319470873300949E-01    6.27149513853033413E-01
         277   -1.76305538046996023E-02    1.91670465166776022E-01    6.27149513853033413E-01
         278   -6.86888376722221139E-02    1.79806137892864565E-01    6.27149513853033413E-01
         279   -1.14652784680118539E-01    1.54606411929787302E-01    6.27149513853033413E-01
         280   -1.52113459149880614E-01    1.17940235671149599E-01    6.27149513853033413E-01
         281   -1.78292574227268047E-01    7.25269716734596864E-02    6.27149513853033413E-01
         282   -1.91248544708473495E-01    2.17347139755673345E-02    6.27149513853033413E-01
         283   -1.90020485532527206E-01   -3.06695080281918150E-02    6.27149513853033413E-01
         284   -1.63700605553747963E-01   -1.04879371127235374E-01    5.80778190300988983E-01
         285   -1.29334027345899744E-01   -1.45156054359431408E-01    5.80778190300988983E-01
         286   -8.53753359936117312E-02   -1.74667177084551428E-01    5.80778190300988983E-01
         287   -3.50847465368514105E-02   -1.91224034334476489E-01    5.80778190300988983E-01
         288    1.78079180685116224E-02   -1.93598679749561631E-01    5.80778190300988983E-01
         289    6.93798508565375560E-02   -1.81614996742649942E-01    5.80778190300988983E-01
         290    1.15806197498232455E-01   -1.56161760260662169E-01    5.80778190300988983E-01
         291    1.53643728249585415E-01   -1.19126720412658427E-01    5.80778190300988983E-01
         292    1.80086206549954109E-01   -7.32565966801311808E-02    5.80778190300988983E-01
         293    1.93172514750089064E-01   -2.19533662984693484E-02    5.80778190300988983E-01
         294    1.91932101236662933E-01    3.09780448315821189E-02    5.80778190300988983E-01
         295    1.76456961805452367E-01    8.16119560916001574E-02    5.80778190300988983E-01
         296    1.47894816754017749E-01    1.26193081918160838E-01    5.80778190300988983E-01
         297    1.08363989717704862E-01    1.61415044153787907E-01    5.80778190300988983E-01
         298    6.07963012962968799E-02    1.84665590989220391E-01    5.80778190300988983E-01
         299    8.71962933231419830E-03    1.94220335729848814E-01    5.80778190300988983E-01
         300   -4.40037376495959615E-02    1.89370646668309384E-01    5.80778190300988983E-01
         301   -9.34635487137408655E-02    1.70476203056445175E-01    5.80778190300988983E-01
         302   -1.35991595937072246E-01    1.38938319340620398E-01    5.80778190300988983E-01
         303   -1.68433768609906637E-01    9.70960160798195610E-02    5.80778190300988983E-01
         304   -1.88383979198164048E-01    4.80525454910958605E-02    5.80778190300988983E-01
         305   -1.94362611848654082E-01   -4.55476257093374078E-03    5.80778190300988983E-01
         306   -1.85926258728114469E-01   -5.68242647297294776E-02    5.80778190300988983E-01
         307   -1.48971505024323742E-01   -1.27111779503898653E-01    5.34387857746241202E-01
         308   -1.09152889823965427E-01   -1.62590160959810631E-01    5.34387857746241202E-01
         309   -6.12389041266082484E-02   -1.86009973977827203E-01    5.34387857746241202E-01
         310   -8.78310905952570976E-03   -1.95634278164917574E-01    5.34387857746241202E-01
         311    4.43240890264514978E-02   -1.90749282907787282E-01    5.34387857746241202E-01
         312    9.41439721985519312E-02   -1.71717285957291299E-01    5.34387857746241202E-01
         313    1.36981627632700859E-01   -1.39949803461655337E-01    5.34387857746241202E-01
         314    1.69659982394581382E-01   -9.78028842710183116E-02    5.34387857746241202E-01
         315    1.89755432405030539E-01   -4.84023725724240794E-02    5.34387857746241202E-01
         316    1.95777590067340024E-01    4.58792167374606763E-03    5.34387857746241202E-01
         317    1.87279819497234462E-01    5.72379507577197230E-02    5.34387857746241202E-01
         318    1.64892361463185061E-01    1.05642902880194400E-01    5.34387857746241202E-01
         319    1.30275591311771299E-01    1.46212804180168188E-01    5.34387857746241202E-01
         320    8.59968765239377403E-02    1.75938770673170486E-01    5.34387857746241202E-01
         321    3.53401668138562525E-02    1.92616163411663543E-01    5.34387857746241202E-01
         322   -1.79375613983033845E-02    1.95008096470228542E-01    5.34387857746241202E-01
         323   -6.98849427404340251E-02    1.82937171116277303E-01    5.34387857746241202E-01
         324   -1.16649277581846803E-01    1.57298632662503213E-01    5.34387857746241202E-01
         325   -1.54762269139950476E-01    1.19993974217513968E-01    5.34387857746241202E-01
         326   -1.81397251186215663E-01    7.37899116407171596E-02    5.34387857746241202E-01
         327   -1.94578828949205779E-01    2.21131888839123450E-02    5.34387857746241202E-01
         328   -1.93329385107945673E-01   -3.12035679313040597E-02    5.34387857746241202E-01
         329   -1.77741585196316443E-01   -8.22060988598805331E-02    5.34387857746241202E-01
         330   -1.30976040424015755E-01   -1.46998942457151033E-01    4.87987799934186561E-01
         331   -8.64592535142123392E-02   -1.76884735719166464E-01    4.87987799934186561E-01
         332   -3.55301792960263790E-02   -1.93651797326713254E-01    4.87987799934186561E-01
         333    1.80340057807910105E-02   -1.96056591024562604E-01    4.87987799934186561E-01
         334    7.02606911489340041E-02   -1.83920764265344205E-01    4.87987799934186561E-01
         335    1.17276462475835133E-01   -1.58144375802076020E-01    4.87987799934186561E-01
         336    1.55594375085020248E-01   -1.20639142447947767E-01    4.87987799934186561E-01
         337    1.82372564691052397E-01   -7.41866557858090608E-02    4.87987799934186561E-01
         338    1.95625015472918051E-01   -2.22320842454049143E-02    4.87987799934186561E-01
         339    1.94368853782054679E-01    3.13713392784633061E-02    4.87987799934186561E-01
         340    1.78697243384516202E-01    8.26480940823754451E-02    4.87987799934186561E-01
         341    1.49772475930640997E-01    1.27795217838070047E-01    4.87987799934186561E-01
         342    1.09739769100476545E-01    1.63464354910935555E-01    4.87987799934186561E-01
         343    6.15681656221684706E-02    1.87010088579721928E-01    4.87987799934186561E-01
         344    8.83033295528026958E-03    1.96686139492779466E-01    4.87987799934186561E-01
         345   -4.45624051108154257E-02    1.91774879218874178E-01    4.87987799934186561E-01
         346   -9.46501534492807939E-02    1.72640553465000818E-01    4.87987799934186561E-01
         347   -1.37718132902053370E-01    1.40702267638608353E-01    4.87987799934186561E-01
         348   -1.70572188456016849E-01    9.83287382915050273E-02    4.87987799934186561E-01
         349   -1.90775685108037385E-01    4.86626162493671091E-02    4.87987799934186561E-01
         350   -1.96830221936281913E-01   -4.61258942333031986E-03    4.87987799934186561E-01
         351   -1.88286761641862282E-01   -5.75457004396918714E-02    4.87987799934186561E-01
         352   -1.65778933591085587E-01   -1.06210910108503670E-01    4.87987799934186561E-01
         353   -1.10183023219087392E-01   -1.64124610068698829E-01    4.41582570907813055E-01
         354   -6.18168479659626582E-02   -1.87765448215196001E-01    4.41582570907813055E-01
         355   -8.86599989246478551E-03   -1.97480582037341590E-01    4.41582570907813055E-01
         356    4.47423988338065196E-02   -1.92549484503327040E-01    4.41582570907813055E-01
         357    9.50324585214295664E-02   -1.73337872558979922E-01    4.41582570907813055E-01
         358    1.38274395505087744E-01   -1.41270583574935965E-01    4.41582570907813055E-01
         359    1.71261153137402061E-01   -9.87259016770559161E-02    4.41582570907813055E-01
         360    1.91546254509158770E-01   -4.88591712927364946E-02    4.41582570907813055E-01
         361    1.97625246449778608E-01    4.63122031052931506E-03    4.41582570907813055E-01
         362    1.89047277936563507E-01    5.77781354897863447E-02    4.41582570907813055E-01
         363    1.66448537652543777E-01    1.06639910677148037E-01    4.41582570907813055E-01
         364    1.31505070782227479E-01    1.47592691534715686E-01    4.41582570907813055E-01
         365    8.68084744076618869E-02    1.77599197652789809E-01    4.41582570907813055E-01
         366    3.56736906086256439E-02    1.94433983743224376E-01    4.41582570907813055E-01
         367   -1.81068476265767997E-02    1.96848490735713616E-01    4.41582570907813055E-01
         368   -7.05444838066321828E-02    1.84663645692259126E-01    4.41582570907813055E-01
         369   -1.17750158342289094E-01    1.58783142827777030E-01    4.41582570907813055E-01
         370   -1.56222842304829829E-01    1.21126420644303179E-01    4.41582570907813055E-01
         371   -1.83109192725570330E-01    7.44863059581446774E-02    4.41582570907813055E-01
         372   -1.96415171990673182E-01    2.23218827112469514E-02    4.41582570907813055E-01
         373   -1.95153936488850682E-01   -3.14980524605257065E-02    4.41582570907813055E-01
         374   -1.79419026287504474E-01   -8.29819211753028002E-02    4.41582570907813055E-01
         375   -1.50377427693843824E-01   -1.28311400413537557E-01    4.41582570907813055E-01
         376   -8.70754370834605357E-02   -1.78145369640589857E-01    3.95174490448836457E-01
         377   -3.57833981454240904E-02   -1.95031927860092047E-01    3.95174490448836457E-01
         378    1.81625317349044559E-02   -1.97453860201913189E-01    3.95174490448836457E-01
         379    7.07614297245091339E-02   -1.85231543023863632E-01    3.95174490448836457E-01
         380    1.18112276183448217E-01   -1.59271449677658633E-01    3.95174490448836457E-01
         381    1.56703275445570778E-01   -1.21498921527261564E-01    3.95174490448836457E-01
         382    1.83672309637679859E-01   -7.47153741877690375E-02    3.95174490448836457E-01
         383    1.97019208868868700E-01   -2.23905293448631616E-02    3.95174490448836457E-01
         384    1.95754094681161200E-01    3.15949186296951776E-02    3.95174490448836457E-01
         385    1.79970794806347367E-01    8.32371160266242166E-02    3.95174490448836457E-01
         386    1.50839884392349605E-01    1.28705997312326875E-01    3.95174490448836457E-01
         387    1.10521869799526509E-01    1.64629343568133690E-01    3.95174490448836457E-01
         388    6.20069537275838786E-02    1.88342884540625422E-01    3.95174490448836457E-01
         389    8.89326556060446478E-03    1.98087895378103951E-01    3.95174490448836457E-01
         390   -4.48799954290218239E-02    1.93141633207211616E-01    3.95174490448836457E-01
         391   -9.53247124699954512E-02    1.73870939665519669E-01    3.95174490448836457E-01
         392   -1.38699631668612072E-01    1.41705033935458469E-01    3.95174490448836457E-01
         393   -1.71787833694962172E-01    9.90295140957993120E-02    3.95174490448836457E-01
         394   -1.92135317973203379E-01    4.90094282255376101E-02    3.95174490448836457E-01
         395   -1.98233004677965841E-01   -4.64546273299724834E-03    3.95174490448836457E-01
         396   -1.89628656281417479E-01   -5.79558209722036144E-02    3.95174490448836457E-01
         397   -1.66960417941855566E-01   -1.06967861100140740E-01    3.95174490448836457E-01
         398   -1.31909489196635782E-01   -1.48046584315683266E-01    3.95174490448836457E-01
         399   -6.21535059613700022E-02   -1.88788029299202881E-01    3.48764784561496011E-01
         400   -8.91428462145505904E-03   -1.98556072280991786E-01    3.48764784561496011E-01
         401    4.49860684286945769E-02   -1.93598119715289452E-01    3.48764784561496011E-01
         402    9.55500105810571793E-02   -1.74281880262770306E-01    3.48764784561496011E-01
         403    1.39027445560835766E-01   -1.42039951037711915E-01    3.48764784561496011E-01
         404    1.72193850911610269E-01   -9.92635684337253577E-02    3.48764784561496011E-01
         405    1.92589426074722569E-01   -4.91252610596190006E-02    3.48764784561496011E-01
         406    1.98701524543872493E-01    4.65644219416373652E-03    3.48764784561496011E-01
         407    1.90076839936593134E-01    5.80927984322109556E-02    3.48764784561496011E-01
         408    1.67355025654899764E-01    1.07220677567410397E-01    3.48764784561496011E-01
         409    1.32221254718681763E-01    1.48396489549396771E-01    3.48764784561496011E-01
         410    8.72812381919711305E-02    1.78566412770271965E-01    3.48764784561496011E-01
         411    3.58679715136582047E-02    1.95492882042958643E-01    3.48764784561496011E-01
         412   -1.82054585267715160E-02    1.97920538574946153E-01    3.48764784561496011E-01
         413   -7.09286729927015719E-02    1.85669334187046481E-01    3.48764784561496011E-01
         414   -1.18391432259850798E-01    1.59647884663179612E-01    3.48764784561496011E-01
         415   -1.57073640601051029E-01    1.21786081874320121E-01    3.48764784561496011E-01
         416   -1.84106415582963812E-01    7.48919625270947215E-02    3.48764784561496011E-01
         417   -1.97484859951897157E-01    2.24434489271660466E-02    3.48764784561496011E-01
         418   -1.96216755691317885E-01   -3.16695926077431786E-02    3.48764784561496011E-01
         419   -1.80396152293042122E-01   -8.34338453376823469E-02    3.48764784561496011E-01
         420   -1.51196391536675495E-01   -1.29010191443370337E-01    3.48764784561496011E-01
         421   -1.10783086097500330E-01   -1.65018441832058826E-01    3.48764784561496011E-01
         422   -3.59334214082269662E-02   -1.95849606663246273E-01    3.02354124277439629E-01
         423    1.82386788425817938E-02   -1.98281693048870888E-01    3.02354124277439629E-01
         424    7.10580997200400827E-02   -1.86008133339449266E-01    3.02354124277439629E-01
         425    1.18607466410439052E-01   -1.59939201310829587E-01    3.02354124277439629E-01
         426    1.57360259910230393E-01   -1.22008310394145822E-01    3.02354124277439629E-01
         427    1.84442362807768268E-01   -7.50286212464089386E-02    3.02354124277439629E-01
         428    1.97845219423519264E-01   -2.24844024939292730E-02    3.02354124277439629E-01
         429    1.96574801196282373E-01    3.17273815322279829E-02    3.02354124277439629E-01
         430    1.80725329234195042E-01    8.35860908132525504E-02    3.02354124277439629E-01
         431    1.51472286366175712E-01    1.29245602119579917E-01    3.02354124277439629E-01
         432    1.10985236957978864E-01    1.65319558375985221E-01    3.02354124277439629E-01
         433    6.22669202482837442E-02    1.89132519274299776E-01    3.02354124277439629E-01
         434    8.93055091597942663E-03    1.98918386441742978E-01    3.02354124277439629E-01
         435   -4.50681565232112849E-02    1.93951386877869031E-01    3.02354124277439629E-01
         436   -9.57243649661723706E-02    1.74599900217819515E-01    3.02354124277439629E-01
         437   -1.39281135169423864E-01    1.42299137700009209E-01    3.02354124277439629E-01
         438   -1.72508060745955122E-01    9.94446991142280967E-02    3.02354124277439629E-01
         439   -1.92940852628825044E-01    4.92149021243719759E-02    3.02354124277439629E-01
         440   -1.99064104117884277E-01   -4.66493901285199800E-03    3.02354124277439629E-01
         441   -1.90423681662201055E-01   -5.81988029641693841E-02    3.02354124277439629E-01
         442   -1.67660405868010676E-01   -1.07416327941442083E-01    3.02354124277439629E-01
         443   -1.32462524765910666E-01   -1.48667275272300614E-01    3.02354124277439629E-01
         444   -8.74405041776526587E-02   -1.78892250903742084E-01    3.02354124277439629E-01
         445   -8.94311322147850127E-03   -1.99198198243211222E-01    2.55942889191565492E-01
         446    4.51315523826448725E-02   -1.94224211768168731E-01    2.55942889191565492E-01
         447    9.58590172096615289E-02   -1.74845504022927867E-01    2.55942889191565492E-01
         448    1.39477057256061715E-01   -1.42499305109264146E-01    2.55942889191565492E-01
         449    1.72750722030859810E-01   -9.95845846265900475E-02    2.55942889191565492E-01
         450    1.93212256034596658E-01   -4.92841310713228661E-02    2.55942889191565492E-01
         451    1.99344120895504795E-01    4.67150102560682807E-03    2.55942889191565492E-01
         452    1.90691544248265760E-01    5.82806692621624517E-02    2.55942889191565492E-01
         453    1.67896248119901087E-01    1.07567426875864638E-01    2.55942889191565492E-01
         454    1.32648855342710592E-01    1.48876400526418234E-01    2.55942889191565492E-01
         455    8.75635037928860077E-02    1.79143892614141625E-01    2.55942889191565492E-01
         456    3.59839677431184543E-02    1.96125101715451194E-01    2.55942889191565492E-01
         457   -1.82643345784573377E-02    1.98560609235165358E-01    2.55942889191565492E-01
         458   -7.11580547581201206E-02    1.86269784722252391E-01    2.55942889191565492E-01
         459   -1.18774307542813012E-01    1.60164182404054195E-01    2.55942889191565492E-01
         460   -1.57581613293357153E-01    1.22179935379327795E-01    2.55942889191565492E-01
         461   -1.84701811673845806E-01    7.51341614835293464E-02    2.55942889191565492E-01
         462   -1.98123521637050382E-01    2.25160305464150653E-02    2.55942889191565492E-01
         463   -1.96851316355237255E-01   -3.17720113723410011E-02    2.55942889191565492E-01
         464   -1.80979549474206775E-01   -8.37036685548907811E-02    2.55942889191565492E-01
         465   -1.51685357335022641E-01   -1.29427407559528751E-01    2.55942889191565492E-01
         466   -1.11141356156636700E-01   -1.65552107836467927E-01    2.55942889191565492E-01
         467   -6.23545090299855581E-02   -1.89398565625675530E-01    2.55942889191565492E-01
         468    1.82839416409244122E-02   -1.98773767302983850E-01    2.09531300906545287E-01
         469    6.91073680821199104E-02   -1.87268483110511419E-01    2.09531300906545287E-01
         470    1.15221241593844656E-01   -1.63001161269858391E-01    2.09531300906545287E-01
         471    1.53482977903053458E-01   -1.27625579660819971E-01    2.09531300906545287E-01
         472    1.81285102910782814E-01   -8.35525257091393192E-02    2.09531300906545287E-01
         473    1.96732947742939951E-01   -3.37855052074578777E-02    2.09531300906545287E-01
         474    1.98773767302983850E-01    1.82839416409243984E-02    2.09531300906545287E-01
         475    1.87268483110511419E-01    6.91073680821198966E-02    2.09531300906545287E-01
         476    1.63001161269858391E-01    1.15221241593844642E-01    2.09531300906545287E-01
         477    1.27625579660819999E-01    1.53482977903053430E-01    2.09531300906545287E-01
         478    8.35525257091393192E-02    1.81285102910782814E-01    2.09531300906545287E-01
         479    3.37855052074580650E-02    1.96732947742939895E-01    2.09531300906545287E-01
         480   -1.82839416409243880E-02    1.98773767302983850E-01    2.09531300906545287E-01
         481   -6.91073680821200492E-02    1.87268483110511336E-01    2.09531300906545287E-01
         482   -1.15221241593844642E-01    1.63001161269858391E-01    2.09531300906545287E-01
         483   -1.53482977903053430E-01    1.27625579660819999E-01    2.09531300906545287E-01
         484   -1.81285102910782814E-01    8.35525257091393192E-02    2.09531300906545287E-01
         485   -1.96732947742939895E-01    3.37855052074580789E-02    2.09531300906545287E-01
         486   -1.98773767302983850E-01   -1.82839416409245510E-02    2.09531300906545287E-01
         487   -1.87268483110511474E-01   -6.91073680821197023E-02    2.09531300906545287E-01
         488   -1.63001161269858419E-01   -1.15221241593844614E-01    2.09531300906545287E-01
         489   -1.27625579660819999E-01   -1.53482977903053430E-01    2.09531300906545287E-01
         490   -8.35525257091393331E-02   -1.81285102910782786E-01    2.09531300906545287E-01
         491   -3.37855052074580928E-02   -1.96732947742939895E-01    2.09531300906545287E-01
         492    4.41079730604015605E-02   -1.94842499046850054E-01    1.63119492941460720E-01
         493    9.30339798729988288E-02   -1.76787418419154851E-01    1.63119492941460720E-01
         494    1.35619874703172494E-01   -1.46684567381216630E-01    1.63119492941460720E-01
         495    1.68963499194764610E-01   -1.06585405483957618E-01    1.63119492941460720E-01
         496    1.90792540441618197E-01   -5.92226243436776989E-02    1.63119492941460720E-01
         497    1.99619385356956502E-01   -7.82391922439015786E-03    1.63119492941460720E-01
         498    1.94842499046850082E-01    4.41079730604015466E-02    1.63119492941460720E-01
         499    1.76787418419154851E-01    9.30339798729988149E-02    1.63119492941460720E-01
         500    1.46684567381216741E-01    1.35619874703172327E-01    1.63119492941460720E-01
         501    1.06585405483957632E-01    1.68963499194764610E-01    1.63119492941460720E-01
         502    5.92226243436775462E-02    1.90792540441618252E-01    1.63119492941460720E-01
         503    7.82391922439017000E-03    1.99619385356956502E-01    1.63119492941460720E-01
         504   -4.41079730604015327E-02    1.94842499046850082E-01    1.63119492941460720E-01
         505   -9.30339798729988149E-02    1.76787418419154851E-01    1.63119492941460720E-01
         506   -1.35619874703172327E-01    1.46684567381216768E-01    1.63119492941460720E-01
         507   -1.68963499194764499E-01    1.06585405483957799E-01    1.63119492941460720E-01
         508   -1.90792540441618141E-01    5.92226243436778862E-02    1.63119492941460720E-01
         509   -1.99619385356956502E-01    7.82391922439018214E-03    1.63119492941460720E-01
         510   -1.94842499046850082E-01   -4.41079730604015258E-02    1.63119492941460720E-01
         511   -1.76787418419154851E-01   -9.30339798729988149E-02    1.63119492941460720E-01
         512   -1.46684567381216519E-01   -1.35619874703172577E-01    1.63119492941460720E-01
         513   -1.06585405483957799E-01   -1.68963499194764499E-01    1.63119492941460720E-01
         514   -5.92226243436775671E-02   -1.90792540441618225E-01    1.63119492941460720E-01
         515   -7.82391922439054990E-03   -1.99619385356956502E-01    1.63119492941460720E-01
         516    6.92020152849953107E-02   -1.87524959932086649E-01    1.16707548625001586E-01
         517    1.15379044857538915E-01   -1.63224402356992704E-01    1.16707548625001586E-01
         518    1.53693183195928312E-01   -1.27800371502348298E-01    1.16707548625001586E-01
         519    1.81533385089509364E-01   -8.36669565299187901E-02    1.16707548625001586E-01
         520    1.97002386787343636E-01   -3.38317767361584198E-02    1.16707548625001586E-01
         521    1.99046001387457733E-01    1.83089827325167535E-02    1.16707548625001586E-01
         522    1.87524959932086649E-01    6.92020152849953107E-02    1.16707548625001586E-01
         523    1.63224402356992704E-01    1.15379044857538887E-01    1.16707548625001586E-01
         524    1.27800371502348326E-01    1.53693183195928312E-01    1.16707548625001586E-01
         525    8.36669565299187901E-02    1.81533385089509364E-01    1.16707548625001586E-01
         526    3.38317767361584268E-02    1.97002386787343636E-01    1.16707548625001586E-01
         527   -1.83089827325165627E-02    1.99046001387457733E-01    1.16707548625001586E-01
         528   -6.92020152849954634E-02    1.87524959932086566E-01    1.16707548625001586E-01
         529   -1.15379044857539040E-01    1.63224402356992593E-01    1.16707548625001586E-01
         530   -1.53693183195928312E-01    1.27800371502348326E-01    1.16707548625001586E-01
         531   -1.81533385089509364E-01    8.36669565299187901E-02    1.16707548625001586E-01
         532   -1.97002386787343636E-01    3.38317767361584476E-02    1.16707548625001586E-01
         533   -1.99046001387457733E-01   -1.83089827325169062E-02    1.16707548625001586E-01
         534   -1.87524959932086704E-01   -6.92020152849951165E-02    1.16707548625001586E-01
         535   -1.63224402356992621E-01   -1.15379044857539026E-01    1.16707548625001586E-01
         536   -1.27800371502348326E-01   -1.53693183195928285E-01    1.16707548625001586E-01
         537   -8.36669565299188039E-02   -1.81533385089509336E-01    1.16707548625001586E-01
         538   -3.38317767361584545E-02   -1.97002386787343636E-01    1.16707548625001586E-01
         539    1.83089827325165384E-02   -1.99046001387457733E-01    1.16707548625001586E-01
         540    9.31209366790681087E-02   -1.76952657714302131E-01    7.02955224063009920E-02
         541    1.35746635604509724E-01   -1.46821670206405297E-01    7.02955224063009920E-02
         542    1.69121425645426204E-01   -1.06685028508223964E-01    7.02955224063009920E-02
         543    1.90970870014977229E-01   -5.92779784225529321E-02    7.02955224063009920E-02
         544    1.99805965187292128E-01   -7.83123206887603555E-03    7.02955224063009920E-02
         545    1.95024614027062670E-01    4.41491998085720289E-02    7.02955224063009920E-02
         546    1.76952657714302158E-01    9.31209366790680948E-02    7.02955224063009920E-02
         547    1.46821670206405297E-01    1.35746635604509697E-01    7.02955224063009920E-02
         548    1.06685028508224131E-01    1.69121425645426093E-01    7.02955224063009920E-02
         549    5.92779784225529460E-02    1.90970870014977229E-01    7.02955224063009920E-02
         550    7.83123206887587076E-03    1.99805965187292156E-01    7.02955224063009920E-02
         551   -4.41491998085720219E-02    1.95024614027062670E-01    7.02955224063009920E-02
         552   -9.31209366790680809E-02    1.76952657714302158E-01    7.02955224063009920E-02
         553   -1.35746635604509697E-01    1.46821670206405325E-01    7.02955224063009920E-02
         554   -1.69121425645426093E-01    1.06685028508224145E-01    7.02955224063009920E-02
         555   -1.90970870014977201E-01    5.92779784225531195E-02    7.02955224063009920E-02
         556   -1.99805965187292128E-01    7.83123206887588290E-03    7.02955224063009920E-02
         557   -1.95024614027062670E-01   -4.41491998085720080E-02    7.02955224063009920E-02
         558   -1.76952657714302158E-01   -9.31209366790680809E-02    7.02955224063009920E-02
         559   -1.46821670206405325E-01   -1.35746635604509697E-01    7.02955224063009920E-02
         560   -1.06685028508224145E-01   -1.69121425645426093E-01    7.02955224063009920E-02
         561   -5.92779784225528003E-02   -1.90970870014977284E-01    7.02955224063009920E-02
         562   -7.83123206887625066E-03   -1.99805965187292128E-01    7.02955224063009920E-02
         563    4.41491998085720011E-02   -1.95024614027062670E-01    7.02955224063009920E-02
         564    1.15441993904288345E-01   -1.63313455100905641E-01    2.38834524168948792E-02
         565    1.53777035852067062E-01   -1.27870097435426044E-01    2.38834524168948792E-02
         566    1.81632426935094876E-01   -8.37126039450493964E-02    2.38834524168948792E-02
         567    1.97109868284273515E-01   -3.38502348374367795E-02    2.38834524168948792E-02
         568    1.99154597849337783E-01    1.83189718341891274E-02    2.38834524168948792E-02
         569    1.87627270689503856E-01    6.92397708488475538E-02    2.38834524168948792E-02
         570    1.63313455100905669E-01    1.15441993904288318E-01    2.38834524168948792E-02
         571    1.27870097435426072E-01    1.53777035852067062E-01    2.38834524168948792E-02
         572    8.37126039450493964E-02    1.81632426935094876E-01    2.38834524168948792E-02
         573    3.38502348374367865E-02    1.97109868284273515E-01    2.38834524168948792E-02
         574   -1.83189718341891135E-02    1.99154597849337783E-01    2.38834524168948792E-02
         575   -6.92397708488473734E-02    1.87627270689503939E-01    2.38834524168948792E-02
         576   -1.15441993904288193E-01    1.63313455100905780E-01    2.38834524168948792E-02
         577   -1.53777035852067173E-01    1.27870097435425933E-01    2.38834524168948792E-02
         578   -1.81632426935094876E-01    8.37126039450493964E-02    2.38834524168948792E-02
         579   -1.97109868284273515E-01    3.38502348374368073E-02    2.38834524168948792E-02
         580   -1.99154597849337783E-01   -1.83189718341891031E-02    2.38834524168948792E-02
         581   -1.87627270689503939E-01   -6.92397708488473596E-02    2.38834524168948792E-02
         582   -1.63313455100905558E-01   -1.15441993904288456E-01    2.38834524168948792E-02
         583   -1.27870097435426239E-01   -1.53777035852066923E-01    2.38834524168948792E-02
         584   -8.37126039450494103E-02   -1.81632426935094848E-01    2.38834524168948792E-02
         585   -3.38502348374368142E-02   -1.97109868284273515E-01    2.38834524168948792E-02
         586    1.83189718341890892E-02   -1.99154597849337783E-01    2.38834524168948792E-02
         587    6.92397708488473596E-02   -1.87627270689503939E-01    2.38834524168948792E-02
         588    1.35771403640184724E-01   -1.46848458968788537E-01   -2.25286315616011618E-02
         589    1.69152283172650547E-01   -1.06704494026321955E-01   -2.25286315616011618E-02
         590    1.91005714144265260E-01   -5.92887941534752730E-02   -2.25286315616011618E-02
         591    1.99842421348815386E-01   -7.83266093843436664E-03   -2.25286315616011618E-02
         592    1.95060197793660045E-01    4.41572551754766188E-02   -2.25286315616011618E-02
         593    1.76984944111084924E-01    9.31379273224935134E-02   -2.25286315616011618E-02
         594    1.46848458968788537E-01    1.35771403640184696E-01   -2.25286315616011618E-02
         595    1.06704494026321955E-01    1.69152283172650547E-01   -2.25286315616011618E-02
         596    5.92887941534754534E-02    1.91005714144265204E-01   -2.25286315616011618E-02
         597    7.83266093843437879E-03    1.99842421348815386E-01   -2.25286315616011618E-02
         598   -4.41572551754767853E-02    1.95060197793660017E-01   -2.25286315616011618E-02
         599   -9.31379273224934995E-02    1.76984944111084924E-01   -2.25286315616011618E-02
         600   -1.35771403640184696E-01    1.46848458968788564E-01   -2.25286315616011618E-02
         601   -1.69152283172650519E-01    1.06704494026321983E-01   -2.25286315616011618E-02
         602   -1.91005714144265204E-01    5.92887941534754603E-02   -2.25286315616011618E-02
         603   -1.99842421348815386E-01    7.83266093843456787E-03   -2.25286315616011618E-02
         604   -1.95060197793660073E-01   -4.41572551754764245E-02   -2.25286315616011618E-02
         605   -1.76984944111084924E-01   -9.31379273224934995E-02   -2.25286315616011618E-02
         606   -1.46848458968788564E-01   -1.35771403640184696E-01   -2.25286315616011618E-02
         607   -1.06704494026321983E-01   -1.69152283172650519E-01   -2.25286315616011618E-02
         608   -5.92887941534751411E-02   -1.91005714144265287E-01   -2.25286315616011618E-02
         609   -7.83266093843458175E-03   -1.99842421348815386E-01   -2.25286315616011618E-02
         610    4.41572551754767575E-02   -1.95060197793660017E-01   -2.25286315616011618E-02
         611    9.31379273224931664E-02   -1.76984944111085118E-01   -2.25286315616011618E-02
         612    1.53750580279143539E-01   -1.27848098853721726E-01   -6.89407023562168819E-02
         613    1.81601179162048376E-01   -8.36982021529613096E-02   -6.89407023562168819E-02
         614    1.97075957795197904E-01   -3.38444112932953650E-02   -6.89407023562168819E-02
         615    1.99120335588023750E-01    1.83158202654743439E-02   -6.89407023562168819E-02
         616    1.87594991572438974E-01    6.92278589414761086E-02   -6.89407023562168819E-02
         617    1.63285358896574001E-01    1.15422133435062538E-01   -6.89407023562168819E-02
         618    1.27848098853721753E-01    1.53750580279143539E-01   -6.89407023562168819E-02
         619    8.36982021529613235E-02    1.81601179162048348E-01   -6.89407023562168819E-02
         620    3.38444112932953720E-02    1.97075957795197904E-01   -6.89407023562168819E-02
         621   -1.83158202654743300E-02    1.99120335588023750E-01   -6.89407023562168819E-02
         622   -6.92278589414760948E-02    1.87594991572438974E-01   -6.89407023562168819E-02
         623   -1.15422133435062413E-01    1.63285358896574112E-01   -6.89407023562168819E-02
         624   -1.53750580279143650E-01    1.27848098853721615E-01   -6.89407023562168819E-02
         625   -1.81601179162048432E-01    8.36982021529611708E-02   -6.89407023562168819E-02
         626   -1.97075957795197904E-01    3.38444112932953928E-02   -6.89407023562168819E-02
         627   -1.99120335588023750E-01   -1.83158202654743196E-02   -6.89407023562168819E-02
         628   -1.87594991572438974E-01   -6.92278589414760809E-02   -6.89407023562168819E-02
         629   -1.63285358896573918E-01   -1.15422133435062677E-01   -6.89407023562168819E-02
         630   -1.27848098853721892E-01   -1.53750580279143401E-01   -6.89407023562168819E-02
         631   -8.36982021529611708E-02   -1.81601179162048404E-01   -6.89407023562168819E-02
         632   -3.38444112932953997E-02   -1.97075957795197904E-01   -6.89407023562168819E-02
         633    1.83158202654743058E-02   -1.99120335588023750E-01   -6.89407023562168819E-02
         634    6.92278589414760670E-02   -1.87594991572438974E-01   -6.89407023562168819E-02
         635    1.15422133435062385E-01   -1.63285358896574112E-01   -6.89407023562168819E-02
         636    1.69061884900087972E-01   -1.06647469067783288E-01   -1.15352730336300224E-01
         637    1.90903636972829110E-01   -5.92571090678634324E-02   -1.15352730336300224E-01
         638    1.99735621669048624E-01   -7.82847501197140444E-03   -1.15352730336300224E-01
         639    1.94955953827243927E-01    4.41336566788196605E-02   -1.15352730336300224E-01
         640    1.76890359912059453E-01    9.30881526012652810E-02   -1.15352730336300224E-01
         641    1.46769980294009422E-01    1.35698844759380571E-01   -1.15352730336300224E-01
         642    1.06647469067783288E-01    1.69061884900087972E-01   -1.15352730336300224E-01
         643    5.92571090678634463E-02    1.90903636972829110E-01   -1.15352730336300224E-01
         644    7.82847501197159353E-03    1.99735621669048624E-01   -1.15352730336300224E-01
         645   -4.41336566788198201E-02    1.94955953827243900E-01   -1.15352730336300224E-01
         646   -9.30881526012654198E-02    1.76890359912059397E-01   -1.15352730336300224E-01
         647   -1.35698844759380571E-01    1.46769980294009450E-01   -1.15352730336300224E-01
         648   -1.69061884900087944E-01    1.06647469067783315E-01   -1.15352730336300224E-01
         649   -1.90903636972829110E-01    5.92571090678634532E-02   -1.15352730336300224E-01
         650   -1.99735621669048624E-01    7.82847501197160740E-03   -1.15352730336300224E-01
         651   -1.94955953827243955E-01   -4.41336566788194593E-02   -1.15352730336300224E-01
         652   -1.76890359912059397E-01   -9.30881526012654198E-02   -1.15352730336300224E-01
         653   -1.46769980294009450E-01   -1.35698844759380571E-01   -1.15352730336300224E-01
         654   -1.06647469067783315E-01   -1.69061884900087944E-01   -1.15352730336300224E-01
         655   -5.92571090678634671E-02   -1.90903636972829083E-01   -1.15352730336300224E-01
         656   -7.82847501197161955E-03   -1.99735621669048624E-01   -1.15352730336300224E-01
         657    4.41336566788197993E-02   -1.94955953827243900E-01   -1.15352730336300224E-01
         658    9.30881526012650867E-02   -1.76890359912059564E-01   -1.15352730336300224E-01
         659    1.35698844759380544E-01   -1.46769980294009450E-01   -1.15352730336300224E-01
         660    1.81433756450971706E-01   -8.36210386676725509E-02   -1.61764677711673882E-01
         661    1.96894268495082375E-01   -3.38132092762179898E-02   -1.61764677711673882E-01
         662    1.98936761524416528E-01    1.82989344484406208E-02   -1.61764677711673882E-01
         663    1.87422043014404377E-01    6.91640360308568292E-02   -1.61764677711673882E-01
         664    1.63134822002531182E-01    1.15315722856743921E-01   -1.61764677711673882E-01
         665    1.27730232464225518E-01    1.53608833738186457E-01   -1.61764677711673882E-01
         666    8.36210386676725648E-02    1.81433756450971678E-01   -1.61764677711673882E-01
         667    3.38132092762180037E-02    1.96894268495082375E-01   -1.61764677711673882E-01
         668   -1.82989344484406069E-02    1.98936761524416528E-01   -1.61764677711673882E-01
         669   -6.91640360308568153E-02    1.87422043014404377E-01   -1.61764677711673882E-01
         670   -1.15315722856743921E-01    1.63134822002531182E-01   -1.61764677711673882E-01
         671   -1.53608833738186346E-01    1.27730232464225657E-01   -1.61764677711673882E-01
         672   -1.81433756450971595E-01    8.36210386676727452E-02   -1.61764677711673882E-01
         673   -1.96894268495082375E-01    3.38132092762178441E-02   -1.61764677711673882E-01
         674   -1.98936761524416528E-01   -1.82989344484405965E-02   -1.61764677711673882E-01
         675   -1.87422043014404377E-01   -6.91640360308568014E-02   -1.61764677711673882E-01
         676   -1.63134822002531182E-01   -1.15315722856743907E-01   -1.61764677711673882E-01
         677   -1.27730232464225685E-01   -1.53608833738186318E-01   -1.61764677711673882E-01
         678   -8.36210386676724121E-02   -1.81433756450971734E-01   -1.61764677711673882E-01
         679   -3.38132092762182049E-02   -1.96894268495082320E-01   -1.61764677711673882E-01
         680    1.82989344484405826E-02   -1.98936761524416528E-01   -1.61764677711673882E-01
         681    6.91640360308567875E-02   -1.87422043014404377E-01   -1.61764677711673882E-01
         682    1.15315722856743907E-01   -1.63134822002531182E-01   -1.61764677711673882E-01
         683    1.53608833738186318E-01   -1.27730232464225685E-01   -1.61764677711673882E-01
         684    1.90645120086654879E-01   -5.91768645866014437E-02   -2.08176490657555363E-01
         685    1.99465144732146105E-01   -7.81787388872595343E-03   -2.08176490657555363E-01
         686    1.94691949395878777E-01    4.40738919950189253E-02   -2.08176490657555363E-01
         687    1.76650819451941277E-01    9.29620949748533876E-02   -2.08176490657555363E-01
         688    1.46571228091636058E-01    1.35515084809277292E-01   -2.08176490657555363E-01
         689    1.06503049757292675E-01    1.68832945563215431E-01   -2.08176490657555363E-01
         690    5.91768645866014575E-02    1.90645120086654879E-01   -2.08176490657555363E-01
         691    7.81787388872596557E-03    1.99465144732146105E-01   -2.08176490657555363E-01
         692   -4.40738919950187380E-02    1.94691949395878833E-01   -2.08176490657555363E-01
         693   -9.29620949748532210E-02    1.76650819451941360E-01   -2.08176490657555363E-01
         694   -1.35515084809277431E-01    1.46571228091635947E-01   -2.08176490657555363E-01
         695   -1.68832945563215403E-01    1.06503049757292689E-01   -2.08176490657555363E-01
         696   -1.90645120086654879E-01    5.91768645866014645E-02   -2.08176490657555363E-01
         697   -1.99465144732146105E-01    7.81787388872597772E-03   -2.08176490657555363E-01
         698   -1.94691949395878833E-01   -4.40738919950187241E-02   -2.08176490657555363E-01
         699   -1.76650819451941360E-01   -9.29620949748532072E-02   -2.08176490657555363E-01
         700   -1.46571228091636169E-01   -1.35515084809277153E-01   -2.08176490657555363E-01
         701   -1.06503049757292689E-01   -1.68832945563215403E-01   -2.08176490657555363E-01
         702   -5.91768645866014784E-02   -1.90645120086654851E-01   -2.08176490657555363E-01
         703   -7.81787388872598986E-03   -1.99465144732146105E-01   -2.08176490657555363E-01
         704    4.40738919950190641E-02   -1.94691949395878749E-01   -2.08176490657555363E-01
         705    9.29620949748532072E-02   -1.76650819451941388E-01   -2.08176490657555363E-01
         706    1.35515084809277403E-01   -1.46571228091635947E-01   -2.08176490657555363E-01
         707    1.68832945563215209E-01   -1.06503049757293008E-01   -2.08176490657555363E-01
         708    1.96528992781712958E-01   -3.37504794454611956E-02   -2.54588086933777602E-01
         709    1.98346934993949231E-01    2.05239675769371098E-02   -2.54588086933777602E-01
         710    1.85454392414534791E-01    7.32762458150581358E-02   -2.54588086933777602E-01
         711    1.58807545947127066E-01    1.20593960117595503E-01   -2.54588086933777602E-01
         712    1.20382670293002231E-01    1.58967772078869501E-01   -2.54588086933777602E-01
         713    7.30295626973174877E-02    1.85551671614220898E-01   -2.54588086933777602E-01
         714    2.02601865243917448E-02    1.98374052508360932E-01   -2.54588086933777602E-01
         715   -3.40117949988618384E-02    1.96483937428860805E-01   -2.54588086933777602E-01
         716   -8.57612772806590623E-02    1.80021507564465777E-01   -2.54588086933777602E-01
         717   -1.31150237958287452E-01    1.50207706027612520E-01   -2.54588086933777602E-01
         718   -1.66812385458965762E-01    1.09253686089223132E-01   -2.54588086933777602E-01
         719   -1.90102821446038239E-01    6.01968200559530181E-02   -2.54588086933777602E-01
         720   -1.99294200828998735E-01    6.67543126126029715E-03   -2.54588086933777602E-01
         721   -1.93704841046775628E-01   -4.73410437320140876E-02   -2.54588086933777602E-01
         722   -1.73749279344796892E-01   -9.78464500825493577E-02   -2.54588086933777602E-01
         723   -1.40907528443878216E-01   -1.41095032848186197E-01   -2.54588086933777602E-01
         724   -9.76153107673273374E-02   -1.73879242494298869E-01   -2.54588086933777602E-01
         725   -4.70834120514960347E-02   -1.93767624169214919E-01   -2.54588086933777602E-01
         726    6.94044794391687671E-03   -1.99285147587397654E-01   -2.54588086933777602E-01
         727    6.04495666657657929E-02   -1.90022603277910651E-01   -2.54588086933777602E-01
         728    1.09475417566381752E-01   -1.66666951778867783E-01   -2.54588086933777602E-01
         729    1.50381977562809799E-01   -1.30950374916957241E-01   -2.54588086933777602E-01
         730    1.80135394235175328E-01   -8.55218078055594577E-02   -2.54588086933777602E-01
         731    1.99016397676886808E-01   -6.66612614431052759E-03   -3.00999334916209504E-01
         732    1.93434829098619143E-01    4.72750533965286060E-02   -3.00999334916209504E-01
         733    1.73507084151568153E-01    9.77100584959259139E-02   -3.00999334916209504E-01
         734    1.40711112515089581E-01    1.40898355550454935E-01   -3.00999334916209504E-01
         735    9.74792413738737734E-02    1.73636866140893825E-01   -3.00999334916209504E-01
         736    4.70177808378143477E-02    1.93497524705469742E-01   -3.00999334916209504E-01
         737   -6.93077341095072082E-03    1.99007357054915651E-01   -3.00999334916209504E-01
         738   -6.03653039020043553E-02    1.89757724129678784E-01   -3.00999334916209504E-01
         739   -1.09322815955536085E-01    1.66434628889569169E-01   -3.00999334916209504E-01
         740   -1.50172354868250729E-01    1.30767838612484505E-01   -3.00999334916209504E-01
         741   -1.79884297213198291E-01    8.54025959685673630E-02   -3.00999334916209504E-01
         742   -1.96255044149745594E-01    3.37034334725414345E-02   -3.00999334916209504E-01
         743   -1.98070452268792885E-01   -2.04953585011937965E-02   -3.00999334916209504E-01
         744   -1.85195881055090023E-01   -7.31741034949221492E-02   -3.00999334916209504E-01
         745   -1.58586178558313168E-01   -1.20425859981680997E-01   -3.00999334916209504E-01
         746   -1.20214864681359085E-01   -1.58746181345250453E-01   -3.00999334916209504E-01
         747   -7.29277642374009105E-02   -1.85293024653899713E-01   -3.00999334916209504E-01
         748   -2.02319451422767367E-02   -1.98097531983153524E-01   -3.00999334916209504E-01
         749    3.39643847690590112E-02   -1.96210051601124480E-01   -3.00999334916209504E-01
         750    8.56417316387958621E-02   -1.79770569293099508E-01   -3.00999334916209504E-01
         751    1.30967423057735954E-01   -1.49998326256237380E-01   -3.00999334916209504E-01
         752    1.66579859844577571E-01   -1.09101393557632986E-01   -3.00999334916209504E-01
         753    1.89837830478898212E-01   -6.01129096045244712E-02   -3.00999334916209504E-01
         754    1.97712387736772688E-01    2.04583077403851198E-02   -3.47410016354209317E-01
         755    1.84861090702856778E-01    7.30418220222250059E-02   -3.47410016354209317E-01
         756    1.58299492254728003E-01    1.20208158508778196E-01   -3.47410016354209317E-01
         757    1.19997544638056550E-01    1.58459205794468955E-01   -3.47410016354209317E-01
         758    7.27959280878195808E-02    1.84958058689015326E-01   -3.47410016354209317E-01
         759    2.01953705705209922E-02    1.97739418497414360E-01   -3.47410016354209317E-01
         760   -3.39029851943202787E-02    1.95855350233507641E-01   -3.47410016354209317E-01
         761   -8.54869116431358073E-02    1.79445586621390429E-01   -3.47410016354209317E-01
         762   -1.30730664931978685E-01    1.49727164758499842E-01   -3.47410016354209317E-01
         763   -1.66278722855814132E-01    1.08904164041672885E-01   -3.47410016354209317E-01
         764   -1.89494648579975250E-01    6.00042396812752454E-02   -3.47410016354209317E-01
         765   -1.98656623099294494E-01    6.65407536484862588E-03   -3.47410016354209317E-01
         766   -1.93085144676918452E-01   -4.71895912810198701E-02   -3.47410016354209317E-01
         767   -1.73193424379616795E-01   -9.75334218195906405E-02   -3.47410016354209317E-01
         768   -1.40456740103275080E-01   -1.40643644647517857E-01   -3.47410016354209317E-01
         769   -9.73030219603044644E-02   -1.73322971753800542E-01   -3.47410016354209317E-01
         770   -4.69327838102444050E-02   -1.93147726944939979E-01   -3.47410016354209317E-01
         771    6.91824421182228502E-03   -1.98647598820629656E-01   -3.47410016354209317E-01
         772    6.02561777095594539E-02   -1.89414687044089147E-01   -3.47410016354209317E-01
         773    1.09125186160249243E-01   -1.66133754444023757E-01   -3.47410016354209317E-01
         774    1.49900878767942447E-01   -1.30531441288200212E-01   -3.47410016354209317E-01
         775    1.79559108948307483E-01   -8.52482082736410463E-02   -3.47410016354209317E-01
         776    1.95900261446242091E-01   -3.36425056360288091E-02   -3.47410016354209317E-01
         777    1.92633302438974141E-01    4.70791620164188462E-02   -3.93819757734998777E-01
         778    1.72788131136576983E-01    9.73051819948073105E-02   -3.93819757734998777E-01
         779    1.40128054600882901E-01    1.40314521766228717E-01   -3.93819757734998777E-01
         780    9.70753212986359693E-02    1.72917375354474101E-01   -3.93819757734998777E-01
         781    4.68229555057141367E-02    1.92695738257034122E-01   -3.93819757734998777E-01
         782   -6.90205469629789556E-03    1.98182739777415545E-01   -3.93819757734998777E-01
         783   -6.01151710762847513E-02    1.88971434114213438E-01   -3.93819757734998777E-01
         784   -1.08869820226152256E-01    1.65744981669547931E-01   -3.93819757734998777E-01
         785   -1.49550092856133188E-01    1.30225982167290394E-01   -3.93819757734998777E-01
         786   -1.79138919245126343E-01    8.50487173119124362E-02   -3.93819757734998777E-01
         787   -1.95441831499734042E-01    3.35637781655023920E-02   -3.93819757734998777E-01
         788   -1.97249717198892754E-01   -2.04104328633747389E-02   -3.93819757734998777E-01
         789   -1.84428493730822707E-01   -7.28708954582924229E-02   -3.93819757734998777E-01
         790   -1.57929052586955970E-01   -1.19926857099233578E-01   -3.93819757734998777E-01
         791   -1.19716736090056661E-01   -1.58088392377989662E-01   -3.93819757734998777E-01
         792   -7.26255769449832694E-02   -1.84525234800343246E-01   -3.93819757734998777E-01
         793   -2.01481109978076355E-02   -1.97276684704334793E-01   -3.93819757734998777E-01
         794    3.38236481706006981E-02   -1.95397025384586948E-01   -3.93819757734998777E-01
         795    8.52868620870893407E-02   -1.79025662573976507E-01   -3.93819757734998777E-01
         796    1.30424739604011825E-01   -1.49376785358164677E-01   -3.93819757734998777E-01
         797    1.65889610837986951E-01   -1.08649315325660203E-01   -3.93819757734998777E-01
         798    1.89051208530581022E-01   -5.98638226129960746E-02   -3.93819757734998777E-01
         799    1.98191742938193388E-01   -6.63850403589253714E-03   -3.93819757734998777E-01
         800    1.83867436428847258E-01    7.26492119907800882E-02   -4.40227899396739453E-01
         801    1.57448610295444907E-01    1.19562022807539553E-01   -4.40227899396739453E-01
         802    1.19352541015893945E-01    1.57607465352523346E-01   -4.40227899396739453E-01
         803    7.24046397707382161E-02    1.83963883198488526E-01   -4.40227899396739453E-01
         804    2.00868176229735199E-02    1.96676541406388627E-01   -4.40227899396739453E-01
         805   -3.37207518968106051E-02    1.94802600273485144E-01   -4.40227899396739453E-01
         806   -8.50274075105839078E-02    1.78481041440895327E-01   -4.40227899396739453E-01
         807   -1.30027969283803807E-01    1.48922360261069142E-01   -4.40227899396739453E-01
         808   -1.65384951413622999E-01    1.08318788895145290E-01   -4.40227899396739453E-01
         809   -1.88476088282903020E-01    5.96817084823552599E-02   -4.40227899396739453E-01
         810   -1.97588815904971571E-01    6.61830877707837630E-03   -4.40227899396739453E-01
         811   -1.92047284960054881E-01   -4.69359406134463725E-02   -4.40227899396739453E-01
         812   -1.72262485447520125E-01   -9.70091660063130690E-02   -4.40227899396739453E-01
         813   -1.39701765437776709E-01   -1.39887665343896267E-01   -4.40227899396739453E-01
         814   -9.67800045785647822E-02   -1.72391336486409530E-01   -4.40227899396739453E-01
         815   -4.66805135188219922E-02   -1.92109530839613907E-01   -4.40227899396739453E-01
         816    6.88105767947206660E-03   -1.97579840133069423E-01   -4.40227899396739453E-01
         817    5.99322923084242981E-02   -1.88396556551480215E-01   -4.40227899396739453E-01
         818    1.08538622988854513E-01   -1.65240762227365640E-01   -4.40227899396739453E-01
         819    1.49095140533361981E-01   -1.29829816495035277E-01   -4.40227899396739453E-01
         820    1.78593953569393393E-01   -8.47899872051579573E-02   -4.40227899396739453E-01
         821    1.94847270082156077E-01   -3.34616724526556678E-02   -4.40227899396739453E-01
         822    1.96649655939874185E-01    2.03483414686947382E-02   -4.40227899396739453E-01
         823    1.71575081202644891E-01    9.66220561121810539E-02   -4.86633237301918209E-01
         824    1.39144293006509934E-01    1.39329451088986062E-01   -4.86633237301918209E-01
         825    9.63938091408669678E-02    1.71703418068347630E-01   -4.86633237301918209E-01
         826    4.64942374235802897E-02    1.91342928020450748E-01   -4.86633237301918209E-01
         827   -6.85359918643020042E-03    1.96791408336927681E-01   -4.86633237301918209E-01
         828   -5.96931356979128608E-02    1.87644770157844282E-01   -4.86633237301918209E-01
         829   -1.08105505412606787E-01    1.64581377793857647E-01   -4.86633237301918209E-01
         830   -1.48500184340627422E-01    1.29311737548605088E-01   -4.86633237301918209E-01
         831   -1.77881283939243212E-01    8.44516372912093721E-02   -4.86633237301918209E-01
         832   -1.94069742460812128E-01    3.33281454364581231E-02   -4.86633237301918209E-01
         833   -1.95864935994059353E-01   -2.02671424991953293E-02   -4.86633237301918209E-01
         834   -1.83133723247087710E-01   -7.23593091916910347E-02   -4.86633237301918209E-01
         835   -1.56820320027917376E-01   -1.19084916943251976E-01   -4.86633237301918209E-01
         836   -1.18876271077504037E-01   -1.56978541182377612E-01   -4.86633237301918209E-01
         837   -7.21157129240266037E-02   -1.83229785151047514E-01   -4.86633237301918209E-01
         838   -2.00066622504082789E-02   -1.95891714175556036E-01   -4.86633237301918209E-01
         839    3.35861910379330886E-02   -1.94025250904626106E-01   -4.86633237301918209E-01
         840    8.46881101835912642E-02   -1.77768822380561298E-01   -4.86633237301918209E-01
         841    1.29509099619256801E-01   -1.48328093538779987E-01   -4.86633237301918209E-01
         842    1.64724991600870674E-01   -1.07886548555103656E-01   -4.86633237301918209E-01
         843    1.87723984522141923E-01   -5.94435518132140420E-02   -4.86633237301918209E-01
         844    1.96800348291491622E-01   -6.59189876949317806E-03   -4.86633237301918209E-01
         845    1.91280930529748566E-01    4.67486452500300367E-02   -4.86633237301918209E-01
         846    1.55988780088794410E-01    1.18453469025228436E-01   -5.33033495623852493E-01
         847    1.18245929504439143E-01    1.56146162275389355E-01   -5.33033495623852493E-01
         848    7.17333192678728526E-02    1.82258208990745990E-01   -5.33033495623852493E-01
         849    1.99005768993083809E-02    1.94852998121085447E-01   -5.33033495623852493E-01
         850   -3.34081002187964146E-02    1.92996431773936855E-01   -5.33033495623852493E-01
         851   -8.42390513755617854E-02    1.76826202982042463E-01   -5.33033495623852493E-01
         852   -1.28822377459819587E-01    1.47541583641022322E-01   -5.33033495623852493E-01
         853   -1.63851537131045499E-01    1.07314479999181075E-01   -5.33033495623852493E-01
         854   -1.86728577864167716E-01    5.91283523068796002E-02   -5.33033495623852493E-01
         855   -1.95756814203507795E-01    6.55694521818990083E-03   -5.33033495623852493E-01
         856   -1.90266663161210048E-01   -4.65007605013041739E-02   -5.33033495623852493E-01
         857   -1.70665304124311967E-01   -9.61097175412409382E-02   -5.33033495623852493E-01
         858   -1.38406480222329153E-01   -1.38590656503845999E-01   -5.33033495623852493E-01
         859   -9.58826808497719868E-02   -1.70792960483627021E-01   -5.33033495623852493E-01
         860   -4.62477016726652729E-02   -1.90328331910141979E-01   -5.33033495623852493E-01
         861    6.81725796834541532E-03   -1.95747921653063900E-01   -5.33033495623852493E-01
         862    5.93766127727239426E-02   -1.86649783534133834E-01   -5.33033495623852493E-01
         863    1.07532275837678978E-01   -1.63708684836420121E-01   -5.33033495623852493E-01
         864    1.47712761931182268E-01   -1.28626061901789102E-01   -5.33033495623852493E-01
         865    1.76938068213171484E-01   -8.40038323809818438E-02   -5.33033495623852493E-01
         866    1.93040687413591761E-01   -3.31514229044391415E-02   -5.33033495623852493E-01
         867    1.94826361930928948E-01    2.01596759512570334E-02   -5.33033495623852493E-01
         868    1.82162656455149535E-01    7.19756238660296532E-02   -5.33033495623852493E-01
         869    1.37415166979877185E-01    1.37598024129612917E-01   -5.79424211496954777E-01
         870    9.51959372009523880E-02    1.69569684498478090E-01   -5.79424211496954777E-01
         871    4.59164602522678378E-02    1.88965137097780511E-01   -5.79424211496954777E-01
         872   -6.76843049949878497E-03    1.94345909936521510E-01   -5.79424211496954777E-01
         873   -5.89513377246269621E-02    1.85312935708649457E-01   -5.79424211496954777E-01
         874   -1.06762093915144463E-01    1.62536148789538343E-01   -5.79424211496954777E-01
         875   -1.46654794004057121E-01    1.27704799268111485E-01   -5.79424211496954777E-01
         876   -1.75670778922729448E-01    8.34021689955518619E-02   -5.79424211496954777E-01
         877   -1.91658065809041933E-01    3.29139813881278859E-02   -5.79424211496954777E-01
         878   -1.93430950731607959E-01   -2.00152856474077288E-02   -5.79424211496954777E-01
         879   -1.80857946926129554E-01   -7.14601105103146034E-02   -5.79424211496954777E-01
         880   -1.54871536567193824E-01   -1.17605065884924434E-01   -5.79424211496954777E-01
         881   -1.17399012831206226E-01   -1.55027791530226444E-01   -5.79424211496954777E-01
         882   -7.12195413782750752E-02   -1.80952815082687346E-01   -5.79424211496954777E-01
         883   -1.97580423490400572E-02   -1.93457396144511934E-01   -5.79424211496954777E-01
         884    3.31688202941942262E-02   -1.91614127142996749E-01   -5.79424211496954777E-01
         885    8.36357032734643263E-02   -1.75559714907589509E-01   -5.79424211496954777E-01
         886    1.27899708748825169E-01   -1.46484841749741357E-01   -5.79424211496954777E-01
         887    1.62677977928519929E-01   -1.06545858002876220E-01   -5.79424211496954777E-01
         888    1.85391165687486398E-01   -5.87048553828048991E-02   -5.79424211496954777E-01
         889    1.94354738795561643E-01   -6.50998219583445812E-03   -5.79424211496954777E-01
         890    1.88903910040938122E-01    4.61677065894141245E-02   -5.79424211496954777E-01
         891    1.69442942456464296E-01    9.54213477801293675E-02   -5.79424211496954777E-01
         892    1.16240978602575221E-01    1.53498583705973635E-01   -6.25796297030316029E-01
         893    7.05170255335974411E-02    1.79167880536992785E-01   -6.25796297030316029E-01
         894    1.95631472747190664E-02    1.91549115307097645E-01   -6.25796297030316029E-01
         895   -3.28416401220814891E-02    1.89724028473769846E-01   -6.25796297030316029E-01
         896   -8.28107133115339317E-02    1.73827978378220477E-01   -6.25796297030316029E-01
         897   -1.26638094728475314E-01    1.45039902336446230E-01   -6.25796297030316029E-01
         898   -1.61073307990140496E-01    1.05494880251780401E-01   -6.25796297030316029E-01
         899   -1.83562450859529908E-01    5.81257855058046682E-02   -6.25796297030316029E-01
         900   -1.92437606491004110E-01    6.44576715663821177E-03   -6.25796297030316029E-01
         901   -1.87040545192511898E-01   -4.57123042551134603E-02   -6.25796297030316029E-01
         902   -1.67771542310649974E-01   -9.44801031801401348E-02   -6.25796297030316029E-01
         903   -1.36059691639343450E-01   -1.36240745070008051E-01   -6.25796297030316029E-01
         904   -9.42569160708190690E-02   -1.67897034157970498E-01   -6.25796297030316029E-01
         905   -4.54635362340210999E-02   -1.87101168300259413E-01   -6.25796297030316029E-01
         906    6.70166610341514212E-03   -1.92428864720609133E-01   -6.25796297030316029E-01
         907    5.83698365240431782E-02   -1.83484992548111736E-01   -6.25796297030316029E-01
         908    1.05708983193917194E-01   -1.60932877866308832E-01   -6.25796297030316029E-01
         909    1.45208178166718799E-01   -1.26445107852089705E-01   -6.25796297030316029E-01
         910    1.73937946848108371E-01   -8.25794826363593359E-02   -6.25796297030316029E-01
         911    1.89767533724933490E-01   -3.25893149694862772E-02   -6.25796297030316029E-01
         912    1.91522930754081611E-01    1.98178531024781543E-02   -6.25796297030316029E-01
         913    1.79073948168307906E-01    7.07552216704768200E-02   -6.25796297030316029E-01
         914    1.53343870055693249E-01    1.16444999130777674E-01   -6.25796297030316029E-01
         915    9.29480615113143921E-02    1.65565610556970971E-01   -6.72130553709089362E-01
         916    4.25377891439664424E-02    1.85045535024644991E-01   -6.72130553709089362E-01
         917   -1.13186419178526870E-02    1.89534170752793524E-01   -6.72130553709089362E-01
         918   -6.42581039260429476E-02    1.78667875169666479E-01   -6.72130553709089362E-01
         919   -1.11991756511803847E-01    1.53326970919060751E-01   -6.72130553709089362E-01
         920   -1.50652503025599932E-01    1.15564427355199867E-01   -6.72130553709089362E-01
         921   -1.77108279709196043E-01    6.84395411751338167E-02   -6.72130553709089362E-01
         922   -1.89215796874249442E-01    1.57700903946821035E-02   -6.72130553709089362E-01
         923   -1.85994175486224572E-01   -3.81769593212079039E-02   -6.72130553709089362E-01
         924   -1.67704412150259108E-01   -8.90311388400130688E-02   -6.72130553709089362E-01
         925   -1.35828234718421953E-01   -1.32672544978570950E-01   -6.72130553709089362E-01
         926   -9.29480615113145447E-02   -1.65565610556970888E-01   -6.72130553709089362E-01
         927   -4.25377891439662967E-02   -1.85045535024645019E-01   -6.72130553709089362E-01
         928    1.13186419178528327E-02   -1.89534170752793524E-01   -6.72130553709089362E-01
         929    6.42581039260429199E-02   -1.78667875169666507E-01   -6.72130553709089362E-01
         930    1.11991756511803583E-01   -1.53326970919060973E-01   -6.72130553709089362E-01
         931    1.50652503025599932E-01   -1.15564427355199895E-01   -6.72130553709089362E-01
         932    1.77108279709196043E-01   -6.84395411751338445E-02   -6.72130553709089362E-01
         933    1.89215796874249442E-01   -1.57700903946821278E-02   -6.72130553709089362E-01
         934    1.85994175486224572E-01    3.81769593212078831E-02   -6.72130553709089362E-01
         935    1.67704412150259136E-01    8.90311388400130410E-02   -6.72130553709089362E-01
         936    1.35828234718421981E-01    1.32672544978570922E-01   -6.72130553709089362E-01
         937    6.70697004577308492E-02    1.73563397192903035E-01   -7.18385083043144079E-01
         938    1.54544466663806297E-02    1.85428578279797973E-01   -7.18385083043144079E-01
         939   -3.74128344827464390E-02    1.82271438740680886E-01   -7.18385083043144079E-01
         940   -8.72491502847754091E-02    1.64347751244779267E-01   -7.18385083043144079E-01
         941   -1.30017058821408238E-01    1.33109586356737059E-01   -7.18385083043144079E-01
         942   -1.62251758493552778E-01    9.10876744152632201E-02   -7.18385083043144079E-01
         943   -1.81341785640911940E-01    4.16863808119236484E-02   -7.18385083043144079E-01
         944   -1.85740579796770111E-01   -1.10920954463459304E-02   -7.18385083043144079E-01
         945   -1.75091776819255557E-01   -6.29719560987838933E-02   -7.18385083043144079E-01
         946   -1.50258079394736815E-01   -1.09750203376741559E-01   -7.18385083043144079E-01
         947   -1.13251365996862988E-01   -1.47637141886707346E-01   -7.18385083043144079E-01
         948   -6.70697004577308770E-02   -1.73563397192903035E-01   -7.18385083043144079E-01
         949   -1.54544466663806539E-02   -1.85428578279797973E-01   -7.18385083043144079E-01
         950    3.74128344827464182E-02   -1.82271438740680886E-01   -7.18385083043144079E-01
         951    8.72491502847753952E-02   -1.64347751244779267E-01   -7.18385083043144079E-01
         952    1.30017058821408210E-01   -1.33109586356737086E-01   -7.18385083043144079E-01
         953    1.62251758493552750E-01   -9.10876744152632339E-02   -7.18385083043144079E-01
         954    1.81341785640911940E-01   -4.16863808119236692E-02   -7.18385083043144079E-01
         955    1.85740579796770111E-01    1.10920954463459079E-02   -7.18385083043144079E-01
         956    1.75091776819255696E-01    6.29719560987835603E-02   -7.18385083043144079E-01
         957    1.50258079394736843E-01    1.09750203376741545E-01   -7.18385083043144079E-01
         958    1.13251365996863002E-01    1.47637141886707318E-01   -7.18385083043144079E-01
         959    4.04543798525193662E-02    1.75982403282975153E-01   -7.64466295486455616E-01
         960   -1.32146187109132250E-02    1.80088136663215020E-01   -7.64466295486455616E-01
         961   -6.57094404104819757E-02    1.68192248797157551E-01   -7.64466295486455616E-01
         962   -1.12365689968450033E-01    1.41351741525945818E-01   -7.64466295486455616E-01
         963   -1.49037754864012550E-01    1.01951511708253423E-01   -7.64466295486455616E-01
         964   -1.72467161198493063E-01    5.34924426684427884E-02   -7.64466295486455616E-01
         965   -1.80572103400816780E-01    2.80335349822583165E-04   -7.64466295486455616E-01
         966   -1.72632421788354168E-01   -5.29566809948604778E-02   -7.64466295486455616E-01
         967   -1.49353591915091427E-01   -1.01488263836583437E-01   -7.64466295486455616E-01
         968   -1.12804039972729989E-01   -1.41002169062516058E-01   -7.64466295486455616E-01
         969   -6.62313540464159467E-02   -1.67987412789416840E-01   -7.64466295486455616E-01
         970   -1.37737216615679350E-02   -1.80046237689359345E-01   -7.64466295486455616E-01
         971    3.99077663378926209E-02   -1.76107164250702164E-01   -7.64466295486455616E-01
         972    9.00432741658831332E-02   -1.56520196434809106E-01   -7.64466295486455616E-01
         973    1.32178041935834739E-01   -1.23025722288114786E-01   -7.64466295486455616E-01
         974    1.62568210626004600E-01   -7.85998728266314173E-02   -7.64466295486455616E-01
         975    1.78513480383212131E-01   -2.71900797346415340E-02   -7.64466295486455616E-01
         976    1.78597044014865869E-01    2.66356712634708212E-02   -7.64466295486455616E-01
         977    1.62811476525580312E-01    7.80947259811060196E-02   -7.64466295486455616E-01
         978    1.32559394860600810E-01    1.22614721582259251E-01   -7.64466295486455616E-01
         979    9.05288292349337581E-02    1.56239861084986359E-01   -7.64466295486455616E-01
         980    1.31587684860303648E-02    1.72007741752593341E-01   -8.10163701637445222E-01
         981   -4.06385828505500535E-02    1.67655366734246747E-01   -8.10163701637445222E-01
         982   -9.04579465520625736E-02    1.46891716296324831E-01   -8.10163701637445222E-01
         983   -1.31422656187485609E-01    1.11749281212550719E-01   -8.10163701637445222E-01
         984   -1.59522800559788985E-01    6.56680478806670465E-02   -8.10163701637445222E-01
         985   -1.72007741752593341E-01    1.31587684860303752E-02   -8.10163701637445222E-01
         986   -1.67655366734246747E-01   -4.06385828505500465E-02   -8.10163701637445222E-01
         987   -1.46891716296324831E-01   -9.04579465520625736E-02   -8.10163701637445222E-01
         988   -1.11749281212550719E-01   -1.31422656187485609E-01   -8.10163701637445222E-01
         989   -6.56680478806670603E-02   -1.59522800559788985E-01   -8.10163701637445222E-01
         990   -1.31587684860303873E-02   -1.72007741752593341E-01   -8.10163701637445222E-01
         991    4.06385828505500327E-02   -1.67655366734246747E-01   -8.10163701637445222E-01
         992    9.04579465520625459E-02   -1.46891716296324859E-01   -8.10163701637445222E-01
         993    1.31422656187485581E-01   -1.11749281212550719E-01   -8.10163701637445222E-01
         994    1.59522800559788958E-01   -6.56680478806670742E-02   -8.10163701637445222E-01
         995    1.72007741752593341E-01   -1.31587684860303960E-02   -8.10163701637445222E-01
         996    1.67655366734246747E-01    4.06385828505500257E-02   -8.10163701637445222E-01
         997    1.46891716296324859E-01    9.04579465520625459E-02   -8.10163701637445222E-01
         998    1.11749281212550747E-01    1.31422656187485581E-01   -8.10163701637445222E-01
         999    6.56680478806670742E-02    1.59522800559788958E-01   -8.10163701637445222E-01
        1000   -1.29542858557267961E-02    1.60120914341561504E-01   -8.55012541322362041E-01
        1001   -6.42435628115386875E-02    1.47238871799839077E-01   -8.55012541322362041E-01
        1002   -1.08571052895135092E-01    1.18401212852112900E-01   -8.55012541322362041E-01
        1003   -1.41133184744082235E-01    7.67329453077510576E-02   -8.55012541322362041E-01
        1004   -1.58401346119012715E-01    2.67494725049728585E-02   -8.55012541322362041E-01
        1005   -1.58504263791822086E-01   -2.61327207045505307E-02   -8.55012541322362041E-01
        1006   -1.41430785035729201E-01   -7.61830281347946892E-02   -8.55012541322362041E-01
        1007   -1.09031086196275384E-01   -1.17977722365156426E-01   -8.55012541322362041E-01
        1008   -6.48161773758416521E-02   -1.46987699764276170E-01   -8.55012541322362041E-01
        1009   -1.35774300101196219E-02   -1.60069279144781140E-01   -8.55012541322362041E-01
        1010    3.91326425727318503E-02   -1.55804868399175428E-01   -8.55012541322362041E-01
        1011    8.76020861273160284E-02   -1.34656582600895802E-01   -8.55012541322362041E-01
        1012    1.26578484363586874E-01   -9.89161666656505623E-02   -8.55012541322362041E-01
        1013    1.51838139751513446E-01   -5.24566492297157475E-02   -8.55012541322362041E-01
        1014    1.60643776685876899E-01   -3.12639900964642654E-04   -8.55012541322362041E-01
        1015    1.52041167771304192E-01    5.18652488121641442E-02   -8.55012541322362041E-01
        1016    1.26962539166919908E-01    9.84227330442408038E-02   -8.55012541322362041E-01
        1017    8.81255494170256198E-02    1.34314586964919574E-01   -8.55012541322362041E-01
        1018    3.97387889790085935E-02    1.55651371282399531E-01   -8.55012541322362041E-01
        1019   -3.49214333616843023E-02    1.39038127034618042E-01   -8.98039888641003703E-01
        1020   -8.27896314942919570E-02    1.17034115514957807E-01   -8.98039888641003703E-01
        1021   -1.19476631140410475E-01    7.92239981865813236E-02   -8.98039888641003703E-01
        1022   -1.40027649708149099E-01    3.07142409077782556E-02   -8.98039888641003703E-01
        1023   -1.41667158262809428E-01   -2.19436447991041700E-02   -8.98039888641003703E-01
        1024   -1.24173732089254113E-01   -7.16379196819344199E-02   -8.98039888641003703E-01
        1025   -8.99099553266424628E-02   -1.11657096552302937E-01   -8.98039888641003703E-01
        1026   -4.35033408889067622E-02   -1.36596363819952105E-01   -8.98039888641003703E-01
        1027    8.77864079620957125E-03   -1.43087535247135578E-01   -8.98039888641003703E-01
        1028    5.98750183976696632E-02   -1.30253942163789688E-01   -8.98039888641003703E-01
        1029    1.02884942985594363E-01   -9.98288324292142815E-02   -8.98039888641003703E-01
        1030    1.31999685918164605E-01   -5.59212857044170814E-02   -8.98039888641003703E-01
        1031    1.43287139831977134E-01   -4.46125947469697484E-03   -8.98039888641003703E-01
        1032    1.35222871530030125E-01    4.76012845677730931E-02   -8.98039888641003703E-01
        1033    1.08896005132154930E-01    9.32350113615418308E-02   -8.98039888641003703E-01
        1034    6.78621298275872975E-02    1.26276833237901676E-01   -8.98039888641003703E-01
        1035    1.76630978527609409E-02    1.42264269061394805E-01   -8.98039888641003703E-01
        1036   -4.96641177869975164E-02    1.08040837380268456E-01   -9.37398306449815144E-01
        1037   -9.16229864778664721E-02    7.57929778163325268E-02   -9.37398306449815144E-01
        1038   -1.15434799014606501E-01    2.85333894560001154E-02   -9.37398306449815144E-01
        1039   -1.16383333891600133E-01   -2.43775866251500356E-02   -9.37398306449815144E-01
        1040   -9.42807221434419640E-02   -7.24602827037092723E-02   -9.37398306449815144E-01
        1041   -5.35046570975987387E-02   -1.06191331125750341E-01   -9.37398306449815144E-01
        1042   -2.13133852201938040E-03   -1.18889884067127138E-01   -9.37398306449815144E-01
        1043    4.96641177869975026E-02   -1.08040837380268470E-01   -9.37398306449815144E-01
        1044    9.16229864778664582E-02   -7.57929778163325407E-02   -9.37398306449815144E-01
        1045    1.15434799014606501E-01   -2.85333894560001328E-02   -9.37398306449815144E-01
        1046    1.16383333891600146E-01    2.43775866251500183E-02   -9.37398306449815144E-01
        1047    9.42807221434421028E-02    7.24602827037091057E-02   -9.37398306449815144E-01
        1048    5.35046570975987526E-02    1.06191331125750327E-01   -9.37398306449815144E-01
        1049    2.13133852201918394E-03    1.18889884067127138E-01   -9.37398306449815144E-01
        1050   -5.24879523193342024E-02    6.82939931207866419E-02   -9.70074772274154173E-01
        1051   -8.26058474028453088E-02    2.43993567521069987E-02   -9.70074772274154173E-01
        1052   -8.11711164479567426E-02   -2.88150045922432804E-02   -9.70074772274154173E-01
        1053   -4.87317779147243280E-02   -7.10230135683409258E-02   -9.70074772274154173E-01
        1054    2.32144344972129218E-03   -8.61026453447773094E-02   -9.70074772274154173E-01
        1055    5.24879523193341954E-02   -6.82939931207866557E-02   -9.70074772274154173E-01
        1056    8.26058474028453088E-02   -2.43993567521070057E-02   -9.70074772274154173E-01
        1057    8.11711164479567426E-02    2.88150045922432735E-02   -9.70074772274154173E-01
        1058    4.87317779147243349E-02    7.10230135683409258E-02   -9.70074772274154173E-01
        1059   -2.32144344972128134E-03    8.61026453447773094E-02   -9.70074772274154173E-01
        1060   -3.75310238229564705E-02    2.57515617257307317E-02   -9.92143815642944071E-01
        1061   -3.60889147616176437E-02   -2.77364545651051508E-02   -9.92143815642944071E-01
        1062    1.52268478831789587E-02   -4.28936333743829001E-02   -9.92143815642944071E-01
        1063    4.54996242949466320E-02    1.22673123875967197E-03   -9.92143815642944071E-01
        1064    1.28934664064485338E-02    4.36517949749976458E-02   -9.92143815642944071E-01
        1065    1.22464679914735321E-16    0.00000000000000000E+00   -1.00000000000000000E+00
        1066    1.65729510238692536E-03    0.00000000000000000E+00    9.99989807622131965E-01
        1067    2.68135698548580470E-03    1.94811988271969042E-03    9.99959233228559397E-01
        1068    5.12132351331928497E-04    1.57618130654912903E-03    9.99989807622131965E-01
        1069   -1.02418723248361870E-03    3.15212418439991815E-03    9.99959233228559397E-01
        1070   -1.34077990252539107E-03    9.74133619879579164E-04    9.99989807622131965E-01
        1071   -3.31433950600437156E-03    4.05889526731587362E-19    9.99959233228559397E-01
        1072   -1.34077990252539107E-03   -9.74133619879578839E-04    9.99989807622131965E-01
        1073   -1.02418723248361935E-03   -3.15212418439991772E-03    9.99959233228559397E-01
        1074    5.12132351331928064E-04   -1.57618130654912925E-03    9.99989807622131965E-01
        1075    2.68135698548580426E-03   -1.94811988271969107E-03    9.99959233228559397E-01
        1076    5.46149943497501768E-03   -1.90719762848070901E-04    9.99889146580340005E-01
        1077    7.31897466935437467E-03    2.09868221492296543E-03    9.99784752599315540E-01
        1078    5.19736071809676764E-03    1.68872486573684154E-03    9.99889146580340005E-01
        1079    3.21214557557736313E-03    4.42113909614615455E-03    9.99889146580340005E-01
        1080    4.25765295036549443E-03    6.31223008168499411E-03    9.99784752599315540E-01
        1081    1.50631086693352721E-03    5.25313027425850475E-03    9.99889146580340005E-01
        1082   -7.95871902641157535E-04    7.57221534060352041E-03    9.99784752599315540E-01
        1083   -3.81207163043243292E-04    5.45151641334938857E-03    9.99889146580340005E-01
        1084   -3.51272402367657421E-03    4.18630147500854543E-03    9.99889146580340005E-01
        1085   -5.47699944727106629E-03    5.28907688585422090E-03    9.99784752599315540E-01
        1086   -4.73268027439314141E-03    2.73241423040931431E-03    9.99889146580340005E-01
        1087   -7.59537808045427417E-03    5.31120574671788831E-04    9.99784752599315540E-01
        1088   -5.38180543709595310E-03    9.48957503483529772E-04    9.99889146580340005E-01
        1089   -4.91175528463002036E-03   -2.39562311937464986E-03    9.99889146580340005E-01
        1090   -6.15979489656830626E-03   -4.47535295614725701E-03    9.99784752599315540E-01
        1091   -3.79618883343021745E-03   -3.93106861389024616E-03    9.99889146580340005E-01
        1092   -1.84197522208331466E-03   -7.38775910077718156E-03    9.99784752599315540E-01
        1093   -2.22274598313846380E-03   -4.99236921717685894E-03    9.99889146580340005E-01
        1094    1.13620172531780938E-03   -5.34540884737155515E-03    9.99889146580340005E-01
        1095    3.33772513008877931E-03   -6.84335065635678121E-03    9.99784752599315540E-01
        1096    2.89591787711768233E-03   -4.63443737201868749E-03    9.99889146580340005E-01
        1097    6.95566679920946000E-03   -3.09686238445626904E-03    9.99784752599315540E-01
        1098    4.30634359374114806E-03   -3.36448435258924041E-03    9.99889146580340005E-01
        1099    9.04053452839984062E-03    5.14333049199336683E-03    9.99598106350744864E-01
        1100    1.01531363269769959E-02    8.41026442164471456E-03    9.99353851991495068E-01
        1101    7.22528570752912092E-03    7.48200237594414709E-03    9.99598106350744864E-01
        1102    4.23055213745159465E-03    9.50197567463536424E-03    9.99598106350744864E-01
        1103    3.99442957245026674E-03    1.25643645803079750E-02    9.99353851991495068E-01
        1104    1.38216914853450733E-03    1.03089631658037206E-02    9.99598106350744864E-01
        1105   -2.22705890995140944E-03    1.01599863051415815E-02    9.99598106350744864E-01
        1106   -3.43248034803872752E-03    1.27293677602813710E-02    9.99353851991495068E-01
        1107   -4.99924629514538615E-03    9.12100047086577062E-03    9.99598106350744864E-01
        1108   -9.76960201077262808E-03    8.85288661778011431E-03    9.99353851991495068E-01
        1109   -7.36642447716920508E-03    7.34308542311887247E-03    9.99598106350744864E-01
        1110   -9.43365785164033792E-03    4.38077763042625176E-03    9.99598106350744864E-01
        1111   -1.30049440637954490E-02    2.16567652564143799E-03    9.99353851991495068E-01
        1112   -1.02857361069058680E-02    1.54555680845169644E-03    9.99598106350744864E-01
        1113   -1.01940418801552309E-02   -2.06558060958647637E-03    9.99598106350744864E-01
        1114   -1.21113082651070052E-02   -5.20912056144927100E-03    9.99353851991495068E-01
        1115   -9.19917025023998976E-03   -4.85390356477732182E-03    9.99598106350744864E-01
        1116   -6.98425960858966525E-03   -7.70747888929197104E-03    9.99598106350744864E-01
        1117   -7.37241766666206066E-03   -1.09300586761669292E-02    9.99353851991495068E-01
        1118   -4.52990028605975564E-03   -9.36296515573000615E-03    9.99598106350744864E-01
        1119   -1.05439118719030406E-03   -1.03476264106042160E-02    9.99598106350744864E-01
        1120   -2.92836550065941729E-04   -1.31807803893057990E-02    9.99353851991495068E-01
        1121    1.90358231034928448E-03   -1.02255311596407428E-02    9.99598106350744864E-01
        1122    5.28611988289522886E-03   -8.95779267971291010E-03    9.99598106350744864E-01
        1123    6.87971810209194422E-03   -1.12466974597839730E-02    9.99353851991495068E-01
        1124    7.59569672063282585E-03   -7.10566706490152033E-03    9.99598106350744864E-01
        1125    1.18680108666008744E-02   -5.74186755214768120E-03    9.99353851991495068E-01
        1126    9.28991538341251803E-03   -4.67788256352100976E-03    9.99598106350744864E-01
        1127    1.03295949983543394E-02   -1.21843353492567222E-03    9.99598106350744864E-01
        1128    1.30882940363217272E-02    1.58596473319804442E-03    9.99353851991495068E-01
        1129    1.02544462163403956E-02    1.74110479444535330E-03    9.99598106350744864E-01
        1130    1.04912064238712500E-02    1.31067300431825240E-02    9.98951091583033746E-01
        1131    1.03420413524330998E-02    1.75618532024902525E-02    9.98452055575593911E-01
        1132    7.31164816477108438E-03    1.51126300082990318E-02    9.98951091583033746E-01
        1133    2.75775514680258894E-03    1.65603916379844299E-02    9.98951091583033746E-01
        1134    1.69805475577153742E-03    2.03099265702181946E-02    9.98452055575593911E-01
        1135   -9.96421346385707599E-04    1.67588462954228329E-02    9.98951091583033746E-01
        1136   -5.67757189713857802E-03    1.57992709327349351E-02    9.98951091583033746E-01
        1137   -7.28225241054551199E-03    1.90353698958112549E-02    9.98452055575593911E-01
        1138   -9.05089183972054151E-03    1.41397716232908397E-02    9.98951091583033746E-01
        1139   -1.48202201759892460E-02    1.39906247600475164E-02    9.98452055575593911E-01
        1140   -1.19703622722259206E-02    1.17712451221105349E-02    9.98951091583033746E-01
        1141   -1.48018214772802480E-02    7.92198621608659198E-03    9.98951091583033746E-01
        1142   -1.94228615775057269E-02    6.17486480680387584E-03    9.98452055575593911E-01
        1143   -1.61935166809255467E-02    4.42965034260345194E-03    9.98951091583033746E-01
        1144   -1.67855421903924037E-02   -3.12022479474437166E-04    9.98951091583033746E-01
        1145   -2.01785670378322145E-02   -2.86390285117435993E-03    9.98452055575593911E-01
        1146   -1.62952620689711634E-02   -4.03933394963704607E-03    9.98951091583033746E-01
        1147   -1.44971775768170299E-02   -8.46661838985165657E-03    9.98951091583033746E-01
        1148   -1.69376598224317935E-02   -1.13354394260140236E-02    9.98452055575593911E-01
        1149   -1.22497032359338790E-02   -1.14802680841821735E-02    9.98951091583033746E-01
        1150   -8.51913890315963811E-03   -1.44663767751919397E-02    9.98951091583033746E-01
        1151   -1.03420413524331137E-02   -1.75618532024902421E-02    9.98452055575593911E-01
        1152   -5.08647463346473087E-03   -1.59993612515081547E-02    9.98951091583033746E-01
        1153   -1.69805475577153547E-03   -2.03099265702181946E-02    9.98452055575593911E-01
        1154   -1.39875328637951470E-03   -1.67300709471592882E-02    9.98951091583033746E-01
        1155    3.37131171398038620E-03   -1.64464598616334279E-02    9.98951091583033746E-01
        1156    7.28225241054551373E-03   -1.90353698958112549E-02    9.98452055575593911E-01
        1157    6.94646749931073122E-03   -1.52839253444316623E-02    9.98951091583033746E-01
        1158    1.09710661228903834E-02   -1.27077729276340052E-02    9.98951091583033746E-01
        1159    1.48202201759892443E-02   -1.39906247600475164E-02    9.98452055575593911E-01
        1160    1.35237440899601442E-02   -9.94787064865687055E-03    9.98951091583033746E-01
        1161    1.57785764642512545E-02   -5.73483298927851722E-03    9.98951091583033746E-01
        1162    1.94228615775057199E-02   -6.17486480680389579E-03    9.98452055575593911E-01
        1163    1.66590950023514719E-02   -2.07998518162245613E-03    9.98951091583033746E-01
        1164    2.01785670378322179E-02    2.86390285117433955E-03    9.98452055575593911E-01
        1165    1.67042569547110921E-02    1.67916176830192141E-03    9.98951091583033746E-01
        1166    1.55545426391623196E-02    6.31727694023477646E-03    9.98951091583033746E-01
        1167    1.69376598224317831E-02    1.13354394260140358E-02    9.98452055575593911E-01
        1168    1.37588314153399439E-02    9.62010097334718532E-03    9.98951091583033746E-01
        1169    9.86059264199250912E-03    2.29978478354577534E-02    9.97661565269685857E-01
        1170    8.55501804664407853E-03    2.83727710154688707E-02    9.96711549311364409E-01
        1171    4.86359360593881501E-03    2.45454221709559689E-02    9.97661565269685857E-01
        1172   -7.20217105894352524E-04    2.50122685823290121E-02    9.97661565269685857E-01
        1173   -3.72484776102800352E-03    2.93994554036601345E-02    9.96711549311364409E-01
        1174   -5.90482168627795220E-03    2.43159489464723003E-02    9.97661565269685857E-01
        1175   -1.11675831480119950E-02    2.23923509026279846E-02    9.97661565269685857E-01
        1176   -1.53606535516387713E-02    2.53427068668909891E-02    9.96711549311364409E-01
        1177   -1.55791761997731738E-02    1.95811532155439408E-02    9.97661565269685857E-01
        1178   -1.95457902274221440E-02    1.56235199842991463E-02    9.97661565269685857E-01
        1179   -2.43404627960145496E-02    1.69039740815722997E-02    9.96711549311364409E-01
        1180   -2.23669802718599250E-02    1.12183102931062931E-02    9.97661565269685857E-01
        1181   -2.43025022620901830E-02    5.95992249238925034E-03    9.97661565269685857E-01
        1182   -2.91115848967968618E-02    5.54239060976626126E-03    9.96711549311364409E-01
        1183   -2.50105718420268394E-02    7.76909550076401094E-04    9.97661565269685857E-01
        1184   -2.45563832271033129E-02   -4.80794499945920526E-03    9.97661565269685857E-01
        1185   -2.88490494984768898E-02   -6.77752254950633997E-03    9.96711549311364409E-01
        1186   -2.30201393620946201E-02   -9.80843902279703202E-03    9.97661565269685857E-01
        1187   -2.02603933944151687E-02   -1.46849838889160471E-02    9.97661565269685857E-01
        1188   -2.35982513564833643E-02   -1.79255404881099069E-02    9.96711549311364409E-01
        1189   -1.67644753586941447E-02   -1.85764544050236458E-02    9.97661565269685857E-01
        1190   -1.22105049764725613E-02   -2.18411506229347872E-02    9.97661565269685857E-01
        1191   -1.42671011715705433E-02   -2.59740696278963346E-02    9.96711549311364409E-01
        1192   -7.40264559106511549E-03   -2.39025758144863938E-02    9.97661565269685857E-01
        1193   -2.46903958154807979E-03   -2.95314461620047562E-02    9.96711549311364409E-01
        1194   -2.27125507149347197E-03   -2.49193437456607346E-02    9.97661565269685857E-01
        1195    3.33076567897935957E-03   -2.47999655706599501E-02    9.97661565269685857E-01
        1196    9.75594138264451738E-03   -2.79825673699366020E-02    9.96711549311364409E-01
        1197    8.41418323151829975E-03   -2.35655216971876504E-02    9.97661565269685857E-01
        1198    1.34470439878454327E-02   -2.11023529565576087E-02    9.97661565269685857E-01
        1199    2.02940314518328252E-02   -2.15952484659625195E-02    9.96711549311364409E-01
        1200    1.75406196971039825E-02   -1.78454182622810355E-02    9.97661565269685857E-01
        1201    2.10718188782368018E-02   -1.34948412912849359E-02    9.97661565269685857E-01
        1202    2.73230991175113617E-02   -1.14739149155502467E-02    9.96711549311364409E-01
        1203    2.34170843490330086E-02   -8.81886913977404999E-03    9.97661565269685857E-01
        1204    2.47923521512094444E-02   -3.38697019836403440E-03    9.97661565269685857E-01
        1205    2.96277547232093215E-02    6.31362761005330696E-04    9.96711549311364409E-01
        1206    2.49547704739443502E-02    1.84166308182061637E-03    9.97661565269685857E-01
        1207    2.39192936881395951E-02    7.34844757582927242E-03    9.97661565269685857E-01
        1208    2.68095023775626051E-02    1.26274720804324704E-02    9.96711549311364409E-01
        1209    2.18687715719246729E-02    1.21609671592832203E-02    9.97661565269685857E-01
        1210    1.86144060405019525E-02    1.67223257973737049E-02    9.97661565269685857E-01
        1211    1.93556435141523202E-02    2.24401767601703529E-02    9.96711549311364409E-01
        1212    1.47308695766644529E-02    2.02270554908391756E-02    9.97661565269685857E-01
        1213    6.19431232719801043E-03    3.50252266772565282E-02    9.95243430493867542E-01
        1214    2.91126264249694016E-03    4.13300770784084393E-02    9.93514942817176561E-01
        1215   -7.57792398417790158E-04    3.55606771544212802E-02    9.95243430493867542E-01
        1216   -8.13471333016687649E-03    3.46260371402227415E-02    9.95243430493867542E-01
        1217   -1.31266797871114164E-02    3.92981042704024300E-02    9.93514942817176561E-01
        1218   -1.47336118303560883E-02    3.23737037027348878E-02    9.95243430493867542E-01
        1219   -2.11425185368747867E-02    2.86029704561953785E-02    9.95243430493867542E-01
        1220   -2.71662042127806501E-02    3.12833513254299478E-02    9.93514942817176561E-01
        1221   -2.63164336885362005E-02    2.39286716496540305E-02    9.95243430493867542E-01
        1222   -3.07164070540145336E-02    1.79342785383791135E-02    9.95243430493867542E-01
        1223   -3.70699203093084392E-02    1.85059917254467160E-02    9.93514942817176561E-01
        1224   -3.36250040806307313E-02    1.15972026617476368E-02    9.95243430493867542E-01
        1225   -3.53014110802935405E-02    4.35274450665416868E-03    9.95243430493867542E-01
        1226   -4.13300770784084393E-02    2.91126264249693279E-03    9.93514942817176561E-01
        1227   -3.54722826924725038E-02   -2.61785591379576311E-03    9.95243430493867542E-01
        1228   -3.41528453588387376E-02   -9.93575175290360713E-03    9.95243430493867542E-01
        1229   -3.92981042704024300E-02   -1.31266797871114043E-02    9.93514942817176561E-01
        1230   -3.15582390028905369E-02   -1.64077286678113408E-02    9.95243430493867542E-01
        1231   -2.74572571542576992E-02   -2.26105072602328858E-02    9.95243430493867542E-01
        1232   -3.12833513254299617E-02   -2.71662042127806362E-02    9.93514942817176561E-01
        1233   -2.25185825147954238E-02   -2.75326978431905470E-02    9.95243430493867542E-01
        1234   -1.63021276974211413E-02   -3.16129189025160101E-02    9.95243430493867542E-01
        1235   -1.85059917254467195E-02   -3.70699203093084392E-02    9.93514942817176561E-01
        1236   -9.82151235632285589E-03   -3.41858728722066879E-02    9.95243430493867542E-01
        1237   -2.49924611597318689E-03   -3.54808367693304622E-02    9.95243430493867542E-01
        1238   -2.91126264249693539E-03   -4.13300770784084393E-02    9.93514942817176561E-01
        1239    4.47074406807895612E-03   -3.52866611693117907E-02    9.95243430493867542E-01
        1240    1.31266797871114026E-02   -3.92981042704024300E-02    9.93514942817176561E-01
        1241    1.12689260648169212E-02   -3.37364389695440359E-02    9.95243430493867542E-01
        1242    1.80368730614753718E-02   -3.06562753635255501E-02    9.95243430493867542E-01
        1243    2.71662042127806466E-02   -3.12833513254299478E-02    9.93514942817176561E-01
        1244    2.36710422356819043E-02   -2.65484042548067879E-02    9.95243430493867542E-01
        1245    2.86734967868310930E-02   -2.10467715105112155E-02    9.95243430493867542E-01
        1246    3.70699203093084392E-02   -1.85059917254467229E-02    9.93514942817176561E-01
        1247    3.22285650175987703E-02   -1.50484419760481599E-02    9.95243430493867542E-01
        1248    3.46530405624708160E-02   -8.01890196821433525E-03    9.95243430493867542E-01
        1249    4.13300770784084393E-02   -2.91126264249693800E-03    9.93514942817176561E-01
        1250    3.55516022720821570E-02   -1.10434817325075121E-03    9.95243430493867542E-01
        1251    3.50043213606317377E-02    6.31137822362915369E-03    9.95243430493867542E-01
        1252    3.92981042704024161E-02    1.31266797871114355E-02    9.93514942817176561E-01
        1253    3.31004343309986016E-02    1.30191111869946228E-02    9.95243430493867542E-01
        1254    2.96702850042806950E-02    1.96165796398056029E-02    9.95243430493867542E-01
        1255    3.12833513254299478E-02    2.71662042127806466E-02    9.93514942817176561E-01
        1256    2.52731739587825216E-02    2.50280380183744468E-02    9.95243430493867542E-01
        1257    1.95172727684598465E-02    2.97357036688492594E-02    9.95243430493867542E-01
        1258    1.85059917254467229E-02    3.70699203093084392E-02    9.93514942817176561E-01
        1259    1.33411058407882470E-02    3.29719714901151317E-02    9.95243430493867542E-01
        1260   -1.92714500835898333E-03    4.88850417998666145E-02    9.90892197660469987E-01
        1261   -7.71503796422952619E-03    5.57239808776318901E-02    9.87855477878321508E-01
        1262   -1.08769345615753500E-02    4.76985691001434176E-02    9.90892197660469987E-01
        1263   -1.99734665193578020E-02    4.46600698035509308E-02    9.90892197660469987E-01
        1264   -2.73238823492611450E-02    4.91740715113556798E-02    9.87855477878321508E-01
        1265   -2.78396465880226159E-02    4.02295324048384806E-02    9.90892197660469987E-01
        1266   -3.51531080165788101E-02    3.40252876024978099E-02    9.90892197660469987E-01
        1267   -4.32424850161662044E-02    3.59829313045342269E-02    9.87855477878321508E-01
        1268   -4.08066897411085913E-02    2.69865757744633429E-02    9.90892197660469987E-01
        1269   -4.52874203980135129E-02    1.85070460460749521E-02    9.90892197660469987E-01
        1270   -5.33209504667567571E-02    1.79320968367299508E-02    9.87855477878321508E-01
        1271   -4.79169767924986431E-02    9.87038675661168312E-03    9.90892197660469987E-01
        1272   -4.89218824502769684E-02    3.32591610283805453E-04    9.90892197660469987E-01
        1273   -5.61981260952255993E-02   -2.54056667405350113E-03    9.87855477878321508E-01
        1274   -4.81500079825397179E-02   -8.66244370482776964E-03    9.90892197660469987E-01
        1275   -4.55348601487515631E-02   -1.78895978404095303E-02    9.90892197660469987E-01
        1276   -5.14854333899674790E-02   -2.26701125777400841E-02    9.87855477878321508E-01
        1277   -4.14723376469836938E-02   -2.59520020374638533E-02    9.90892197660469987E-01
        1278   -3.56124738736223190E-02   -3.35441933016508362E-02    9.90892197660469987E-01
        1279   -3.98193476147592831E-02   -3.97379341583725537E-02    9.87855477878321508E-01
        1280   -2.88423744862423143E-02   -3.95168145686530109E-02    9.90892197660469987E-01
        1281   -2.05788282687340354E-02   -4.43843781835895693E-02    9.90892197660469987E-01
        1282   -2.27754382975557147E-02   -5.14389275354222436E-02    9.87855477878321508E-01
        1283   -1.20728265213572907E-02   -4.74099995722754783E-02    9.90892197660469987E-01
        1284   -2.59161846166923102E-03   -4.88543213381076868E-02    9.90892197660469987E-01
        1285   -2.65557983520698293E-03   -5.61928087158760012E-02    9.87855477878321508E-01
        1286    6.42946675666805807E-03   -4.84986923213693369E-02    9.90892197660469987E-01
        1287    1.78229293989623019E-02   -5.33575397041485891E-02    9.87855477878321508E-01
        1288    1.52316041959024377E-02   -4.64914985053968347E-02    9.90892197660469987E-01
        1289    2.40089746066993806E-02   -4.26266388305812025E-02    9.90892197660469987E-01
        1290    3.58943532575406454E-02   -4.33160392910417053E-02    9.87855477878321508E-01
        1291    3.14328005206397504E-02   -3.74892017931513014E-02    9.90892197660469987E-01
        1292    3.81426085224479683E-02   -3.06366221173488447E-02    9.90892197660469987E-01
        1293    4.91180458112104867E-02   -2.74244677492201383E-02    9.87855477878321508E-01
        1294    4.31226226709316013E-02   -2.31062894822687791E-02    9.90892197660469987E-01
        1295    4.68018470237260495E-02   -1.42495022658931502E-02    9.90892197660469987E-01
        1296    5.57080741055888465E-02   -7.82906987364458302E-03    9.87855477878321508E-01
        1297    4.86232958103277810E-02   -5.40706058772320516E-03    9.90892197660469987E-01
        1298    4.87438780066811878E-02    4.18276900243495699E-03    9.90892197660469987E-01
        1299    5.47744183029124990E-02    1.28236872707405015E-02    9.87855477878321508E-01
        1300    4.71453390675058495E-02    1.30682134918226455E-02    9.90892197660469987E-01
        1301    4.36899726187339049E-02    2.20147108141858297E-02    9.90892197660469987E-01
        1302    4.64431737928982930E-02    3.17445343907078459E-02    9.87855477878321508E-01
        1303    3.89008753131637949E-02    2.96678799297764514E-02    9.90892197660469987E-01
        1304    3.23654896529165653E-02    3.66870042274495267E-02    9.90892197660469987E-01
        1305    3.18395213116431861E-02    4.63781062386726464E-02    9.87855477878321508E-01
        1306    2.50731863499863393E-02    4.20094813811930715E-02    9.90892197660469987E-01
        1307    1.63957688544862507E-02    4.60938169750369844E-02    9.90892197660469987E-01
        1308    1.29357650483724867E-02    5.47480578491465059E-02    9.87855477878321508E-01
        1309    7.64688308910686006E-03    4.83216967694583346E-02    9.90892197660469987E-01
        1310   -1.49328543797393829E-02    6.37834029311205031E-02    9.83322682437668627E-01
        1311   -2.35793681428730743E-02    7.05909249663155269E-02    9.78160312852046410E-01
        1312   -2.63987636900741424E-02    5.99534644956886201E-02    9.83322682437668627E-01
        1313   -3.69656947647706638E-02    5.40818827331110974E-02    9.83322682437668627E-01
        1314   -4.74874893326550432E-02    5.73062269434840704E-02    9.78160312852046410E-01
        1315   -4.62738034397170844E-02    4.63686073181263508E-02    9.83322682437668627E-01
        1316   -5.40061132378338860E-02    3.70763045939375702E-02    9.83322682437668627E-01
        1317   -6.49821619507997272E-02    3.62820054271695766E-02    9.78160312852046410E-01
        1318   -5.98993096228297092E-02    2.65214127849282104E-02    9.83322682437668627E-01
        1319   -6.37527068599234720E-02    1.50633660724567124E-02    9.83322682437668627E-01
        1320   -7.37006335188991751E-02    1.03576980323834607E-02    9.78160312852046410E-01
        1321   -6.54350821278465306E-02    3.09235449490403644E-03    9.83322682437668627E-01
        1322   -6.48891441546365078E-02   -8.98396350610223410E-03    9.83322682437668627E-01
        1323   -7.24654261409629213E-02   -1.69654738756621487E-02    9.78160312852046410E-01
        1324   -6.21334842031906268E-02   -2.07543434049847451E-02    9.83322682437668627E-01
        1325   -5.72619429681055850E-02   -3.18179590313017596E-02    9.83322682437668627E-01
        1326   -6.14433614179015555E-02   -4.19973645278635677E-02    9.78160312852046410E-01
        1327   -5.04404149433724594E-02   -4.17980522242434316E-02    9.83322682437668627E-01
        1328   -4.19011990843524765E-02   -5.03547628799265873E-02    9.83322682437668627E-01
        1329   -4.21230302659335518E-02   -6.13572783851465478E-02    9.78160312852046410E-01
        1330   -3.19350881454640023E-02   -5.71967024796151760E-02    9.83322682437668627E-01
        1331   -2.08814660816982328E-02   -6.20908769762439361E-02    9.83322682437668627E-01
        1332   -1.71137504647829661E-02   -7.24305518040989915E-02    9.78160312852046410E-01
        1333   -9.11675073507833660E-03   -6.48706211272454397E-02    9.83322682437668627E-01
        1334    2.95842462348729204E-03   -6.54412740794929615E-02    9.83322682437668627E-01
        1335    1.02068361672016644E-02   -7.37216778503652220E-02    9.78160312852046410E-01
        1336    1.49328543797393604E-02   -6.37834029311205031E-02    9.83322682437668627E-01
        1337    2.63987636900741597E-02   -5.99534644956886131E-02    9.83322682437668627E-01
        1338    3.61489330167739931E-02   -6.50562827970205537E-02    9.78160312852046410E-01
        1339    3.69656947647706569E-02   -5.40818827331110974E-02    9.83322682437668627E-01
        1340    4.62738034397170775E-02   -4.63686073181263578E-02    9.83322682437668627E-01
        1341    5.72089161542782901E-02   -4.76046762626307907E-02    9.78160312852046410E-01
        1342    5.40061132378339137E-02   -3.70763045939375355E-02    9.83322682437668627E-01
        1343    5.98993096228297023E-02   -2.65214127849282173E-02    9.83322682437668627E-01
        1344    7.05425181595994849E-02   -2.37237944123553368E-02    9.78160312852046410E-01
        1345    6.37527068599234581E-02   -1.50633660724567749E-02    9.83322682437668627E-01
        1346    6.54350821278465306E-02   -3.09235449490410236E-03    9.83322682437668627E-01
        1347    7.43489621978797033E-02    3.36111733139161841E-03    9.78160312852046410E-01
        1348    6.48891441546365078E-02    8.98396350610222716E-03    9.83322682437668627E-01
        1349    6.21334842031906406E-02    2.07543434049847070E-02    9.83322682437668627E-01
        1350    6.81141669095146063E-02    2.99920915549401201E-02    9.78160312852046410E-01
        1351    5.72619429681055503E-02    3.18179590313018013E-02    9.83322682437668627E-01
        1352    5.04404149433724455E-02    4.17980522242434524E-02    9.83322682437668627E-01
        1353    5.26801759463912875E-02    5.25724676220774637E-02    9.78160312852046410E-01
        1354    4.19011990843524834E-02    5.03547628799265873E-02    9.83322682437668627E-01
        1355    3.19350881454640093E-02    5.71967024796151760E-02    9.83322682437668627E-01
        1356    3.01314353107758094E-02    6.80526406227536379E-02    9.78160312852046410E-01
        1357    2.08814660816982987E-02    6.20908769762439222E-02    9.83322682437668627E-01
        1358    9.11675073507834353E-03    6.48706211272454397E-02    9.83322682437668627E-01
        1359    3.51327737239320306E-03    7.43419274146275844E-02    9.78160312852046410E-01
        1360   -2.95842462348728380E-03    6.54412740794929615E-02    9.83322682437668627E-01
        1361   -4.82197250680034203E-02    7.05468552165814389E-02    9.70589675009870478E-01
        1362   -6.03616432455231222E-02    6.04853097147012506E-02    9.70589675009870478E-01
        1363   -7.36491456774023140E-02    6.12849180281118747E-02    9.62129720154539125E-01
        1364   -7.04480180581279619E-02    4.83640095346200213E-02    9.70589675009870478E-01
        1365   -7.81353701088479818E-02    3.45957310160731474E-02    9.70589675009870478E-01
        1366   -9.08144489641517366E-02    3.05413440447715248E-02    9.62129720154539125E-01
        1367   -8.31619158435584066E-02    1.96493363707798130E-02    9.70589675009870478E-01
        1368   -8.53564822759407815E-02    4.03380714216104979E-03    9.70589675009870478E-01
        1369   -9.57147576980589970E-02   -4.32700768724481304E-03    9.62129720154539125E-01
        1370   -8.46443360782326570E-02   -1.17190885506656701E-02    9.70589675009870478E-01
        1371   -8.10497285350717522E-02   -2.70729047383969287E-02    9.70589675009870478E-01
        1372   -8.76882580310618664E-02   -3.86109730543213944E-02    9.62129720154539125E-01
        1373   -7.46950696950838960E-02   -4.15047856256323747E-02    9.70589675009870478E-01
        1374   -6.57967598434916340E-02   -5.45232708178904762E-02    9.70589675009870478E-01
        1375   -6.78189732195583345E-02   -6.76803125596243949E-02    9.62129720154539125E-01
        1376   -5.46578202499445956E-02   -6.56850314159008880E-02    9.70589675009870478E-01
        1377   -4.16575741426154847E-02   -7.46099670495546791E-02    9.70589675009870478E-01
        1378   -3.87903602768498584E-02   -8.76090508241917226E-02    9.62129720154539125E-01
        1379   -2.72387293106128685E-02   -8.09941497401281407E-02    9.70589675009870478E-01
        1380   -1.18923022211922108E-02   -8.46201738030770423E-02    9.70589675009870478E-01
        1381   -4.52289423394638609E-03   -9.57057013164427650E-02    9.62129720154539125E-01
        1382    3.85910295712668140E-03   -8.53645593378741518E-02    9.70589675009870478E-01
        1383    1.94790910127245372E-02   -8.32019571879239750E-02    9.70589675009870478E-01
        1384    3.03554137374736736E-02   -9.08767665223098459E-02    9.62129720154539125E-01
        1385    3.44357419864786546E-02   -7.82060121756876919E-02    9.70589675009870478E-01
        1386    4.82197250680034065E-02   -7.05468552165814389E-02    9.70589675009870478E-01
        1387    6.11340548784938265E-02   -7.37744208437919602E-02    9.62129720154539125E-01
        1388    6.03616432455231153E-02   -6.04853097147012575E-02    9.70589675009870478E-01
        1389    7.04480180581280035E-02   -4.83640095346199797E-02    9.70589675009870478E-01
        1390    8.36562031526809913E-02   -4.67084308321419200E-02    9.62129720154539125E-01
        1391    7.81353701088479818E-02   -3.45957310160731543E-02    9.70589675009870478E-01
        1392    8.31619158435583788E-02   -1.96493363707798963E-02    9.70589675009870478E-01
        1393    9.48801176360744708E-02   -1.33342084162611021E-02    9.62129720154539125E-01
        1394    8.53564822759407676E-02   -4.03380714216113566E-03    9.70589675009870478E-01
        1395    8.46443360782326570E-02    1.17190885506656614E-02    9.70589675009870478E-01
        1396    9.32899464838348319E-02    2.18408727336352887E-02    9.62129720154539125E-01
        1397    8.10497285350717800E-02    2.70729047383968836E-02    9.70589675009870478E-01
        1398    7.46950696950838683E-02    4.15047856256324302E-02    9.70589675009870478E-01
        1399    7.91004511215144951E-02    5.40662229964005772E-02    9.62129720154539125E-01
        1400    6.57967598434916062E-02    5.45232708178905040E-02    9.70589675009870478E-01
        1401    5.46578202499446025E-02    6.56850314159008880E-02    9.70589675009870478E-01
        1402    5.42280015245030014E-02    7.89896302522180432E-02    9.62129720154539125E-01
        1403    4.16575741426155610E-02    7.46099670495546374E-02    9.70589675009870478E-01
        1404    2.72387293106128789E-02    8.09941497401281407E-02    9.70589675009870478E-01
        1405    2.20317598338778294E-02    9.32450502458224140E-02    9.62129720154539125E-01
        1406    1.18923022211922958E-02    8.46201738030770423E-02    9.70589675009870478E-01
        1407   -3.85910295712667056E-03    8.53645593378741518E-02    9.70589675009870478E-01
        1408   -1.31399931045082709E-02    9.49072095150684247E-02    9.62129720154539125E-01
        1409   -1.94790910127245996E-02    8.32019571879239611E-02    9.70589675009870478E-01
        1410   -3.44357419864786476E-02    7.82060121756876919E-02    9.70589675009870478E-01
        1411   -4.65371171629153577E-02    8.37516242403018030E-02    9.62129720154539125E-01
        1412   -6.10686271034177330E-02    8.93451712647558710E-02    9.49983971359782964E-01
        1413   -7.62051382867240806E-02    9.19616726487071517E-02    9.36722798549996294E-01
        1414   -7.64459498164246493E-02    7.66025691559332061E-02    9.49983971359782964E-01
        1415   -8.92199973952441105E-02    6.12513584291603935E-02    9.49983971359782964E-01
        1416   -1.04279563043265328E-01    5.82232347877749551E-02    9.36722798549996294E-01
        1417   -9.89557649703609044E-02    4.38143061539896794E-02    9.49983971359782964E-01
        1418   -1.05321712653770508E-01    2.48852102322130210E-02    9.49983971359782964E-01
        1419   -1.18270454977807318E-01    1.66214264426722998E-02    9.36722798549996294E-01
        1420   -1.08101055732227155E-01    5.10867832249828260E-03    9.49983971359782964E-01
        1421   -1.07199147010648560E-01   -1.48418235003048796E-02    9.49983971359782964E-01
        1422   -1.16288266608381624E-01   -2.72251976460166009E-02    9.36722798549996294E-01
        1423   -1.02646699908827840E-01   -3.42869048246103175E-02    9.49983971359782964E-01
        1424   -9.45987425527589770E-02   -5.25643867277234764E-02    9.49983971359782964E-01
        1425   -9.86007034579641367E-02   -6.73949079325829453E-02    9.36722798549996294E-01
        1426   -8.33293384777419877E-02   -6.90518514848570131E-02    9.49983971359782964E-01
        1427   -6.92222537233911778E-02   -8.31878382582412063E-02    9.49983971359782964E-01
        1428   -6.75965689401894915E-02   -9.84625624547773026E-02    9.36722798549996294E-01
        1429   -5.27578881414326392E-02   -9.44909629725558808E-02    9.49983971359782964E-01
        1430   -3.44969159549301171E-02   -1.02576311272258816E-01    9.49983971359782964E-01
        1431   -2.74631432215234894E-02   -1.16232302317560598E-01    9.36722798549996294E-01
        1432   -1.50611926700726824E-02   -1.07168546318310173E-01    9.49983971359782964E-01
        1433    4.88742146725441601E-03   -1.08111285053995476E-01    9.49983971359782964E-01
        1434    1.63793321677394230E-02   -1.18304225686936354E-01    9.36722798549996294E-01
        1435    2.46696003283302066E-02   -1.05372423642361449E-01    9.49983971359782964E-01
        1436    4.36116855381490712E-02   -9.90452307238790935E-02    9.49983971359782964E-01
        1437    5.80096879867363080E-02   -1.04398507830946591E-01    9.36722798549996294E-01
        1438    6.10686271034176775E-02   -8.93451712647558988E-02    9.49983971359782964E-01
        1439    7.64459498164246354E-02   -7.66025691559332200E-02    9.49983971359782964E-01
        1440    9.18055140003467413E-02   -7.63931930002853810E-02    9.36722798549996294E-01
        1441    8.92199973952441105E-02   -6.12513584291604074E-02    9.49983971359782964E-01
        1442    9.89557649703608905E-02   -4.38143061539896933E-02    9.49983971359782964E-01
        1443    1.13202496636295960E-01   -3.80705541456400967E-02    9.36722798549996294E-01
        1444    1.05321712653770522E-01   -2.48852102322129828E-02    9.49983971359782964E-01
        1445    1.08101055732227155E-01   -5.10867832249829561E-03    9.49983971359782964E-01
        1446    1.19310854824825244E-01    5.39372400259684713E-03    9.36722798549996294E-01
        1447    1.07199147010648574E-01    1.48418235003047721E-02    9.49983971359782964E-01
        1448    1.02646699908827840E-01    3.42869048246103106E-02    9.49983971359782964E-01
        1449    1.09305620944992507E-01    4.81295498366266367E-02    9.36722798549996294E-01
        1450    9.45987425527589770E-02    5.25643867277234625E-02    9.49983971359782964E-01
        1451    8.33293384777419738E-02    6.90518514848570547E-02    9.49983971359782964E-01
        1452    8.45380572731839336E-02    8.43652132701778190E-02    9.36722798549996294E-01
        1453    6.92222537233911223E-02    8.31878382582412618E-02    9.49983971359782964E-01
        1454    5.27578881414326531E-02    9.44909629725558670E-02    9.49983971359782964E-01
        1455    4.83531605250854257E-02    1.09206887167806563E-01    9.36722798549996294E-01
        1456    3.44969159549301310E-02    1.02576311272258816E-01    9.49983971359782964E-01
        1457    1.50611926700727899E-02    1.07168546318310159E-01    9.49983971359782964E-01
        1458    5.63790151396236817E-03    1.19299565817171244E-01    9.36722798549996294E-01
        1459   -4.88742146725440214E-03    1.08111285053995476E-01    9.49983971359782964E-01
        1460   -2.46696003283301026E-02    1.05372423642361476E-01    9.49983971359782964E-01
        1461   -3.78387873373122602E-02    1.13280177041212168E-01    9.36722798549996294E-01
        1462   -4.36116855381490642E-02    9.90452307238790935E-02    9.49983971359782964E-01
        1463   -9.32384354214088745E-02    9.34294585195269561E-02    9.18550192798435750E-01
        1464   -1.09730845592438939E-01    9.13092177164439717E-02    8.99252506509064964E-01
        1465   -1.08818491828685873E-01    7.47061268920726773E-02    9.18550192798435750E-01
        1466   -1.20692865010132599E-01    5.34387677134321032E-02    9.18550192798435750E-01
        1467   -1.35305660170140396E-01    4.55039563152823331E-02    8.99252506509064964E-01
        1468   -1.28457187428795611E-01    3.03516153930481584E-02    9.18550192798435750E-01
        1469   -1.31847054396985769E-01    6.23087521320413607E-03    9.18550192798435750E-01
        1470   -1.42606695587318977E-01   -6.44686653238445671E-03    8.99252506509064964E-01
        1471   -1.30747028060798576E-01   -1.81020499489144351E-02    9.18550192798435750E-01
        1472   -1.25194568497776770E-01   -4.18185315110385022E-02    9.18550192798435750E-01
        1473   -1.30647906554450854E-01   -5.75270043315321139E-02    8.99252506509064964E-01
        1474   -1.15378758058897801E-01   -6.41109331383545450E-02    9.18550192798435750E-01
        1475   -1.01633862395890714E-01   -8.42201138302329233E-02    9.18550192798435750E-01
        1476   -1.01044393796362542E-01   -1.00837801427571067E-01    8.99252506509064964E-01
        1477   -8.44279474453738799E-02   -1.01461279556515682E-01    9.18550192798435750E-01
        1478   -6.43469400047667756E-02   -1.15247303096893267E-01    9.18550192798435750E-01
        1479   -5.77942757497607665E-02   -1.30529894679269759E-01    8.99252506509064964E-01
        1480   -4.20746746979453398E-02   -1.25108717954210996E-01    9.18550192798435750E-01
        1481   -1.83696068072955535E-02   -1.30709705472966314E-01    9.18550192798435750E-01
        1482   -6.73872051401653866E-03   -1.42593202363417798E-01    8.99252506509064964E-01
        1483    5.96101601126160230E-03   -1.31859530740852104E-01    9.18550192798435750E-01
        1484    3.00886435790060393E-02   -1.28519037837433958E-01    9.18550192798435750E-01
        1485    4.52269362676850223E-02   -1.35398507932175532E-01    8.99252506509064964E-01
        1486    5.31916384770176817E-02   -1.20801983242058125E-01    9.18550192798435750E-01
        1487    7.44832559230331898E-02   -1.08971161993383275E-01    9.18550192798435750E-01
        1488    9.10844446953304882E-02   -1.09917494735660357E-01    8.99252506509064964E-01
        1489    9.32384354214088606E-02   -9.34294585195269700E-02    9.18550192798435750E-01
        1490    1.08818491828685873E-01   -7.47061268920726912E-02    9.18550192798435750E-01
        1491    1.24640494150540113E-01   -6.95915148012300200E-02    8.99252506509064964E-01
        1492    1.20692865010132572E-01   -5.34387677134321240E-02    9.18550192798435750E-01
        1493    1.28457187428795611E-01   -3.03516153930481723E-02    9.18550192798435750E-01
        1494    1.41363154213898973E-01   -1.98668151729978759E-02    8.99252506509064964E-01
        1495    1.31847054396985769E-01   -6.23087521320415168E-03    9.18550192798435750E-01
        1496    1.30747028060798576E-01    1.81020499489143033E-02    9.18550192798435750E-01
        1497    1.38993936980392113E-01    3.25410079301705554E-02    8.99252506509064964E-01
        1498    1.25194568497776826E-01    4.18185315110383773E-02    9.18550192798435750E-01
        1499    1.15378758058897871E-01    6.41109331383544340E-02    9.18550192798435750E-01
        1500    1.17852818365690629E-01    8.05539875964199209E-02    8.99252506509064964E-01
        1501    1.01633862395890756E-01    8.42201138302328678E-02    9.18550192798435750E-01
        1502    8.44279474453738937E-02    1.01461279556515682E-01    9.18550192798435750E-01
        1503    8.07950235856920856E-02    1.17687704872718554E-01    8.99252506509064964E-01
        1504    6.43469400047666923E-02    1.15247303096893322E-01    9.18550192798435750E-01
        1505    4.20746746979453537E-02    1.25108717954210996E-01    9.18550192798435750E-01
        1506    3.28254131697650539E-02    1.38927045475871452E-01    8.99252506509064964E-01
        1507    1.83696068072956853E-02    1.30709705472966314E-01    9.18550192798435750E-01
        1508   -5.96101601126158582E-03    1.31859530740852104E-01    9.18550192798435750E-01
        1509   -1.95774511866322297E-02    1.41403518766173825E-01    8.99252506509064964E-01
        1510   -3.00886435790059109E-02    1.28519037837433986E-01    9.18550192798435750E-01
        1511   -5.31916384770177719E-02    1.20801983242058084E-01    9.18550192798435750E-01
        1512   -6.93362722778730900E-02    1.24782663303157987E-01    8.99252506509064964E-01
        1513   -7.44832559230331759E-02    1.08971161993383289E-01    9.18550192798435750E-01
        1514   -1.27198791294858504E-01    8.37315791736126802E-02    8.78101368111735781E-01
        1515   -1.41389019748769829E-01    7.53733804283726744E-02    8.56300865895801233E-01
        1516   -1.39245730540487112E-01    6.16533566322710266E-02    8.78101368111735781E-01
        1517   -1.48203581920084787E-01    3.50172552299099771E-02    8.78101368111735781E-01
        1518   -1.58201869282793339E-01    2.53805031106199876E-02    8.56300865895801233E-01
        1519   -1.51945929008969888E-01    1.01461576658861963E-02    8.78101368111735781E-01
        1520   -1.51223112401094706E-01   -1.79465911388712943E-02    8.78101368111735781E-01
        1521   -1.57871091525102092E-01   -2.73627455382507434E-02    8.56300865895801233E-01
        1522   -1.46206714437121799E-01   -4.25923292540083959E-02    8.78101368111735781E-01
        1523   -1.35890947321748057E-01   -6.87325271889360767E-02    8.78101368111735781E-01
        1524   -1.40432531378287651E-01   -7.71408161313093255E-02    8.56300865895801233E-01
        1525   -1.22724569769287764E-01   -9.01620199015259610E-02    8.78101368111735781E-01
        1526   -1.04067723071216645E-01   -1.11177420695717274E-01    8.78101368111735781E-01
        1527   -1.07775927421397633E-01   -1.18559482333450872E-01    8.56300865895801233E-01
        1528   -8.43491729627984382E-02   -1.26790089826736257E-01    8.78101368111735781E-01
        1529   -6.34401294125806203E-02   -1.47130388984849925E-01    8.56300865895801233E-01
        1530   -6.23297972978383852E-02   -1.38944255824378443E-01    8.78101368111735781E-01
        1531   -3.57375740414138249E-02   -1.48031536030044653E-01    8.78101368111735781E-01
        1532   -1.22296090068787812E-02   -1.59757435026533556E-01    8.56300865895801233E-01
        1533   -1.08849700904472702E-02   -1.51894790180275796E-01    8.78101368111735781E-01
        1534    1.72109616647012041E-02   -1.51308600734909066E-01    8.78101368111735781E-01
        1535    4.03061792966536922E-02   -1.55072284091078733E-01    8.56300865895801233E-01
        1536    4.18808037243225476E-02   -1.46412117453388113E-01    8.78101368111735781E-01
        1537    6.80708594387134797E-02   -1.36223595434325745E-01    8.78101368111735781E-01
        1538    8.84741676585833609E-02   -1.33582644979949011E-01    8.56300865895801233E-01
        1539    8.95641285167941975E-02   -1.23161587927434243E-01    8.78101368111735781E-01
        1540    1.10670011423829734E-01   -1.04607162418399152E-01    8.78101368111735781E-01
        1541    1.27054607136547953E-01   -9.76172535369423250E-02    8.56300865895801233E-01
        1542    1.26378389754289500E-01   -8.49647718816029934E-02    8.78101368111735781E-01
        1543    1.39838793374473608E-01   -6.02961170006097100E-02    8.78101368111735781E-01
        1544    1.51866708475911744E-01   -5.10735179854555910E-02    8.56300865895801233E-01
        1545    1.47855989172344354E-01   -3.64570476540206842E-02    8.78101368111735781E-01
        1546    1.52037424911010771E-01   -8.66783042108619679E-03    8.78101368111735781E-01
        1547    1.60221695497134525E-01    1.00482572703959020E-03    8.56300865895801233E-01
        1548    1.51390510597999656E-01    1.64749251487493822E-02    8.78101368111735781E-01
        1549    1.45785539913097534E-01    4.40123415649131891E-02    8.78101368111735781E-01
        1550    1.51214175715485871E-01    5.29742809805322998E-02    8.56300865895801233E-01
        1551    1.36553021838779931E-01    6.74075818026253909E-02    8.78101368111735781E-01
        1552    1.21841836494655575E-01    9.13513915459942955E-02    8.78101368111735781E-01
        1553    1.25820253665377246E-01    9.92031509091235580E-02    8.56300865895801233E-01
        1554    1.05144127790761960E-01    1.10159984789849424E-01    8.78101368111735781E-01
        1555    8.31120051202299676E-02    1.27604484492806147E-01    8.78101368111735781E-01
        1556    8.67917548282367279E-02    1.34681820141225705E-01    8.56300865895801233E-01
        1557    6.09754578557261326E-02    1.39543912074531234E-01    8.78101368111735781E-01
        1558    3.83580226426239734E-02    1.55565624357266563E-01    8.56300865895801233E-01
        1559    3.71756590520735120E-02    1.47676945498692952E-01    8.78101368111735781E-01
        1560    9.40710528319991211E-03    1.51993474294032538E-01    8.78101368111735781E-01
        1561   -1.42323964823623979E-02    1.59591479324828173E-01    8.56300865895801233E-01
        1562   -1.57384989983877822E-02    1.51468840053186143E-01    8.78101368111735781E-01
        1563   -4.33028474688254422E-02    1.45997853610495165E-01    8.78101368111735781E-01
        1564   -6.52805146100998851E-02    1.46323121190599120E-01    8.56300865895801233E-01
        1565   -6.67427099672860263E-02    1.36879218744127423E-01    8.78101368111735781E-01
        1566   -9.07577789411892072E-02    1.22284649156965630E-01    8.78101368111735781E-01
        1567   -1.09254476048282659E-01    1.17198382438212220E-01    8.56300865895801233E-01
        1568   -1.09647352855981442E-01    1.05678606488994922E-01    8.78101368111735781E-01
        1569   -1.53708855740457229E-01    6.47749478726816069E-02    8.34048981919474075E-01
        1570   -1.63689057237448643E-01    5.35472429068887465E-02    8.11488111722477479E-01
        1571   -1.61949478979541400E-01    3.99320981568009881E-02    8.34048981919474075E-01
        1572   -1.66313306506820940E-01    1.27314682467318009E-02    8.34048981919474075E-01
        1573   -1.72224552592037866E-01    3.43753816650915376E-04    8.11488111722477479E-01
        1574   -1.66257354146966685E-01   -1.34424103865122598E-02    8.34048981919474075E-01
        1575   -1.61777272506736597E-01   -4.06241345166934512E-02    8.34048981919474075E-01
        1576   -1.63901508779901395E-01   -5.28933842922344258E-02    8.11488111722477479E-01
        1577   -1.53430511077344733E-01   -6.54315250891655958E-02    8.34048981919474075E-01
        1578   -1.40568243824500838E-01   -8.97929564779164080E-02    8.34048981919474075E-01
        1579   -1.39534643319427221E-01   -1.00952949416717452E-01    8.11488111722477479E-01
        1580   -1.24790902372390364E-01   -1.10677174205135218E-01    8.34048981919474075E-01
        1581   -1.04872052975109140E-01   -1.29707589252654021E-01    8.34048981919474075E-01
        1582   -1.01509154775821203E-01   -1.39130536471733846E-01    8.11488111722477479E-01
        1583   -8.32901666413939923E-02   -1.44516277096381540E-01    8.34048981919474075E-01
        1584   -5.83675999114594696E-02   -1.56254374292450149E-01    8.34048981919474075E-01
        1585   -5.35472429068888714E-02   -1.63689057237448615E-01    8.11488111722477479E-01
        1586   -3.32054284484348677E-02   -1.63461327923473010E-01    8.34048981919474075E-01
        1587   -5.84769938813525184E-03   -1.66697362357103029E-01    8.34048981919474075E-01
        1588   -3.43753816651002438E-04   -1.72224552592037866E-01    8.11488111722477479E-01
        1589    2.03015081989842763E-02   -1.65559822933572520E-01    8.34048981919474075E-01
        1590    4.72748733108934796E-02   -1.59960284315789708E-01    8.34048981919474075E-01
        1591    5.28933842922343425E-02   -1.63901508779901423E-01    8.11488111722477479E-01
        1592    7.17161426769055421E-02   -1.50595488260754473E-01    8.34048981919474075E-01
        1593    9.55252306542140328E-02   -1.36737472967027290E-01    8.34048981919474075E-01
        1594    1.00952949416717383E-01   -1.39534643319427248E-01    8.11488111722477479E-01
        1595    1.15739609984378392E-01   -1.20110569416739033E-01    8.34048981919474075E-01
        1596    1.33930622521048065E-01   -9.94223041177071110E-02    8.34048981919474075E-01
        1597    1.39130536471733846E-01   -1.01509154775821203E-01    8.11488111722477479E-01
        1598    1.47834789270408412E-01   -7.72468852855780208E-02    8.34048981919474075E-01
        1599    1.58532934867069375E-01   -5.18605318848818775E-02    8.34048981919474075E-01
        1600    1.63689057237448587E-01   -5.35472429068888853E-02    8.11488111722477479E-01
        1601    1.64693905930646145E-01   -2.64220278225724518E-02    8.34048981919474075E-01
        1602    1.72224552592037866E-01   -3.43753816651012954E-04    8.11488111722477479E-01
        1603    1.66799566442473818E-01   -3.32925745588410322E-04    8.34048981919474075E-01
        1604    1.64579435539896485E-01    2.71259212252480467E-02    8.34048981919474075E-01
        1605    1.63901508779901423E-01    5.28933842922343286E-02    8.11488111722477479E-01
        1606    1.58309760608889627E-01    5.25378520773866764E-02    8.34048981919474075E-01
        1607    1.47503175578650114E-01    7.78782344378917413E-02    8.34048981919474075E-01
        1608    1.39534643319427276E-01    1.00952949416717355E-01    8.11488111722477479E-01
        1609    1.33504326777220905E-01    9.99940045038217873E-02    8.34048981919474075E-01
        1610    1.15225029568046103E-01    1.20604306581449286E-01    8.34048981919474075E-01
        1611    1.01509154775821217E-01    1.39130536471733818E-01    8.11488111722477479E-01
        1612    9.49397480674721295E-02    1.37144633295780971E-01    8.34048981919474075E-01
        1613    7.10716289220374026E-02    1.50900728186836558E-01    8.34048981919474075E-01
        1614    5.35472429068888922E-02    1.63689057237448587E-01    8.11488111722477479E-01
        1615    4.65905445453114533E-02    1.60160942067411244E-01    8.34048981919474075E-01
        1616    1.95934856053941661E-02    1.65645107162211480E-01    8.34048981919474075E-01
        1617    3.43753816651023471E-04    1.72224552592037866E-01    8.11488111722477479E-01
        1618   -6.56034644138593203E-03    1.66670837459701709E-01    8.34048981919474075E-01
        1619   -3.39039900701250257E-02    1.63317866941355111E-01    8.34048981919474075E-01
        1620   -5.28933842922341760E-02    1.63901508779901450E-01    8.11488111722477479E-01
        1621   -5.90351188383984385E-02    1.56003400439495177E-01    8.34048981919474075E-01
        1622   -8.39072725417173287E-02    1.44158856195376633E-01    8.34048981919474075E-01
        1623   -1.00952949416717494E-01    1.39534643319427165E-01    8.11488111722477479E-01
        1624   -1.05425648330327970E-01    1.29258032164656311E-01    8.34048981919474075E-01
        1625   -1.25262952743814909E-01    1.10142629689190308E-01    8.34048981919474075E-01
        1626   -1.39130536471733735E-01    1.01509154775821356E-01    8.11488111722477479E-01
        1627   -1.40950861287138351E-01    8.91911481446628351E-02    8.34048981919474075E-01
        1628   -1.72036093110463195E-01    4.03056856408765887E-02    7.88718007791905928E-01
        1629   -1.78309669846351354E-01    2.72399528419945865E-02    7.65807160589198399E-01
        1630   -1.76121842818663221E-01    1.42148552525594857E-02    7.88718007791905928E-01
        1631   -1.76177183953181604E-01   -1.35116794670366528E-02    7.88718007791905928E-01
        1632   -1.78416988564765289E-01   -2.65279396680052140E-02    7.65807160589198399E-01
        1633   -1.72195619042827819E-01   -3.96186119159978520E-02    7.88718007791905928E-01
        1634   -1.63877888869447486E-01   -6.60681706072308306E-02    7.88718007791905928E-01
        1635   -1.62671174879141761E-01   -7.79387083225568794E-02    7.65807160589198399E-01
        1636   -1.52200558381389683E-01   -8.97549756620006217E-02    7.88718007791905928E-01
        1637   -1.36285945342984161E-01   -1.12459355900975486E-01    7.88718007791905928E-01
        1638   -1.32471313434813553E-01   -1.22424280714261480E-01    7.65807160589198399E-01
        1639   -1.18002546680181453E-01   -1.31515643954187966E-01    7.88718007791905928E-01
        1640   -9.59761601101538214E-02   -1.48356133402711921E-01    7.88718007791905928E-01
        1641   -9.05007944510184681E-02   -1.56031918514396961E-01    7.65807160589198399E-01
        1642   -7.27928513761636475E-02   -1.61003622369873672E-01    7.88718007791905928E-01
        1643   -4.67101350479410191E-02   -1.70408711372089905E-01    7.88718007791905928E-01
        1644   -4.04888827240553889E-02   -1.75775435619732162E-01    7.65807160589198399E-01
        1645   -2.07903209134848443E-02   -1.75467171242963405E-01    7.88718007791905928E-01
        1646    6.91475550203517371E-03   -1.76559201924001125E-01    7.88718007791905928E-01
        1647    1.31206439154750963E-02   -1.79900533892460218E-01    7.65807160589198399E-01
        1648    3.31523069652322061E-02   -1.73556590686081841E-01    7.88718007791905928E-01
        1649    5.98943794715743535E-02   -1.66233657649130090E-01    7.88718007791905928E-01
        1650    6.55643437641183352E-02   -1.68040680248353641E-01    7.65807160589198399E-01
        1651    8.40012497898988963E-02   -1.55450170991955294E-01    7.88718007791905928E-01
        1652    1.07284819352441843E-01   -1.40395630858681120E-01    7.88718007791905928E-01
        1653    1.12182363944936123E-01   -1.41249674729801794E-01    7.65807160589198399E-01
        1654    1.27011419546100179E-01   -1.22837555057798406E-01    7.88718007791905928E-01
        1655    1.44663725420437206E-01   -1.01456257447106138E-01    7.88718007791905928E-01
        1656    1.48832488785050759E-01   -1.01908015747519370E-01    7.65807160589198399E-01
        1657    1.58169221659966108E-01   -7.87620654069815518E-02    7.88718007791905928E-01
        1658    1.68542997641961290E-01   -5.30492561074608071E-02    7.88718007791905928E-01
        1659    1.72258193855994529E-01   -5.35113823501086605E-02    7.65807160589198399E-01
        1660    1.74567092961976672E-01   -2.73367094306854394E-02    7.88718007791905928E-01
        1661    1.80378002460200498E-01   -3.60027800057390361E-04    7.65807160589198399E-01
        1662    1.76691647888659181E-01   -1.01350583778108349E-03    7.88718007791905928E-01
        1663    1.74674827743718591E-01    2.66396355154377533E-02    7.88718007791905928E-01
        1664    1.72470433969991871E-01    5.28233167999851080E-02    7.65807160589198399E-01
        1665    1.68753422591225083E-01    5.23760249679234152E-02    7.88718007791905928E-01
        1666    1.58482372482086270E-01    7.81300405743040882E-02    7.88718007791905928E-01
        1667    1.49238110547516345E-01    1.01313077891041284E-01    7.65807160589198399E-01
        1668    1.45067577019949212E-01    1.00877964517798610E-01    7.88718007791905928E-01
        1669    1.27500764007301759E-01    1.22329558182997941E-01    7.88718007791905928E-01
        1670    1.12745326082233144E-01    1.40800727406359072E-01    7.65807160589198399E-01
        1671    1.07844411245751171E-01    1.39966240896690602E-01    7.88718007791905928E-01
        1672    8.46211235674097090E-02    1.55113606991399394E-01    7.88718007791905928E-01
        1673    6.62346246198292771E-02    1.67777614397807001E-01    7.65807160589198399E-01
        1674    6.05574920325016794E-02    1.65993240182926216E-01    7.88718007791905928E-01
        1675    3.38448650878742444E-02    1.73422866816566962E-01    7.88718007791905928E-01
        1676    1.38386860940909670E-02    1.79846724070076208E-01    7.65807160589198399E-01
        1677    7.61950883121072665E-03    1.76530192071679998E-01    7.88718007791905928E-01
        1678   -2.00897061265339454E-02    1.75548766260098327E-01    7.88718007791905928E-01
        1679   -3.97868804211809687E-02    1.75935663064370085E-01    7.65807160589198399E-01
        1680   -4.60295066555571411E-02    1.70593816255863034E-01    7.88718007791905928E-01
        1681   -7.21495594321975992E-02    1.61292922043817288E-01    7.88718007791905928E-01
        1682   -8.98772080091819608E-02    1.56391946314454300E-01    7.65807160589198399E-01
        1683   -9.53831710847063557E-02    1.48738079527465900E-01    7.88718007791905928E-01
        1684   -1.17476607871346297E-01    1.31985651609313470E-01    7.88718007791905928E-01
        1685   -1.31981551245936496E-01    1.22952118819746867E-01    7.65807160589198399E-01
        1686   -1.35835931842139795E-01    1.13002501070864292E-01    7.88718007791905928E-01
        1687   -1.51841051917586123E-01    9.03618314348156870E-02    7.88718007791905928E-01
        1688   -1.62358754462991361E-01    7.85874560014191564E-02    7.65807160589198399E-01
        1689   -1.63612844955433684E-01    6.67218299605335796E-02    7.88718007791905928E-01
        1690   -1.82970753915572076E-01    1.28281414859488640E-02    7.42801919985997205E-01
        1691   -1.85936289725838200E-01   -8.93249242805380225E-04    7.19733355046002776E-01
        1692   -1.82934010343672515E-01   -1.33418837499612447E-02    7.42801919985997205E-01
        1693   -1.78902284003656570E-01   -4.04577653941905063E-02    7.42801919985997205E-01
        1694   -1.78152906138818984E-01   -5.32413726862274936E-02    7.19733355046002776E-01
        1695   -1.71323576369318747E-01   -6.55064132924598475E-02    7.42801919985997205E-01
        1696   -1.59646809286936059E-01   -9.03092148505179881E-02    7.42801919985997205E-01
        1697   -1.55936633612561548E-01   -1.01276196753246783E-01    7.19733355046002776E-01
        1698   -1.45169493654046522E-01   -1.12110107102990950E-01    7.42801919985997205E-01
        1699   -1.26838925928730889E-01   -1.32494320148685146E-01    7.42801919985997205E-01
        1700   -1.21087302421883050E-01   -1.41106225672051944E-01    7.19733355046002776E-01
        1701   -1.06691980805316264E-01   -1.49196780240909960E-01    7.42801919985997205E-01
        1702   -8.32636932980225786E-02   -1.63431990077797157E-01    7.42801919985997205E-01
        1703   -7.64281981228995544E-02   -1.69504667377943979E-01    7.19733355046002776E-01
        1704   -5.91573917199776297E-02   -1.73618147114019961E-01    7.42801919985997205E-01
        1705   -3.26202104366069834E-02   -1.80495927581449417E-01    7.42801919985997205E-01
        1706   -2.55773357479946277E-02   -1.84170849015947602E-01    7.19733355046002776E-01
        1707   -6.60093498608139116E-03   -1.83301079265032918E-01    7.42801919985997205E-01
        1708    2.07924002500539766E-02   -1.82237575966807452E-01    7.42801919985997205E-01
        1709    2.73456502549400404E-02   -1.83916603772892429E-01    7.19733355046002776E-01
        1710    4.65158747467055919E-02   -1.77423593129451496E-01    7.42801919985997205E-01
        1711    7.24399452515024217E-02   -1.68509086800610525E-01    7.42801919985997205E-01
        1712    7.80532543050635463E-02   -1.68762529086316115E-01    7.19733355046002776E-01
        1713    9.56839544942258008E-02   -1.56484628174026363E-01    7.42801919985997205E-01
        1714    1.17938067383805786E-01   -1.40475870754337179E-01    7.42801919985997205E-01
        1715    1.22437447891967963E-01   -1.39936317962572693E-01    7.19733355046002776E-01
        1716    1.36729428738191744E-01   -1.22261691953547344E-01    7.42801919985997205E-01
        1717    1.53424433623765982E-01   -1.00517665957994565E-01    7.42801919985997205E-01
        1718    1.56902487614205305E-01   -9.97732985908292430E-02    7.19733355046002776E-01
        1719    1.66167949483661592E-01   -7.76599675947115264E-02    7.42801919985997205E-01
        1720    1.75886608341548595E-01   -5.20265221644023515E-02    7.42801919985997205E-01
        1721    1.78656220924963444E-01   -5.15272399419109614E-02    7.19733355046002776E-01
        1722    1.81500482363926907E-01   -2.64656929642549318E-02    7.42801919985997205E-01
        1723    1.83417778791496594E-01    8.81150163123782743E-04    7.42801919985997205E-01
        1724    1.85936289725838200E-01    8.93249242805402993E-04    7.19733355046002776E-01
        1725    1.81425449527037735E-01    2.69752528501336526E-02    7.42801919985997205E-01
        1726    1.78152906138818984E-01    5.32413726862274728E-02    7.19733355046002776E-01
        1727    1.75739821298001059E-01    5.25202171793206010E-02    7.42801919985997205E-01
        1728    1.65949220506288020E-01    7.81262709706008890E-02    7.42801919985997205E-01
        1729    1.55936633612561576E-01    1.01276196753246769E-01    7.19733355046002776E-01
        1730    1.53141569102474950E-01    1.00948094658830728E-01    7.42801919985997205E-01
        1731    1.36385571510893838E-01    1.22645154352152105E-01    7.42801919985997205E-01
        1732    1.21087302421883064E-01    1.41106225672051916E-01    7.19733355046002776E-01
        1733    1.17543137738039399E-01    1.40806494072939187E-01    7.42801919985997205E-01
        1734    9.52441590376467001E-02    1.56752697493943688E-01    7.42801919985997205E-01
        1735    7.64281981228997209E-02    1.69504667377943896E-01    7.19733355046002776E-01
        1736    7.19664760366287154E-02    1.68711838142098669E-01    7.42801919985997205E-01
        1737    4.60174752723640432E-02    1.77553512981224099E-01    7.42801919985997205E-01
        1738    2.55773357479948150E-02    1.84170849015947574E-01    7.19733355046002776E-01
        1739    2.02805842410348595E-02    1.82295243781231547E-01    7.42801919985997205E-01
        1740   -7.11562937490204869E-03    1.83281820759767067E-01    7.42801919985997205E-01
        1741   -2.73456502549398565E-02    1.83916603772892456E-01    7.19733355046002776E-01
        1742   -3.31269252076153362E-02    1.80403616451293491E-01    7.42801919985997205E-01
        1743   -5.96446886456225844E-02    1.73451345105142096E-01    7.42801919985997205E-01
        1744   -7.80532543050636851E-02    1.68762529086316060E-01    7.19733355046002776E-01
        1745   -8.37222918426713536E-02    1.63197536289696854E-01    7.42801919985997205E-01
        1746   -1.07110513659235018E-01    1.48896594541551519E-01    7.42801919985997205E-01
        1747   -1.22437447891967810E-01    1.39936317962572804E-01    7.19733355046002776E-01
        1748   -1.27210477842415043E-01    1.32137626471496711E-01    7.42801919985997205E-01
        1749   -1.45483733205861471E-01    1.11702020460249879E-01    7.42801919985997205E-01
        1750   -1.56902487614205360E-01    9.97732985908291181E-02    7.19733355046002776E-01
        1751   -1.59899773548646457E-01    8.98605609903919134E-02    7.42801919985997205E-01
        1752   -1.71506846841189386E-01    6.50250681584352980E-02    7.42801919985997205E-01
        1753   -1.78656220924963444E-01    5.15272399419109822E-02    7.19733355046002776E-01
        1754   -1.79015186491475353E-01    3.99552375520238964E-02    7.42801919985997205E-01
        1755   -1.83540472786970138E-01   -4.08512174767850372E-02    6.96622182966941006E-01
        1756   -1.75858561009031411E-01   -6.65559436867428633E-02    6.96622182966941006E-01
        1757   -1.72248399338334052E-01   -7.96654813718672972E-02    6.73482195943063244E-01
        1758   -1.64596676063160779E-01   -9.09057828147309122E-02    6.96622182966941006E-01
        1759   -1.49984077450261738E-01   -1.13405042355240959E-01    6.96622182966941006E-01
        1760   -1.42826769122576108E-01   -1.24966451573355758E-01    6.73482195943063244E-01
        1761   -1.32318235538838397E-01   -1.33595702266534694E-01    6.96622182966941006E-01
        1762   -1.11958775926126089E-01   -1.51066738937873396E-01    6.96622182966941006E-01
        1763   -1.01834163496009641E-01   -1.60143383072475137E-01    6.73482195943063244E-01
        1764   -8.93201584980063551E-02   -1.65462492444937909E-01    6.96622182966941006E-01
        1765   -6.48632402209341069E-02   -1.76489906760249338E-01    6.96622182966941006E-01
        1766   -5.25915595740861150E-02   -1.82346450084433731E-01    6.73482195943063244E-01
        1767   -3.90858934231021124E-02   -1.83924495528784870E-01    6.96622182966941006E-01
        1768   -1.25128705495850014E-02   -1.87614911962800640E-01    6.96622182966941006E-01
        1769    9.11699730481741800E-04   -1.89776892166646505E-01    6.73482195943063244E-01
        1770    1.43148782841830708E-02   -1.87486029825982309E-01    6.96622182966941006E-01
        1771    4.08512174767849470E-02   -1.83540472786970138E-01    6.96622182966941006E-01
        1772    5.43410985449730363E-02   -1.81832739092153195E-01    6.73482195943063244E-01
        1773    6.65559436867429188E-02   -1.75858561009031383E-01    6.96622182966941006E-01
        1774    9.09057828147308289E-02   -1.64596676063160807E-01    6.96622182966941006E-01
        1775    1.03368104734307492E-01   -1.59157578897351798E-01    6.73482195943063244E-01
        1776    1.13405042355240959E-01   -1.49984077450261738E-01    6.96622182966941006E-01
        1777    1.33595702266534583E-01   -1.32318235538838563E-01    6.96622182966941006E-01
        1778    1.44020841831858010E-01   -1.23588418206854955E-01    6.73482195943063244E-01
        1779    1.51066738937873396E-01   -1.11958775926126103E-01    6.96622182966941006E-01
        1780    1.65462492444937909E-01   -8.93201584980063690E-02    6.96622182966941006E-01
        1781    1.73005866849117840E-01   -7.80068588818627340E-02    6.73482195943063244E-01
        1782    1.76489906760249338E-01   -6.48632402209341208E-02    6.96622182966941006E-01
        1783    1.83924495528784870E-01   -3.90858934231021193E-02    6.96622182966941006E-01
        1784    1.87974985439769621E-01   -2.61056477749150688E-02    6.73482195943063244E-01
        1785    1.87614911962800640E-01   -1.25128705495850118E-02    6.96622182966941006E-01
        1786    1.87486029825982337E-01    1.43148782841828939E-02    6.96622182966941006E-01
        1787    1.87715488640375017E-01    2.79104876584908360E-02    6.73482195943063244E-01
        1788    1.83540472786970138E-01    4.08512174767849331E-02    6.96622182966941006E-01
        1789    1.75858561009031383E-01    6.65559436867429050E-02    6.96622182966941006E-01
        1790    1.72248399338334052E-01    7.96654813718672833E-02    6.73482195943063244E-01
        1791    1.64596676063160807E-01    9.09057828147308289E-02    6.96622182966941006E-01
        1792    1.49984077450261766E-01    1.13405042355240931E-01    6.96622182966941006E-01
        1793    1.42826769122576136E-01    1.24966451573355758E-01    6.73482195943063244E-01
        1794    1.32318235538838425E-01    1.33595702266534694E-01    6.96622182966941006E-01
        1795    1.11958775926126103E-01    1.51066738937873396E-01    6.96622182966941006E-01
        1796    1.01834163496009669E-01    1.60143383072475110E-01    6.73482195943063244E-01
        1797    8.93201584980063690E-02    1.65462492444937909E-01    6.96622182966941006E-01
        1798    6.48632402209341347E-02    1.76489906760249338E-01    6.96622182966941006E-01
        1799    5.25915595740862954E-02    1.82346450084433703E-01    6.73482195943063244E-01
        1800    3.90858934231024524E-02    1.83924495528784815E-01    6.96622182966941006E-01
        1801    1.25128705495850222E-02    1.87614911962800640E-01    6.96622182966941006E-01
        1802   -9.11699730481550113E-04    1.89776892166646505E-01    6.73482195943063244E-01
        1803   -1.43148782841828800E-02    1.87486029825982337E-01    6.96622182966941006E-01
        1804   -4.08512174767849262E-02    1.83540472786970138E-01    6.96622182966941006E-01
        1805   -5.43410985449730155E-02    1.81832739092153223E-01    6.73482195943063244E-01
        1806   -6.65559436867429050E-02    1.75858561009031383E-01    6.96622182966941006E-01
        1807   -9.09057828147311064E-02    1.64596676063160668E-01    6.96622182966941006E-01
        1808   -1.03368104734307478E-01    1.59157578897351826E-01    6.73482195943063244E-01
        1809   -1.13405042355240668E-01    1.49984077450261960E-01    6.96622182966941006E-01
        1810   -1.33595702266534555E-01    1.32318235538838563E-01    6.96622182966941006E-01
        1811   -1.44020841831857982E-01    1.23588418206854983E-01    6.73482195943063244E-01
        1812   -1.51066738937873396E-01    1.11958775926126103E-01    6.96622182966941006E-01
        1813   -1.65462492444937964E-01    8.93201584980062441E-02    6.96622182966941006E-01
        1814   -1.73005866849117895E-01    7.80068588818626091E-02    6.73482195943063244E-01
        1815   -1.76489906760249421E-01    6.48632402209338293E-02    6.96622182966941006E-01
        1816   -1.83924495528784815E-01    3.90858934231024732E-02    6.96622182966941006E-01
        1817   -1.87974985439769593E-01    2.61056477749152631E-02    6.73482195943063244E-01
        1818   -1.87614911962800640E-01    1.25128705495850343E-02    6.96622182966941006E-01
        1819   -1.87486029825982309E-01   -1.43148782841830361E-02    6.96622182966941006E-01
        1820   -1.87715488640375017E-01   -2.79104876584909782E-02    6.73482195943063244E-01
        1821   -1.86415001035935612E-01   -4.27074346288535342E-02    6.50322588614381636E-01
        1822   -1.84074460338445295E-01   -5.62583033499841623E-02    6.27149513853033413E-01
        1823   -1.78863393391741426E-01   -6.76931613104073543E-02    6.50322588614381636E-01
        1824   -1.67409080642631963E-01   -9.24590574373026219E-02    6.50322588614381636E-01
        1825   -1.62070171424507553E-01   -1.03834787904340864E-01    6.27149513853033413E-01
        1826   -1.53259983401683342E-01   -1.14393422326292099E-01    6.50322588614381636E-01
        1827   -1.35420136355408172E-01   -1.35040231980281838E-01    6.50322588614381636E-01
        1828   -1.28045879317714023E-01   -1.43710321252379508E-01    6.27149513853033413E-01
        1829   -1.15770850015691762E-01   -1.52222166160023736E-01    6.50322588614381636E-01
        1830   -9.29289967316401649E-02   -1.67148673791497643E-01    6.50322588614381636E-01
        1831   -8.45250101128462994E-02   -1.72927517504103262E-01    6.27149513853033413E-01
        1832   -6.93033762302222717E-02   -1.78245672112671338E-01    6.50322588614381636E-01
        1833   -4.32309637877875477E-02   -1.86294286959597016E-01    6.50322588614381636E-01
        1834   -3.47353075841002473E-02   -1.89319470873300977E-01    6.27149513853033413E-01
        1835   -1.74612394571036778E-02   -1.90445747393916259E-01    6.50322588614381636E-01
        1836    9.81974652374166188E-03   -1.90992277754926887E-01    6.50322588614381636E-01
        1837    1.76305538046997966E-02   -1.91670465166775994E-01    6.27149513853033413E-01
        1838    3.57350633398578754E-02   -1.87876243394160980E-01    6.50322588614381636E-01
        1839    6.21089091147969466E-02   -1.80878304371684034E-01    6.50322588614381636E-01
        1840    6.86888376722218225E-02   -1.79806137892864676E-01    6.27149513853033413E-01
        1841    8.61600159841803548E-02   -1.70736432050723919E-01    6.50322588614381636E-01
        1842    1.09581358968601966E-01   -1.56736732613641266E-01    6.50322588614381636E-01
        1843    1.14652784680118844E-01   -1.54606411929787108E-01    6.27149513853033413E-01
        1844    1.29903027948050170E-01   -1.40355551773821086E-01    6.50322588614381636E-01
        1845    1.48555480079687274E-01   -1.20439806219120579E-01    6.50322588614381636E-01
        1846    1.52113459149880614E-01   -1.17940235671149571E-01    6.27149513853033413E-01
        1847    1.63571711152285137E-01   -9.90897214372866847E-02    6.50322588614381636E-01
        1848    1.76008724664578647E-01   -7.48024493299131316E-02    6.50322588614381636E-01
        1849    1.78292574227268047E-01   -7.25269716734596587E-02    6.27149513853033413E-01
        1850    1.84554968774422234E-01   -5.01392170309600468E-02    6.50322588614381636E-01
        1851    1.89812019861499315E-01   -2.33639615627029874E-02    6.50322588614381636E-01
        1852    1.91248544708473439E-01   -2.17347139755676537E-02    6.27149513853033413E-01
        1853    1.91225492821163023E-01    2.69971833882776081E-03    6.50322588614381636E-01
        1854    1.88894883049861850E-01    2.98864641833839415E-02    6.50322588614381636E-01
        1855    1.90020485532527150E-01    3.06695080281921759E-02    6.27149513853033413E-01
        1856    1.83065966234488092E-01    5.53292832995236142E-02    6.50322588614381636E-01
        1857    1.74699476230512185E-01    8.07991129251640489E-02    6.27149513853033413E-01
        1858    1.73826876842275740E-01    7.97414225548176425E-02    6.50322588614381636E-01
        1859    1.60709182219110125E-01    1.03667913716205040E-01    6.50322588614381636E-01
        1860    1.46421805973404984E-01    1.24936217247823084E-01    6.27149513853033413E-01
        1861    1.45096215793929673E-01    1.24585575995325687E-01    6.50322588614381636E-01
        1862    1.25888969429655578E-01    1.43966818954038567E-01    6.50322588614381636E-01
        1863    1.07284700202441616E-01    1.59807373882374176E-01    6.27149513853033413E-01
        1864    1.05112953456939592E-01    1.59767783358738896E-01    6.50322588614381636E-01
        1865    8.13057289011313022E-02    1.73100710661919066E-01    6.50322588614381636E-01
        1866    6.01907790123092368E-02    1.82826348666159322E-01    6.27149513853033413E-01
        1867    5.69778992275781909E-02    1.82559569958459372E-01    6.50322588614381636E-01
        1868    3.04170106949093084E-02    1.88810177279169600E-01    6.50322588614381636E-01
        1869    8.63278309732539058E-03    1.92285929544268125E-01    6.27149513853033413E-01
        1870    4.42405586051071963E-03    1.91193371520951949E-01    6.50322588614381636E-01
        1871   -2.28306283961160379E-02    1.89876907471246054E-01    6.50322588614381636E-01
        1872   -4.35654668476322393E-02    1.87484542677674004E-01    6.27149513853033413E-01
        1873   -4.84728849223278468E-02    1.84999613543143482E-01    6.50322588614381636E-01
        1874   -7.43076909279599268E-02    1.76218173446328896E-01    6.50322588614381636E-01
        1875   -9.25326654152501121E-02    1.68778284965389075E-01    6.27149513853033413E-01
        1876   -9.76106232727888129E-02    1.64458638593730833E-01    6.50322588614381636E-01
        1877   -1.20021992424879681E-01    1.48893246717800493E-01    6.50322588614381636E-01
        1878   -1.34637139497796127E-01    1.37554513966498704E-01    6.27149513853033413E-01
        1879   -1.39178395589230897E-01    1.31163454456693973E-01    6.50322588614381636E-01
        1880   -1.56428266009177253E-01    1.10021248752992046E-01    6.50322588614381636E-01
        1881   -1.66756192867720338E-01    9.61289539367425339E-02    6.27149513853033413E-01
        1882   -1.69952509470204155E-01    8.76961920985503823E-02    6.50322588614381636E-01
        1883   -1.80703107370768529E-01    6.26168074110631939E-02    6.50322588614381636E-01
        1884   -1.86507702271467180E-01    4.75739491542005941E-02    6.27149513853033413E-01
        1885   -1.87546349719583921E-01    3.74278544758473233E-02    6.50322588614381636E-01
        1886   -1.90963937355590474E-01    1.03562644547051993E-02    6.50322588614381636E-01
        1887   -1.92426788613703936E-01   -4.50939780077228274E-03    6.27149513853033413E-01
        1888   -1.90595466765897559E-01   -1.57431137992239956E-02    6.50322588614381636E-01
        1889   -1.69695529726515026E-01   -9.30355446962107674E-02    6.03967112334918066E-01
        1890   -1.55446638037121804E-01   -1.15275878261842865E-01    6.03967112334918066E-01
        1891   -1.47894816754017749E-01   -1.26193081918160865E-01    5.80778190300988983E-01
        1892   -1.38302069597431049E-01   -1.35368840325794770E-01    6.03967112334918066E-01
        1893   -1.18581195278705170E-01   -1.52940137022159001E-01    6.03967112334918066E-01
        1894   -1.08363989717704973E-01   -1.61415044153787823E-01    5.80778190300988983E-01
        1895   -9.66513776561746529E-02   -1.67662448339652631E-01    6.03967112334918066E-01
        1896   -7.29211277393389534E-02   -1.79261525474113365E-01    6.03967112334918066E-01
        1897   -6.07963012962968591E-02   -1.84665590989220391E-01    5.80778190300988983E-01
        1898   -4.78324951847917609E-02   -1.87521299564822913E-01    6.03967112334918066E-01
        1899   -2.18528337475082102E-02   -1.92287906648564211E-01    6.03967112334918066E-01
        1900   -8.71962933231417575E-03   -1.94220335729848814E-01    5.80778190300988983E-01
        1901    4.53390463534194144E-03   -1.93472553854134061E-01    6.03967112334918066E-01
        1902    3.08361849533128549E-02   -1.91053173445531299E-01    6.03967112334918066E-01
        1903    4.40037376495959892E-02   -1.89370646668309356E-01    5.80778190300988983E-01
        1904    5.65640454899060743E-02   -1.85074833902124619E-01    6.03967112334918066E-01
        1905    8.12382248823062814E-02   -1.75648900378154976E-01    6.03967112334918066E-01
        1906    9.34635487137408932E-02   -1.70476203056445175E-01    5.80778190300988983E-01
        1907    1.04399089853773511E-01   -1.62950960180622773E-01    6.03967112334918066E-01
        1908    1.25615197311928883E-01   -1.47217551909982397E-01    6.03967112334918066E-01
        1909    1.35991595937072274E-01   -1.38938319340620398E-01    5.80778190300988983E-01
        1910    1.44491331317243704E-01   -1.28741759193564287E-01    6.03967112334918066E-01
        1911    1.60675865208215973E-01   -1.07867751092133160E-01    6.03967112334918066E-01
        1912    1.68433768609906637E-01   -9.70960160798195471E-02    5.80778190300988983E-01
        1913    1.73867311740771191E-01   -8.49843708814783660E-02    6.03967112334918066E-01
        1914    1.83819939225183082E-01   -6.05178926379065785E-02    6.03967112334918066E-01
        1915    1.88383979198164020E-01   -4.80525454910959993E-02    5.80778190300988983E-01
        1916    1.90348349042511467E-01   -3.49240805587406264E-02    6.03967112334918066E-01
        1917    1.93330929270085244E-01   -8.67969893766355749E-03    6.03967112334918066E-01
        1918    1.94362611848654082E-01    4.55476257093376420E-03    5.80778190300988983E-01
        1919    1.92712120081523247E-01    1.77263690520012840E-02    6.03967112334918066E-01
        1920    1.88503448721176414E-01    4.38022283258054437E-02    6.03967112334918066E-01
        1921    1.85926258728114441E-01    5.68242647297296649E-02    5.80778190300988983E-01
        1922    1.80783314773375975E-01    6.90621349628987302E-02    6.03967112334918066E-01
        1923    1.69695529726515137E-01    9.30355446962105870E-02    6.03967112334918066E-01
        1924    1.63700605553747991E-01    1.04879371127235263E-01    5.80778190300988983E-01
        1925    1.55446638037121831E-01    1.15275878261842837E-01    6.03967112334918066E-01
        1926    1.38302069597431077E-01    1.35368840325794743E-01    6.03967112334918066E-01
        1927    1.29334027345899688E-01    1.45156054359431436E-01    5.80778190300988983E-01
        1928    1.18581195278705059E-01    1.52940137022159084E-01    6.03967112334918066E-01
        1929    9.66513776561746807E-02    1.67662448339652603E-01    6.03967112334918066E-01
        1930    8.53753359936117590E-02    1.74667177084551428E-01    5.80778190300988983E-01
        1931    7.29211277393389673E-02    1.79261525474113337E-01    6.03967112334918066E-01
        1932    4.78324951847917887E-02    1.87521299564822913E-01    6.03967112334918066E-01
        1933    3.50847465368514314E-02    1.91224034334476461E-01    5.80778190300988983E-01
        1934    2.18528337475082345E-02    1.92287906648564211E-01    6.03967112334918066E-01
        1935   -4.53390463534191802E-03    1.93472553854134061E-01    6.03967112334918066E-01
        1936   -1.78079180685115981E-02    1.93598679749561631E-01    5.80778190300988983E-01
        1937   -3.08361849533128306E-02    1.91053173445531299E-01    6.03967112334918066E-01
        1938   -5.65640454899060535E-02    1.85074833902124619E-01    6.03967112334918066E-01
        1939   -6.93798508565375283E-02    1.81614996742649970E-01    5.80778190300988983E-01
        1940   -8.12382248823064340E-02    1.75648900378154921E-01    6.03967112334918066E-01
        1941   -1.04399089853773497E-01    1.62950960180622773E-01    6.03967112334918066E-01
        1942   -1.15806197498232288E-01    1.56161760260662280E-01    5.80778190300988983E-01
        1943   -1.25615197311928606E-01    1.47217551909982619E-01    6.03967112334918066E-01
        1944   -1.44491331317243676E-01    1.28741759193564287E-01    6.03967112334918066E-01
        1945   -1.53643728249585415E-01    1.19126720412658441E-01    5.80778190300988983E-01
        1946   -1.60675865208215862E-01    1.07867751092133327E-01    6.03967112334918066E-01
        1947   -1.73867311740771247E-01    8.49843708814782273E-02    6.03967112334918066E-01
        1948   -1.80086206549954109E-01    7.32565966801312085E-02    5.80778190300988983E-01
        1949   -1.83819939225183054E-01    6.05178926379065993E-02    6.03967112334918066E-01
        1950   -1.90348349042511522E-01    3.49240805587403141E-02    6.03967112334918066E-01
        1951   -1.93172514750089092E-01    2.19533662984690257E-02    5.80778190300988983E-01
        1952   -1.93330929270085244E-01    8.67969893766340830E-03    6.03967112334918066E-01
        1953   -1.92712120081523275E-01   -1.77263690520010862E-02    6.03967112334918066E-01
        1954   -1.91932101236662989E-01   -3.09780448315817546E-02    5.80778190300988983E-01
        1955   -1.88503448721176498E-01   -4.38022283258050829E-02    6.03967112334918066E-01
        1956   -1.80783314773375975E-01   -6.90621349628987163E-02    6.03967112334918066E-01
        1957   -1.76456961805452367E-01   -8.16119560916001296E-02    5.80778190300988983E-01
        1958   -1.56773299055048582E-01   -1.16259701494872442E-01    5.57584664985792733E-01
        1959   -1.39482410110100680E-01   -1.36524147161438902E-01    5.57584664985792733E-01
        1960   -1.30275591311771355E-01   -1.46212804180168132E-01    5.34387857746241202E-01
        1961   -1.19593227775656646E-01   -1.54245406279994113E-01    5.57584664985792733E-01
        1962   -9.74762498868287780E-02   -1.69093365323069539E-01    5.57584664985792733E-01
        1963   -8.59968765239378791E-02   -1.75938770673170430E-01    5.34387857746241202E-01
        1964   -7.35434738947568362E-02   -1.80791434907109916E-01    5.57584664985792733E-01
        1965   -4.82407221336221340E-02   -1.89121702129362190E-01    5.57584664985792733E-01
        1966   -3.53401668138562247E-02   -1.92616163411663571E-01    5.34387857746241202E-01
        1967   -2.20393369940895673E-02   -1.93928989872946766E-01    5.57584664985792733E-01
        1968    4.57259929361605085E-03   -1.95123747462938396E-01    5.57584664985792733E-01
        1969    1.79375613983032353E-02   -1.95008096470228570E-01    5.34387857746241202E-01
        1970    3.10993567081717173E-02   -1.92683718826003630E-01    5.57584664985792733E-01
        1971    5.70467919494965919E-02   -1.86654357078937183E-01    5.57584664985792733E-01
        1972    6.98849427404340667E-02   -1.82937171116277303E-01    5.34387857746241202E-01
        1973    8.19315533934779905E-02   -1.77147977823096270E-01    5.57584664985792733E-01
        1974    1.05290085018191037E-01   -1.64341666917257018E-01    5.57584664985792733E-01
        1975    1.16649277581846816E-01   -1.57298632662503213E-01    5.34387857746241202E-01
        1976    1.26687261575506693E-01   -1.48473981703124286E-01    5.57584664985792733E-01
        1977    1.45724494151174860E-01   -1.29840507133424071E-01    5.57584664985792733E-01
        1978    1.54762269139950476E-01   -1.19993974217513955E-01    5.34387857746241202E-01
        1979    1.62047155122138020E-01   -1.08788349583502184E-01    5.57584664985792733E-01
        1980    1.75351184198167920E-01   -8.57096709163016474E-02    5.57584664985792733E-01
        1981    1.81397251186215663E-01   -7.37899116407171457E-02    5.34387857746241202E-01
        1982    1.85388752489767661E-01   -6.10343832488557531E-02    5.57584664985792733E-01
        1983    1.91972879091473425E-01   -3.52221405029714621E-02    5.57584664985792733E-01
        1984    1.94578828949205751E-01   -2.21131888839126677E-02    5.34387857746241202E-01
        1985    1.94980914182341286E-01   -8.75377592236610720E-03    5.57584664985792733E-01
        1986    1.94356823760049396E-01    1.78776549408929918E-02    5.57584664985792733E-01
        1987    1.93329385107945645E-01    3.12035679313040874E-02    5.34387857746241202E-01
        1988    1.90112233448340578E-01    4.41760589184254163E-02    5.57584664985792733E-01
        1989    1.82326211933648730E-01    6.96515465026207731E-02    5.57584664985792733E-01
        1990    1.77741585196316360E-01    8.22060988598807135E-02    5.34387857746241202E-01
        1991    1.71143798065074126E-01    9.38295575612593108E-02    5.57584664985792733E-01
        1992    1.56773299055048582E-01    1.16259701494872414E-01    5.57584664985792733E-01
        1993    1.48971505024323769E-01    1.27111779503898625E-01    5.34387857746241202E-01
        1994    1.39482410110100707E-01    1.36524147161438875E-01    5.57584664985792733E-01
        1995    1.19593227775656535E-01    1.54245406279994196E-01    5.57584664985792733E-01
        1996    1.09152889823965316E-01    1.62590160959810714E-01    5.34387857746241202E-01
        1997    9.74762498868288058E-02    1.69093365323069511E-01    5.57584664985792733E-01
        1998    7.35434738947568639E-02    1.80791434907109888E-01    5.57584664985792733E-01
        1999    6.12389041266082762E-02    1.86009973977827175E-01    5.34387857746241202E-01
        2000    4.82407221336221548E-02    1.89121702129362190E-01    5.57584664985792733E-01
        2001    2.20393369940894181E-02    1.93928989872946794E-01    5.57584664985792733E-01
        2002    8.78310905952555884E-03    1.95634278164917602E-01    5.34387857746241202E-01
        2003   -4.57259929361602657E-03    1.95123747462938396E-01    5.57584664985792733E-01
        2004   -3.10993567081716965E-02    1.92683718826003630E-01    5.57584664985792733E-01
        2005   -4.43240890264514700E-02    1.90749282907787310E-01    5.34387857746241202E-01
        2006   -5.70467919494964115E-02    1.86654357078937239E-01    5.57584664985792733E-01
        2007   -8.19315533934781293E-02    1.77147977823096187E-01    5.57584664985792733E-01
        2008   -9.41439721985519173E-02    1.71717285957291299E-01    5.34387857746241202E-01
        2009   -1.05290085018191010E-01    1.64341666917257018E-01    5.57584664985792733E-01
        2010   -1.26687261575506693E-01    1.48473981703124286E-01    5.57584664985792733E-01
        2011   -1.36981627632700970E-01    1.39949803461655226E-01    5.34387857746241202E-01
        2012   -1.45724494151174833E-01    1.29840507133424071E-01    5.57584664985792733E-01
        2013   -1.62047155122137909E-01    1.08788349583502350E-01    5.57584664985792733E-01
        2014   -1.69659982394581382E-01    9.78028842710183255E-02    5.34387857746241202E-01
        2015   -1.75351184198167975E-01    8.57096709163015225E-02    5.57584664985792733E-01
        2016   -1.85388752489767661E-01    6.10343832488557739E-02    5.57584664985792733E-01
        2017   -1.89755432405030594E-01    4.84023725724239406E-02    5.34387857746241202E-01
        2018   -1.91972879091473481E-01    3.52221405029711429E-02    5.57584664985792733E-01
        2019   -1.94980914182341314E-01    8.75377592236595801E-03    5.57584664985792733E-01
        2020   -1.95777590067340024E-01   -4.58792167374604421E-03    5.34387857746241202E-01
        2021   -1.94356823760049424E-01   -1.78776549408927940E-02    5.57584664985792733E-01
        2022   -1.90112233448340634E-01   -4.41760589184252220E-02    5.57584664985792733E-01
        2023   -1.87279819497234462E-01   -5.72379507577197022E-02    5.34387857746241202E-01
        2024   -1.82326211933648730E-01   -6.96515465026207592E-02    5.57584664985792733E-01
        2025   -1.71143798065074210E-01   -9.38295575612591304E-02    5.57584664985792733E-01
        2026   -1.64892361463185089E-01   -1.05642902880194373E-01    5.34387857746241202E-01
        2027   -1.40353026597217823E-01   -1.37376298865116320E-01    5.11188687640532380E-01
        2028   -1.20339700651819703E-01   -1.55208169926416950E-01    5.11188687640532380E-01
        2029   -1.09739769100476517E-01   -1.63464354910935555E-01    4.87987799934186561E-01
        2030   -9.80846737747357589E-02   -1.70148806447123685E-01    5.11188687640532380E-01
        2031   -7.40025150085582423E-02   -1.81919892637625535E-01    5.11188687640532380E-01
        2032   -6.15681656221684498E-02   -1.87010088579721928E-01    4.87987799934186561E-01
        2033   -4.85418294059069763E-02   -1.90302155433943826E-01    5.11188687640532380E-01
        2034   -2.21769013660920236E-02   -1.95139449140033477E-01    5.11188687640532380E-01
        2035   -8.83033295528024530E-03   -1.96686139492779466E-01    4.87987799934186561E-01
        2036    4.60114038586459991E-03   -1.96341664126661264E-01    5.11188687640532380E-01
        2037    3.12934715981245046E-02   -1.93886405403304291E-01    5.11188687640532380E-01
        2038    4.45624051108154534E-02   -1.91774879218874178E-01    4.87987799934186561E-01
        2039    5.74028646440332690E-02   -1.87819409794450914E-01    5.11188687640532380E-01
        2040    8.24429509320147441E-02   -1.78253693949097458E-01    5.11188687640532380E-01
        2041    9.46501534492808216E-02   -1.72640553465000818E-01    4.87987799934186561E-01
        2042    1.05947281032186244E-01   -1.65367449054413501E-01    5.11188687640532380E-01
        2043    1.27478013746682245E-01   -1.49400721471075193E-01    5.11188687640532380E-01
        2044    1.37718132902053120E-01   -1.40702267638608575E-01    4.87987799934186561E-01
        2045    1.46634072262742277E-01   -1.30650941123751446E-01    5.11188687640532380E-01
        2046    1.63058615454866690E-01   -1.09467380944366241E-01    5.11188687640532380E-01
        2047    1.70572188456016849E-01   -9.83287382915050134E-02    4.87987799934186561E-01
        2048    1.76445685159815568E-01   -8.62446505782261535E-02    5.11188687640532380E-01
        2049    1.86545905598294176E-01   -6.14153455529594453E-02    5.11188687640532380E-01
        2050    1.90775685108037441E-01   -4.86626162493669148E-02    4.87987799934186561E-01
        2051    1.93171128773884676E-01   -3.54419888423372492E-02    5.11188687640532380E-01
        2052    1.96197939314229408E-01   -8.80841493840063897E-03    5.11188687640532380E-01
        2053    1.96830221936281913E-01    4.61258942333034414E-03    4.87987799934186561E-01
        2054    1.95569953465907331E-01    1.79892430696774498E-02    5.11188687640532380E-01
        2055    1.91298869417077716E-01    4.44517955163224593E-02    5.11188687640532380E-01
        2056    1.88286761641862255E-01    5.75457004396918922E-02    4.87987799934186561E-01
        2057    1.83464249382368966E-01    7.00862951185252658E-02    5.11188687640532380E-01
        2058    1.72212037509357263E-01    9.44152196510330555E-02    5.11188687640532380E-01
        2059    1.65778933591085559E-01    1.06210910108503698E-01    4.87987799934186561E-01
        2060    1.57751841215234473E-01    1.16985367281897873E-01    5.11188687640532380E-01
        2061    1.40353026597217850E-01    1.37376298865116292E-01    5.11188687640532380E-01
        2062    1.30976040424015699E-01    1.46998942457151088E-01    4.87987799934186561E-01
        2063    1.20339700651819731E-01    1.55208169926416922E-01    5.11188687640532380E-01
        2064    9.80846737747357866E-02    1.70148806447123657E-01    5.11188687640532380E-01
        2065    8.64592535142125196E-02    1.76884735719166380E-01    4.87987799934186561E-01
        2066    7.40025150085582700E-02    1.81919892637625535E-01    5.11188687640532380E-01
        2067    4.85418294059070041E-02    1.90302155433943826E-01    5.11188687640532380E-01
        2068    3.55301792960264068E-02    1.93651797326713226E-01    4.87987799934186561E-01
        2069    2.21769013660918744E-02    1.95139449140033505E-01    5.11188687640532380E-01
        2070   -4.60114038586457563E-03    1.96341664126661264E-01    5.11188687640532380E-01
        2071   -1.80340057807909862E-02    1.96056591024562604E-01    4.87987799934186561E-01
        2072   -3.12934715981244838E-02    1.93886405403304291E-01    5.11188687640532380E-01
        2073   -5.74028646440330817E-02    1.87819409794450970E-01    5.11188687640532380E-01
        2074   -7.02606911489339764E-02    1.83920764265344233E-01    4.87987799934186561E-01
        2075   -8.24429509320148968E-02    1.78253693949097375E-01    5.11188687640532380E-01
        2076   -1.05947281032186216E-01    1.65367449054413501E-01    5.11188687640532380E-01
        2077   -1.17276462475835244E-01    1.58144375802075909E-01    4.87987799934186561E-01
        2078   -1.27478013746682467E-01    1.49400721471074999E-01    5.11188687640532380E-01
        2079   -1.46634072262742249E-01    1.30650941123751474E-01    5.11188687640532380E-01
        2080   -1.55594375085020248E-01    1.20639142447947795E-01    4.87987799934186561E-01
        2081   -1.63058615454866607E-01    1.09467380944366408E-01    5.11188687640532380E-01
        2082   -1.76445685159815652E-01    8.62446505782260286E-02    5.11188687640532380E-01
        2083   -1.82372564691052397E-01    7.41866557858090886E-02    4.87987799934186561E-01
        2084   -1.86545905598294148E-01    6.14153455529594661E-02    5.11188687640532380E-01
        2085   -1.93171128773884648E-01    3.54419888423372770E-02    5.11188687640532380E-01
        2086   -1.95625015472918051E-01    2.22320842454049386E-02    4.87987799934186561E-01
        2087   -1.96197939314229436E-01    8.80841493840048805E-03    5.11188687640532380E-01
        2088   -1.95569953465907331E-01   -1.79892430696772521E-02    5.11188687640532380E-01
        2089   -1.94368853782054707E-01   -3.13713392784632783E-02    4.87987799934186561E-01
        2090   -1.91298869417077660E-01   -4.44517955163226119E-02    5.11188687640532380E-01
        2091   -1.83464249382368993E-01   -7.00862951185252381E-02    5.11188687640532380E-01
        2092   -1.78697243384516286E-01   -8.26480940823752647E-02    4.87987799934186561E-01
        2093   -1.72212037509357430E-01   -9.44152196510327224E-02    5.11188687640532380E-01
        2094   -1.57751841215234390E-01   -1.16985367281897998E-01    5.11188687640532380E-01
        2095   -1.49772475930640997E-01   -1.27795217838070019E-01    4.87987799934186561E-01
        2096   -1.20899432723327122E-01   -1.55930084556395510E-01    4.64785651960542390E-01
        2097   -9.85408917754262287E-02   -1.70940213965850324E-01    4.64785651960542390E-01
        2098   -8.68084744076618731E-02   -1.77599197652789836E-01    4.41582570907813055E-01
        2099   -7.43467204602765025E-02   -1.82766050620426918E-01    4.64785651960542390E-01
        2100   -4.87676104123492341E-02   -1.91187301558592732E-01    4.64785651960542390E-01
        2101   -3.56736906086256161E-02   -1.94433983743224403E-01    4.41582570907813055E-01
        2102   -2.22800520543023385E-02   -1.96047094808988520E-01    4.64785651960542390E-01
        2103    4.62254151803899276E-03   -1.97254901618441308E-01    4.64785651960542390E-01
        2104    1.81068476265766505E-02   -1.96848490735713616E-01    4.41582570907813055E-01
        2105    3.14390258880836923E-02   -1.94788222831349195E-01    4.64785651960542390E-01
        2106    5.76698606907546027E-02   -1.88693008006380308E-01    4.64785651960542390E-01
        2107    7.05444838066322105E-02   -1.84663645692259099E-01    4.41582570907813055E-01
        2108    8.28264151043237307E-02   -1.79082799463134379E-01    4.64785651960542390E-01
        2109    1.06440070118094837E-01   -1.66136617203559350E-01    4.64785651960542390E-01
        2110    1.17750158342289399E-01   -1.58783142827776808E-01    4.41582570907813055E-01
        2111    1.28070948017912717E-01   -1.50095624108033399E-01    4.64785651960542390E-01
        2112    1.47316106475696346E-01   -1.31258633527201712E-01    4.64785651960542390E-01
        2113    1.56222842304829829E-01   -1.21126420644303151E-01    4.41582570907813055E-01
        2114    1.63817044602615342E-01   -1.09976542954630524E-01    4.64785651960542390E-01
        2115    1.77266381142339252E-01   -8.66457974704247375E-02    4.64785651960542390E-01
        2116    1.83109192725570330E-01   -7.44863059581446635E-02    4.41582570907813055E-01
        2117    1.87413580402254892E-01   -6.17010047194897215E-02    4.64785651960542390E-01
        2118    1.94069619259388454E-01   -3.56068389934146717E-02    4.64785651960542390E-01
        2119    1.96415171990673182E-01   -2.23218827112469306E-02    4.41582570907813055E-01
        2120    1.97110508303540599E-01   -8.84938522761909846E-03    4.64785651960542390E-01
        2121    1.96479601525401865E-01    1.80729158412873299E-02    4.64785651960542390E-01
        2122    1.95153936488850682E-01    3.14980524605257342E-02    4.41582570907813055E-01
        2123    1.92188651524527493E-01    4.46585526833403815E-02    4.64785651960542390E-01
        2124    1.84317590580644536E-01    7.04122851861296029E-02    4.64785651960542390E-01
        2125    1.79419026287504474E-01    8.29819211753028280E-02    4.41582570907813055E-01
        2126    1.73013041666518347E-01    9.48543700410610646E-02    4.64785651960542390E-01
        2127    1.58485587139391204E-01    1.17529497453487786E-01    4.64785651960542390E-01
        2128    1.50377427693843796E-01    1.28311400413537585E-01    4.41582570907813055E-01
        2129    1.41005845990103906E-01    1.38015272702705111E-01    4.64785651960542390E-01
        2130    1.20899432723327149E-01    1.55930084556395482E-01    4.64785651960542390E-01
        2131    1.10183023219087559E-01    1.64124610068698717E-01    4.41582570907813055E-01
        2132    9.85408917754262564E-02    1.70940213965850296E-01    4.64785651960542390E-01
        2133    7.43467204602766829E-02    1.82766050620426834E-01    4.64785651960542390E-01
        2134    6.18168479659626860E-02    1.87765448215196001E-01    4.41582570907813055E-01
        2135    4.87676104123492618E-02    1.91187301558592732E-01    4.64785651960542390E-01
        2136    2.22800520543021893E-02    1.96047094808988520E-01    4.64785651960542390E-01
        2137    8.86599989246463285E-03    1.97480582037341618E-01    4.41582570907813055E-01
        2138   -4.62254151803896847E-03    1.97254901618441308E-01    4.64785651960542390E-01
        2139   -3.14390258880836715E-02    1.94788222831349195E-01    4.64785651960542390E-01
        2140   -4.47423988338064918E-02    1.92549484503327067E-01    4.41582570907813055E-01
        2141   -5.76698606907544223E-02    1.88693008006380392E-01    4.64785651960542390E-01
        2142   -8.28264151043238833E-02    1.79082799463134323E-01    4.64785651960542390E-01
        2143   -9.50324585214295386E-02    1.73337872558979922E-01    4.41582570907813055E-01
        2144   -1.06440070118094809E-01    1.66136617203559350E-01    4.64785651960542390E-01
        2145   -1.28070948017912717E-01    1.50095624108033399E-01    4.64785651960542390E-01
        2146   -1.38274395505087577E-01    1.41270583574936104E-01    4.41582570907813055E-01
        2147   -1.47316106475696346E-01    1.31258633527201740E-01    4.64785651960542390E-01
        2148   -1.63817044602615230E-01    1.09976542954630691E-01    4.64785651960542390E-01
        2149   -1.71261153137402061E-01    9.87259016770559300E-02    4.41582570907813055E-01
        2150   -1.77266381142339308E-01    8.66457974704245987E-02    4.64785651960542390E-01
        2151   -1.87413580402254892E-01    6.17010047194897493E-02    4.64785651960542390E-01
        2152   -1.91546254509158742E-01    4.88591712927366958E-02    4.41582570907813055E-01
        2153   -1.94069619259388371E-01    3.56068389934150395E-02    4.64785651960542390E-01
        2154   -1.97110508303540627E-01    8.84938522761894754E-03    4.64785651960542390E-01
        2155   -1.97625246449778608E-01   -4.63122031052929078E-03    4.41582570907813055E-01
        2156   -1.96479601525401892E-01   -1.80729158412871321E-02    4.64785651960542390E-01
        2157   -1.92188651524527410E-01   -4.46585526833407007E-02    4.64785651960542390E-01
        2158   -1.89047277936563451E-01   -5.77781354897864835E-02    4.41582570907813055E-01
        2159   -1.84317590580644564E-01   -7.04122851861295751E-02    4.64785651960542390E-01
        2160   -1.73013041666518513E-01   -9.48543700410607454E-02    4.64785651960542390E-01
        2161   -1.66448537652543804E-01   -1.06639910677148009E-01    4.41582570907813055E-01
        2162   -1.58485587139391121E-01   -1.17529497453487911E-01    4.64785651960542390E-01
        2163   -1.41005845990103934E-01   -1.38015272702705083E-01    4.64785651960542390E-01
        2164   -1.31505070782227368E-01   -1.47592691534715770E-01    4.41582570907813055E-01
        2165   -9.88876937708191572E-02   -1.71541816064513630E-01    4.18378793026516815E-01
        2166   -7.46083741813053786E-02   -1.83409272230291187E-01    4.18378793026516815E-01
        2167   -6.20069537275838578E-02   -1.88342884540625449E-01    3.95174490448836457E-01
        2168   -4.89392417452591474E-02   -1.91860160678088171E-01    4.18378793026516815E-01
        2169   -2.23584638321001235E-02   -1.96737057345817284E-01    4.18378793026516815E-01
        2170   -8.89326556060444223E-03   -1.98087895378103951E-01    3.95174490448836457E-01
        2171    4.63880995841292436E-03   -1.97949114876001558E-01    4.18378793026516815E-01
        2172    3.15496714963662411E-02   -1.95473754930154509E-01    4.18378793026516815E-01
        2173    4.48799954290218447E-02   -1.93141633207211616E-01    3.95174490448836457E-01
        2174    5.78728223486130039E-02   -1.89357088780506472E-01    4.18378793026516815E-01
        2175    8.31179120200902927E-02   -1.79713058344248500E-01    4.18378793026516815E-01
        2176    9.53247124699954790E-02   -1.73870939665519669E-01    3.95174490448836457E-01
        2177    1.06814672255762286E-01   -1.66721313661201770E-01    4.18378793026516815E-01
        2178    1.28521677248430527E-01   -1.50623866353486596E-01    4.18378793026516815E-01
        2179    1.38699631668612072E-01   -1.41705033935458469E-01    3.95174490448836457E-01
        2180    1.47834566566312553E-01   -1.31720581406905540E-01    4.18378793026516815E-01
        2181    1.64393577622806014E-01   -1.10363591253624882E-01    4.18378793026516815E-01
        2182    1.71787833694962006E-01   -9.90295140957995895E-02    3.95174490448836457E-01
        2183    1.77890247372780419E-01   -8.69507362112231785E-02    4.18378793026516815E-01
        2184    1.88073158395473783E-01   -6.19181534703172817E-02    4.18378793026516815E-01
        2185    1.92135317973203462E-01   -4.90094282255372424E-02    3.95174490448836457E-01
        2186    1.94752622325340879E-01   -3.57321526839046374E-02    4.18378793026516815E-01
        2187    1.97804213387399314E-01   -8.88052950082007450E-03    4.18378793026516815E-01
        2188    1.98233004677965841E-01    4.64546273299727263E-03    3.95174490448836457E-01
        2189    1.97171086213994956E-01    1.81365211442575044E-02    4.18378793026516815E-01
        2190    1.92865034766445759E-01    4.48157227160334015E-02    4.18378793026516815E-01
        2191    1.89628656281417479E-01    5.79558209722036421E-02    3.95174490448836457E-01
        2192    1.84966272635857326E-01    7.06600921682135064E-02    4.18378793026516815E-01
        2193    1.73621938815690574E-01    9.51881977973284693E-02    4.18378793026516815E-01
        2194    1.66960417941855732E-01    1.06967861100140449E-01    3.95174490448836457E-01
        2195    1.59043356780711492E-01    1.17943127404465775E-01    4.18378793026516815E-01
        2196    1.41502097930495119E-01    1.38500999705024885E-01    4.18378793026516815E-01
        2197    1.31909489196635504E-01    1.48046584315683516E-01    3.95174490448836457E-01
        2198    1.21324922728084525E-01    1.56478860435034645E-01    4.18378793026516815E-01
        2199    9.88876937708191711E-02    1.71541816064513630E-01    4.18378793026516815E-01
        2200    8.70754370834607161E-02    1.78145369640589774E-01    3.95174490448836457E-01
        2201    7.46083741813055590E-02    1.83409272230291104E-01    4.18378793026516815E-01
        2202    4.89392417452591683E-02    1.91860160678088171E-01    4.18378793026516815E-01
        2203    3.57833981454241182E-02    1.95031927860092047E-01    3.95174490448836457E-01
        2204    2.23584638320999743E-02    1.96737057345817312E-01    4.18378793026516815E-01
        2205   -4.63880995841290007E-03    1.97949114876001558E-01    4.18378793026516815E-01
        2206   -1.81625317349044316E-02    1.97453860201913189E-01    3.95174490448836457E-01
        2207   -3.15496714963662203E-02    1.95473754930154509E-01    4.18378793026516815E-01
        2208   -5.78728223486128235E-02    1.89357088780506527E-01    4.18378793026516815E-01
        2209   -7.07614297245091062E-02    1.85231543023863660E-01    3.95174490448836457E-01
        2210   -8.31179120200904314E-02    1.79713058344248416E-01    4.18378793026516815E-01
        2211   -1.06814672255762133E-01    1.66721313661201853E-01    4.18378793026516815E-01
        2212   -1.18112276183448203E-01    1.59271449677658633E-01    3.95174490448836457E-01
        2213   -1.28521677248430499E-01    1.50623866353486596E-01    4.18378793026516815E-01
        2214   -1.47834566566312525E-01    1.31720581406905568E-01    4.18378793026516815E-01
        2215   -1.56703275445570889E-01    1.21498921527261425E-01    3.95174490448836457E-01
        2216   -1.64393577622805986E-01    1.10363591253624910E-01    4.18378793026516815E-01
        2217   -1.77890247372780474E-01    8.69507362112230536E-02    4.18378793026516815E-01
        2218   -1.83672309637679859E-01    7.47153741877690653E-02    3.95174490448836457E-01
        2219   -1.88073158395473755E-01    6.19181534703173025E-02    4.18378793026516815E-01
        2220   -1.94752622325340796E-01    3.57321526839050052E-02    4.18378793026516815E-01
        2221   -1.97019208868868673E-01    2.23905293448633594E-02    3.95174490448836457E-01
        2222   -1.97804213387399314E-01    8.88052950082009879E-03    4.18378793026516815E-01
        2223   -1.97171086213994984E-01   -1.81365211442573032E-02    4.18378793026516815E-01
        2224   -1.95754094681161228E-01   -3.15949186296951498E-02    3.95174490448836457E-01
        2225   -1.92865034766445703E-01   -4.48157227160337207E-02    4.18378793026516815E-01
        2226   -1.84966272635857326E-01   -7.06600921682134925E-02    4.18378793026516815E-01
        2227   -1.79970794806347284E-01   -8.32371160266243693E-02    3.95174490448836457E-01
        2228   -1.73621938815690602E-01   -9.51881977973284416E-02    4.18378793026516815E-01
        2229   -1.59043356780711409E-01   -1.17943127404465900E-01    4.18378793026516815E-01
        2230   -1.50839884392349632E-01   -1.28705997312326847E-01    3.95174490448836457E-01
        2231   -1.41502097930495147E-01   -1.38500999705024858E-01    4.18378793026516815E-01
        2232   -1.21324922728084553E-01   -1.56478860435034617E-01    4.18378793026516815E-01
        2233   -1.10521869799526690E-01   -1.64629343568133579E-01    3.95174490448836457E-01
        2234   -9.91540572693891953E-02   -1.72003880417879312E-01    3.71969789696518227E-01
        2235   -8.72812381919709918E-02   -1.78566412770272021E-01    3.48764784561496011E-01
        2236   -7.48093390012113113E-02   -1.83903302716376699E-01    3.71969789696518227E-01
        2237   -4.90710642921458606E-02   -1.92376954443679471E-01    3.71969789696518227E-01
        2238   -3.58679715136581770E-02   -1.95492882042958671E-01    3.48764784561496011E-01
        2239   -2.24186885013371133E-02   -1.97266987500872681E-01    3.71969789696518227E-01
        2240    4.65130503846392356E-03   -1.98482309824398712E-01    3.71969789696518227E-01
        2241    1.82054585267715403E-02   -1.97920538574946153E-01    3.48764784561496011E-01
        2242    3.16346535660056577E-02   -1.96000282258848385E-01    3.71969789696518227E-01
        2243    5.80287083526758590E-02   -1.89867140281591434E-01    3.71969789696518227E-01
        2244    7.09286729927012666E-02   -1.85669334187046592E-01    3.48764784561496011E-01
        2245    8.33417980972682160E-02   -1.80197132723313946E-01    3.71969789696518227E-01
        2246    1.07102387832046342E-01   -1.67170393528469546E-01    3.71969789696518227E-01
        2247    1.18391432259850812E-01   -1.59647884663179612E-01    3.48764784561496011E-01
        2248    1.28867862727013477E-01   -1.51029586200721128E-01    3.71969789696518227E-01
        2249    1.48232773166736193E-01   -1.32075383441004529E-01    3.71969789696518227E-01
        2250    1.57073640601051251E-01   -1.21786081874319815E-01    3.48764784561496011E-01
        2251    1.64836387509540411E-01   -1.10660866184004142E-01    3.71969789696518227E-01
        2252    1.78369411835464259E-01   -8.71849463683953829E-02    3.71969789696518227E-01
        2253    1.84106415582963812E-01   -7.48919625270947076E-02    3.48764784561496011E-01
        2254    1.88579751506781135E-01   -6.20849359621970798E-02    3.71969789696518227E-01
        2255    1.95277207214119064E-01   -3.58284006682330763E-02    3.71969789696518227E-01
        2256    1.97484859951897157E-01   -2.24434489271660223E-02    3.48764784561496011E-01
        2257    1.98337018029723172E-01   -8.90445005975712932E-03    3.71969789696518227E-01
        2258    1.97702185467483055E-01    1.81853736054655712E-02    3.71969789696518227E-01
        2259    1.96216755691317857E-01    3.16695926077432063E-02    3.48764784561496011E-01
        2260    1.93384535256884038E-01    4.49364381684665068E-02    3.71969789696518227E-01
        2261    1.85464497052041571E-01    7.08504219113950812E-02    3.71969789696518227E-01
        2262    1.80396152293042122E-01    8.34338453376823608E-02    3.48764784561496011E-01
        2263    1.74089606179424122E-01    9.54445963482608989E-02    3.71969789696518227E-01
        2264    1.59471755333868453E-01    1.18260818543270016E-01    3.71969789696518227E-01
        2265    1.51196391536675495E-01    1.29010191443370364E-01    3.48764784561496011E-01
        2266    1.41883247418591485E-01    1.38874065446879580E-01    3.71969789696518227E-01
        2267    1.21651723057319708E-01    1.56900351271036437E-01    3.71969789696518227E-01
        2268    1.10783086097500302E-01    1.65018441832058826E-01    3.48764784561496011E-01
        2269    9.91540572693893757E-02    1.72003880417879201E-01    3.71969789696518227E-01
        2270    7.48093390012113391E-02    1.83903302716376671E-01    3.71969789696518227E-01
        2271    6.21535059613701896E-02    1.88788029299202825E-01    3.48764784561496011E-01
        2272    4.90710642921460549E-02    1.92376954443679415E-01    3.71969789696518227E-01
        2273    2.24186885013371341E-02    1.97266987500872681E-01    3.71969789696518227E-01
        2274    8.91428462145508159E-03    1.98556072280991786E-01    3.48764784561496011E-01
        2275   -4.65130503846407622E-03    1.98482309824398712E-01    3.71969789696518227E-01
        2276   -3.16346535660056299E-02    1.96000282258848385E-01    3.71969789696518227E-01
        2277   -4.49860684286947296E-02    1.93598119715289452E-01    3.48764784561496011E-01
        2278   -5.80287083526758382E-02    1.89867140281591434E-01    3.71969789696518227E-01
        2279   -8.33417980972683548E-02    1.80197132723313863E-01    3.71969789696518227E-01
        2280   -9.55500105810571654E-02    1.74281880262770306E-01    3.48764784561496011E-01
        2281   -1.07102387832046189E-01    1.67170393528469630E-01    3.71969789696518227E-01
        2282   -1.28867862727013588E-01    1.51029586200721017E-01    3.71969789696518227E-01
        2283   -1.39027445560835738E-01    1.42039951037711915E-01    3.48764784561496011E-01
        2284   -1.48232773166736165E-01    1.32075383441004557E-01    3.71969789696518227E-01
        2285   -1.64836387509540383E-01    1.10660866184004170E-01    3.71969789696518227E-01
        2286   -1.72193850911610186E-01    9.92635684337255242E-02    3.48764784561496011E-01
        2287   -1.78369411835464259E-01    8.71849463683954107E-02    3.71969789696518227E-01
        2288   -1.88579751506781079E-01    6.20849359621972671E-02    3.71969789696518227E-01
        2289   -1.92589426074722569E-01    4.91252610596190284E-02    3.48764784561496011E-01
        2290   -1.95277207214119036E-01    3.58284006682330972E-02    3.71969789696518227E-01
        2291   -1.98337018029723172E-01    8.90445005975715360E-03    3.71969789696518227E-01
        2292   -1.98701524543872493E-01   -4.65644219416353616E-03    3.48764784561496011E-01
        2293   -1.97702185467483110E-01   -1.81853736054651931E-02    3.71969789696518227E-01
        2294   -1.93384535256884010E-01   -4.49364381684666594E-02    3.71969789696518227E-01
        2295   -1.90076839936593162E-01   -5.80927984322109348E-02    3.48764784561496011E-01
        2296   -1.85464497052041599E-01   -7.08504219113950534E-02    3.71969789696518227E-01
        2297   -1.74089606179423956E-01   -9.54445963482611764E-02    3.71969789696518227E-01
        2298   -1.67355025654899681E-01   -1.07220677567410536E-01    3.48764784561496011E-01
        2299   -1.59471755333868453E-01   -1.18260818543270016E-01    3.71969789696518227E-01
        2300   -1.41883247418591624E-01   -1.38874065446879469E-01    3.71969789696518227E-01
        2301   -1.32221254718681763E-01   -1.48396489549396743E-01    3.48764784561496011E-01
        2302   -1.21651723057319722E-01   -1.56900351271036409E-01    3.71969789696518227E-01
        2303   -4.91729474067935726E-02   -1.92776374419339147E-01    3.25559545148118745E-01
        2304   -2.24652349914891553E-02   -1.97676560339645979E-01    3.25559545148118745E-01
        2305   -8.93055091597940408E-03   -1.98918386441742978E-01    3.02354124277439629E-01
        2306    4.66096224584957707E-03   -1.98894405959240850E-01    3.25559545148118745E-01
        2307    3.17003345754273760E-02   -1.96407225118483075E-01    3.25559545148118745E-01
        2308    4.50681565232113057E-02   -1.93951386877869031E-01    3.02354124277439629E-01
        2309    5.81491896512015410E-02   -1.90261349290509141E-01    3.25559545148118745E-01
        2310    8.35148353462658449E-02   -1.80571264513550545E-01    3.25559545148118745E-01
        2311    9.57243649661723983E-02   -1.74599900217819515E-01    3.02354124277439629E-01
        2312    1.07324757674965840E-01   -1.67517478732657599E-01    3.25559545148118745E-01
        2313    1.29135422834421282E-01   -1.51343159278216982E-01    3.25559545148118745E-01
        2314    1.39281135169423864E-01   -1.42299137700009182E-01    3.02354124277439629E-01
        2315    1.48540539400074612E-01   -1.32349603118677356E-01    3.25559545148118745E-01
        2316    1.65178626766198183E-01   -1.10890624268102714E-01    3.25559545148118745E-01
        2317    1.72508060745955122E-01   -9.94446991142280690E-02    3.02354124277439629E-01
        2318    1.78739748845631541E-01   -8.73659629005317795E-02    3.25559545148118745E-01
        2319    1.88971287592663073E-01   -6.22138389468738645E-02    3.25559545148118745E-01
        2320    1.92940852628824960E-01   -4.92149021243722881E-02    3.02354124277439629E-01
        2321    1.95682648799250292E-01   -3.59027888867397144E-02    3.25559545148118745E-01
        2322    1.98748812504497635E-01   -8.92293780033092190E-03    3.25559545148118745E-01
        2323    1.99064104117884277E-01    4.66493901285237617E-03    3.02354124277439629E-01
        2324    1.98112661879980861E-01    1.82231307344515384E-02    3.25559545148118745E-01
        2325    1.93786047208191453E-01    4.50297368231386275E-02    3.25559545148118745E-01
        2326    1.90423681662201055E-01    5.81988029641694118E-02    3.02354124277439629E-01
        2327    1.85849565134195593E-01    7.09975241143444707E-02    3.25559545148118745E-01
        2328    1.74451057302631024E-01    9.56427618637745169E-02    3.25559545148118745E-01
        2329    1.67660405868010676E-01    1.07416327941442097E-01    3.02354124277439629E-01
        2330    1.59802856347594641E-01    1.18506355922737561E-01    3.25559545148118745E-01
        2331    1.42177830537418309E-01    1.39162400793496288E-01    3.25559545148118745E-01
        2332    1.32462524765910916E-01    1.48667275272300392E-01    3.02354124277439629E-01
        2333    1.21904300755116213E-01    1.57226113442846066E-01    3.25559545148118745E-01
        2334    9.93599245015411026E-02    1.72361001081986598E-01    3.25559545148118745E-01
        2335    8.74405041776523256E-02    1.78892250903742250E-01    3.02354124277439629E-01
        2336    7.49646608506989304E-02    1.84285129390507840E-01    3.25559545148118745E-01
        2337    4.91729474067936004E-02    1.92776374419339147E-01    3.25559545148118745E-01
        2338    3.59334214082271675E-02    1.95849606663246217E-01    3.02354124277439629E-01
        2339    2.24652349914893530E-02    1.97676560339645979E-01    3.25559545148118745E-01
        2340   -4.66096224584955365E-03    1.98894405959240850E-01    3.25559545148118745E-01
        2341   -1.82386788425817695E-02    1.98281693048870888E-01    3.02354124277439629E-01
        2342   -3.17003345754273483E-02    1.96407225118483075E-01    3.25559545148118745E-01
        2343   -5.81491896512018602E-02    1.90261349290509058E-01    3.25559545148118745E-01
        2344   -7.10580997200402215E-02    1.86008133339449211E-01    3.02354124277439629E-01
        2345   -8.35148353462658311E-02    1.80571264513550545E-01    3.25559545148118745E-01
        2346   -1.07324757674965687E-01    1.67517478732657682E-01    3.25559545148118745E-01
        2347   -1.18607466410439025E-01    1.59939201310829587E-01    3.02354124277439629E-01
        2348   -1.29135422834421393E-01    1.51343159278216899E-01    3.25559545148118745E-01
        2349   -1.48540539400074473E-01    1.32349603118677522E-01    3.25559545148118745E-01
        2350   -1.57360259910230393E-01    1.22008310394145836E-01    3.02354124277439629E-01
        2351   -1.65178626766198156E-01    1.10890624268102728E-01    3.25559545148118745E-01
        2352   -1.78739748845631513E-01    8.73659629005318072E-02    3.25559545148118745E-01
        2353   -1.84442362807768323E-01    7.50286212464087859E-02    3.02354124277439629E-01
        2354   -1.88971287592663045E-01    6.22138389468738923E-02    3.25559545148118745E-01
        2355   -1.95682648799250319E-01    3.59027888867395617E-02    3.25559545148118745E-01
        2356   -1.97845219423519264E-01    2.24844024939292973E-02    3.02354124277439629E-01
        2357   -1.98748812504497635E-01    8.92293780033094619E-03    3.25559545148118745E-01
        2358   -1.98112661879980889E-01   -1.82231307344511602E-02    3.25559545148118745E-01
        2359   -1.96574801196282428E-01   -3.17273815322277886E-02    3.02354124277439629E-01
        2360   -1.93786047208191453E-01   -4.50297368231386066E-02    3.25559545148118745E-01
        2361   -1.85849565134195649E-01   -7.09975241143442903E-02    3.25559545148118745E-01
        2362   -1.80725329234195042E-01   -8.35860908132525365E-02    3.02354124277439629E-01
        2363   -1.74451057302630858E-01   -9.56427618637748084E-02    3.25559545148118745E-01
        2364   -1.59802856347594668E-01   -1.18506355922737561E-01    3.25559545148118745E-01
        2365   -1.51472286366175601E-01   -1.29245602119580055E-01    3.02354124277439629E-01
        2366   -1.42177830537418309E-01   -1.39162400793496260E-01    3.25559545148118745E-01
        2367   -1.21904300755116088E-01   -1.57226113442846177E-01    3.25559545148118745E-01
        2368   -1.10985236957978878E-01   -1.65319558375985221E-01    3.02354124277439629E-01
        2369   -9.93599245015411164E-02   -1.72361001081986570E-01    3.25559545148118745E-01
        2370   -7.49646608506989442E-02   -1.84285129390507840E-01    3.25559545148118745E-01
        2371   -6.22669202482839315E-02   -1.89132519274299693E-01    3.02354124277439629E-01
        2372   -4.92517797010932901E-02   -1.93085426544211236E-01    2.79148562060289984E-01
        2373   -3.59839677431183017E-02   -1.96125101715451222E-01    2.55942889191565492E-01
        2374   -2.25012504453059523E-02   -1.97993468265704770E-01    2.79148562060289984E-01
        2375    4.66843453227679724E-03   -1.99213266291436708E-01    2.79148562060289984E-01
        2376    1.82643345784573620E-02   -1.98560609235165358E-01    2.55942889191565492E-01
        2377    3.17511554075404073E-02   -1.96722098092134118E-01    2.79148562060289984E-01
        2378    5.82424123330546537E-02   -1.90566369417878828E-01    2.79148562060289984E-01
        2379    7.11580547581201345E-02   -1.86269784722252363E-01    2.55942889191565492E-01
        2380    8.36487233156803789E-02   -1.80860749846786212E-01    2.79148562060289984E-01
        2381    1.07496816852397536E-01   -1.67786036707728237E-01    2.79148562060289984E-01
        2382    1.18774307542812749E-01   -1.60164182404054389E-01    2.55942889191565492E-01
        2383    1.29342448082942735E-01   -1.51585787168178415E-01    2.79148562060289984E-01
        2384    1.48778674231012820E-01   -1.32561781225009112E-01    2.79148562060289984E-01
        2385    1.57581613293357153E-01   -1.22179935379327781E-01    2.55942889191565492E-01
        2386    1.65443435178221299E-01   -1.11068400114140098E-01    2.79148562060289984E-01
        2387    1.79026297959060110E-01   -8.75060248586281980E-02    2.79148562060289984E-01
        2388    1.84701811673845945E-01   -7.51341614835289995E-02    2.55942889191565492E-01
        2389    1.89274239539685779E-01   -6.23135779277572480E-02    2.79148562060289984E-01
        2390    1.95996360158301214E-01   -3.59603469419094296E-02    2.79148562060289984E-01
        2391    1.98123521637050382E-01   -2.25160305464150411E-02    2.55942889191565492E-01
        2392    1.99067439426522330E-01   -8.93724273212334608E-03    2.79148562060289984E-01
        2393    1.98430268948287247E-01    1.82523453998495525E-02    2.79148562060289984E-01
        2394    1.96851316355237255E-01    3.17720113723410219E-02    2.55942889191565492E-01
        2395    1.94096718004032692E-01    4.51019268717871638E-02    2.79148562060289984E-01
        2396    1.86147512448456787E-01    7.11113447822261796E-02    2.79148562060289984E-01
        2397    1.80979549474206775E-01    8.37036685548907949E-02    2.55942889191565492E-01
        2398    1.74730730940585527E-01    9.57960928872035739E-02    2.79148562060289984E-01
        2399    1.60059046518530312E-01    1.18696341034860778E-01    2.79148562060289984E-01
        2400    1.51685357335022641E-01    1.29427407559528751E-01    2.55942889191565492E-01
        2401    1.42405764903180909E-01    1.39385500931140577E-01    2.79148562060289984E-01
        2402    1.22099733329739862E-01    1.57478172672568945E-01    2.79148562060289984E-01
        2403    1.11141356156636686E-01    1.65552107836467927E-01    2.55942889191565492E-01
        2404    9.95192147459332960E-02    1.72637324017252541E-01    2.79148562060289984E-01
        2405    7.50848414889955240E-02    1.84580568657855854E-01    2.79148562060289984E-01
        2406    6.23545090299855304E-02    1.89398565625675530E-01    2.55942889191565492E-01
        2407    4.92517797010934913E-02    1.93085426544211208E-01    2.79148562060289984E-01
        2408    2.25012504453059765E-02    1.97993468265704770E-01    2.79148562060289984E-01
        2409    8.94311322147870250E-03    1.99198198243211222E-01    2.55942889191565492E-01
        2410   -4.66843453227659601E-03    1.99213266291436708E-01    2.79148562060289984E-01
        2411   -3.17511554075402061E-02    1.96722098092134146E-01    2.79148562060289984E-01
        2412   -4.51315523826448517E-02    1.94224211768168731E-01    2.55942889191565492E-01
        2413   -5.82424123330549728E-02    1.90566369417878745E-01    2.79148562060289984E-01
        2414   -8.36487233156803650E-02    1.80860749846786212E-01    2.79148562060289984E-01
        2415   -9.58590172096616677E-02    1.74845504022927783E-01    2.55942889191565492E-01
        2416   -1.07496816852397509E-01    1.67786036707728237E-01    2.79148562060289984E-01
        2417   -1.29342448082942846E-01    1.51585787168178332E-01    2.79148562060289984E-01
        2418   -1.39477057256061687E-01    1.42499305109264146E-01    2.55942889191565492E-01
        2419   -1.48778674231012709E-01    1.32561781225009279E-01    2.79148562060289984E-01
        2420   -1.65443435178221382E-01    1.11068400114139973E-01    2.79148562060289984E-01
        2421   -1.72750722030859810E-01    9.95845846265900614E-02    2.55942889191565492E-01
        2422   -1.79026297959060082E-01    8.75060248586282258E-02    2.79148562060289984E-01
        2423   -1.89274239539685751E-01    6.23135779277572757E-02    2.79148562060289984E-01
        2424   -1.93212256034596630E-01    4.92841310713230674E-02    2.55942889191565492E-01
        2425   -1.95996360158301214E-01    3.59603469419094504E-02    2.79148562060289984E-01
        2426   -1.99067439426522330E-01    8.93724273212354557E-03    2.79148562060289984E-01
        2427   -1.99344120895504795E-01   -4.67150102560680378E-03    2.55942889191565492E-01
        2428   -1.98430268948287247E-01   -1.82523453998495282E-02    2.79148562060289984E-01
        2429   -1.94096718004032692E-01   -4.51019268717871430E-02    2.79148562060289984E-01
        2430   -1.90691544248265843E-01   -5.82806692621622505E-02    2.55942889191565492E-01
        2431   -1.86147512448456925E-01   -7.11113447822258327E-02    2.79148562060289984E-01
        2432   -1.74730730940585444E-01   -9.57960928872036988E-02    2.79148562060289984E-01
        2433   -1.67896248119901087E-01   -1.07567426875864625E-01    2.55942889191565492E-01
        2434   -1.60059046518530312E-01   -1.18696341034860778E-01    2.79148562060289984E-01
        2435   -1.42405764903180659E-01   -1.39385500931140827E-01    2.79148562060289984E-01
        2436   -1.32648855342710481E-01   -1.48876400526418345E-01    2.55942889191565492E-01
        2437   -1.22099733329739862E-01   -1.57478172672568917E-01    2.79148562060289984E-01
        2438   -9.95192147459334625E-02   -1.72637324017252430E-01    2.79148562060289984E-01
        2439   -8.75635037928860355E-02   -1.79143892614141625E-01    2.55942889191565492E-01
        2440   -7.50848414889955518E-02   -1.84580568657855854E-01    2.79148562060289984E-01
        2441   -2.14003702042563776E-02   -1.98362252936049532E-01    2.32737129341043930E-01
        2442   -7.81766297373995105E-03   -1.99459763449620353E-01    2.09531300906545287E-01
        2443    4.67418248542607502E-03   -1.99458545198839376E-01    2.32737129341043930E-01
        2444    3.17902486308590526E-02   -1.96964309779037589E-01    2.32737129341043930E-01
        2445    4.40727029448461857E-02   -1.94686696887293370E-01    2.09531300906545287E-01
        2446    5.72272800055692726E-02   -1.91129792700951484E-01    2.32737129341043930E-01
        2447    8.27197654459522619E-02   -1.81557152542418859E-01    2.32737129341043930E-01
        2448    9.29595869913263234E-02   -1.76646053667076114E-01    2.09531300906545287E-01
        2449    1.05710050177113379E-01   -1.69206809928846180E-01    2.32737129341043930E-01
        2450    1.27765785377537966E-01   -1.53236625261735038E-01    2.32737129341043930E-01
        2451    1.35511428807328776E-01   -1.46567273810853743E-01    2.09531300906545287E-01
        2452    1.46674124576014364E-01   -1.35248883228677064E-01    2.32737129341043930E-01
        2453    1.63724381087897969E-01   -1.14017043779117810E-01    2.32737129341043930E-01
        2454    1.68828390693336106E-01   -1.06500176458294002E-01    2.09531300906545287E-01
        2455    1.77205906883879077E-01   -9.16712921268512115E-02    2.32737129341043930E-01
        2456    1.88037974171718109E-01   -6.66879262246232174E-02    2.32737129341043930E-01
        2457    1.90639976755699991E-01   -5.91752680799645450E-02    2.09531300906545287E-01
        2458    1.95133804312843023E-01   -4.15735210096715435E-02    2.32737129341043930E-01
        2459    1.98977244576356516E-01   -1.46155867328451056E-02    2.32737129341043930E-01
        2460    1.99459763449620381E-01   -7.81766297373991288E-03    2.09531300906545287E-01
        2461    1.99182683548848743E-01    1.14811937107470018E-02    2.32737129341043930E-01
        2462    1.95764129610428966E-01    3.84962958298026570E-02    2.32737129341043930E-01
        2463    1.94686696887293398E-01    4.40727029448461788E-02    2.09531300906545287E-01
        2464    1.89064565434335613E-01    6.37193010937057991E-02    2.32737129341043930E-01
        2465    1.78627164156577867E-01    8.88701044228231846E-02    2.32737129341043930E-01
        2466    1.76646053667076142E-01    9.29595869913263095E-02    2.09531300906545287E-01
        2467    1.65499107672305662E-01    1.11425331924186286E-01    2.32737129341043930E-01
        2468    1.48785225979953167E-01    1.32922969289881510E-01    2.32737129341043930E-01
        2469    1.46567273810853743E-01    1.35511428807328749E-01    2.09531300906545287E-01
        2470    1.30162418706174787E-01    1.51206163866764859E-01    2.32737129341043930E-01
        2471    1.08360842257868378E-01    1.67521601890352867E-01    2.32737129341043930E-01
        2472    1.06500176458294016E-01    1.68828390693336106E-01    2.09531300906545287E-01
        2473    8.55678434213505285E-02    1.80232359488976757E-01    2.32737129341043930E-01
        2474    6.02292234598452852E-02    1.90205152075774570E-01    2.32737129341043930E-01
        2475    5.91752680799647254E-02    1.90639976755699936E-01    2.09531300906545287E-01
        2476    3.48871998627117222E-02    1.96439411830935079E-01    2.32737129341043930E-01
        2477    7.81376214109320150E-03    1.99360237650206801E-01    2.32737129341043930E-01
        2478    7.81766297373992503E-03    1.99459763449620381E-01    2.09531300906545287E-01
        2479   -1.82748183777819498E-02    1.98674583799749255E-01    2.32737129341043930E-01
        2480   -4.40727029448461649E-02    1.94686696887293398E-01    2.09531300906545287E-01
        2481   -4.40507116874765542E-02    1.94589552737476967E-01    2.32737129341043930E-01
        2482   -7.01370283270810330E-02    1.86778897341725258E-01    2.32737129341043930E-01
        2483   -9.29595869913266287E-02    1.76646053667075947E-01    2.09531300906545287E-01
        2484   -9.39165345839889920E-02    1.76026258741356273E-01    2.32737129341043930E-01
        2485   -1.17010696718552645E-01    1.61598440859382686E-01    2.32737129341043930E-01
        2486   -1.35511428807328610E-01    1.46567273810853854E-01    2.09531300906545287E-01
        2487   -1.37102483141450654E-01    1.44942983104366763E-01    2.32737129341043930E-01
        2488   -1.55561903534253698E-01    1.24924190625931464E-01    2.32737129341043930E-01
        2489   -1.68828390693336189E-01    1.06500176458293863E-01    2.09531300906545287E-01
        2490   -1.70536928803138810E-01    1.03550543934533140E-01    2.32737129341043930E-01
        2491   -1.83048669225127025E-01    7.93646264380709343E-02    2.32737129341043930E-01
        2492   -1.90639976755699880E-01    5.91752680799648989E-02    2.09531300906545287E-01
        2493   -1.91841824970494707E-01    5.47930052719741087E-02    2.32737129341043930E-01
        2494   -1.97515979782028450E-01    2.81602018012983429E-02    2.32737129341043930E-01
        2495   -1.99459763449620353E-01    7.81766297373993717E-03    2.09531300906545287E-01
        2496   -1.99501847107377228E-01    2.13827862758574939E-03    2.32737129341043930E-01
        2497   -1.97934838373119898E-01   -2.50471354240642957E-02    2.32737129341043930E-01
        2498   -1.94686696887293398E-01   -4.40727029448461580E-02    2.09531300906545287E-01
        2499   -1.92972171178962398E-01   -5.06685344688569683E-02    2.32737129341043930E-01
        2500   -1.84275453409873308E-01   -7.64729789228203449E-02    2.32737129341043930E-01
        2501   -1.76646053667076142E-01   -9.29595869913262957E-02    2.09531300906545287E-01
        2502   -1.72717224614027803E-01   -9.98715152401923462E-02    2.32737129341043930E-01
        2503   -1.57509357493095609E-01   -1.22459632274708061E-01    2.32737129341043930E-01
        2504   -1.46567273810853632E-01   -1.35511428807328860E-01    2.09531300906545287E-01
        2505   -1.40177653603334895E-01   -1.41971069817086182E-01    2.32737129341043930E-01
        2506   -1.19540306527570930E-01   -1.59736264980870568E-01    2.32737129341043930E-01
        2507   -1.06500176458294168E-01   -1.68828390693335995E-01    2.09531300906545287E-01
        2508   -9.76678562064043354E-02   -1.73972840118190974E-01    2.32737129341043930E-01
        2509   -7.30688738505308050E-02   -1.85651552401157494E-01    2.32737129341043930E-01
        2510   -5.91752680799645797E-02   -1.90639976755699964E-01    2.09531300906545287E-01
        2511   -4.82113692908153479E-02   -1.93600679507715423E-01    2.32737129341043930E-01
        2512    3.12586944010485313E-02   -1.97237367256049873E-01    1.86325418305893636E-01
        2513    5.67359144486140818E-02   -1.91469895882970531E-01    1.86325418305893636E-01
        2514    6.91626727195739366E-02   -1.87418348687112241E-01    1.63119492941460720E-01
        2515    8.12423672697962368E-02   -1.82426321505849531E-01    1.86325418305893636E-01
        2516    1.04358740662352900E-01   -1.70261382189631605E-01    1.86325418305893636E-01
        2517    1.15313449836904627E-01   -1.63131606407313251E-01    1.63119492941460720E-01
        2518    1.25689507068467543E-01   -1.55183223418775773E-01    1.86325418305893636E-01
        2519    1.44869691160925546E-01   -1.37449836670307024E-01    1.86325418305893636E-01
        2520    1.53605805912336163E-01   -1.27727714738582077E-01    1.63119492941460720E-01
        2521    1.61571114672153848E-01   -1.17364645108114854E-01    1.86325418305893636E-01
        2522    1.75508011615365445E-01   -9.52713119284960136E-02    1.86325418305893636E-01
        2523    1.81430180160438492E-01   -8.36193903904453861E-02    1.63119492941460720E-01
        2524    1.86441917819824526E-01   -7.15478601875823988E-02    1.86325418305893636E-01
        2525    1.94185751118921029E-01   -4.66002047220449647E-02    1.86325418305893636E-01
        2526    1.96890387458156041E-01   -3.38125427747761886E-02    1.63119492941460720E-01
        2527    1.98607012377911285E-01   -2.08552068336956969E-02    1.86325418305893636E-01
        2528    1.99630052590848789E-01    5.24662942573398544E-03    1.86325418305893636E-01
        2529    1.98932840227349889E-01    1.82985737531252343E-02    1.63119492941460720E-01
        2530    1.97237367256049873E-01    3.12586944010485174E-02    1.86325418305893636E-01
        2531    1.91469895882970531E-01    5.67359144486140679E-02    1.86325418305893636E-01
        2532    1.87418348687112241E-01    6.91626727195739227E-02    1.63119492941460720E-01
        2533    1.82426321505849531E-01    8.12423672697962368E-02    1.86325418305893636E-01
        2534    1.70261382189631633E-01    1.04358740662352886E-01    1.86325418305893636E-01
        2535    1.63131606407313362E-01    1.15313449836904447E-01    1.63119492941460720E-01
        2536    1.55183223418775912E-01    1.25689507068467377E-01    1.86325418305893636E-01
        2537    1.37449836670307052E-01    1.44869691160925546E-01    1.86325418305893636E-01
        2538    1.27727714738582104E-01    1.53605805912336135E-01    1.63119492941460720E-01
        2539    1.17364645108114854E-01    1.61571114672153848E-01    1.86325418305893636E-01
        2540    9.52713119284960275E-02    1.75508011615365417E-01    1.86325418305893636E-01
        2541    8.36193903904453861E-02    1.81430180160438492E-01    1.63119492941460720E-01
        2542    7.15478601875824127E-02    1.86441917819824526E-01    1.86325418305893636E-01
        2543    4.66002047220449717E-02    1.94185751118921029E-01    1.86325418305893636E-01
        2544    3.38125427747760290E-02    1.96890387458156096E-01    1.63119492941460720E-01
        2545    2.08552068336957108E-02    1.98607012377911285E-01    1.86325418305893636E-01
        2546   -5.24662942573397330E-03    1.99630052590848789E-01    1.86325418305893636E-01
        2547   -1.82985737531252239E-02    1.98932840227349889E-01    1.63119492941460720E-01
        2548   -3.12586944010485035E-02    1.97237367256049873E-01    1.86325418305893636E-01
        2549   -5.67359144486140540E-02    1.91469895882970559E-01    1.86325418305893636E-01
        2550   -6.91626727195740754E-02    1.87418348687112185E-01    1.63119492941460720E-01
        2551   -8.12423672697962229E-02    1.82426321505849531E-01    1.86325418305893636E-01
        2552   -1.04358740662352886E-01    1.70261382189631633E-01    1.86325418305893636E-01
        2553   -1.15313449836904308E-01    1.63131606407313473E-01    1.63119492941460720E-01
        2554   -1.25689507068467515E-01    1.55183223418775801E-01    1.86325418305893636E-01
        2555   -1.44869691160925546E-01    1.37449836670307052E-01    1.86325418305893636E-01
        2556   -1.53605805912336135E-01    1.27727714738582104E-01    1.63119492941460720E-01
        2557   -1.61571114672153626E-01    1.17364645108115159E-01    1.86325418305893636E-01
        2558   -1.75508011615365417E-01    9.52713119284960414E-02    1.86325418305893636E-01
        2559   -1.81430180160438353E-01    8.36193903904457331E-02    1.63119492941460720E-01
        2560   -1.86441917819824499E-01    7.15478601875824266E-02    1.86325418305893636E-01
        2561   -1.94185751118920974E-01    4.66002047220451590E-02    1.86325418305893636E-01
        2562   -1.96890387458156041E-01    3.38125427747762164E-02    1.63119492941460720E-01
        2563   -1.98607012377911285E-01    2.08552068336957212E-02    1.86325418305893636E-01
        2564   -1.99630052590848789E-01   -5.24662942573396116E-03    1.86325418305893636E-01
        2565   -1.98932840227349889E-01   -1.82985737531253870E-02    1.63119492941460720E-01
        2566   -1.97237367256049873E-01   -3.12586944010484966E-02    1.86325418305893636E-01
        2567   -1.91469895882970559E-01   -5.67359144486140471E-02    1.86325418305893636E-01
        2568   -1.87418348687112324E-01   -6.91626727195737284E-02    1.63119492941460720E-01
        2569   -1.82426321505849531E-01   -8.12423672697962090E-02    1.86325418305893636E-01
        2570   -1.70261382189631633E-01   -1.04358740662352859E-01    1.86325418305893636E-01
        2571   -1.63131606407313279E-01   -1.15313449836904586E-01    1.63119492941460720E-01
        2572   -1.55183223418775801E-01   -1.25689507068467515E-01    1.86325418305893636E-01
        2573   -1.37449836670307052E-01   -1.44869691160925546E-01    1.86325418305893636E-01
        2574   -1.27727714738582104E-01   -1.53605805912336107E-01    1.63119492941460720E-01
        2575   -1.17364645108114868E-01   -1.61571114672153821E-01    1.86325418305893636E-01
        2576   -9.52713119284960414E-02   -1.75508011615365417E-01    1.86325418305893636E-01
        2577   -8.36193903904454139E-02   -1.81430180160438492E-01    1.63119492941460720E-01
        2578   -7.15478601875824405E-02   -1.86441917819824499E-01    1.86325418305893636E-01
        2579   -4.66002047220451660E-02   -1.94185751118920974E-01    1.86325418305893636E-01
        2580   -3.38125427747762303E-02   -1.96890387458156041E-01    1.63119492941460720E-01
        2581   -2.08552068336957351E-02   -1.98607012377911285E-01    1.86325418305893636E-01
        2582    5.24662942573359426E-03   -1.99630052590848817E-01    1.86325418305893636E-01
        2583    1.82985737531250227E-02   -1.98932840227349889E-01    1.63119492941460720E-01
        2584    5.67745097449553204E-02   -1.91600145610041073E-01    1.39913533924371669E-01
        2585    8.12976333789391797E-02   -1.82550419231379935E-01    1.39913533924371669E-01
        2586    9.30869014171734760E-02   -1.76887982354892753E-01    1.16707548625001586E-01
        2587    1.04429731965847455E-01   -1.70377204567131652E-01    1.39913533924371669E-01
        2588    1.25775008885428252E-01   -1.55288788695254532E-01    1.39913533924371669E-01
        2589    1.35697020851277161E-01   -1.46768007580410614E-01    1.16707548625001586E-01
        2590    1.44968240531558934E-01   -1.37543338594615483E-01    1.39913533924371669E-01
        2591    1.61681025389405153E-01   -1.17444483836404573E-01    1.39913533924371669E-01
        2592    1.69059612564296302E-01   -1.06646035634923864E-01    1.16707548625001586E-01
        2593    1.75627403076389521E-01   -9.53361213979904976E-02    1.39913533924371669E-01
        2594    1.86568747203621654E-01   -7.15965314902900080E-02    1.39913533924371669E-01
        2595    1.90901071065278011E-01   -5.92563126018240266E-02    1.16707548625001586E-01
        2596    1.94317848339570665E-01   -4.66319050784822983E-02    1.39913533924371669E-01
        2597    1.98742117215343961E-01   -2.08693938419747885E-02    1.39913533924371669E-01
        2598    1.99732937052097409E-01   -7.82836979059637131E-03    1.16707548625001586E-01
        2599    1.99765853363837814E-01    5.25019850925800748E-03    1.39913533924371669E-01
        2600    1.97371540375718330E-01    3.12799585083670187E-02    1.39913533924371669E-01
        2601    1.94953333453101230E-01    4.41330634848674935E-02    1.16707548625001586E-01
        2602    1.91600145610041073E-01    5.67745097449553066E-02    1.39913533924371669E-01
        2603    1.82550419231379935E-01    8.12976333789391659E-02    1.39913533924371669E-01
        2604    1.76887982354892753E-01    9.30869014171734621E-02    1.16707548625001586E-01
        2605    1.70377204567131679E-01    1.04429731965847428E-01    1.39913533924371669E-01
        2606    1.55288788695254670E-01    1.25775008885428113E-01    1.39913533924371669E-01
        2607    1.46768007580410614E-01    1.35697020851277161E-01    1.16707548625001586E-01
        2608    1.37543338594615511E-01    1.44968240531558934E-01    1.39913533924371669E-01
        2609    1.17444483836404573E-01    1.61681025389405153E-01    1.39913533924371669E-01
        2610    1.06646035634923891E-01    1.69059612564296302E-01    1.16707548625001586E-01
        2611    9.53361213979905114E-02    1.75627403076389493E-01    1.39913533924371669E-01
        2612    7.15965314902900218E-02    1.86568747203621654E-01    1.39913533924371669E-01
        2613    5.92563126018240405E-02    1.90901071065278011E-01    1.16707548625001586E-01
        2614    4.66319050784821387E-02    1.94317848339570720E-01    1.39913533924371669E-01
        2615    2.08693938419748024E-02    1.98742117215343961E-01    1.39913533924371669E-01
        2616    7.82836979059656213E-03    1.99732937052097381E-01    1.16707548625001586E-01
        2617   -5.25019850925781753E-03    1.99765853363837814E-01    1.39913533924371669E-01
        2618   -3.12799585083670117E-02    1.97371540375718330E-01    1.39913533924371669E-01
        2619   -4.41330634848674797E-02    1.94953333453101230E-01    1.16707548625001586E-01
        2620   -5.67745097449552927E-02    1.91600145610041100E-01    1.39913533924371669E-01
        2621   -8.12976333789391659E-02    1.82550419231379935E-01    1.39913533924371669E-01
        2622   -9.30869014171737674E-02    1.76887982354892587E-01    1.16707548625001586E-01
        2623   -1.04429731965847428E-01    1.70377204567131679E-01    1.39913533924371669E-01
        2624   -1.25775008885428363E-01    1.55288788695254448E-01    1.39913533924371669E-01
        2625   -1.35697020851277161E-01    1.46768007580410642E-01    1.16707548625001586E-01
        2626   -1.44968240531558934E-01    1.37543338594615511E-01    1.39913533924371669E-01
        2627   -1.61681025389404931E-01    1.17444483836404892E-01    1.39913533924371669E-01
        2628   -1.69059612564296385E-01    1.06646035634923739E-01    1.16707548625001586E-01
        2629   -1.75627403076389493E-01    9.53361213979905114E-02    1.39913533924371669E-01
        2630   -1.86568747203621627E-01    7.15965314902900218E-02    1.39913533924371669E-01
        2631   -1.90901071065277983E-01    5.92563126018242209E-02    1.16707548625001586E-01
        2632   -1.94317848339570665E-01    4.66319050784823261E-02    1.39913533924371669E-01
        2633   -1.98742117215343961E-01    2.08693938419748128E-02    1.39913533924371669E-01
        2634   -1.99732937052097381E-01    7.82836979059639733E-03    1.16707548625001586E-01
        2635   -1.99765853363837814E-01   -5.25019850925798320E-03    1.39913533924371669E-01
        2636   -1.97371540375718330E-01   -3.12799585083669979E-02    1.39913533924371669E-01
        2637   -1.94953333453101230E-01   -4.41330634848674727E-02    1.16707548625001586E-01
        2638   -1.91600145610041100E-01   -5.67745097449552857E-02    1.39913533924371669E-01
        2639   -1.82550419231379935E-01   -8.12976333789391520E-02    1.39913533924371669E-01
        2640   -1.76887982354892753E-01   -9.30869014171734482E-02    1.16707548625001586E-01
        2641   -1.70377204567131679E-01   -1.04429731965847400E-01    1.39913533924371669E-01
        2642   -1.55288788695254448E-01   -1.25775008885428363E-01    1.39913533924371669E-01
        2643   -1.46768007580410392E-01   -1.35697020851277383E-01    1.16707548625001586E-01
        2644   -1.37543338594615511E-01   -1.44968240531558906E-01    1.39913533924371669E-01
        2645   -1.17444483836404601E-01   -1.61681025389405125E-01    1.39913533924371669E-01
        2646   -1.06646035634924044E-01   -1.69059612564296191E-01    1.16707548625001586E-01
        2647   -9.53361213979905253E-02   -1.75627403076389493E-01    1.39913533924371669E-01
        2648   -7.15965314902900357E-02   -1.86568747203621627E-01    1.39913533924371669E-01
        2649   -5.92563126018238948E-02   -1.90901071065278066E-01    1.16707548625001586E-01
        2650   -4.66319050784823330E-02   -1.94317848339570665E-01    1.39913533924371669E-01
        2651   -2.08693938419748266E-02   -1.98742117215343961E-01    1.39913533924371669E-01
        2652   -7.82836979059676509E-03   -1.99732937052097381E-01    1.16707548625001586E-01
        2653    5.25019850925761630E-03   -1.99765853363837842E-01    1.39913533924371669E-01
        2654    3.12799585083669840E-02   -1.97371540375718330E-01    1.39913533924371669E-01
        2655    4.41330634848674588E-02   -1.94953333453101230E-01    1.16707548625001586E-01
        2656    8.13353904977266728E-02   -1.82635201254879920E-01    9.35015430965063232E-02
        2657    1.04478232341945754E-01   -1.70456332975723046E-01    9.35015430965063232E-02
        2658    1.15421230771444033E-01   -1.63284081916600321E-01    7.02955224063009920E-02
        2659    1.25833422663955335E-01   -1.55360909579927930E-01    9.35015430965063232E-02
        2660    1.45035568236569129E-01   -1.37607217947038202E-01    9.35015430965063232E-02
        2661    1.53749377866304660E-01   -1.27847099012321164E-01    7.02955224063009920E-02
        2662    1.61756115025198821E-01   -1.17499028663146057E-01    9.35015430965063232E-02
        2663    1.75708969838479445E-01   -9.53803984219425277E-02    9.35015430965063232E-02
        2664    1.81599758942436879E-01   -8.36975475876731018E-02    7.02955224063009920E-02
        2665    1.86655395462093920E-01   -7.16297831192968526E-02    9.35015430965063232E-02
        2666    1.94408095518699336E-01   -4.66535623679525668E-02    9.35015430965063232E-02
        2667    1.97074416554433279E-01   -3.38441466116623374E-02    7.02955224063009920E-02
        2668    1.98834419160872938E-01   -2.08790862296811021E-02    9.35015430965063232E-02
        2669    1.99858630763888157E-01    5.25263686275636264E-03    9.35015430965063232E-02
        2670    1.99118778359117177E-01    1.83156770258364604E-02    7.02955224063009920E-02
        2671    1.97463205783252382E-01    3.12944858821659969E-02    9.35015430965063232E-02
        2672    1.91689130604521529E-01    5.68008775716612874E-02    9.35015430965063232E-02
        2673    1.87593524477966900E-01    6.92273175421120879E-02    7.02955224063009920E-02
        2674    1.82635201254879920E-01    8.13353904977266590E-02    9.35015430965063232E-02
        2675    1.70456332975723074E-01    1.04478232341945726E-01    9.35015430965063232E-02
        2676    1.63284081916600349E-01    1.15421230771444006E-01    7.02955224063009920E-02
        2677    1.55360909579927930E-01    1.25833422663955335E-01    9.35015430965063232E-02
        2678    1.37607217947038230E-01    1.45035568236569129E-01    9.35015430965063232E-02
        2679    1.27847099012321330E-01    1.53749377866304549E-01    7.02955224063009920E-02
        2680    1.17499028663146210E-01    1.61756115025198710E-01    9.35015430965063232E-02
        2681    9.53803984219425416E-02    1.75708969838479417E-01    9.35015430965063232E-02
        2682    8.36975475876731018E-02    1.81599758942436879E-01    7.02955224063009920E-02
        2683    7.16297831192968665E-02    1.86655395462093920E-01    9.35015430965063232E-02
        2684    4.66535623679525807E-02    1.94408095518699336E-01    9.35015430965063232E-02
        2685    3.38441466116623513E-02    1.97074416554433279E-01    7.02955224063009920E-02
        2686    2.08790862296811160E-02    1.98834419160872938E-01    9.35015430965063232E-02
        2687   -5.25263686275635050E-03    1.99858630763888157E-01    9.35015430965063232E-02
        2688   -1.83156770258366235E-02    1.99118778359117177E-01    7.02955224063009920E-02
        2689   -3.12944858821659899E-02    1.97463205783252382E-01    9.35015430965063232E-02
        2690   -5.68008775716612735E-02    1.91689130604521557E-01    9.35015430965063232E-02
        2691   -6.92273175421122405E-02    1.87593524477966844E-01    7.02955224063009920E-02
        2692   -8.13353904977266451E-02    1.82635201254879920E-01    9.35015430965063232E-02
        2693   -1.04478232341945726E-01    1.70456332975723074E-01    9.35015430965063232E-02
        2694   -1.15421230771443881E-01    1.63284081916600460E-01    7.02955224063009920E-02
        2695   -1.25833422663955585E-01    1.55360909579927708E-01    9.35015430965063232E-02
        2696   -1.45035568236569129E-01    1.37607217947038230E-01    9.35015430965063232E-02
        2697   -1.53749377866304660E-01    1.27847099012321191E-01    7.02955224063009920E-02
        2698   -1.61756115025198599E-01    1.17499028663146377E-01    9.35015430965063232E-02
        2699   -1.75708969838479417E-01    9.53803984219425416E-02    9.35015430965063232E-02
        2700   -1.81599758942436712E-01    8.36975475876734487E-02    7.02955224063009920E-02
        2701   -1.86655395462093893E-01    7.16297831192968804E-02    9.35015430965063232E-02
        2702   -1.94408095518699336E-01    4.66535623679525877E-02    9.35015430965063232E-02
        2703   -1.97074416554433279E-01    3.38441466116623652E-02    7.02955224063009920E-02
        2704   -1.98834419160872938E-01    2.08790862296811264E-02    9.35015430965063232E-02
        2705   -1.99858630763888157E-01   -5.25263686275651530E-03    9.35015430965063232E-02
        2706   -1.99118778359117149E-01   -1.83156770258367865E-02    7.02955224063009920E-02
        2707   -1.97463205783252382E-01   -3.12944858821659760E-02    9.35015430965063232E-02
        2708   -1.91689130604521557E-01   -5.68008775716612596E-02    9.35015430965063232E-02
        2709   -1.87593524477966955E-01   -6.92273175421118936E-02    7.02955224063009920E-02
        2710   -1.82635201254879920E-01   -8.13353904977266451E-02    9.35015430965063232E-02
        2711   -1.70456332975723074E-01   -1.04478232341945712E-01    9.35015430965063232E-02
        2712   -1.63284081916600265E-01   -1.15421230771444144E-01    7.02955224063009920E-02
        2713   -1.55360909579927958E-01   -1.25833422663955308E-01    9.35015430965063232E-02
        2714   -1.37607217947038230E-01   -1.45035568236569101E-01    9.35015430965063232E-02
        2715   -1.27847099012321469E-01   -1.53749377866304410E-01    7.02955224063009920E-02
        2716   -1.17499028663146085E-01   -1.61756115025198793E-01    9.35015430965063232E-02
        2717   -9.53803984219425555E-02   -1.75708969838479417E-01    9.35015430965063232E-02
        2718   -8.36975475876731156E-02   -1.81599758942436851E-01    7.02955224063009920E-02
        2719   -7.16297831192968942E-02   -1.86655395462093893E-01    9.35015430965063232E-02
        2720   -4.66535623679526015E-02   -1.94408095518699336E-01    9.35015430965063232E-02
        2721   -3.38441466116623790E-02   -1.97074416554433279E-01    7.02955224063009920E-02
        2722   -2.08790862296811403E-02   -1.98834419160872938E-01    9.35015430965063232E-02
        2723    5.25263686275614840E-03   -1.99858630763888184E-01    9.35015430965063232E-02
        2724    1.83156770258364222E-02   -1.99118778359117177E-01    7.02955224063009920E-02
        2725    3.12944858821659691E-02   -1.97463205783252410E-01    9.35015430965063232E-02
        2726    5.68008775716612527E-02   -1.91689130604521557E-01    9.35015430965063232E-02
        2727    6.92273175421122128E-02   -1.87593524477966844E-01    7.02955224063009920E-02
        2728    1.04506563656454304E-01   -1.70502555541622747E-01    4.70894908997279843E-02
        2729    1.25867544855662344E-01   -1.55403038726765308E-01    4.70894908997279843E-02
        2730    1.35771055075774971E-01   -1.46848081966378274E-01    2.38834524168948792E-02
        2731    1.45074897465313990E-01   -1.37644532833430477E-01    4.70894908997279843E-02
        2732    1.61799978356973545E-01   -1.17530890821041525E-01    4.70894908997279843E-02
        2733    1.69151848909881247E-01   -1.06704220085064971E-01    2.38834524168948792E-02
        2734    1.75756616759516315E-01   -9.54062626809854958E-02    4.70894908997279843E-02
        2735    1.86706010720363663E-01   -7.16492069348442923E-02    4.70894908997279843E-02
        2736    1.91005223777426431E-01   -5.92886419420155450E-02    2.38834524168948792E-02
        2737    1.94460813073099786E-01   -4.66662133931351614E-02    4.70894908997279843E-02
        2738    1.98888336999432203E-01   -2.08847480019504518E-02    4.70894908997279843E-02
        2739    1.99841908295596726E-01   -7.83264082973132887E-03    2.38834524168948792E-02
        2740    1.99912826337439703E-01    5.25406121789334830E-03    4.70894908997279843E-02
        2741    1.97516751790506817E-01    3.13029719935983691E-02    4.70894908997279843E-02
        2742    1.95059697017790551E-01    4.41571418110482533E-02    2.38834524168948792E-02
        2743    1.91741110858448999E-01    5.68162802396694616E-02    4.70894908997279843E-02
        2744    1.82684726358924077E-01    8.13574461783906078E-02    4.70894908997279843E-02
        2745    1.76984489739612588E-01    9.31376882105318660E-02    2.38834524168948792E-02
        2746    1.70502555541622774E-01    1.04506563656454277E-01    4.70894908997279843E-02
        2747    1.55403038726765308E-01    1.25867544855662317E-01    4.70894908997279843E-02
        2748    1.46848081966378274E-01    1.35771055075774971E-01    2.38834524168948792E-02
        2749    1.37644532833430477E-01    1.45074897465313990E-01    4.70894908997279843E-02
        2750    1.17530890821041692E-01    1.61799978356973434E-01    4.70894908997279843E-02
        2751    1.06704220085064971E-01    1.69151848909881247E-01    2.38834524168948792E-02
        2752    9.54062626809854958E-02    1.75756616759516288E-01    4.70894908997279843E-02
        2753    7.16492069348443061E-02    1.86706010720363663E-01    4.70894908997279843E-02
        2754    5.92886419420155519E-02    1.91005223777426431E-01    2.38834524168948792E-02
        2755    4.66662133931351752E-02    1.94460813073099786E-01    4.70894908997279843E-02
        2756    2.08847480019504657E-02    1.98888336999432203E-01    4.70894908997279843E-02
        2757    7.83264082973134275E-03    1.99841908295596726E-01    2.38834524168948792E-02
        2758   -5.25406121789351310E-03    1.99912826337439675E-01    4.70894908997279843E-02
        2759   -3.13029719935983622E-02    1.97516751790506817E-01    4.70894908997279843E-02
        2760   -4.41571418110482464E-02    1.95059697017790551E-01    2.38834524168948792E-02
        2761   -5.68162802396691077E-02    1.91741110858449110E-01    4.70894908997279843E-02
        2762   -8.13574461783905939E-02    1.82684726358924077E-01    4.70894908997279843E-02
        2763   -9.31376882105315329E-02    1.76984489739612727E-01    2.38834524168948792E-02
        2764   -1.04506563656454277E-01    1.70502555541622774E-01    4.70894908997279843E-02
        2765   -1.25867544855662317E-01    1.55403038726765308E-01    4.70894908997279843E-02
        2766   -1.35771055075774971E-01    1.46848081966378274E-01    2.38834524168948792E-02
        2767   -1.45074897465313990E-01    1.37644532833430477E-01    4.70894908997279843E-02
        2768   -1.61799978356973406E-01    1.17530890821041706E-01    4.70894908997279843E-02
        2769   -1.69151848909881414E-01    1.06704220085064694E-01    2.38834524168948792E-02
        2770   -1.75756616759516288E-01    9.54062626809855097E-02    4.70894908997279843E-02
        2771   -1.86706010720363635E-01    7.16492069348443200E-02    4.70894908997279843E-02
        2772   -1.91005223777426375E-01    5.92886419420157323E-02    2.38834524168948792E-02
        2773   -1.94460813073099786E-01    4.66662133931351822E-02    4.70894908997279843E-02
        2774   -1.98888336999432203E-01    2.08847480019504761E-02    4.70894908997279843E-02
        2775   -1.99841908295596726E-01    7.83264082973117622E-03    2.38834524168948792E-02
        2776   -1.99912826337439703E-01   -5.25406121789332402E-03    4.70894908997279843E-02
        2777   -1.97516751790506817E-01   -3.13029719935983483E-02    4.70894908997279843E-02
        2778   -1.95059697017790634E-01   -4.41571418110478855E-02    2.38834524168948792E-02
        2779   -1.91741110858449026E-01   -5.68162802396694408E-02    4.70894908997279843E-02
        2780   -1.82684726358924077E-01   -8.13574461783905800E-02    4.70894908997279843E-02
        2781   -1.76984489739612588E-01   -9.31376882105318521E-02    2.38834524168948792E-02
        2782   -1.70502555541622774E-01   -1.04506563656454263E-01    4.70894908997279843E-02
        2783   -1.55403038726765336E-01   -1.25867544855662289E-01    4.70894908997279843E-02
        2784   -1.46848081966378274E-01   -1.35771055075774971E-01    2.38834524168948792E-02
        2785   -1.37644532833430477E-01   -1.45074897465313962E-01    4.70894908997279843E-02
        2786   -1.17530890821041706E-01   -1.61799978356973406E-01    4.70894908997279843E-02
        2787   -1.06704220085064999E-01   -1.69151848909881219E-01    2.38834524168948792E-02
        2788   -9.54062626809855235E-02   -1.75756616759516288E-01    4.70894908997279843E-02
        2789   -7.16492069348443200E-02   -1.86706010720363635E-01    4.70894908997279843E-02
        2790   -5.92886419420154132E-02   -1.91005223777426458E-01    2.38834524168948792E-02
        2791   -4.66662133931351961E-02   -1.94460813073099786E-01    4.70894908997279843E-02
        2792   -2.08847480019504900E-02   -1.98888336999432203E-01    4.70894908997279843E-02
        2793   -7.83264082973154398E-03   -1.99841908295596726E-01    2.38834524168948792E-02
        2794    5.25406121789331187E-03   -1.99912826337439703E-01    4.70894908997279843E-02
        2795    3.13029719935983414E-02   -1.97516751790506845E-01    4.70894908997279843E-02
        2796    4.41571418110482256E-02   -1.95059697017790551E-01    2.38834524168948792E-02
        2797    5.68162802396690869E-02   -1.91741110858449110E-01    4.70894908997279843E-02
        2798    8.13574461783905661E-02   -1.82684726358924077E-01    4.70894908997279843E-02
        2799    9.31376882105318243E-02   -1.76984489739612588E-01    2.38834524168948792E-02
        2800    1.25878961353339675E-01   -1.55417134166798782E-01    6.77410476296343763E-04
        2801    1.45088056117386316E-01   -1.37657017533050152E-01    6.77410476296343763E-04
        2802    1.53777430643149027E-01   -1.27870425715743308E-01   -2.25286315616011618E-02
        2803    1.61814654015255494E-01   -1.17541551163575675E-01    6.77410476296343763E-04
        2804    1.75772558319426064E-01   -9.54149162650174132E-02    6.77410476296343763E-04
        2805    1.81632893239195153E-01   -8.37128188600352457E-02   -2.25286315616011618E-02
        2806    1.86722945417391206E-01   -7.16557056951521443E-02    6.77410476296343763E-04
        2807    1.94478451149883824E-01   -4.66704461341282684E-02    6.77410476296343763E-04
        2808    1.97110374323538284E-01   -3.38503217409901053E-02   -2.25286315616011618E-02
        2809    1.98906376663588735E-01   -2.08866423002568927E-02    6.77410476296343763E-04
        2810    1.99930958925313457E-01    5.25453777424279844E-03    6.77410476296343763E-04
        2811    1.99155109138027447E-01    1.83190188644018689E-02   -2.25286315616011618E-02
        2812    1.97534667048492013E-01    3.13058112505924455E-02    6.77410476296343763E-04
        2813    1.91758502251514473E-01    5.68214336168336373E-02    6.77410476296343763E-04
        2814    1.87627752384139201E-01    6.92399486077949211E-02   -2.25286315616011618E-02
        2815    1.82701296315512574E-01    8.13648255000131437E-02    6.77410476296343763E-04
        2816    1.70518020545183085E-01    1.04516042660296113E-01    6.77410476296343763E-04
        2817    1.63313874374793194E-01    1.15442290277992132E-01   -2.25286315616011618E-02
        2818    1.55417134166798782E-01    1.25878961353339647E-01    6.77410476296343763E-04
        2819    1.37657017533050180E-01    1.45088056117386316E-01    6.77410476296343763E-04
        2820    1.27870425715743335E-01    1.53777430643148999E-01   -2.25286315616011618E-02
        2821    1.17541551163575675E-01    1.61814654015255494E-01    6.77410476296343763E-04
        2822    9.54149162650174271E-02    1.75772558319426037E-01    6.77410476296343763E-04
        2823    8.37128188600354123E-02    1.81632893239195070E-01   -2.25286315616011618E-02
        2824    7.16557056951523108E-02    1.86722945417391151E-01    6.77410476296343763E-04
        2825    4.66704461341282822E-02    1.94478451149883824E-01    6.77410476296343763E-04
        2826    3.38503217409901191E-02    1.97110374323538284E-01   -2.25286315616011618E-02
        2827    2.08866423002569065E-02    1.98906376663588735E-01    6.77410476296343763E-04
        2828   -5.25453777424278543E-03    1.99930958925313457E-01    6.77410476296343763E-04
        2829   -1.83190188644018551E-02    1.99155109138027447E-01   -2.25286315616011618E-02
        2830   -3.13058112505924385E-02    1.97534667048492013E-01    6.77410476296343763E-04
        2831   -5.68214336168334500E-02    1.91758502251514529E-01    6.77410476296343763E-04
        2832   -6.92399486077952403E-02    1.87627752384139090E-01   -2.25286315616011618E-02
        2833   -8.13648255000131299E-02    1.82701296315512574E-01    6.77410476296343763E-04
        2834   -1.04516042660296113E-01    1.70518020545183085E-01    6.77410476296343763E-04
        2835   -1.15442290277992007E-01    1.63313874374793305E-01   -2.25286315616011618E-02
        2836   -1.25878961353339647E-01    1.55417134166798782E-01    6.77410476296343763E-04
        2837   -1.45088056117386316E-01    1.37657017533050180E-01    6.77410476296343763E-04
        2838   -1.53777430643149110E-01    1.27870425715743197E-01   -2.25286315616011618E-02
        2839   -1.61814654015255466E-01    1.17541551163575689E-01    6.77410476296343763E-04
        2840   -1.75772558319426037E-01    9.54149162650174271E-02    6.77410476296343763E-04
        2841   -1.81632893239194987E-01    8.37128188600355927E-02   -2.25286315616011618E-02
        2842   -1.86722945417391178E-01    7.16557056951521582E-02    6.77410476296343763E-04
        2843   -1.94478451149883824E-01    4.66704461341282892E-02    6.77410476296343763E-04
        2844   -1.97110374323538284E-01    3.38503217409901330E-02   -2.25286315616011618E-02
        2845   -1.98906376663588680E-01    2.08866423002572708E-02    6.77410476296343763E-04
        2846   -1.99930958925313457E-01   -5.25453777424277416E-03    6.77410476296343763E-04
        2847   -1.99155109138027503E-01   -1.83190188644014873E-02   -2.25286315616011618E-02
        2848   -1.97534667048492013E-01   -3.13058112505924246E-02    6.77410476296343763E-04
        2849   -1.91758502251514529E-01   -5.68214336168334361E-02    6.77410476296343763E-04
        2850   -1.87627752384139201E-01   -6.92399486077948934E-02   -2.25286315616011618E-02
        2851   -1.82701296315512574E-01   -8.13648255000131160E-02    6.77410476296343763E-04
        2852   -1.70518020545183085E-01   -1.04516042660296099E-01    6.77410476296343763E-04
        2853   -1.63313874374793111E-01   -1.15442290277992271E-01   -2.25286315616011618E-02
        2854   -1.55417134166798809E-01   -1.25878961353339619E-01    6.77410476296343763E-04
        2855   -1.37657017533050180E-01   -1.45088056117386288E-01    6.77410476296343763E-04
        2856   -1.27870425715743474E-01   -1.53777430643148888E-01   -2.25286315616011618E-02
        2857   -1.17541551163575689E-01   -1.61814654015255466E-01    6.77410476296343763E-04
        2858   -9.54149162650174409E-02   -1.75772558319426037E-01    6.77410476296343763E-04
        2859   -8.37128188600352596E-02   -1.81632893239195126E-01   -2.25286315616011618E-02
        2860   -7.16557056951521720E-02   -1.86722945417391178E-01    6.77410476296343763E-04
        2861   -4.66704461341283031E-02   -1.94478451149883824E-01    6.77410476296343763E-04
        2862   -3.38503217409901469E-02   -1.97110374323538284E-01   -2.25286315616011618E-02
        2863   -2.08866423002569308E-02   -1.98906376663588735E-01    6.77410476296343763E-04
        2864    5.25453777424276115E-03   -1.99930958925313457E-01    6.77410476296343763E-04
        2865    1.83190188644018308E-02   -1.99155109138027447E-01   -2.25286315616011618E-02
        2866    3.13058112505924108E-02   -1.97534667048492013E-01    6.77410476296343763E-04
        2867    5.68214336168334291E-02   -1.91758502251514529E-01    6.77410476296343763E-04
        2868    6.92399486077948795E-02   -1.87627752384139201E-01   -2.25286315616011618E-02
        2869    8.13648255000131021E-02   -1.82701296315512574E-01    6.77410476296343763E-04
        2870    1.04516042660295780E-01   -1.70518020545183280E-01    6.77410476296343763E-04
        2871    1.15442290277991980E-01   -1.63313874374793305E-01   -2.25286315616011618E-02
        2872    1.45075646647004702E-01   -1.37645243643954029E-01   -4.57346703407600641E-02
        2873    1.61800813908701963E-01   -1.17531497762649331E-01   -4.57346703407600641E-02
        2874    1.69122748276947399E-01   -1.06685862849473415E-01   -6.89407023562168819E-02
        2875    1.75757524384760916E-01   -9.54067553687380082E-02   -4.57346703407600641E-02
        2876    1.86706974889404687E-01   -7.16495769387178183E-02   -4.57346703407600641E-02
        2877    1.90972363522327687E-01   -5.92784420120863603E-02   -6.89407023562168819E-02
        2878    1.94461817288737793E-01   -4.66664543822605041E-02   -4.57346703407600641E-02
        2879    1.98889364079259112E-01   -2.08848558529370204E-02   -4.57346703407600641E-02
        2880    1.99807527790414052E-01   -7.83129331383270073E-03   -6.89407023562168819E-02
        2881    1.99913858707834902E-01    5.25408835040583073E-03   -4.57346703407600641E-02
        2882    1.97517771787326657E-01    3.13031336453650985E-02   -4.57346703407600641E-02
        2883    1.95026139237135604E-01    4.41495450819343813E-02   -6.89407023562168819E-02
        2884    1.91742101029265172E-01    5.68165736447835343E-02   -4.57346703407600641E-02
        2885    1.82685669761639163E-01    8.13578663166098642E-02   -4.57346703407600641E-02
        2886    1.76954041590780098E-01    9.31216649409407349E-02   -6.89407023562168819E-02
        2887    1.70503436034354888E-01    1.04507103339096963E-01   -4.57346703407600641E-02
        2888    1.55403841244039692E-01    1.25868194848608783E-01   -4.57346703407600641E-02
        2889    1.46822818440393299E-01    1.35747697225049341E-01   -6.89407023562168819E-02
        2890    1.37645243643954057E-01    1.45075646647004702E-01   -4.57346703407600641E-02
        2891    1.17531497762649331E-01    1.61800813908701963E-01   -4.57346703407600641E-02
        2892    1.06685862849473415E-01    1.69122748276947399E-01   -6.89407023562168819E-02
        2893    9.54067553687380221E-02    1.75757524384760888E-01   -4.57346703407600641E-02
        2894    7.16495769387179987E-02    1.86706974889404631E-01   -4.57346703407600641E-02
        2895    5.92784420120863742E-02    1.90972363522327687E-01   -6.89407023562168819E-02
        2896    4.66664543822605110E-02    1.94461817288737793E-01   -4.57346703407600641E-02
        2897    2.08848558529370343E-02    1.98889364079259112E-01   -4.57346703407600641E-02
        2898    7.83129331383271288E-03    1.99807527790414052E-01   -6.89407023562168819E-02
        2899   -5.25408835040581772E-03    1.99913858707834902E-01   -4.57346703407600641E-02
        2900   -3.13031336453650846E-02    1.97517771787326657E-01   -4.57346703407600641E-02
        2901   -4.41495450819345409E-02    1.95026139237135576E-01   -6.89407023562168819E-02
        2902   -5.68165736447835273E-02    1.91742101029265172E-01   -4.57346703407600641E-02
        2903   -8.13578663166098504E-02    1.82685669761639163E-01   -4.57346703407600641E-02
        2904   -9.31216649409404157E-02    1.76954041590780264E-01   -6.89407023562168819E-02
        2905   -1.04507103339096963E-01    1.70503436034354888E-01   -4.57346703407600641E-02
        2906   -1.25868194848608783E-01    1.55403841244039692E-01   -4.57346703407600641E-02
        2907   -1.35747697225049341E-01    1.46822818440393299E-01   -6.89407023562168819E-02
        2908   -1.45075646647004702E-01    1.37645243643954057E-01   -4.57346703407600641E-02
        2909   -1.61800813908701935E-01    1.17531497762649345E-01   -4.57346703407600641E-02
        2910   -1.69122748276947565E-01    1.06685862849473123E-01   -6.89407023562168819E-02
        2911   -1.75757524384760888E-01    9.54067553687380360E-02   -4.57346703407600641E-02
        2912   -1.86706974889404742E-01    7.16495769387176795E-02   -4.57346703407600641E-02
        2913   -1.90972363522327687E-01    5.92784420120863811E-02   -6.89407023562168819E-02
        2914   -1.94461817288737793E-01    4.66664543822605249E-02   -4.57346703407600641E-02
        2915   -1.98889364079259057E-01    2.08848558529374020E-02   -4.57346703407600641E-02
        2916   -1.99807527790414052E-01    7.83129331383254808E-03   -6.89407023562168819E-02
        2917   -1.99913858707834902E-01   -5.25408835040580644E-03   -4.57346703407600641E-02
        2918   -1.97517771787326657E-01   -3.13031336453650708E-02   -4.57346703407600641E-02
        2919   -1.95026139237135659E-01   -4.41495450819341800E-02   -6.89407023562168819E-02
        2920   -1.91742101029265172E-01   -5.68165736447835135E-02   -4.57346703407600641E-02
        2921   -1.82685669761639163E-01   -8.13578663166098365E-02   -4.57346703407600641E-02
        2922   -1.76954041590780098E-01   -9.31216649409407210E-02   -6.89407023562168819E-02
        2923   -1.70503436034354888E-01   -1.04507103339096935E-01   -4.57346703407600641E-02
        2924   -1.55403841244039720E-01   -1.25868194848608755E-01   -4.57346703407600641E-02
        2925   -1.46822818440393299E-01   -1.35747697225049341E-01   -6.89407023562168819E-02
        2926   -1.37645243643954057E-01   -1.45075646647004675E-01   -4.57346703407600641E-02
        2927   -1.17531497762649345E-01   -1.61800813908701935E-01   -4.57346703407600641E-02
        2928   -1.06685862849473442E-01   -1.69122748276947371E-01   -6.89407023562168819E-02
        2929   -9.54067553687380498E-02   -1.75757524384760888E-01   -4.57346703407600641E-02
        2930   -7.16495769387176795E-02   -1.86706974889404742E-01   -4.57346703407600641E-02
        2931   -5.92784420120860620E-02   -1.90972363522327798E-01   -6.89407023562168819E-02
        2932   -4.66664543822605318E-02   -1.94461817288737793E-01   -4.57346703407600641E-02
        2933   -2.08848558529370620E-02   -1.98889364079259112E-01   -4.57346703407600641E-02
        2934   -7.83129331383291584E-03   -1.99807527790414052E-01   -6.89407023562168819E-02
        2935    5.25408835040579343E-03   -1.99913858707834902E-01   -4.57346703407600641E-02
        2936    3.13031336453650638E-02   -1.97517771787326657E-01   -4.57346703407600641E-02
        2937    4.41495450819345200E-02   -1.95026139237135576E-01   -6.89407023562168819E-02
        2938    5.68165736447835065E-02   -1.91742101029265172E-01   -4.57346703407600641E-02
        2939    8.13578663166098226E-02   -1.82685669761639163E-01   -4.57346703407600641E-02
        2940    9.31216649409403879E-02   -1.76954041590780292E-01   -6.89407023562168819E-02
        2941    1.04507103339096630E-01   -1.70503436034355083E-01   -4.57346703407600641E-02
        2942    1.25868194848608755E-01   -1.55403841244039720E-01   -4.57346703407600641E-02
        2943    1.35747697225049313E-01   -1.46822818440393327E-01   -6.89407023562168819E-02
        2944    1.61757824520746579E-01   -1.17500270434230905E-01   -9.21467237915071652E-02
        2945    1.75710826792707275E-01   -9.53814064355588270E-02   -9.21467237915071652E-02
        2946    1.81535825085686303E-01   -8.36680811002230435E-02   -1.15352730336300224E-01
        2947    1.86657368101999815E-01   -7.16305401280527693E-02   -9.21467237915071652E-02
        2948    1.94410150091867878E-01   -4.66540554192177506E-02   -9.21467237915071652E-02
        2949    1.97005034702879306E-01   -3.38322314701780397E-02   -1.15352730336300224E-01
        2950    1.98836520512987391E-01   -2.08793068872120367E-02   -9.21467237915071652E-02
        2951    1.99860742940231290E-01    5.25269237447103122E-03   -9.21467237915071652E-02
        2952    1.99048676771284211E-01    1.83092288241533847E-02   -1.15352730336300224E-01
        2953    1.97465292643901336E-01    3.12948166133057981E-02   -9.21467237915071652E-02
        2954    1.91691156442712118E-01    5.68014778633241860E-02   -9.21467237915071652E-02
        2955    1.87527480461217477E-01    6.92029454315500198E-02   -1.15352730336300224E-01
        2956    1.82637131407958814E-01    8.13362500787565695E-02   -9.21467237915071652E-02
        2957    1.70458134418236151E-01    1.04479336504672393E-01   -9.21467237915071652E-02
        2958    1.63226596261533019E-01    1.15380595671061126E-01   -1.15352730336300224E-01
        2959    1.55362551488694184E-01    1.25834752515848691E-01   -9.21467237915071652E-02
        2960    1.37608672228543505E-01    1.45037101023494402E-01   -9.21467237915071652E-02
        2961    1.27802089271329244E-01    1.53695248991039340E-01   -1.15352730336300224E-01
        2962    1.17500270434230905E-01    1.61757824520746579E-01   -9.21467237915071652E-02
        2963    9.53814064355588270E-02    1.75710826792707248E-01   -9.21467237915071652E-02
        2964    8.36680811002230435E-02    1.81535825085686275E-01   -1.15352730336300224E-01
        2965    7.16305401280527831E-02    1.86657368101999815E-01   -9.21467237915071652E-02
        2966    4.66540554192177645E-02    1.94410150091867878E-01   -9.21467237915071652E-02
        2967    3.38322314701782270E-02    1.97005034702879278E-01   -1.15352730336300224E-01
        2968    2.08793068872122276E-02    1.98836520512987364E-01   -9.21467237915071652E-02
        2969   -5.25269237447101908E-03    1.99860742940231290E-01   -9.21467237915071652E-02
        2970   -1.83092288241533709E-02    1.99048676771284211E-01   -1.15352730336300224E-01
        2971   -3.12948166133057842E-02    1.97465292643901336E-01   -9.21467237915071652E-02
        2972   -5.68014778633241721E-02    1.91691156442712118E-01   -9.21467237915071652E-02
        2973   -6.92029454315503390E-02    1.87527480461217338E-01   -1.15352730336300224E-01
        2974   -8.13362500787565557E-02    1.82637131407958814E-01   -9.21467237915071652E-02
        2975   -1.04479336504672560E-01    1.70458134418236068E-01   -9.21467237915071652E-02
        2976   -1.15380595671061126E-01    1.63226596261533019E-01   -1.15352730336300224E-01
        2977   -1.25834752515848691E-01    1.55362551488694184E-01   -9.21467237915071652E-02
        2978   -1.45037101023494402E-01    1.37608672228543505E-01   -9.21467237915071652E-02
        2979   -1.53695248991039451E-01    1.27802089271329106E-01   -1.15352730336300224E-01
        2980   -1.61757824520746551E-01    1.17500270434230933E-01   -9.21467237915071652E-02
        2981   -1.75710826792707248E-01    9.53814064355588409E-02   -9.21467237915071652E-02
        2982   -1.81535825085686220E-01    8.36680811002232239E-02   -1.15352730336300224E-01
        2983   -1.86657368101999926E-01    7.16305401280524640E-02   -9.21467237915071652E-02
        2984   -1.94410150091867878E-01    4.66540554192177714E-02   -9.21467237915071652E-02
        2985   -1.97005034702879306E-01    3.38322314701780674E-02   -1.15352730336300224E-01
        2986   -1.98836520512987364E-01    2.08793068872124184E-02   -9.21467237915071652E-02
        2987   -1.99860742940231290E-01   -5.25269237447100693E-03   -9.21467237915071652E-02
        2988   -1.99048676771284239E-01   -1.83092288241530066E-02   -1.15352730336300224E-01
        2989   -1.97465292643901336E-01   -3.12948166133057704E-02   -9.21467237915071652E-02
        2990   -1.91691156442712118E-01   -5.68014778633241652E-02   -9.21467237915071652E-02
        2991   -1.87527480461217477E-01   -6.92029454315499920E-02   -1.15352730336300224E-01
        2992   -1.82637131407958814E-01   -8.13362500787565418E-02   -9.21467237915071652E-02
        2993   -1.70458134418236068E-01   -1.04479336504672532E-01   -9.21467237915071652E-02
        2994   -1.63226596261532825E-01   -1.15380595671061389E-01   -1.15352730336300224E-01
        2995   -1.55362551488694212E-01   -1.25834752515848664E-01   -9.21467237915071652E-02
        2996   -1.37608672228543505E-01   -1.45037101023494375E-01   -9.21467237915071652E-02
        2997   -1.27802089271329411E-01   -1.53695248991039202E-01   -1.15352730336300224E-01
        2998   -1.17500270434230933E-01   -1.61757824520746551E-01   -9.21467237915071652E-02
        2999   -9.53814064355588548E-02   -1.75710826792707248E-01   -9.21467237915071652E-02
        3000   -8.36680811002229047E-02   -1.81535825085686331E-01   -1.15352730336300224E-01
        3001   -7.16305401280528109E-02   -1.86657368101999815E-01   -9.21467237915071652E-02
        3002   -4.66540554192177853E-02   -1.94410150091867878E-01   -9.21467237915071652E-02
        3003   -3.38322314701784282E-02   -1.97005034702879250E-01   -1.15352730336300224E-01
        3004   -2.08793068872120749E-02   -1.98836520512987391E-01   -9.21467237915071652E-02
        3005    5.25269237447099479E-03   -1.99860742940231290E-01   -9.21467237915071652E-02
        3006    1.83092288241533466E-02   -1.99048676771284211E-01   -1.15352730336300224E-01
        3007    3.12948166133057634E-02   -1.97465292643901363E-01   -9.21467237915071652E-02
        3008    5.68014778633241513E-02   -1.91691156442712118E-01   -9.21467237915071652E-02
        3009    6.92029454315499781E-02   -1.87527480461217477E-01   -1.15352730336300224E-01
        3010    8.13362500787565418E-02   -1.82637131407958814E-01   -9.21467237915071652E-02
        3011    1.04479336504672227E-01   -1.70458134418236262E-01   -9.21467237915071652E-02
        3012    1.15380595671061098E-01   -1.63226596261533019E-01   -1.15352730336300224E-01
        3013    1.25834752515848664E-01   -1.55362551488694212E-01   -9.21467237915071652E-02
        3014    1.45037101023494375E-01   -1.37608672228543533E-01   -9.21467237915071652E-02
        3015    1.53695248991039424E-01   -1.27802089271329133E-01   -1.15352730336300224E-01
        3016    1.75630296588338758E-01   -9.53376920879945994E-02   -1.38558716972154355E-01
        3017    1.86571820977360303E-01   -7.15977110637268516E-02   -1.38558716972154355E-01
        3018    1.90796301279840291E-01   -5.92237917200791261E-02   -1.61764677711673882E-01
        3019    1.94321049781978145E-01   -4.66326733525226703E-02   -1.38558716972154355E-01
        3020    1.98745391548852873E-01   -2.08697376712373567E-02   -1.38558716972154355E-01
        3021    1.99623320186969211E-01   -7.82407344684804724E-03   -1.61764677711673882E-01
        3022    1.99769144563694101E-01    5.25028500778724604E-03   -1.38558716972154355E-01
        3023    1.97374792128579862E-01    3.12804738546747715E-02   -1.38558716972154355E-01
        3024    1.94846339716490652E-01    4.41088425018931821E-02   -1.61764677711673882E-01
        3025    1.91603302277514986E-01    5.67754451213226680E-02   -1.38558716972154355E-01
        3026    1.82553426802010338E-01    8.12989727808178381E-02   -1.38558716972154355E-01
        3027    1.76790903193134286E-01    9.30358137274389652E-02   -1.61764677711673882E-01
        3028    1.70380011580551521E-01    1.04431452475699280E-01   -1.38558716972154355E-01
        3029    1.55291347122685719E-01    1.25777081064853136E-01   -1.38558716972154355E-01
        3030    1.46687458777947088E-01    1.35622547996411602E-01   -1.61764677711673882E-01
        3031    1.37545604660655268E-01    1.44970628924992351E-01   -1.38558716972154355E-01
        3032    1.17446418768035132E-01    1.61683689130772967E-01   -1.38558716972154355E-01
        3033    1.06587506459530190E-01    1.68966829746286323E-01   -1.61764677711673882E-01
        3034    9.53376920879946133E-02    1.75630296588338730E-01   -1.38558716972154355E-01
        3035    7.15977110637268516E-02    1.86571820977360303E-01   -1.38558716972154355E-01
        3036    5.92237917200791331E-02    1.90796301279840291E-01   -1.61764677711673882E-01
        3037    4.66326733525226772E-02    1.94321049781978145E-01   -1.38558716972154355E-01
        3038    2.08697376712375440E-02    1.98745391548852846E-01   -1.38558716972154355E-01
        3039    7.82407344684805939E-03    1.99623320186969211E-01   -1.61764677711673882E-01
        3040   -5.25028500778723390E-03    1.99769144563694101E-01   -1.38558716972154355E-01
        3041   -3.12804738546747646E-02    1.97374792128579862E-01   -1.38558716972154355E-01
        3042   -4.41088425018933417E-02    1.94846339716490624E-01   -1.61764677711673882E-01
        3043   -5.67754451213226610E-02    1.91603302277514986E-01   -1.38558716972154355E-01
        3044   -8.12989727808178381E-02    1.82553426802010338E-01   -1.38558716972154355E-01
        3045   -9.30358137274387986E-02    1.76790903193134369E-01   -1.61764677711673882E-01
        3046   -1.04431452475699571E-01    1.70380011580551327E-01   -1.38558716972154355E-01
        3047   -1.25777081064853136E-01    1.55291347122685719E-01   -1.38558716972154355E-01
        3048   -1.35622547996411602E-01    1.46687458777947088E-01   -1.61764677711673882E-01
        3049   -1.44970628924992101E-01    1.37545604660655546E-01   -1.38558716972154355E-01
        3050   -1.61683689130772940E-01    1.17446418768035146E-01   -1.38558716972154355E-01
        3051   -1.68966829746286129E-01    1.06587506459530496E-01   -1.61764677711673882E-01
        3052   -1.75630296588338730E-01    9.53376920879946271E-02   -1.38558716972154355E-01
        3053   -1.86571820977360303E-01    7.15977110637268654E-02   -1.38558716972154355E-01
        3054   -1.90796301279840291E-01    5.92237917200791469E-02   -1.61764677711673882E-01
        3055   -1.94321049781978145E-01    4.66326733525226911E-02   -1.38558716972154355E-01
        3056   -1.98745391548852846E-01    2.08697376712375579E-02   -1.38558716972154355E-01
        3057   -1.99623320186969211E-01    7.82407344684771591E-03   -1.61764677711673882E-01
        3058   -1.99769144563694101E-01   -5.25028500778722176E-03   -1.38558716972154355E-01
        3059   -1.97374792128579862E-01   -3.12804738546747507E-02   -1.38558716972154355E-01
        3060   -1.94846339716490680E-01   -4.41088425018929808E-02   -1.61764677711673882E-01
        3061   -1.91603302277514986E-01   -5.67754451213226471E-02   -1.38558716972154355E-01
        3062   -1.82553426802010338E-01   -8.12989727808178242E-02   -1.38558716972154355E-01
        3063   -1.76790903193134202E-01   -9.30358137274391039E-02   -1.61764677711673882E-01
        3064   -1.70380011580551521E-01   -1.04431452475699266E-01   -1.38558716972154355E-01
        3065   -1.55291347122685719E-01   -1.25777081064853108E-01   -1.38558716972154355E-01
        3066   -1.46687458777947338E-01   -1.35622547996411352E-01   -1.61764677711673882E-01
        3067   -1.37545604660655268E-01   -1.44970628924992351E-01   -1.38558716972154355E-01
        3068   -1.17446418768035146E-01   -1.61683689130772940E-01   -1.38558716972154355E-01
        3069   -1.06587506459530204E-01   -1.68966829746286296E-01   -1.61764677711673882E-01
        3070   -9.53376920879946410E-02   -1.75630296588338730E-01   -1.38558716972154355E-01
        3071   -7.15977110637268793E-02   -1.86571820977360303E-01   -1.38558716972154355E-01
        3072   -5.92237917200791539E-02   -1.90796301279840264E-01   -1.61764677711673882E-01
        3073   -4.66326733525226980E-02   -1.94321049781978145E-01   -1.38558716972154355E-01
        3074   -2.08697376712375718E-02   -1.98745391548852846E-01   -1.38558716972154355E-01
        3075   -7.82407344684808367E-03   -1.99623320186969211E-01   -1.61764677711673882E-01
        3076    5.25028500778720961E-03   -1.99769144563694101E-01   -1.38558716972154355E-01
        3077    3.12804738546747368E-02   -1.97374792128579862E-01   -1.38558716972154355E-01
        3078    4.41088425018933208E-02   -1.94846339716490624E-01   -1.61764677711673882E-01
        3079    5.67754451213226402E-02   -1.91603302277514986E-01   -1.38558716972154355E-01
        3080    8.12989727808178103E-02   -1.82553426802010338E-01   -1.38558716972154355E-01
        3081    9.30358137274387709E-02   -1.76790903193134397E-01   -1.61764677711673882E-01
        3082    1.04431452475699238E-01   -1.70380011580551521E-01   -1.38558716972154355E-01
        3083    1.25777081064853108E-01   -1.55291347122685719E-01   -1.38558716972154355E-01
        3084    1.35622547996411574E-01   -1.46687458777947116E-01   -1.61764677711673882E-01
        3085    1.44970628924992101E-01   -1.37545604660655546E-01   -1.38558716972154355E-01
        3086    1.61683689130772912E-01   -1.17446418768035174E-01   -1.38558716972154355E-01
        3087    1.68966829746286296E-01   -1.06587506459530232E-01   -1.61764677711673882E-01
        3088    1.86446242472554230E-01   -7.15495197910264863E-02   -1.84970605272034128E-01
        3089    1.94190255395365302E-01   -4.66012856468978678E-02   -1.84970605272034128E-01
        3090    1.96738255457917677E-01   -3.37864167163543228E-02   -2.08176490657555363E-01
        3091    1.98611619208651308E-01   -2.08556905850338370E-02   -1.84970605272034128E-01
        3092    1.99634683151733355E-01    5.24675112503030124E-03   -1.84970605272034128E-01
        3093    1.98779130077821581E-01    1.82844349286628259E-02   -2.08176490657555363E-01
        3094    1.97241942316898344E-01    3.12594194686709390E-02   -1.84970605272034128E-01
        3095    1.91474337163223485E-01    5.67372304784538456E-02   -1.84970605272034128E-01
        3096    1.87273535480966341E-01    6.91092325497488363E-02   -2.08176490657555363E-01
        3097    1.82430553013970237E-01    8.12442517442186207E-02   -1.84970605272034128E-01
        3098    1.70265331523343250E-01    1.04361161337477401E-01   -1.84970605272034128E-01
        3099    1.63005558925233551E-01    1.15224350180976209E-01   -2.08176490657555363E-01
        3100    1.55186823003883451E-01    1.25692422525871955E-01   -1.84970605272034128E-01
        3101    1.37453024916911387E-01    1.44873051516325513E-01   -1.84970605272034128E-01
        3102    1.27629022908168938E-01    1.53487118764611991E-01   -2.08176490657555363E-01
        3103    1.17367367464432798E-01    1.61574862428936566E-01   -1.84970605272034128E-01
        3104    9.52735218142557599E-02    1.75512082648373535E-01   -1.84970605272034128E-01
        3105    8.35547798968453298E-02    1.81289993853896270E-01   -2.08176490657555363E-01
        3106    7.15495197910265002E-02    1.86446242472554230E-01   -1.84970605272034128E-01
        3107    4.66012856468978748E-02    1.94190255395365302E-01   -1.84970605272034128E-01
        3108    3.37864167163543297E-02    1.96738255457917677E-01   -2.08176490657555363E-01
        3109    2.08556905850338509E-02    1.98611619208651308E-01   -1.84970605272034128E-01
        3110   -5.24675112503028823E-03    1.99634683151733355E-01   -1.84970605272034128E-01
        3111   -1.82844349286626351E-02    1.98779130077821609E-01   -2.08176490657555363E-01
        3112   -3.12594194686705781E-02    1.97241942316898400E-01   -1.84970605272034128E-01
        3113   -5.67372304784538317E-02    1.91474337163223485E-01   -1.84970605272034128E-01
        3114   -6.91092325497484894E-02    1.87273535480966452E-01   -2.08176490657555363E-01
        3115   -8.12442517442186068E-02    1.82430553013970237E-01   -1.84970605272034128E-01
        3116   -1.04361161337477387E-01    1.70265331523343250E-01   -1.84970605272034128E-01
        3117   -1.15224350180976209E-01    1.63005558925233551E-01   -2.08176490657555363E-01
        3118   -1.25692422525871955E-01    1.55186823003883451E-01   -1.84970605272034128E-01
        3119   -1.44873051516325402E-01    1.37453024916911554E-01   -1.84970605272034128E-01
        3120   -1.53487118764612213E-01    1.27629022908168688E-01   -2.08176490657555363E-01
        3121   -1.61574862428936539E-01    1.17367367464432826E-01   -1.84970605272034128E-01
        3122   -1.75512082648373535E-01    9.52735218142557738E-02   -1.84970605272034128E-01
        3123   -1.81289993853896214E-01    8.35547798968455102E-02   -2.08176490657555363E-01
        3124   -1.86446242472554230E-01    7.15495197910265140E-02   -1.84970605272034128E-01
        3125   -1.94190255395365302E-01    4.66012856468978887E-02   -1.84970605272034128E-01
        3126   -1.96738255457917705E-01    3.37864167163541701E-02   -2.08176490657555363E-01
        3127   -1.98611619208651308E-01    2.08556905850338647E-02   -1.84970605272034128E-01
        3128   -1.99634683151733355E-01   -5.24675112503027695E-03   -1.84970605272034128E-01
        3129   -1.98779130077821636E-01   -1.82844349286624477E-02   -2.08176490657555363E-01
        3130   -1.97241942316898344E-01   -3.12594194686709112E-02   -1.84970605272034128E-01
        3131   -1.91474337163223485E-01   -5.67372304784538248E-02   -1.84970605272034128E-01
        3132   -1.87273535480966341E-01   -6.91092325497488086E-02   -2.08176490657555363E-01
        3133   -1.82430553013970403E-01   -8.12442517442182738E-02   -1.84970605272034128E-01
        3134   -1.70265331523343277E-01   -1.04361161337477387E-01   -1.84970605272034128E-01
        3135   -1.63005558925233773E-01   -1.15224350180975904E-01   -2.08176490657555363E-01
        3136   -1.55186823003883478E-01   -1.25692422525871927E-01   -1.84970605272034128E-01
        3137   -1.37453024916911554E-01   -1.44873051516325402E-01   -1.84970605272034128E-01
        3138   -1.27629022908168965E-01   -1.53487118764611963E-01   -2.08176490657555363E-01
        3139   -1.17367367464432826E-01   -1.61574862428936539E-01   -1.84970605272034128E-01
        3140   -9.52735218142557738E-02   -1.75512082648373535E-01   -1.84970605272034128E-01
        3141   -8.35547798968451910E-02   -1.81289993853896325E-01   -2.08176490657555363E-01
        3142   -7.15495197910265279E-02   -1.86446242472554230E-01   -1.84970605272034128E-01
        3143   -4.66012856468978956E-02   -1.94190255395365302E-01   -1.84970605272034128E-01
        3144   -3.37864167163545309E-02   -1.96738255457917621E-01   -2.08176490657555363E-01
        3145   -2.08556905850338752E-02   -1.98611619208651308E-01   -1.84970605272034128E-01
        3146    5.24675112503026394E-03   -1.99634683151733355E-01   -1.84970605272034128E-01
        3147    1.82844349286627877E-02   -1.98779130077821581E-01   -2.08176490657555363E-01
        3148    3.12594194686709043E-02   -1.97241942316898344E-01   -1.84970605272034128E-01
        3149    5.67372304784538109E-02   -1.91474337163223485E-01   -1.84970605272034128E-01
        3150    6.91092325497487947E-02   -1.87273535480966341E-01   -2.08176490657555363E-01
        3151    8.12442517442185791E-02   -1.82430553013970237E-01   -1.84970605272034128E-01
        3152    1.04361161337477359E-01   -1.70265331523343277E-01   -1.84970605272034128E-01
        3153    1.15224350180976196E-01   -1.63005558925233551E-01   -2.08176490657555363E-01
        3154    1.25692422525871927E-01   -1.55186823003883478E-01   -1.84970605272034128E-01
        3155    1.44873051516325402E-01   -1.37453024916911554E-01   -1.84970605272034128E-01
        3156    1.53487118764611963E-01   -1.27629022908168965E-01   -2.08176490657555363E-01
        3157    1.61574862428936511E-01   -1.17367367464432840E-01   -1.84970605272034128E-01
        3158    1.75512082648373369E-01   -9.52735218142561069E-02   -1.84970605272034128E-01
        3159    1.81289993853896186E-01   -8.35547798968455380E-02   -2.08176490657555363E-01
        3160    1.94011235067225146E-01   -4.65583248019714527E-02   -2.31382322617517816E-01
        3161    1.98428522908732474E-01   -2.08364641178533858E-02   -2.31382322617517816E-01
        3162    1.99294200828998735E-01   -6.67543126126027286E-03   -2.54588086933777602E-01
        3163    1.99417580436371644E-01    6.37695488295233776E-03   -2.31382322617517816E-01
        3164    1.96879175752408292E-01    3.23516165860113156E-02   -2.31382322617517816E-01
        3165    1.93704841046775628E-01    4.73410437320141084E-02   -2.54588086933777602E-01
        3166    1.90640221261763998E-01    5.88586695223536141E-02   -2.31382322617517816E-01
        3167    1.81326669729250933E-01    8.32386676105229401E-02   -2.31382322617517816E-01
        3168    1.73749279344797058E-01    9.78464500825490802E-02   -2.54588086933777602E-01
        3169    1.68303452898579009E-01    1.07154023177348567E-01   -2.31382322617517816E-01
        3170    1.52877186901366979E-01    1.28205314499050593E-01   -2.31382322617517816E-01
        3171    1.40907528443878188E-01    1.41095032848186197E-01   -2.54588086933777602E-01
        3172    1.33995992461087482E-01    1.47827977544997047E-01   -2.31382322617517816E-01
        3173    1.13554215157689140E-01    1.64053275372962909E-01   -2.31382322617517816E-01
        3174    9.76153107673270043E-02    1.73879242494299063E-01   -2.54588086933777602E-01
        3175    9.01579802891080972E-02    1.77987571281999241E-01   -2.31382322617517816E-01
        3176    6.61546263275433477E-02    1.88232840801330625E-01   -2.31382322617517816E-01
        3177    4.70834120514960069E-02    1.93767624169214919E-01   -2.54588086933777602E-01
        3178    3.99074233861977240E-02    1.95487683753608199E-01   -2.31382322617517816E-01
        3179    1.40497468606386750E-02    1.99024223535297168E-01   -2.31382322617517816E-01
        3180   -6.94044794391672493E-03    1.99285147587397654E-01   -2.54588086933777602E-01
        3181   -1.31815748475808559E-02    1.99083608127875733E-01   -2.31382322617517816E-01
        3182   -3.90544299498086431E-02    1.95659879489821470E-01   -2.31382322617517816E-01
        3183   -6.04495666657658137E-02    1.90022603277910651E-01   -2.54588086933777602E-01
        3184   -6.53330250344406060E-02    1.88519581955098547E-01   -2.31382322617517816E-01
        3185   -8.93808351399174306E-02    1.78379099813758629E-01   -2.31382322617517816E-01
        3186   -1.09475417566381766E-01    1.66666951778867783E-01   -2.54588086933777602E-01
        3187   -1.12837621508550909E-01    1.64546978437675906E-01   -2.31382322617517816E-01
        3188   -1.33349970551080610E-01    1.48410991151942312E-01   -2.31382322617517816E-01
        3189   -1.50381977562809799E-01    1.30950374916957213E-01   -2.54588086933777602E-01
        3190   -1.52316569083526643E-01    1.28870864524527895E-01   -2.31382322617517816E-01
        3191   -1.67834502954444326E-01    1.07887054639148369E-01   -2.31382322617517816E-01
        3192   -1.80135394235175328E-01    8.55218078055594438E-02   -2.54588086933777602E-01
        3193   -1.80961902048037387E-01    8.40287269202174836E-02   -2.31382322617517816E-01
        3194   -1.90381697651952064E-01    5.96895815016043677E-02   -2.31382322617517816E-01
        3195   -1.96544009625263194E-01    3.43291307944203206E-02   -2.31382322617517816E-01
        3196   -1.96528992781712958E-01    3.37504794454613968E-02   -2.54588086933777602E-01
        3197   -1.99387870820040530E-01    7.24664822706297916E-03   -2.31382322617517816E-01
        3198   -1.98627957344230999E-01   -1.88406874060983442E-02   -2.31382322617517816E-01
        3199   -1.98346934993949231E-01   -2.05239675769370890E-02   -2.54588086933777602E-01
        3200   -1.94212452560075161E-01   -4.57117075952815366E-02   -2.31382322617517816E-01
        3201   -1.86584362973202994E-01   -7.06704495143478939E-02   -2.31382322617517816E-01
        3202   -1.85454392414534736E-01   -7.32762458150582746E-02   -2.54588086933777602E-01
        3203   -1.75223547847199318E-01   -9.54187886137537050E-02   -2.31382322617517816E-01
        3204   -1.61269834960790615E-01   -1.17473730137402727E-01   -2.31382322617517816E-01
        3205   -1.58807545947127066E-01   -1.20593960117595503E-01   -2.54588086933777602E-01
        3206   -1.43771754825606807E-01   -1.38339146502505062E-01   -2.31382322617517816E-01
        3207   -1.24484885504599241E-01   -1.55921615632928751E-01   -2.31382322617517816E-01
        3208   -1.20382670293002245E-01   -1.58967772078869501E-01   -2.54588086933777602E-01
        3209   -1.02094102640939613E-01   -1.71420043013112255E-01   -2.31382322617517816E-01
        3210   -7.88458679552308112E-02   -1.83279475247672685E-01   -2.31382322617517816E-01
        3211   -7.30295626973176681E-02   -1.85551671614220787E-01   -2.54588086933777602E-01
        3212   -5.31549412936896601E-02   -1.92308577959331733E-01   -2.31382322617517816E-01
        3213   -2.75988869899705218E-02   -1.97601463500629959E-01   -2.31382322617517816E-01
        3214   -2.02601865243917691E-02   -1.98374052508360932E-01   -2.54588086933777602E-01
        3215   -4.35100325813588028E-04   -1.99519040766495376E-01   -2.31382322617517816E-01
        3216    2.56110826844380794E-02   -1.97868919702935769E-01   -2.31382322617517816E-01
        3217    3.40117949988618107E-02   -1.96483937428860805E-01   -2.54588086933777602E-01
        3218    5.23156874344903461E-02   -1.92538582598222818E-01   -2.31382322617517816E-01
        3219    7.69994475181552673E-02   -1.84062820859006770E-01   -2.31382322617517816E-01
        3220    8.57612772806590345E-02   -1.80021507564465777E-01   -2.54588086933777602E-01
        3221    1.01345488048372498E-01   -1.71863693062011075E-01   -2.31382322617517816E-01
        3222    1.22911176785239953E-01   -1.57165134689419755E-01   -2.31382322617517816E-01
        3223    1.31150237958287452E-01   -1.50207706027612520E-01   -2.54588086933777602E-01
        3224    1.43167025197342507E-01   -1.38964887064392861E-01   -2.31382322617517816E-01
        3225    1.60080769010884638E-01   -1.19088976540903071E-01   -2.31382322617517816E-01
        3226    1.66812385458965762E-01   -1.09253686089223159E-01   -2.54588086933777602E-01
        3227    1.74805714969647891E-01   -9.61821134859604659E-02   -2.31382322617517816E-01
        3228    1.85864512878431726E-01   -7.25425378184362257E-02   -2.31382322617517816E-01
        3229    1.90102821446038350E-01   -6.01968200559527059E-02   -2.54588086933777602E-01
        3230    1.98244842118787984E-01   -2.02469901080230795E-02   -2.77793765473200449E-01
        3231    1.99155343758568859E-01    6.93592730237481327E-03   -2.77793765473200449E-01
        3232    1.98070452268792885E-01    2.04953585011938173E-02   -3.00999334916209504E-01
        3233    1.96355958160508909E-01    3.39896415104077171E-02   -2.77793765473200449E-01
        3234    1.89898832581659099E-01    6.04101930079732063E-02   -2.77793765473200449E-01
        3235    1.85195881055089995E-01    7.31741034949221630E-02   -3.00999334916209504E-01
        3236    1.79904251054202463E-01    8.57054169102749869E-02   -2.77793765473200449E-01
        3237    1.66558393721521147E-01    1.09404111056414607E-01   -2.77793765473200449E-01
        3238    1.58586178558313140E-01    1.20425859981680997E-01   -3.00999334916209504E-01
        3239    1.50109868654391299E-01    1.31064813614100689E-01   -2.77793765473200449E-01
        3240    1.30865080753008733E-01    1.50284026678306926E-01   -2.77793765473200449E-01
        3241    1.20214864681359071E-01    1.58746181345250453E-01   -3.00999334916209504E-01
        3242    1.09182524003439238E-01    1.66703732673794625E-01   -2.77793765473200449E-01
        3243    8.54661034129545888E-02    1.80018063545144602E-01   -2.77793765473200449E-01
        3244    7.29277642374008828E-02    1.85293024653899741E-01   -3.00999334916209504E-01
        3245    6.01576110239641915E-02    1.89978998499905211E-01   -2.77793765473200449E-01
        3246    3.37284961641685435E-02    1.96400984166681891E-01   -2.77793765473200449E-01
        3247    2.02319451422770663E-02    1.98097531983153469E-01   -3.00999334916209504E-01
        3248    6.67108323760011619E-03    1.99164391103366090E-01   -2.77793765473200449E-01
        3249   -2.05105993475105872E-02    1.98217742267294161E-01   -2.77793765473200449E-01
        3250   -3.39643847690593928E-02    1.96210051601124424E-01   -3.00999334916209504E-01
        3251   -4.73102082743216412E-02    1.93578671935153712E-01   -2.77793765473200449E-01
        3252   -7.32285175353337703E-02    1.85333597209774353E-01   -2.77793765473200449E-01
        3253   -8.56417316387958899E-02    1.79770569293099508E-01   -3.00999334916209504E-01
        3254   -9.77827180683383673E-02    1.73636108233009567E-01   -2.77793765473200449E-01
        3255   -1.20515411575738071E-01    1.58704107091996921E-01   -2.77793765473200449E-01
        3256   -1.30967423057735982E-01    1.49998326256237352E-01   -3.00999334916209504E-01
        3257   -1.41003130989396708E-01    1.40815748715563044E-01   -2.77793765473200449E-01
        3258   -1.58864228860892270E-01    1.20304259374186748E-01   -2.77793765473200449E-01
        3259   -1.66579859844577377E-01    1.09101393557633250E-01   -3.00999334916209504E-01
        3260   -1.73765986731374167E-01    9.75517293050690015E-02   -2.77793765473200449E-01
        3261   -1.85430813046923187E-01    7.29819950939585294E-02   -2.77793765473200449E-01
        3262   -1.89837830478898323E-01    6.01129096045241035E-02   -3.00999334916209504E-01
        3263   -1.93641414163980119E-01    4.70527444014849847E-02   -2.77793765473200449E-01
        3264   -1.98244842118787984E-01    2.02469901080231038E-02   -2.77793765473200449E-01
        3265   -1.99016397676886808E-01    6.66612614431072968E-03   -3.00999334916209504E-01
        3266   -1.99155343758568859E-01   -6.93592730237443424E-03   -2.77793765473200449E-01
        3267   -1.96355958160508881E-01   -3.39896415104078628E-02   -2.77793765473200449E-01
        3268   -1.93434829098619143E-01   -4.72750533965285852E-02   -3.00999334916209504E-01
        3269   -1.89898832581659099E-01   -6.04101930079731855E-02   -2.77793765473200449E-01
        3270   -1.79904251054202324E-01   -8.57054169102752922E-02   -2.77793765473200449E-01
        3271   -1.73507084151568097E-01   -9.77100584959260388E-02   -3.00999334916209504E-01
        3272   -1.66558393721521175E-01   -1.09404111056414594E-01   -2.77793765473200449E-01
        3273   -1.50109868654391437E-01   -1.31064813614100523E-01   -2.77793765473200449E-01
        3274   -1.40711112515089609E-01   -1.40898355550454935E-01   -3.00999334916209504E-01
        3275   -1.30865080753008622E-01   -1.50284026678307009E-01   -2.77793765473200449E-01
        3276   -1.09182524003439418E-01   -1.66703732673794514E-01   -2.77793765473200449E-01
        3277   -9.74792413738738012E-02   -1.73636866140893797E-01   -3.00999334916209504E-01
        3278   -8.54661034129546027E-02   -1.80018063545144574E-01   -2.77793765473200449E-01
        3279   -6.01576110239642192E-02   -1.89978998499905211E-01   -2.77793765473200449E-01
        3280   -4.70177808378142020E-02   -1.93497524705469798E-01   -3.00999334916209504E-01
        3281   -3.37284961641685713E-02   -1.96400984166681891E-01   -2.77793765473200449E-01
        3282   -6.67108323759996354E-03   -1.99164391103366117E-01   -2.77793765473200449E-01
        3283    6.93077341095069653E-03   -1.99007357054915651E-01   -3.00999334916209504E-01
        3284    2.05105993475105629E-02   -1.98217742267294189E-01   -2.77793765473200449E-01
        3285    4.73102082743212735E-02   -1.93578671935153795E-01   -2.77793765473200449E-01
        3286    6.03653039020040014E-02   -1.89757724129678895E-01   -3.00999334916209504E-01
        3287    7.32285175353337425E-02   -1.85333597209774353E-01   -2.77793765473200449E-01
        3288    9.77827180683383396E-02   -1.73636108233009567E-01   -2.77793765473200449E-01
        3289    1.09322815955536071E-01   -1.66434628889569169E-01   -3.00999334916209504E-01
        3290    1.20515411575738043E-01   -1.58704107091996921E-01   -2.77793765473200449E-01
        3291    1.41003130989396708E-01   -1.40815748715563072E-01   -2.77793765473200449E-01
        3292    1.50172354868250951E-01   -1.30767838612484255E-01   -3.00999334916209504E-01
        3293    1.58864228860892492E-01   -1.20304259374186484E-01   -2.77793765473200449E-01
        3294    1.73765986731374167E-01   -9.75517293050690154E-02   -2.77793765473200449E-01
        3295    1.79884297213198291E-01   -8.54025959685673769E-02   -3.00999334916209504E-01
        3296    1.85430813046923160E-01   -7.29819950939585571E-02   -2.77793765473200449E-01
        3297    1.93641414163980119E-01   -4.70527444014850055E-02   -2.77793765473200449E-01
        3298    1.96255044149745539E-01   -3.37034334725418022E-02   -3.00999334916209504E-01
        3299    1.97929926722656940E-01   -2.02148274104102764E-02   -3.24204765036712139E-01
        3300    1.98656623099294521E-01   -6.65407536484829802E-03   -3.47410016354209317E-01
        3301    1.98838982014671567E-01    6.92490946064627626E-03   -3.24204765036712139E-01
        3302    1.96044043289554715E-01    3.39356483708830384E-02   -3.24204765036712139E-01
        3303    1.93085144676918452E-01    4.71895912810198909E-02   -3.47410016354209317E-01
        3304    1.89597174967528315E-01    6.03142303606826052E-02   -3.24204765036712139E-01
        3305    1.79618470007488290E-01    8.55692723577690384E-02   -3.24204765036712139E-01
        3306    1.73193424379616795E-01    9.75334218195906544E-02   -3.47410016354209317E-01
        3307    1.66293812802405294E-01    1.09230320714111262E-01   -3.24204765036712139E-01
        3308    1.49871416504790467E-01    1.30856614867253224E-01   -3.24204765036712139E-01
        3309    1.40456740103275302E-01    1.40643644647517607E-01   -3.47410016354209317E-01
        3310    1.30657199285301423E-01    1.50045297875641720E-01   -3.24204765036712139E-01
        3311    1.09009085656041879E-01    1.66438920881213204E-01   -3.24204765036712139E-01
        3312    9.73030219603044366E-02    1.73322971753800570E-01   -3.47410016354209317E-01
        3313    8.53303390141210844E-02    1.79732101705299685E-01   -3.24204765036712139E-01
        3314    6.00620496075690152E-02    1.89677213540812378E-01   -3.24204765036712139E-01
        3315    4.69327838102440303E-02    1.93147726944940090E-01   -3.47410016354209317E-01
        3316    3.36749178585898298E-02    1.96088997771130064E-01   -3.24204765036712139E-01
        3317    6.66048610529657633E-03    1.98848014987603489E-01   -3.24204765036712139E-01
        3318   -6.91824421182231017E-03    1.98647598820629656E-01   -3.47410016354209317E-01
        3319   -2.04780179020145094E-02    1.97902869919750785E-01   -3.24204765036712139E-01
        3320   -4.72350551817092429E-02    1.93271168831902873E-01   -3.24204765036712139E-01
        3321   -6.02561777095594747E-02    1.89414687044089119E-01   -3.47410016354209317E-01
        3322   -7.31121927555248019E-02    1.85039191551811560E-01   -3.24204765036712139E-01
        3323   -9.76273885118860985E-02    1.73360284240705709E-01   -3.24204765036712139E-01
        3324   -1.09125186160249271E-01    1.66133754444023757E-01   -3.47410016354209317E-01
        3325   -1.20323970738384370E-01    1.58452002844449547E-01   -3.24204765036712139E-01
        3326   -1.40779145051721538E-01    1.40592060437904454E-01   -3.24204765036712139E-01
        3327   -1.49900878767942475E-01    1.30531441288200184E-01   -3.47410016354209317E-01
        3328   -1.58611870257117038E-01    1.20113153955794930E-01   -3.24204765036712139E-01
        3329   -1.73489956424805941E-01    9.73967666783038255E-02   -3.24204765036712139E-01
        3330   -1.79559108948307483E-01    8.52482082736410185E-02   -3.47410016354209317E-01
        3331   -1.85136252959904185E-01    7.28660619193557957E-02   -3.24204765036712139E-01
        3332   -1.93333811393602506E-01    4.69780002947332090E-02   -3.24204765036712139E-01
        3333   -1.95900261446242091E-01    3.36425056360287814E-02   -3.47410016354209317E-01
        3334   -1.97929926722656940E-01    2.02148274104104742E-02   -3.24204765036712139E-01
        3335   -1.98838982014671567E-01   -6.92490946064589809E-03   -3.24204765036712139E-01
        3336   -1.97712387736772688E-01   -2.04583077403849220E-02   -3.47410016354209317E-01
        3337   -1.96044043289554715E-01   -3.39356483708830106E-02   -3.24204765036712139E-01
        3338   -1.89597174967528342E-01   -6.03142303606824179E-02   -3.24204765036712139E-01
        3339   -1.84861090702856806E-01   -7.30418220222249920E-02   -3.47410016354209317E-01
        3340   -1.79618470007488151E-01   -8.55692723577693298E-02   -3.24204765036712139E-01
        3341   -1.66293812802405322E-01   -1.09230320714111248E-01   -3.24204765036712139E-01
        3342   -1.58299492254727919E-01   -1.20208158508778307E-01   -3.47410016354209317E-01
        3343   -1.49871416504790494E-01   -1.30856614867253196E-01   -3.24204765036712139E-01
        3344   -1.30657199285301312E-01   -1.50045297875641803E-01   -3.24204765036712139E-01
        3345   -1.19997544638056564E-01   -1.58459205794468955E-01   -3.47410016354209317E-01
        3346   -1.09009085656042060E-01   -1.66438920881213093E-01   -3.24204765036712139E-01
        3347   -8.53303390141209456E-02   -1.79732101705299741E-01   -3.24204765036712139E-01
        3348   -7.27959280878196086E-02   -1.84958058689015326E-01   -3.47410016354209317E-01
        3349   -6.00620496075690360E-02   -1.89677213540812378E-01   -3.24204765036712139E-01
        3350   -3.36749178585898576E-02   -1.96088997771130064E-01   -3.24204765036712139E-01
        3351   -2.01953705705211935E-02   -1.97739418497414332E-01   -3.47410016354209317E-01
        3352   -6.66048610529660062E-03   -1.98848014987603489E-01   -3.24204765036712139E-01
        3353    2.04780179020143081E-02   -1.97902869919750812E-01   -3.24204765036712139E-01
        3354    3.39029851943202509E-02   -1.95855350233507641E-01   -3.47410016354209317E-01
        3355    4.72350551817088821E-02   -1.93271168831902956E-01   -3.24204765036712139E-01
        3356    7.31121927555247880E-02   -1.85039191551811560E-01   -3.24204765036712139E-01
        3357    8.54869116431357795E-02   -1.79445586621390429E-01   -3.47410016354209317E-01
        3358    9.76273885118860707E-02   -1.73360284240705709E-01   -3.24204765036712139E-01
        3359    1.20323970738384356E-01   -1.58452002844449547E-01   -3.24204765036712139E-01
        3360    1.30730664931978657E-01   -1.49727164758499870E-01   -3.47410016354209317E-01
        3361    1.40779145051721510E-01   -1.40592060437904454E-01   -3.24204765036712139E-01
        3362    1.58611870257117232E-01   -1.20113153955794666E-01   -3.24204765036712139E-01
        3363    1.66278722855814132E-01   -1.08904164041672913E-01   -3.47410016354209317E-01
        3364    1.73489956424805941E-01   -9.73967666783038394E-02   -3.24204765036712139E-01
        3365    1.85136252959904185E-01   -7.28660619193558096E-02   -3.24204765036712139E-01
        3366    1.89494648579975250E-01   -6.00042396812752732E-02   -3.47410016354209317E-01
        3367    1.93333811393602423E-01   -4.69780002947335767E-02   -3.24204765036712139E-01
        3368    1.95640899232770865E-01    3.38658632617602762E-02   -3.70615036900225181E-01
        3369    1.89207288220710451E-01    6.01902004585169112E-02   -3.70615036900225181E-01
        3370    1.84428493730822679E-01    7.28708954582924368E-02   -3.93819757734998777E-01
        3371    1.79249103423035655E-01    8.53933081049639969E-02   -3.70615036900225181E-01
        3372    1.65951846980917916E-01    1.09005699991759353E-01   -3.70615036900225181E-01
        3373    1.57929052586955943E-01    1.19926857099233591E-01   -3.93819757734998777E-01
        3374    1.49563221622498410E-01    1.30587521934413281E-01   -3.70615036900225181E-01
        3375    1.30388516429734508E-01    1.49736745424509266E-01   -3.70615036900225181E-01
        3376    1.19716736090056633E-01    1.58088392377989662E-01   -3.93819757734998777E-01
        3377    1.08784919880432124E-01    1.66096656660148972E-01   -3.70615036900225181E-01
        3378    8.51548661027300147E-02    1.79362501449153444E-01   -3.70615036900225181E-01
        3379    7.26255769449832556E-02    1.84525234800343274E-01   -3.93819757734998777E-01
        3380    5.99385382887281867E-02    1.89287162203045645E-01   -3.70615036900225181E-01
        3381    3.36056689144771867E-02    1.95685761270159825E-01   -3.70615036900225181E-01
        3382    2.01481109978076112E-02    1.97276684704334793E-01   -3.93819757734998777E-01
        3383    6.64678951271673469E-03    1.98439104856490134E-01   -3.70615036900225181E-01
        3384   -2.04359070014569072E-02    1.97495903380549259E-01   -3.70615036900225181E-01
        3385   -3.38236481706003789E-02    1.95397025384587003E-01   -3.93819757734998777E-01
        3386   -4.71379212344143553E-02    1.92873726901228282E-01   -3.70615036900225181E-01
        3387   -7.29618451831464260E-02    1.84658677820843331E-01   -3.70615036900225181E-01
        3388   -8.52868620870896876E-02    1.79025662573976369E-01   -3.93819757734998777E-01
        3389   -9.74266280052294015E-02    1.73003786960291978E-01   -3.70615036900225181E-01
        3390   -1.20076537085834323E-01    1.58126162884406035E-01   -3.70615036900225181E-01
        3391   -1.30424739604011852E-01    1.49376785358164649E-01   -3.93819757734998777E-01
        3392   -1.40489647474062979E-01    1.40302947580173670E-01   -3.70615036900225181E-01
        3393   -1.58285701546471536E-01    1.19866153825893607E-01   -3.70615036900225181E-01
        3394   -1.65889610837986951E-01    1.08649315325660190E-01   -3.93819757734998777E-01
        3395   -1.73133192487117477E-01    9.71964804213103911E-02   -3.70615036900225181E-01
        3396   -1.84755539632308813E-01    7.27162204892815994E-02   -3.70615036900225181E-01
        3397   -1.89051208530580939E-01    5.98638226129963869E-02   -3.93819757734998777E-01
        3398   -1.92936240645056045E-01    4.68813949539096664E-02   -3.70615036900225181E-01
        3399   -1.97522904543972061E-01    2.01732577335528018E-02   -3.70615036900225181E-01
        3400   -1.98191742938193416E-01    6.63850403589216070E-03   -3.93819757734998777E-01
        3401   -1.98430090458921654E-01   -6.91066910911104781E-03   -3.70615036900225181E-01
        3402   -1.95640899232770865E-01   -3.38658632617602484E-02   -3.70615036900225181E-01
        3403   -1.92633302438974169E-01   -4.70791620164186519E-02   -3.93819757734998777E-01
        3404   -1.89207288220710562E-01   -6.01902004585165573E-02   -3.70615036900225181E-01
        3405   -1.79249103423035600E-01   -8.53933081049641357E-02   -3.70615036900225181E-01
        3406   -1.72788131136576983E-01   -9.73051819948072966E-02   -3.93819757734998777E-01
        3407   -1.65951846980917944E-01   -1.09005699991759325E-01   -3.70615036900225181E-01
        3408   -1.49563221622498188E-01   -1.30587521934413531E-01   -3.70615036900225181E-01
        3409   -1.40128054600882790E-01   -1.40314521766228828E-01   -3.93819757734998777E-01
        3410   -1.30388516429734536E-01   -1.49736745424509238E-01   -3.70615036900225181E-01
        3411   -1.08784919880432290E-01   -1.66096656660148861E-01   -3.70615036900225181E-01
        3412   -9.70753212986359970E-02   -1.72917375354474073E-01   -3.93819757734998777E-01
        3413   -8.51548661027298759E-02   -1.79362501449153500E-01   -3.70615036900225181E-01
        3414   -5.99385382887283741E-02   -1.89287162203045589E-01   -3.70615036900225181E-01
        3415   -4.68229555057141644E-02   -1.92695738257034122E-01   -3.93819757734998777E-01
        3416   -3.36056689144772144E-02   -1.95685761270159825E-01   -3.70615036900225181E-01
        3417   -6.64678951271675898E-03   -1.98439104856490134E-01   -3.70615036900225181E-01
        3418    6.90205469629804648E-03   -1.98182739777415545E-01   -3.93819757734998777E-01
        3419    2.04359070014568829E-02   -1.97495903380549259E-01   -3.70615036900225181E-01
        3420    4.71379212344143345E-02   -1.92873726901228310E-01   -3.70615036900225181E-01
        3421    6.01151710762847305E-02   -1.88971434114213438E-01   -3.93819757734998777E-01
        3422    7.29618451831463982E-02   -1.84658677820843331E-01   -3.70615036900225181E-01
        3423    9.74266280052290823E-02   -1.73003786960292172E-01   -3.70615036900225181E-01
        3424    1.08869820226151950E-01   -1.65744981669548125E-01   -3.93819757734998777E-01
        3425    1.20076537085834295E-01   -1.58126162884406035E-01   -3.70615036900225181E-01
        3426    1.40489647474062951E-01   -1.40302947580173698E-01   -3.70615036900225181E-01
        3427    1.49550092856133160E-01   -1.30225982167290422E-01   -3.93819757734998777E-01
        3428    1.58285701546471508E-01   -1.19866153825893620E-01   -3.70615036900225181E-01
        3429    1.73133192487117477E-01   -9.71964804213104050E-02   -3.70615036900225181E-01
        3430    1.79138919245126482E-01   -8.50487173119121448E-02   -3.93819757734998777E-01
        3431    1.84755539632308924E-01   -7.27162204892812941E-02   -3.70615036900225181E-01
        3432    1.92936240645056045E-01   -4.68813949539096941E-02   -3.70615036900225181E-01
        3433    1.95441831499734042E-01   -3.35637781655024128E-02   -3.93819757734998777E-01
        3434    1.97522904543972061E-01   -2.01732577335528261E-02   -3.70615036900225181E-01
        3435    1.98430090458921654E-01    6.91066910911102266E-03   -3.70615036900225181E-01
        3436    1.97249717198892782E-01    2.04104328633743677E-02   -3.93819757734998777E-01
        3437    1.95119345574098324E-01    3.37755811941685413E-02   -4.17024086667482252E-01
        3438    1.92047284960054826E-01    4.69359406134466917E-02   -4.40227899396739453E-01
        3439    1.88702885747577237E-01    6.00297410689491912E-02   -4.17024086667482252E-01
        3440    1.78771248199149996E-01    8.51656604482474433E-02   -4.17024086667482252E-01
        3441    1.72262485447520125E-01    9.70091660063130967E-02   -4.40227899396739453E-01
        3442    1.65509440544964082E-01    1.08715104713012517E-01   -4.17024086667482252E-01
        3443    1.49164505169313177E-01    1.30239392273851701E-01   -4.17024086667482252E-01
        3444    1.39701765437776682E-01    1.39887665343896267E-01   -4.40227899396739453E-01
        3445    1.30040917292440134E-01    1.49337566379022735E-01   -4.17024086667482252E-01
        3446    1.08494913173273408E-01    1.65653864180079241E-01   -4.17024086667482252E-01
        3447    9.67800045785650598E-02    1.72391336486409363E-01   -4.40227899396739453E-01
        3448    8.49278541019478916E-02    1.78884343920608452E-01   -4.17024086667482252E-01
        3449    5.97787497983738522E-02    1.88782546796073536E-01   -4.17024086667482252E-01
        3450    4.66805135188219644E-02    1.92109530839613907E-01   -4.40227899396739453E-01
        3451    3.35160804917943519E-02    1.95164088015023496E-01   -4.17024086667482252E-01
        3452    6.62907002051250568E-03    1.97910091538888999E-01   -4.17024086667482252E-01
        3453   -6.88105767947226696E-03    1.97579840133069395E-01   -4.40227899396739453E-01
        3454   -2.03814274825695023E-02    1.96969404517658625E-01   -4.17024086667482252E-01
        3455   -4.70122575547929772E-02    1.92359550170689675E-01   -4.17024086667482252E-01
        3456   -5.99322923084243189E-02    1.88396556551480188E-01   -4.40227899396739453E-01
        3457   -7.27673382193776142E-02    1.84166401362286986E-01   -4.17024086667482252E-01
        3458   -9.71669010540271716E-02    1.72542580952717794E-01   -4.17024086667482252E-01
        3459   -1.08538622988854527E-01    1.65240762227365640E-01   -4.40227899396739453E-01
        3460   -1.19756428368876677E-01    1.57704618723100154E-01   -4.17024086667482252E-01
        3461   -1.40115120011078204E-01    1.39928917835268868E-01   -4.17024086667482252E-01
        3462   -1.49095140533362008E-01    1.29829816495035277E-01   -4.40227899396739453E-01
        3463   -1.57863732075461866E-01    1.19546605963846031E-01   -4.17024086667482252E-01
        3464   -1.72671641500930922E-01    9.69373670141822075E-02   -4.17024086667482252E-01
        3465   -1.78593953569393393E-01    8.47899872051579434E-02   -4.40227899396739453E-01
        3466   -1.84263004952530146E-01    7.25223683295858762E-02   -4.17024086667482252E-01
        3467   -1.92421897260857927E-01    4.67564151405998260E-02   -4.17024086667482252E-01
        3468   -1.94847270082156077E-01    3.34616724526556469E-02   -4.40227899396739453E-01
        3469   -1.96996333699427123E-01    2.01194784040795716E-02   -4.17024086667482252E-01
        3470   -1.97901101172553467E-01   -6.89224614759432076E-03   -4.17024086667482252E-01
        3471   -1.96649655939874185E-01   -2.03483414686947625E-02   -4.40227899396739453E-01
        3472   -1.95119345574098352E-01   -3.37755811941683470E-02   -4.17024086667482252E-01
        3473   -1.88702885747577348E-01   -6.00297410689488373E-02   -4.17024086667482252E-01
        3474   -1.83867436428847342E-01   -7.26492119907798939E-02   -4.40227899396739453E-01
        3475   -1.78771248199150024E-01   -8.51656604482474155E-02   -4.17024086667482252E-01
        3476   -1.65509440544964193E-01   -1.08715104713012337E-01   -4.17024086667482252E-01
        3477   -1.57448610295444935E-01   -1.19562022807539539E-01   -4.40227899396739453E-01
        3478   -1.49164505169312955E-01   -1.30239392273851950E-01   -4.17024086667482252E-01
        3479   -1.30040917292440161E-01   -1.49337566379022707E-01   -4.17024086667482252E-01
        3480   -1.19352541015893820E-01   -1.57607465352523429E-01   -4.40227899396739453E-01
        3481   -1.08494913173273436E-01   -1.65653864180079241E-01   -4.17024086667482252E-01
        3482   -8.49278541019477390E-02   -1.78884343920608535E-01   -4.17024086667482252E-01
        3483   -7.24046397707382300E-02   -1.83963883198488498E-01   -4.40227899396739453E-01
        3484   -5.97787497983740396E-02   -1.88782546796073480E-01   -4.17024086667482252E-01
        3485   -3.35160804917941993E-02   -1.95164088015023524E-01   -4.17024086667482252E-01
        3486   -2.00868176229735441E-02   -1.96676541406388627E-01   -4.40227899396739453E-01
        3487   -6.62907002051252997E-03   -1.97910091538888999E-01   -4.17024086667482252E-01
        3488    2.03814274825694780E-02   -1.96969404517658625E-01   -4.17024086667482252E-01
        3489    3.37207518968105774E-02   -1.94802600273485144E-01   -4.40227899396739453E-01
        3490    4.70122575547929564E-02   -1.92359550170689703E-01   -4.17024086667482252E-01
        3491    7.27673382193775864E-02   -1.84166401362286986E-01   -4.17024086667482252E-01
        3492    8.50274075105838939E-02   -1.78481041440895327E-01   -4.40227899396739453E-01
        3493    9.71669010540268385E-02   -1.72542580952717961E-01   -4.17024086667482252E-01
        3494    1.19756428368876650E-01   -1.57704618723100154E-01   -4.17024086667482252E-01
        3495    1.30027969283803779E-01   -1.48922360261069170E-01   -4.40227899396739453E-01
        3496    1.40115120011078176E-01   -1.39928917835268896E-01   -4.17024086667482252E-01
        3497    1.57863732075461838E-01   -1.19546605963846059E-01   -4.17024086667482252E-01
        3498    1.65384951413622999E-01   -1.08318788895145318E-01   -4.40227899396739453E-01
        3499    1.72671641500930922E-01   -9.69373670141822213E-02   -4.17024086667482252E-01
        3500    1.84263004952530285E-01   -7.25223683295855709E-02   -4.17024086667482252E-01
        3501    1.88476088282903020E-01   -5.96817084823552807E-02   -4.40227899396739453E-01
        3502    1.92421897260857927E-01   -4.67564151405998468E-02   -4.17024086667482252E-01
        3503    1.96996333699427123E-01   -2.01194784040795958E-02   -4.17024086667482252E-01
        3504    1.97588815904971571E-01   -6.61830877707840146E-03   -4.40227899396739453E-01
        3505    1.97901101172553495E-01    6.89224614759394432E-03   -4.17024086667482252E-01
        3506    1.78149238616017669E-01    8.48693384306621890E-02   -4.63431026897108744E-01
        3507    1.64933573568842889E-01    1.08336845694048944E-01   -4.63431026897108744E-01
        3508    1.56820320027917376E-01    1.19084916943252003E-01   -4.86633237301918209E-01
        3509    1.48645508112386138E-01    1.29786242503339366E-01   -4.63431026897108744E-01
        3510    1.29588458087897845E-01    1.48817967179793897E-01   -4.63431026897108744E-01
        3511    1.18876271077504037E-01    1.56978541182377640E-01   -4.86633237301918209E-01
        3512    1.08117420280010673E-01    1.65077494702096234E-01   -4.63431026897108744E-01
        3513    8.46323594983220268E-02    1.78261940836713234E-01   -4.63431026897108744E-01
        3514    7.21157129240265760E-02    1.83229785151047542E-01   -4.86633237301918209E-01
        3515    5.95707579897535033E-02    1.88125704298087087E-01   -4.63431026897108744E-01
        3516    3.33994659720383141E-02    1.94485041835889605E-01   -4.63431026897108744E-01
        3517    2.00066622504082546E-02    1.95891714175556036E-01   -4.86633237301918209E-01
        3518    6.60600509748051918E-03    1.97221491024120232E-01   -4.63431026897108744E-01
        3519   -2.03105131530015130E-02    1.96284076991962930E-01   -4.63431026897108744E-01
        3520   -3.35861910379331163E-02    1.94025250904626106E-01   -4.86633237301918209E-01
        3521   -4.68486849724099805E-02    1.91690261989181293E-01   -4.63431026897108744E-01
        3522   -7.25141544318981812E-02    1.83525620097445524E-01   -4.63431026897108744E-01
        3523   -8.46881101835909728E-02    1.77768822380561464E-01   -4.86633237301918209E-01
        3524   -9.68288223963699318E-02    1.71942243147102519E-01   -4.63431026897108744E-01
        3525   -1.19339752606764396E-01    1.57155907534146960E-01   -4.63431026897108744E-01
        3526   -1.29509099619257106E-01    1.48328093538779737E-01   -4.86633237301918209E-01
        3527   -1.39627609025578470E-01    1.39442054714226271E-01   -4.63431026897108744E-01
        3528   -1.57314467273827835E-01    1.19130660249479131E-01   -4.63431026897108744E-01
        3529   -1.64724991600870674E-01    1.07886548555103629E-01   -4.86633237301918209E-01
        3530   -1.72070854647168370E-01    9.66000869881498969E-02   -4.63431026897108744E-01
        3531   -1.83621887568992420E-01    7.22700368806144938E-02   -4.63431026897108744E-01
        3532   -1.87723984522141951E-01    5.94435518132140212E-02   -4.86633237301918209E-01
        3533   -1.91752392151359391E-01    4.65937327261549128E-02   -4.63431026897108744E-01
        3534   -1.96310912477405564E-01    2.00494754897349754E-02   -4.63431026897108744E-01
        3535   -1.96800348291491622E-01    6.59189876949350332E-03   -4.86633237301918209E-01
        3536   -1.97212531938508379E-01   -6.86826553999496641E-03   -4.63431026897108744E-01
        3537   -1.94440455070036988E-01   -3.36580637779715641E-02   -4.63431026897108744E-01
        3538   -1.91280930529748455E-01   -4.67486452500303976E-02   -4.86633237301918209E-01
        3539   -1.88046320419080093E-01   -5.98208759712672150E-02   -4.63431026897108744E-01
        3540   -1.78149238616017669E-01   -8.48693384306621751E-02   -4.63431026897108744E-01
        3541   -1.71575081202644975E-01   -9.66220561121808874E-02   -4.86633237301918209E-01
        3542   -1.64933573568843084E-01   -1.08336845694048611E-01   -4.63431026897108744E-01
        3543   -1.48645508112386054E-01   -1.29786242503339505E-01   -4.63431026897108744E-01
        3544   -1.39144293006509961E-01   -1.39329451088986034E-01   -4.86633237301918209E-01
        3545   -1.29588458087897873E-01   -1.48817967179793870E-01   -4.63431026897108744E-01
        3546   -1.08117420280010409E-01   -1.65077494702096428E-01   -4.63431026897108744E-01
        3547   -9.63938091408668291E-02   -1.71703418068347685E-01   -4.86633237301918209E-01
        3548   -8.46323594983220545E-02   -1.78261940836713234E-01   -4.63431026897108744E-01
        3549   -5.95707579897536837E-02   -1.88125704298087004E-01   -4.63431026897108744E-01
        3550   -4.64942374235803174E-02   -1.91342928020450748E-01   -4.86633237301918209E-01
        3551   -3.33994659720381684E-02   -1.94485041835889633E-01   -4.63431026897108744E-01
        3552   -6.60600509748071954E-03   -1.97221491024120232E-01   -4.63431026897108744E-01
        3553    6.85359918643017613E-03   -1.96791408336927681E-01   -4.86633237301918209E-01
        3554    2.03105131530014887E-02   -1.96284076991962930E-01   -4.63431026897108744E-01
        3555    4.68486849724099597E-02   -1.91690261989181321E-01   -4.63431026897108744E-01
        3556    5.96931356979131730E-02   -1.87644770157844198E-01   -4.86633237301918209E-01
        3557    7.25141544318984865E-02   -1.83525620097445386E-01   -4.63431026897108744E-01
        3558    9.68288223963699041E-02   -1.71942243147102547E-01   -4.63431026897108744E-01
        3559    1.08105505412606773E-01   -1.64581377793857647E-01   -4.86633237301918209E-01
        3560    1.19339752606764382E-01   -1.57155907534146960E-01   -4.63431026897108744E-01
        3561    1.39627609025578220E-01   -1.39442054714226549E-01   -4.63431026897108744E-01
        3562    1.48500184340627173E-01   -1.29311737548605366E-01   -4.86633237301918209E-01
        3563    1.57314467273827807E-01   -1.19130660249479145E-01   -4.63431026897108744E-01
        3564    1.72070854647168370E-01   -9.66000869881499108E-02   -4.63431026897108744E-01
        3565    1.77881283939243212E-01   -8.44516372912093999E-02   -4.86633237301918209E-01
        3566    1.83621887568992420E-01   -7.22700368806145216E-02   -4.63431026897108744E-01
        3567    1.91752392151359391E-01   -4.65937327261549405E-02   -4.63431026897108744E-01
        3568    1.94069742460812183E-01   -3.33281454364577970E-02   -4.86633237301918209E-01
        3569    1.96310912477405591E-01   -2.00494754897346528E-02   -4.63431026897108744E-01
        3570    1.97212531938508379E-01    6.86826553999494212E-03   -4.63431026897108744E-01
        3571    1.95864935994059353E-01    2.02671424991953050E-02   -4.86633237301918209E-01
        3572    1.94440455070036988E-01    3.36580637779715433E-02   -4.63431026897108744E-01
        3573    1.88046320419080093E-01    5.98208759712671942E-02   -4.63431026897108744E-01
        3574    1.83133723247087821E-01    7.23593091916906878E-02   -4.86633237301918209E-01
        3575    1.77331272965997905E-01    8.44796639974989966E-02   -5.09834209665282923E-01
        3576    1.70665304124311829E-01    9.61097175412412158E-02   -5.33033495623852493E-01
        3577    1.64176287156830247E-01    1.07839421067945335E-01   -5.09834209665282923E-01
        3578    1.47963007751395287E-01    1.29190333763916393E-01   -5.09834209665282923E-01
        3579    1.38406480222329126E-01    1.38590656503846027E-01   -5.33033495623852493E-01
        3580    1.28993457468313893E-01    1.48134674979364223E-01   -5.09834209665282923E-01
        3581    1.07621003137592194E-01    1.64319547481515282E-01   -5.09834209665282923E-01
        3582    9.58826808497719729E-02    1.70792960483627021E-01   -5.33033495623852493E-01
        3583    8.42437731451748523E-02    1.77443457718609338E-01   -5.09834209665282923E-01
        3584    5.92972410544029688E-02    1.87261932074321014E-01   -5.09834209665282923E-01
        3585    4.62477016726655851E-02    1.90328331910141896E-01   -5.33033495623852493E-01
        3586    3.32461135574764199E-02    1.93592070948670231E-01   -5.09834209665282923E-01
        3587    6.57567386903648056E-03    1.96315955831510708E-01   -5.09834209665282923E-01
        3588   -6.81725796834543960E-03    1.95747921653063900E-01   -5.33033495623852493E-01
        3589   -2.02172581819308507E-02    1.95382845901263147E-01   -5.09834209665282923E-01
        3590   -4.66335809654901332E-02    1.90810123230416323E-01   -5.09834209665282923E-01
        3591   -5.93766127727239634E-02    1.86649783534133806E-01   -5.33033495623852493E-01
        3592   -7.21812083697858375E-02    1.82682968990404648E-01   -5.09834209665282923E-01
        3593   -9.63842364342440833E-02    1.71152776687552799E-01   -5.09834209665282923E-01
        3594   -1.07532275837678992E-01    1.63708684836420121E-01   -5.33033495623852493E-01
        3595   -1.18791808539910532E-01    1.56434331988501901E-01   -5.09834209665282923E-01
        3596   -1.38986514015212309E-01    1.38801811669627628E-01   -5.09834209665282923E-01
        3597   -1.47712761931182296E-01    1.28626061901789074E-01   -5.33033495623852493E-01
        3598   -1.56592163706993692E-01    1.18583676222461909E-01   -5.09834209665282923E-01
        3599   -1.71280797672665769E-01    9.61565512562036484E-02   -5.09834209665282923E-01
        3600   -1.76938068213171484E-01    8.40038323809818160E-02   -5.33033495623852493E-01
        3601   -1.82778794453411136E-01    7.19382116752235595E-02   -5.09834209665282923E-01
        3602   -1.90871968124249253E-01    4.63797993230583155E-02   -5.09834209665282923E-01
        3603   -1.93040687413591761E-01    3.31514229044391137E-02   -5.33033495623852493E-01
        3604   -1.95409558172565473E-01    1.99574190634545096E-02   -5.09834209665282923E-01
        3605   -1.96307037881209567E-01   -6.83673015241445092E-03   -5.09834209665282923E-01
        3606   -1.94826361930928948E-01   -2.01596759512570577E-02   -5.33033495623852493E-01
        3607   -1.93547688901306442E-01   -3.35035240211337959E-02   -5.09834209665282923E-01
        3608   -1.87182912683462682E-01   -5.95462106284419673E-02   -5.09834209665282923E-01
        3609   -1.82162656455149535E-01   -7.19756238660296810E-02   -5.33033495623852493E-01
        3610   -1.77331272965997988E-01   -8.44796639974988300E-02   -5.09834209665282923E-01
        3611   -1.64176287156830442E-01   -1.07839421067945002E-01   -5.09834209665282923E-01
        3612   -1.55988780088794549E-01   -1.18453469025228270E-01   -5.33033495623852493E-01
        3613   -1.47963007751395315E-01   -1.29190333763916393E-01   -5.09834209665282923E-01
        3614   -1.28993457468314032E-01   -1.48134674979364084E-01   -5.09834209665282923E-01
        3615   -1.18245929504439143E-01   -1.56146162275389327E-01   -5.33033495623852493E-01
        3616   -1.07621003137591931E-01   -1.64319547481515477E-01   -5.09834209665282923E-01
        3617   -8.42437731451748800E-02   -1.77443457718609338E-01   -5.09834209665282923E-01
        3618   -7.17333192678727138E-02   -1.82258208990746018E-01   -5.33033495623852493E-01
        3619   -5.92972410544029896E-02   -1.87261932074321014E-01   -5.09834209665282923E-01
        3620   -3.32461135574762742E-02   -1.93592070948670258E-01   -5.09834209665282923E-01
        3621   -1.99005768993084052E-02   -1.94852998121085447E-01   -5.33033495623852493E-01
        3622   -6.57567386903667919E-03   -1.96315955831510708E-01   -5.09834209665282923E-01
        3623    2.02172581819309999E-02   -1.95382845901263119E-01   -5.09834209665282923E-01
        3624    3.34081002187963869E-02   -1.92996431773936883E-01   -5.33033495623852493E-01
        3625    4.66335809654901123E-02   -1.90810123230416351E-01   -5.09834209665282923E-01
        3626    7.21812083697861429E-02   -1.82682968990404537E-01   -5.09834209665282923E-01
        3627    8.42390513755617576E-02   -1.76826202982042463E-01   -5.33033495623852493E-01
        3628    9.63842364342440694E-02   -1.71152776687552827E-01   -5.09834209665282923E-01
        3629    1.18791808539910504E-01   -1.56434331988501901E-01   -5.09834209665282923E-01
        3630    1.28822377459819559E-01   -1.47541583641022322E-01   -5.33033495623852493E-01
        3631    1.38986514015212032E-01   -1.38801811669627906E-01   -5.09834209665282923E-01
        3632    1.56592163706993664E-01   -1.18583676222461937E-01   -5.09834209665282923E-01
        3633    1.63851537131045499E-01   -1.07314479999181089E-01   -5.33033495623852493E-01
        3634    1.71280797672665769E-01   -9.61565512562036623E-02   -5.09834209665282923E-01
        3635    1.82778794453411136E-01   -7.19382116752235734E-02   -5.09834209665282923E-01
        3636    1.86728577864167689E-01   -5.91283523068796210E-02   -5.33033495623852493E-01
        3637    1.90871968124249253E-01   -4.63797993230583364E-02   -5.09834209665282923E-01
        3638    1.95409558172565501E-01   -1.99574190634541834E-02   -5.09834209665282923E-01
        3639    1.95756814203507795E-01   -6.55694521818992512E-03   -5.33033495623852493E-01
        3640    1.96307037881209567E-01    6.83673015241442663E-03   -5.09834209665282923E-01
        3641    1.93547688901306442E-01    3.35035240211337751E-02   -5.09834209665282923E-01
        3642    1.90266663161210076E-01    4.65007605013041531E-02   -5.33033495623852493E-01
        3643    1.87182912683462793E-01    5.95462106284416134E-02   -5.09834209665282923E-01
        3644    1.47053209844109856E-01    1.28395965650655253E-01   -5.56230462915026980E-01
        3645    1.28200299911964494E-01    1.47223821521187320E-01   -5.56230462915026980E-01
        3646    1.17399012831206226E-01    1.55027791530226444E-01   -5.79424211496954777E-01
        3647    1.06959260956741992E-01    1.63309176154947361E-01   -5.56230462915026980E-01
        3648    8.37257733445889718E-02    1.76352389829768308E-01   -5.56230462915026980E-01
        3649    7.12195413782750614E-02    1.80952815082687346E-01   -5.79424211496954777E-01
        3650    5.89326329902729179E-02    1.86110492153596374E-01   -5.56230462915026980E-01
        3651    3.30416891881718175E-02    1.92401708143177114E-01   -5.56230462915026980E-01
        3652    1.97580423490400330E-02    1.93457396144511934E-01   -5.79424211496954777E-01
        3653    6.53524123377204579E-03    1.95108844348062471E-01   -5.56230462915026980E-01
        3654   -2.00929458996617939E-02    1.94181471942853817E-01   -5.56230462915026980E-01
        3655   -3.31688202941942470E-02    1.91614127142996721E-01   -5.79424211496954777E-01
        3656   -4.63468394682983870E-02    1.89636866120804243E-01   -5.56230462915026980E-01
        3657   -7.17373791092286578E-02    1.81559684289654077E-01   -5.56230462915026980E-01
        3658   -8.36357032734643402E-02    1.75559714907589509E-01   -5.79424211496954777E-01
        3659   -9.57915871096878119E-02    1.70100389064302693E-01   -5.56230462915026980E-01
        3660   -1.18061379086936369E-01    1.55472445432979445E-01   -5.56230462915026980E-01
        3661   -1.27899708748824947E-01    1.46484841749741551E-01   -5.79424211496954777E-01
        3662   -1.38131910952503573E-01    1.37948344308402915E-01   -5.56230462915026980E-01
        3663   -1.55629306672637552E-01    1.17854526537652313E-01   -5.56230462915026980E-01
        3664   -1.62677977928520123E-01    1.06545858002875901E-01   -5.79424211496954777E-01
        3665   -1.70227622871416989E-01    9.55653019268326853E-02   -5.56230462915026980E-01
        3666   -1.81654920539133374E-01    7.14958765576113042E-02   -5.56230462915026980E-01
        3667   -1.85391165687486426E-01    5.87048553828048783E-02   -5.79424211496954777E-01
        3668   -1.89698330741514598E-01    4.60946182835154164E-02   -5.56230462915026980E-01
        3669   -1.94208019965207090E-01    1.98347044851640494E-02   -5.56230462915026980E-01
        3670   -1.94354738795561643E-01    6.50998219583443383E-03   -5.79424211496954777E-01
        3671   -1.95099981232632891E-01   -6.79469232904313450E-03   -5.56230462915026980E-01
        3672   -1.92357598993035561E-01   -3.32975168812118458E-02   -5.56230462915026980E-01
        3673   -1.88903910040938178E-01   -4.61677065894138122E-02   -5.79424211496954777E-01
        3674   -1.86031958638752132E-01   -5.91800716952056438E-02   -5.56230462915026980E-01
        3675   -1.76240894881012050E-01   -8.39602137465128573E-02   -5.56230462915026980E-01
        3676   -1.69442942456464102E-01   -9.54213477801297005E-02   -5.79424211496954777E-01
        3677   -1.63166796712217621E-01   -1.07176335874547946E-01   -5.56230462915026980E-01
        3678   -1.47053209844109883E-01   -1.28395965650655253E-01   -5.56230462915026980E-01
        3679   -1.37415166979877351E-01   -1.37598024129612778E-01   -5.79424211496954777E-01
        3680   -1.28200299911964771E-01   -1.47223821521187070E-01   -5.56230462915026980E-01
        3681   -1.06959260956741881E-01   -1.63309176154947444E-01   -5.56230462915026980E-01
        3682   -9.51959372009523880E-02   -1.69569684498478090E-01   -5.79424211496954777E-01
        3683   -8.37257733445889996E-02   -1.76352389829768308E-01   -5.56230462915026980E-01
        3684   -5.89326329902726057E-02   -1.86110492153596457E-01   -5.56230462915026980E-01
        3685   -4.59164602522676990E-02   -1.88965137097780539E-01   -5.79424211496954777E-01
        3686   -3.30416891881718383E-02   -1.92401708143177114E-01   -5.56230462915026980E-01
        3687   -6.53524123377224354E-03   -1.95108844348062471E-01   -5.56230462915026980E-01
        3688    6.76843049949876069E-03   -1.94345909936521510E-01   -5.79424211496954777E-01
        3689    2.00929458996619431E-02   -1.94181471942853789E-01   -5.56230462915026980E-01
        3690    4.63468394682983661E-02   -1.89636866120804271E-01   -5.56230462915026980E-01
        3691    5.89513377246269413E-02   -1.85312935708649457E-01   -5.79424211496954777E-01
        3692    7.17373791092286439E-02   -1.81559684289654077E-01   -5.56230462915026980E-01
        3693    9.57915871096877841E-02   -1.70100389064302721E-01   -5.56230462915026980E-01
        3694    1.06762093915144740E-01   -1.62536148789538176E-01   -5.79424211496954777E-01
        3695    1.18061379086936633E-01   -1.55472445432979250E-01   -5.56230462915026980E-01
        3696    1.38131910952503573E-01   -1.37948344308402943E-01   -5.56230462915026980E-01
        3697    1.46654794004057093E-01   -1.27704799268111513E-01   -5.79424211496954777E-01
        3698    1.55629306672637524E-01   -1.17854526537652340E-01   -5.56230462915026980E-01
        3699    1.70227622871416823E-01   -9.55653019268330045E-02   -5.56230462915026980E-01
        3700    1.75670778922729282E-01   -8.34021689955521950E-02   -5.79424211496954777E-01
        3701    1.81654920539133374E-01   -7.14958765576113320E-02   -5.56230462915026980E-01
        3702    1.89698330741514598E-01   -4.60946182835154372E-02   -5.56230462915026980E-01
        3703    1.91658065809041933E-01   -3.29139813881279067E-02   -5.79424211496954777E-01
        3704    1.94208019965207090E-01   -1.98347044851640737E-02   -5.56230462915026980E-01
        3705    1.95099981232632891E-01    6.79469232904311021E-03   -5.56230462915026980E-01
        3706    1.93430950731607931E-01    2.00152856474080480E-02   -5.79424211496954777E-01
        3707    1.92357598993035506E-01    3.32975168812121650E-02   -5.56230462915026980E-01
        3708    1.86031958638752132E-01    5.91800716952056230E-02   -5.56230462915026980E-01
        3709    1.80857946926129554E-01    7.14601105103145756E-02   -5.79424211496954777E-01
        3710    1.76240894881012050E-01    8.39602137465128295E-02   -5.56230462915026980E-01
        3711    1.63166796712217621E-01    1.07176335874547918E-01   -5.56230462915026980E-01
        3712    1.54871536567194046E-01    1.17605065884924129E-01   -5.79424211496954777E-01
        3713    1.45820382576282409E-01    1.27319552237436101E-01   -6.02613448055217660E-01
        3714    1.36059691639343228E-01    1.36240745070008246E-01   -6.25796297030316029E-01
        3715    1.27125526871357891E-01    1.45989563922611448E-01   -6.02613448055217660E-01
        3716    1.06062563131553836E-01    1.61940066254771392E-01   -6.02613448055217660E-01
        3717    9.42569160708190551E-02    1.67897034157970498E-01   -6.25796297030316029E-01
        3718    8.30238545186851723E-02    1.74873931554977019E-01   -6.02613448055217660E-01
        3719    5.84385685832988083E-02    1.84550226384498584E-01   -6.02613448055217660E-01
        3720    4.54635362340210722E-02    1.87101168300259413E-01   -6.25796297030316029E-01
        3721    3.27646826852234160E-02    1.90788699678914986E-01   -6.02613448055217660E-01
        3722    6.48045274188268228E-03    1.93473140484395956E-01   -6.02613448055217660E-01
        3723   -6.70166610341482467E-03    1.92428864720609133E-01   -6.25796297030316029E-01
        3724   -1.99244957745516905E-02    1.92553542747892492E-01   -6.02613448055217660E-01
        3725   -4.59582886332999124E-02    1.88047036835289921E-01   -6.02613448055217660E-01
        3726   -5.83698365240431991E-02    1.83484992548111736E-01   -6.25796297030316029E-01
        3727   -7.11359655312317346E-02    1.80037570425103211E-01   -6.02613448055217660E-01
        3728   -9.49885139857317151E-02    1.68674344722062108E-01   -6.02613448055217660E-01
        3729   -1.05708983193917208E-01    1.60932877866308832E-01   -6.25796297030316029E-01
        3730   -1.17071606149848004E-01    1.54169035120965414E-01   -6.02613448055217660E-01
        3731   -1.36973875799378586E-01    1.36791848094581281E-01   -6.02613448055217660E-01
        3732   -1.45208178166718826E-01    1.26445107852089678E-01   -6.25796297030316029E-01
        3733   -1.54324581307292014E-01    1.16866487758311668E-01   -6.02613448055217660E-01
        3734   -1.68800511858772262E-01    9.47641258749906956E-02   -6.02613448055217660E-01
        3735   -1.73937946848108371E-01    8.25794826363593082E-02   -6.25796297030316029E-01
        3736   -1.80132008257156945E-01    7.08964876272310807E-02   -6.02613448055217660E-01
        3737   -1.88107986164559177E-01    4.57081819562822136E-02   -6.02613448055217660E-01
        3738   -1.89767533724933490E-01    3.25893149694862494E-02   -6.25796297030316029E-01
        3739   -1.92579868203693827E-01    1.96684193386886357E-02   -6.02613448055217660E-01
        3740   -1.93464351673297369E-01   -6.73772871710551138E-03   -6.02613448055217660E-01
        3741   -1.91522930754081611E-01   -1.98178531024781786E-02   -6.25796297030316029E-01
        3742   -1.90744960319838175E-01   -3.30183656351726307E-02   -6.02613448055217660E-01
        3743   -1.84472351258945122E-01   -5.86839328746034256E-02   -6.02613448055217660E-01
        3744   -1.79073948168307906E-01   -7.07552216704768477E-02   -6.25796297030316029E-01
        3745   -1.74763371329190648E-01   -8.32563294788451064E-02   -6.02613448055217660E-01
        3746   -1.61798880456570177E-01   -1.06277818191921405E-01   -6.02613448055217660E-01
        3747   -1.53343870055693221E-01   -1.16444999130777688E-01   -6.25796297030316029E-01
        3748   -1.45820382576282548E-01   -1.27319552237435962E-01   -6.02613448055217660E-01
        3749   -1.27125526871358169E-01   -1.45989563922611171E-01   -6.02613448055217660E-01
        3750   -1.16240978602575373E-01   -1.53498583705973496E-01   -6.25796297030316029E-01
        3751   -1.06062563131553864E-01   -1.61940066254771392E-01   -6.02613448055217660E-01
        3752   -8.30238545186853388E-02   -1.74873931554976936E-01   -6.02613448055217660E-01
        3753   -7.05170255335974550E-02   -1.79167880536992757E-01   -6.25796297030316029E-01
        3754   -5.84385685832984961E-02   -1.84550226384498667E-01   -6.02613448055217660E-01
        3755   -3.27646826852234438E-02   -1.90788699678914986E-01   -6.02613448055217660E-01
        3756   -1.95631472747189172E-02   -1.91549115307097673E-01   -6.25796297030316029E-01
        3757   -6.48045274188270484E-03   -1.93473140484395956E-01   -6.02613448055217660E-01
        3758    1.99244957745518363E-02   -1.92553542747892464E-01   -6.02613448055217660E-01
        3759    3.28416401220814613E-02   -1.89724028473769873E-01   -6.25796297030316029E-01
        3760    4.59582886332998916E-02   -1.88047036835289949E-01   -6.02613448055217660E-01
        3761    7.11359655312317207E-02   -1.80037570425103211E-01   -6.02613448055217660E-01
        3762    8.28107133115339039E-02   -1.73827978378220477E-01   -6.25796297030316029E-01
        3763    9.49885139857316874E-02   -1.68674344722062136E-01   -6.02613448055217660E-01
        3764    1.17071606149848267E-01   -1.54169035120965220E-01   -6.02613448055217660E-01
        3765    1.26638094728475287E-01   -1.45039902336446230E-01   -6.25796297030316029E-01
        3766    1.36973875799378586E-01   -1.36791848094581281E-01   -6.02613448055217660E-01
        3767    1.54324581307291986E-01   -1.16866487758311682E-01   -6.02613448055217660E-01
        3768    1.61073307990140469E-01   -1.05494880251780415E-01   -6.25796297030316029E-01
        3769    1.68800511858772068E-01   -9.47641258749910148E-02   -6.02613448055217660E-01
        3770    1.80132008257156945E-01   -7.08964876272310945E-02   -6.02613448055217660E-01
        3771    1.83562450859529908E-01   -5.81257855058046960E-02   -6.25796297030316029E-01
        3772    1.88107986164559177E-01   -4.57081819562822414E-02   -6.02613448055217660E-01
        3773    1.92579868203693827E-01   -1.96684193386886599E-02   -6.02613448055217660E-01
        3774    1.92437606491004110E-01   -6.44576715663823605E-03   -6.25796297030316029E-01
        3775    1.93464351673297369E-01    6.73772871710548709E-03   -6.02613448055217660E-01
        3776    1.90744960319838119E-01    3.30183656351729429E-02   -6.02613448055217660E-01
        3777    1.87040545192511898E-01    4.57123042551134395E-02   -6.25796297030316029E-01
        3778    1.84472351258945122E-01    5.86839328746034047E-02   -6.02613448055217660E-01
        3779    1.74763371329190648E-01    8.32563294788450925E-02   -6.02613448055217660E-01
        3780    1.67771542310650001E-01    9.44801031801401070E-02   -6.25796297030316029E-01
        3781    1.61798880456570399E-01    1.06277818191921100E-01   -6.02613448055217660E-01
        3782    1.04824812320142916E-01    1.60050224613303926E-01   -6.48970014538040818E-01
        3783    8.20549655887663210E-02    1.72833151620135073E-01   -6.48970014538040818E-01
        3784    6.84395411751338029E-02    1.77108279709196043E-01   -6.72130553709089362E-01
        3785    5.66230423314814935E-02    1.82751598498753193E-01   -6.48970014538040818E-01
        3786    3.12109794750610042E-02    1.88759610184301735E-01   -6.48970014538040818E-01
        3787    1.57700903946820931E-02    1.89215796874249442E-01   -6.72130553709089362E-01
        3788    4.03000331061384789E-03    1.91280095017852481E-01   -6.48970014538040818E-01
        3789   -2.20535019350875001E-02    1.90047253937333488E-01   -6.48970014538040818E-01
        3790   -3.81769593212079178E-02    1.85994175486224572E-01   -6.72130553709089362E-01
        3791   -4.88755732922859717E-02    1.84974306356511631E-01   -6.48970014538040818E-01
        3792   -7.36076750306051408E-02    1.76596222647346146E-01   -6.48970014538040818E-01
        3793   -8.90311388400133741E-02    1.67704412150258969E-01   -6.72130553709089362E-01
        3794   -9.79907178980269772E-02    1.64323263363869237E-01   -6.48970014538040818E-01
        3795   -1.19453375204403953E-01    1.49449679922702167E-01   -6.48970014538040818E-01
        3796   -1.32672544978570728E-01    1.35828234718422203E-01   -6.72130553709089362E-01
        3797   -1.39506419110560859E-01    1.30928509896320017E-01   -6.48970014538040818E-01
        3798   -1.56035145258433317E-01    1.10712913072061464E-01   -6.48970014538040818E-01
        3799   -1.65565610556971055E-01    9.29480615113142533E-02   -6.72130553709089362E-01
        3800   -1.70203022782418029E-01    8.73798987894236073E-02   -6.48970014538040818E-01
        3801   -1.80515970659967856E-01    6.33900624184252220E-02   -6.48970014538040818E-01
        3802   -1.85045535024644964E-01    4.25377891439666159E-02   -6.72130553709089362E-01
        3803   -1.87699924842397198E-01    3.70547418137094214E-02   -6.48970014538040818E-01
        3804   -1.90997297639337843E-01    1.11511421474400681E-02   -6.48970014538040818E-01
        3805   -1.89534170752793524E-01   -1.13186419178528449E-02   -6.72130553709089362E-01
        3806   -1.90640193536006419E-01   -1.61441099251783161E-02   -6.48970014538040818E-01
        3807   -1.86666271134614620E-01   -4.19525791509981275E-02   -6.48970014538040818E-01
        3808   -1.78667875169666618E-01   -6.42581039260426146E-02   -6.72130553709089362E-01
        3809   -1.78795803127979963E-01   -6.80909425734646245E-02   -6.48970014538040818E-01
        3810   -1.67858773885134704E-01   -9.18027652443075687E-02   -6.48970014538040818E-01
        3811   -1.53326970919060751E-01   -1.11991756511803847E-01   -6.72130553709089362E-01
        3812   -1.53085317910565399E-01   -1.14757139720992316E-01   -6.48970014538040818E-01
        3813   -1.36033377822823820E-01   -1.34533400294629762E-01   -6.48970014538040818E-01
        3814   -1.16447393291278053E-01   -1.51803558167747293E-01   -6.48970014538040818E-01
        3815   -1.15564427355199867E-01   -1.50652503025599932E-01   -6.72130553709089362E-01
        3816   -9.36582279008968538E-02   -1.66830608771849465E-01   -6.48970014538040818E-01
        3817   -7.00691251489365813E-02   -1.78029866532514403E-01   -6.48970014538040818E-01
        3818   -6.84395411751338306E-02   -1.77108279709196043E-01   -6.72130553709089362E-01
        3819   -4.40196308228664596E-02   -1.86189655402604931E-01   -6.48970014538040818E-01
        3820   -1.82568081333638332E-02   -1.90449480528311677E-01   -6.48970014538040818E-01
        3821   -1.57700903946817808E-02   -1.89215796874249470E-01   -6.72130553709089362E-01
        3822    9.03280686990826608E-03   -1.91109194118894155E-01   -6.48970014538040818E-01
        3823    3.49713733939322063E-02   -1.88099225728508512E-01   -6.48970014538040818E-01
        3824    3.81769593212078970E-02   -1.85994175486224572E-01   -6.72130553709089362E-01
        3825    6.13847261262214505E-02   -1.81207701478527161E-01   -6.48970014538040818E-01
        3826    8.54874309753005379E-02   -1.71161370706025412E-01   -6.48970014538040818E-01
        3827    8.90311388400130549E-02   -1.67704412150259136E-01   -6.72130553709089362E-01
        3828    1.08976094981330346E-01   -1.57253064832906492E-01   -6.48970014538040818E-01
        3829    1.29373708650336039E-01   -1.40949491615898315E-01   -6.48970014538040818E-01
        3830    1.32672544978570700E-01   -1.35828234718422231E-01   -6.72130553709089362E-01
        3831    1.48116074941777753E-01   -1.21103030600245132E-01   -6.48970014538040818E-01
        3832    1.63226707699118789E-01   -9.98066008359600743E-02   -6.48970014538040818E-01
        3833    1.65565610556971055E-01   -9.29480615113142672E-02   -6.72130553709089362E-01
        3834    1.75769255424795212E-01   -7.55611310406039960E-02   -6.48970014538040818E-01
        3835    1.84421037110336139E-01   -5.09234400631992309E-02   -6.48970014538040818E-01
        3836    1.85045535024644964E-01   -4.25377891439666367E-02   -6.72130553709089362E-01
        3837    1.89791058002643426E-01   -2.41592627983442942E-02   -6.48970014538040818E-01
        3838    1.91313019706471077E-01    1.90897027573369311E-03   -6.48970014538040818E-01
        3839    1.89534170752793524E-01    1.13186419178528206E-02   -6.72130553709089362E-01
        3840    1.89094054220394991E-01    2.91162211699346300E-02   -6.48970014538040818E-01
        3841    1.83368163724122013E-01    5.45933348419549505E-02   -6.48970014538040818E-01
        3842    1.78667875169666618E-01    6.42581039260426007E-02   -6.72130553709089362E-01
        3843    1.73732298593637341E-01    8.01336639752199265E-02   -6.48970014538040818E-01
        3844    1.61202614085993567E-01    1.03043839643932406E-01   -6.48970014538040818E-01
        3845    1.53326970919060779E-01    1.11991756511803833E-01   -6.72130553709089362E-01
        3846    1.44897136535589055E-01    1.24936525886183897E-01   -6.48970014538040818E-01
        3847    1.26535368707067220E-01    1.43503017887739143E-01   -6.48970014538040818E-01
        3848    1.15564427355199895E-01    1.50652503025599904E-01   -6.72130553709089362E-01
        3849    8.01631195123953949E-02    1.70210149738415056E-01   -6.95271903344211295E-01
        3850    5.51237446089384089E-02    1.79886057225736085E-01   -6.95271903344211295E-01
        3851    4.16863808119234749E-02    1.81341785640911968E-01   -7.18385083043144079E-01
        3852    2.89622092289963454E-02    1.85900003336492953E-01   -6.95271903344211295E-01
        3853    2.21108678926610356E-03    1.88129561470659346E-01   -6.95271903344211295E-01
        3854   -1.10920954463457778E-02    1.85740579796770111E-01   -7.18385083043144079E-01
        3855   -2.45850470012455025E-02    1.86529344254138224E-01   -6.95271903344211295E-01
        3856   -5.08807001322330726E-02    1.81131927494812578E-01   -6.95271903344211295E-01
        3857   -6.29719560987838933E-02    1.75091776819255557E-01   -7.18385083043144079E-01
        3858   -7.61405689363511134E-02    1.72047187033037591E-01   -6.95271903344211295E-01
        3859   -9.98504353281938484E-02    1.59460061986387153E-01   -6.95271903344211295E-01
        3860   -1.09750203376741309E-01    1.50258079394737010E-01   -7.18385083043144079E-01
        3861   -1.21527634801632242E-01    1.43626789922539744E-01   -6.95271903344211295E-01
        3862   -1.40730882087268472E-01    1.24869690601328867E-01   -6.95271903344211295E-01
        3863   -1.47637141886707346E-01    1.13251365996862988E-01   -7.18385083043144079E-01
        3864   -1.57069254447958967E-01    1.03570604473926783E-01   -6.95271903344211295E-01
        3865   -1.70210149738415195E-01    8.01631195123951035E-02   -6.95271903344211295E-01
        3866   -1.73563397192903035E-01    6.70697004577308631E-02   -7.18385083043144079E-01
        3867   -1.79886057225735974E-01    5.51237446089387420E-02   -6.95271903344211295E-01
        3868   -1.85900003336492953E-01    2.89622092289963558E-02   -6.95271903344211295E-01
        3869   -1.85428578279797973E-01    1.54544466663806401E-02   -7.18385083043144079E-01
        3870   -1.88129561470659346E-01    2.21108678926611483E-03   -6.95271903344211295E-01
        3871   -1.86529344254138169E-01   -2.45850470012458217E-02   -6.95271903344211295E-01
        3872   -1.82271438740680830E-01   -3.74128344827467582E-02   -7.18385083043144079E-01
        3873   -1.81131927494812578E-01   -5.08807001322330657E-02   -6.95271903344211295E-01
        3874   -1.72047187033037730E-01   -7.61405689363507943E-02   -6.95271903344211295E-01
        3875   -1.64347751244779267E-01   -8.72491502847754091E-02   -7.18385083043144079E-01
        3876   -1.59460061986387180E-01   -9.98504353281938484E-02   -6.95271903344211295E-01
        3877   -1.43626789922539522E-01   -1.21527634801632464E-01   -6.95271903344211295E-01
        3878   -1.33109586356736836E-01   -1.30017058821408460E-01   -7.18385083043144079E-01
        3879   -1.24869690601328617E-01   -1.40730882087268666E-01   -6.95271903344211295E-01
        3880   -1.03570604473927061E-01   -1.57069254447958773E-01   -6.95271903344211295E-01
        3881   -9.10876744152634976E-02   -1.62251758493552611E-01   -7.18385083043144079E-01
        3882   -8.01631195123954088E-02   -1.70210149738415056E-01   -6.95271903344211295E-01
        3883   -5.51237446089384298E-02   -1.79886057225736057E-01   -6.95271903344211295E-01
        3884   -4.16863808119233362E-02   -1.81341785640911995E-01   -7.18385083043144079E-01
        3885   -2.89622092289960366E-02   -1.85900003336493036E-01   -6.95271903344211295E-01
        3886   -2.21108678926612611E-03   -1.88129561470659346E-01   -6.95271903344211295E-01
        3887    1.10920954463455887E-02   -1.85740579796770111E-01   -7.18385083043144079E-01
        3888    2.45850470012454747E-02   -1.86529344254138224E-01   -6.95271903344211295E-01
        3889    5.08807001322330518E-02   -1.81131927494812578E-01   -6.95271903344211295E-01
        3890    6.29719560987838795E-02   -1.75091776819255585E-01   -7.18385083043144079E-01
        3891    7.61405689363510857E-02   -1.72047187033037619E-01   -6.95271903344211295E-01
        3892    9.98504353281935431E-02   -1.59460061986387347E-01   -6.95271903344211295E-01
        3893    1.09750203376741295E-01   -1.50258079394737010E-01   -7.18385083043144079E-01
        3894    1.21527634801632214E-01   -1.43626789922539772E-01   -6.95271903344211295E-01
        3895    1.40730882087268444E-01   -1.24869690601328867E-01   -6.95271903344211295E-01
        3896    1.47637141886707346E-01   -1.13251365996863002E-01   -7.18385083043144079E-01
        3897    1.57069254447958967E-01   -1.03570604473926811E-01   -6.95271903344211295E-01
        3898    1.70210149738415167E-01   -8.01631195123951173E-02   -6.95271903344211295E-01
        3899    1.73563397192903035E-01   -6.70697004577308908E-02   -7.18385083043144079E-01
        3900    1.79886057225735974E-01   -5.51237446089387628E-02   -6.95271903344211295E-01
        3901    1.85900003336492953E-01   -2.89622092289963801E-02   -6.95271903344211295E-01
        3902    1.85428578279797973E-01   -1.54544466663806643E-02   -7.18385083043144079E-01
        3903    1.88129561470659346E-01   -2.21108678926613782E-03   -6.95271903344211295E-01
        3904    1.86529344254138196E-01    2.45850470012458008E-02   -6.95271903344211295E-01
        3905    1.82271438740680886E-01    3.74128344827464113E-02   -7.18385083043144079E-01
        3906    1.81131927494812661E-01    5.08807001322327188E-02   -6.95271903344211295E-01
        3907    1.72047187033037757E-01    7.61405689363507804E-02   -6.95271903344211295E-01
        3908    1.64347751244779267E-01    8.72491502847753814E-02   -7.18385083043144079E-01
        3909    1.59460061986387180E-01    9.98504353281938206E-02   -6.95271903344211295E-01
        3910    1.43626789922539549E-01    1.21527634801632450E-01   -6.95271903344211295E-01
        3911    1.33109586356736864E-01    1.30017058821408432E-01   -7.18385083043144079E-01
        3912    1.24869690601328631E-01    1.40730882087268666E-01   -6.95271903344211295E-01
        3913    1.03570604473926811E-01    1.57069254447958939E-01   -6.95271903344211295E-01
        3914    9.10876744152635254E-02    1.62251758493552584E-01   -7.18385083043144079E-01
        3915    5.37870430468942035E-02    1.75523981038977456E-01   -7.41456624136078046E-01
        3916    2.82599015285435531E-02    1.81392094329099085E-01   -7.41456624136078046E-01
        3917    1.37737216615679125E-02    1.80046237689359345E-01   -7.64466295486455616E-01
        3918    9.09172972259056551E-04    1.83578014271879170E-01   -7.41456624136078046E-01
        3919   -2.52259565093126692E-02    1.81838843588739391E-01   -7.41456624136078046E-01
        3920   -3.99077663378926417E-02    1.76107164250702164E-01   -7.64466295486455616E-01
        3921   -5.20458767447433968E-02    1.76048120221065529E-01   -7.41456624136078046E-01
        3922   -7.65703845210161521E-02    1.66849303665923321E-01   -7.41456624136078046E-01
        3923   -9.00432741658831470E-02    1.56520196434809106E-01   -7.64466295486455616E-01
        3924   -1.00582754918577905E-01    1.53573511168069110E-01   -7.41456624136078046E-01
        3925   -1.21414756906807697E-01    1.37695935759776705E-01   -7.41456624136078046E-01
        3926   -1.32178041935834767E-01    1.23025722288114758E-01   -7.64466295486455616E-01
        3927   -1.40581168696967684E-01    1.18062055408562461E-01   -7.41456624136078046E-01
        3928   -1.55952237422620460E-01    9.68535676285513791E-02   -7.41456624136078046E-01
        3929   -1.62568210626004628E-01    7.85998728266314034E-02   -7.64466295486455616E-01
        3930   -1.68645654988873933E-01    7.25283184202795556E-02   -7.41456624136078046E-01
        3931   -1.77250941294256864E-01    4.77893056007268544E-02   -7.41456624136078046E-01
        3932   -1.78513480383212159E-01    2.71900797346415098E-02   -7.64466295486455616E-01
        3933   -1.82393821134899853E-01    2.08376565695356925E-02   -7.41456624136078046E-01
        3934   -1.83502822750607281E-01   -5.33178788578241025E-03   -7.41456624136078046E-01
        3935   -1.78597044014865869E-01   -2.66356712634708420E-02   -7.64466295486455616E-01
        3936   -1.80658586085858580E-01   -3.26219127728308231E-02   -7.41456624136078046E-01
        3937   -1.74177159927244585E-01   -5.80002661992065766E-02   -7.41456624136078046E-01
        3938   -1.62811476525580312E-01   -7.80947259811060335E-02   -7.64466295486455616E-01
        3939   -1.63587253847252451E-01   -8.33122097787254295E-02   -7.41456624136078046E-01
        3940   -1.50065607815580371E-01   -1.05745105184307173E-01   -7.41456624136078046E-01
        3941   -1.32559394860600560E-01   -1.22614721582259500E-01   -7.64466295486455616E-01
        3942   -1.32629008850549290E-01   -1.26930137992600778E-01   -7.41456624136078046E-01
        3943   -1.13214994715266817E-01   -1.44513248150893975E-01   -7.41456624136078046E-01
        3944   -9.05288292349337304E-02   -1.56239861084986359E-01   -7.64466295486455616E-01
        3945   -9.04118947684819374E-02   -1.59772973947012425E-01   -7.41456624136078046E-01
        3946   -6.67535670952149468E-02   -1.71013669627794351E-01   -7.41456624136078046E-01
        3947   -4.17363292972808553E-02   -1.78773020157653256E-01   -7.41456624136078046E-01
        3948   -4.04543798525192275E-02   -1.75982403282975181E-01   -7.64466295486455616E-01
        3949   -1.46254329271786037E-02   -1.82996750329595642E-01   -7.41456624136078046E-01
        3950    1.15665858195801701E-02   -1.83215523392473628E-01   -7.41456624136078046E-01
        3951    1.32146187109132025E-02   -1.80088136663215020E-01   -7.64466295486455616E-01
        3952    3.87442534176475895E-02   -1.79445247210977599E-01   -7.41456624136078046E-01
        3953    6.38876141181962814E-02   -1.72104871173898527E-01   -7.41456624136078046E-01
        3954    6.57094404104819618E-02   -1.68192248797157551E-01   -7.64466295486455616E-01
        3955    8.88249422737644179E-02   -1.60660647171490562E-01   -7.41456624136078046E-01
        3956    1.10785226455500235E-01   -1.46384246142483826E-01   -7.41456624136078046E-01
        3957    1.12365689968450005E-01   -1.41351741525945845E-01   -7.64466295486455616E-01
        3958    1.31365286787096830E-01   -1.28237573849646597E-01   -7.41456624136078046E-01
        3959    1.48278287163677414E-01   -1.08237070707340260E-01   -7.41456624136078046E-01
        3960    1.49037754864012523E-01   -1.01951511708253437E-01   -7.64466295486455616E-01
        3961    1.62754039509798887E-01   -8.49284201121307952E-02   -7.41456624136078046E-01
        3962    1.73184012432598899E-01   -6.09016564408981914E-02   -7.41456624136078046E-01
        3963    1.72467161198493063E-01   -5.34924426684428092E-02   -7.64466295486455616E-01
        3964    1.80326610992543934E-01   -3.44096975784951853E-02   -7.41456624136078046E-01
        3965    1.83388156648058104E-01   -8.39630399205930529E-03   -7.41456624136078046E-01
        3966    1.80572103400816780E-01   -2.80335349822605337E-04   -7.64466295486455616E-01
        3967    1.82591266632683130E-01    1.90300622429926090E-02   -7.41456624136078046E-01
        3968    1.78024490582786271E-01    4.48218102293872558E-02   -7.41456624136078046E-01
        3969    1.72632421788354168E-01    5.29566809948604500E-02   -7.64466295486455616E-01
        3970    1.69355759940577805E-01    7.08543611533485052E-02   -7.41456624136078046E-01
        3971    1.57548335546728036E-01    9.42350035069525194E-02   -7.41456624136078046E-01
        3972    1.49353591915091427E-01    1.01488263836583423E-01   -7.64466295486455616E-01
        3973    1.41743652333269049E-01    1.16663837339276266E-01   -7.41456624136078046E-01
        3974    1.23697911186706200E-01    1.35648592648598854E-01   -7.41456624136078046E-01
        3975    1.12804039972730266E-01    1.41002169062515864E-01   -7.64466295486455616E-01
        3976    1.02098934069116964E-01    1.52569726949516010E-01   -7.41456624136078046E-01
        3977    7.93467781185801524E-02    1.65546980406471228E-01   -7.41456624136078046E-01
        3978    6.62313540464159606E-02    1.67987412789416840E-01   -7.64466295486455616E-01
        3979    2.66415856757635378E-02    1.74912402917629273E-01   -7.87383751264680853E-01
        3980    2.74680262549290542E-04    1.76929498197704427E-01   -7.87383751264680853E-01
        3981   -1.39111768536021984E-02    1.71948525929836310E-01   -8.10163701637445222E-01
        3982   -2.74065729076828392E-02    1.74794171937150106E-01   -7.87383751264680853E-01
        3983   -5.31521836322037741E-02    1.68757127721665789E-01   -7.87383751264680853E-01
        3984   -6.63653320659932655E-02    1.59233975993398585E-01   -8.10163701637445222E-01
        3985   -7.88972230475642189E-02    1.58364614030789830E-01   -7.87383751264680853E-01
        3986   -1.01619027210255383E-01    1.44836791218873329E-01   -7.87383751264680853E-01
        3987   -1.12323186181307405E-01    1.30932495038379032E-01   -8.10163701637445222E-01
        3988   -1.23025394310657232E-01    1.27156891816548573E-01   -7.87383751264680853E-01
        3989   -1.40603053619136553E-01    1.07400670829899139E-01   -7.87383751264680853E-01
        3990   -1.47286064231538588E-01    8.98144292086682366E-02   -8.10163701637445222E-01
        3991   -1.55673163197931258E-01    8.40832268748553102E-02   -7.87383751264680853E-01
        3992   -1.66466377266923538E-01    5.99422056765048991E-02   -7.87383751264680853E-01
        3993   -1.67831556112435526E-01    3.99047012740879059E-02   -8.10163701637445222E-01
        3994   -1.73793926805987348E-01    3.31631389813032904E-02   -7.87383751264680853E-01
        3995   -1.76795501623762868E-01    6.89009342027993923E-03   -7.87383751264680853E-01
        3996   -1.71948525929836338E-01   -1.39111768536020353E-02   -8.10163701637445222E-01
        3997   -1.75696703701738066E-01   -2.08516447812106889E-02   -7.87383751264680853E-01
        3998   -1.70626540294728984E-01   -4.68049840165484510E-02   -7.87383751264680853E-01
        3999   -1.59233975993398474E-01   -6.63653320659935431E-02   -8.10163701637445222E-01
        4000   -1.61203931809345030E-01   -7.29206085475578580E-02   -7.87383751264680853E-01
        4001   -1.48535164332900121E-01   -9.61323449122951923E-02   -7.87383751264680853E-01
        4002   -1.30932495038379226E-01   -1.12323186181307155E-01   -8.10163701637445222E-01
        4003   -1.31668038030570478E-01   -1.18184815196024140E-01   -7.87383751264680853E-01
        4004   -1.12582882148782745E-01   -1.36488891228595699E-01   -7.87383751264680853E-01
        4005   -8.98144292086679868E-02   -1.47286064231538755E-01   -8.10163701637445222E-01
        4006   -8.98452333656694080E-02   -1.52420329428874207E-01   -7.87383751264680853E-01
        4007   -6.61246650319661095E-02   -1.64108657468606478E-01   -7.87383751264680853E-01
        4008   -4.09269809491684261E-02   -1.72131069281883375E-01   -7.87383751264680853E-01
        4009   -3.99047012740882112E-02   -1.67831556112435470E-01   -8.10163701637445222E-01
        4010   -1.34958701593384835E-02   -1.76414240554384982E-01   -7.87383751264680853E-01
        4011    1.29480457576886861E-02   -1.76455294317838296E-01   -7.87383751264680853E-01
        4012    1.39111768536023302E-02   -1.71948525929836310E-01   -8.10163701637445222E-01
        4013    4.03923233984888191E-02   -1.72257316222591911E-01   -7.87383751264680853E-01
        4014    6.56147952945213830E-02   -1.64313180908277068E-01   -7.87383751264680853E-01
        4015    6.63653320659932516E-02   -1.59233975993398585E-01   -8.10163701637445222E-01
        4016    9.05112128373803393E-02   -1.52025797588582201E-01   -7.87383751264680853E-01
        4017    1.12158546762468031E-01   -1.36837798761414609E-01   -7.87383751264680853E-01
        4018    1.12323186181307377E-01   -1.30932495038379032E-01   -8.10163701637445222E-01
        4019    1.32183836781908759E-01   -1.17607636126876691E-01   -7.87383751264680853E-01
        4020    1.48235961146635231E-01   -9.65930774158861721E-02   -7.87383751264680853E-01
        4021    1.47286064231538588E-01   -8.98144292086682505E-02   -8.10163701637445222E-01
        4022    1.61521416873589146E-01   -7.22146430641761039E-02   -7.87383751264680853E-01
        4023    1.70480390153552985E-01   -4.73345471598755896E-02   -7.87383751264680853E-01
        4024    1.67831556112435526E-01   -3.99047012740879267E-02   -8.10163701637445222E-01
        4025    1.75786248217651098E-01   -2.00827717036390734E-02   -7.87383751264680853E-01
        4026    1.76816042869884588E-01    6.34111706036627389E-03   -7.87383751264680853E-01
        4027    1.71948525929836338E-01    1.39111768536020145E-02   -8.10163701637445222E-01
        4028    1.73647174717659170E-01    3.39231704637534548E-02   -7.87383751264680853E-01
        4029    1.66651693045923671E-01    5.94250451128593218E-02   -7.87383751264680853E-01
        4030    1.59233975993398474E-01    6.63653320659935153E-02   -8.10163701637445222E-01
        4031    1.55303809019676775E-01    8.47634926469992001E-02   -7.87383751264680853E-01
        4032    1.40935850755720432E-01    1.06963586109944095E-01   -7.87383751264680853E-01
        4033    1.30932495038379226E-01    1.12323186181307155E-01   -8.10163701637445222E-01
        4034    1.22467905191387852E-01    1.27693911286996642E-01   -7.87383751264680853E-01
        4035    1.02068249961347307E-01    1.44520569925412512E-01   -7.87383751264680853E-01
        4036    8.98144292086680007E-02    1.47286064231538727E-01   -8.10163701637445222E-01
        4037    7.82036223881815290E-02    1.58708273971790270E-01   -7.87383751264680853E-01
        4038    5.36759117262389229E-02    1.68591278784209764E-01   -7.87383751264680853E-01
        4039    3.99047012740882390E-02    1.67831556112435443E-01   -8.10163701637445222E-01
        4040   -3.65633472687760380E-04    1.67145834663269183E-01   -8.32739176621563049E-01
        4041   -2.65085011471562597E-02    1.65030794399252917E-01   -8.32739176621563049E-01
        4042   -3.91326425727318780E-02    1.55804868399175428E-01   -8.55012541322362041E-01
        4043   -5.33101357306107471E-02    1.58416833579961225E-01   -8.32739176621563049E-01
        4044   -7.74356521111171370E-02    1.48126916916687751E-01   -8.32739176621563049E-01
        4045   -8.76020861273160423E-02    1.34656582600895774E-01   -8.55012541322362041E-01
        4046   -1.00760419945611621E-01    1.33361169406620239E-01   -8.32739176621563049E-01
        4047   -1.20382175167014702E-01    1.15956869719630928E-01   -8.32739176621563049E-01
        4048   -1.26578484363586874E-01    9.89161666656505484E-02   -8.55012541322362041E-01
        4049   -1.37826192665930408E-01    9.45611143564366874E-02   -8.32739176621563049E-01
        4050   -1.50921940862715903E-01    7.18361434053092496E-02   -8.32739176621563049E-01
        4051   -1.51838139751513362E-01    5.24566492297159973E-02   -8.55012541322362041E-01
        4052   -1.60687402892561892E-01    4.60154570200140556E-02   -8.32739176621563049E-01
        4053   -1.65907477720004443E-01    2.03118824756224510E-02   -8.32739176621563049E-01
        4054   -1.60643776685876899E-01    3.12639900964622975E-04   -8.55012541322362041E-01
        4055   -1.66987941942067203E-01   -7.27261844661632011E-03   -8.32739176621563049E-01
        4056   -1.63794355100019440E-01   -3.33057498111963279E-02   -8.32739176621563049E-01
        4057   -1.52041167771304192E-01   -5.18652488121641650E-02   -8.55012541322362041E-01
        4058   -1.56078467342296995E-01   -5.98111675625613987E-02   -8.32739176621563049E-01
        4059   -1.44800354410864918E-01   -8.34908443819152440E-02   -8.32739176621563049E-01
        4060   -1.26962539166919908E-01   -9.84227330442408177E-02   -8.55012541322362041E-01
        4061   -1.29083324986642767E-01   -1.06185493093501435E-01   -8.32739176621563049E-01
        4062   -1.10883024247445158E-01   -1.25071254358696510E-01   -8.32739176621563049E-01
        4063   -8.81255494170258419E-02   -1.34314586964919436E-01   -8.55012541322362041E-01
        4064   -8.87846724548785049E-02   -1.41616191412554271E-01   -8.32739176621563049E-01
        4065   -6.55379326625840503E-02   -1.53761643836920120E-01   -8.32739176621563049E-01
        4066   -3.97387889790085796E-02   -1.55651371282399531E-01   -8.55012541322362041E-01
        4067   -3.93357459151561853E-02   -1.62451724602774045E-01   -8.32739176621563049E-01
        4068   -1.34384089759145581E-02   -1.66605140668928148E-01   -8.32739176621563049E-01
        4069    1.27898261918361813E-02   -1.66656185241052163E-01   -8.32739176621563049E-01
        4070    1.29542858557269193E-02   -1.60120914341561504E-01   -8.55012541322362041E-01
        4071    4.00460961603749596E-02   -1.62278075892682644E-01   -8.32739176621563049E-01
        4072    6.49389462539837203E-02   -1.54015573863617722E-01   -8.32739176621563049E-01
        4073    6.42435628115386737E-02   -1.47238871799839077E-01   -8.55012541322362041E-01
        4074    8.94033939456130439E-02   -1.41226402928499140E-01   -8.32739176621563049E-01
        4075    1.10395366601391903E-01   -1.25501899452006516E-01   -8.32739176621563049E-01
        4076    1.08571052895135078E-01   -1.18401212852112914E-01   -8.55012541322362041E-01
        4077    1.29546651410327007E-01   -1.05619736988351226E-01   -8.32739176621563049E-01
        4078    1.44474284214585330E-01   -8.40538216489915974E-02   -8.32739176621563049E-01
        4079    1.41133184744082235E-01   -7.67329453077510715E-02   -8.55012541322362041E-01
        4080    1.56338647621919347E-01   -5.91277514612775570E-02   -8.32739176621563049E-01
        4081    1.63663477609458180E-01   -3.39430380180627059E-02   -8.32739176621563049E-01
        4082    1.58401346119012770E-01   -2.67494725049725983E-02   -8.55012541322362041E-01
        4083    1.67018161529753850E-01   -6.54197617989586786E-03   -8.32739176621563049E-01
        4084    1.65985281354581182E-01    1.96659631535757891E-02   -8.32739176621563049E-01
        4085    1.58504263791822086E-01    2.61327207045505099E-02   -8.55012541322362041E-01
        4086    1.60484547314833415E-01    4.67180244260206254E-02   -8.32739176621563049E-01
        4087    1.51200407069728787E-01    7.12481623276388781E-02   -8.32739176621563049E-01
        4088    1.41430785035729201E-01    7.61830281347946753E-02   -8.55012541322362041E-01
        4089    1.37411168505746917E-01    9.51631993104608692E-02   -8.32739176621563049E-01
        4090    1.20832604825031303E-01    1.15487425048422895E-01   -8.32739176621563049E-01
        4091    1.09031086196275398E-01    1.17977722365156412E-01   -8.55012541322362041E-01
        4092    1.00176000180341521E-01    1.33800720181116689E-01   -8.32739176621563049E-01
        4093    7.80116233020492489E-02    1.47824390284203244E-01   -8.32739176621563049E-01
        4094    6.48161773758414023E-02    1.46987699764276281E-01   -8.55012541322362041E-01
        4095    5.26165514884436927E-02    1.58648549449975196E-01   -8.32739176621563049E-01
        4096    2.71506534648442363E-02    1.64926364628428079E-01   -8.32739176621563049E-01
        4097    1.35774300101196427E-02    1.60069279144781140E-01   -8.55012541322362041E-01
        4098   -2.48549691389669085E-02    1.50754245203959747E-01   -8.76844236427860579E-01
        4099   -4.93293129783726886E-02    1.44607160331002849E-01   -8.76844236427860579E-01
        4100   -5.98750183976699199E-02    1.30253942163789549E-01   -8.98039888641003703E-01
        4101   -7.50608836672737451E-02    1.33080711153054088E-01   -8.76844236427860579E-01
        4102   -9.59415161751177303E-02    1.18911048317363016E-01   -8.76844236427860579E-01
        4103   -1.02884942985594363E-01    9.98288324292142676E-02   -8.98039888641003703E-01
        4104   -1.16157777334407145E-01    9.92571544154118024E-02   -8.76844236427860579E-01
        4105   -1.30910727315365183E-01    7.87844744329535829E-02   -8.76844236427860579E-01
        4106   -1.31999685918164605E-01    5.59212857044170605E-02   -8.98039888641003703E-01
        4107   -1.43158332599545718E-01    5.33882360191124464E-02   -8.76844236427860579E-01
        4108   -1.49993254369225254E-01    2.90970029666888577E-02   -8.76844236427860579E-01
        4109   -1.43287139831977134E-01    4.46125947469695749E-03   -8.98039888641003703E-01
        4110   -1.52785894444029680E-01    1.04038303159431958E-03   -8.76844236427860579E-01
        4111   -1.50873335404184211E-01   -2.41215381336088754E-02   -8.76844236427860579E-01
        4112   -1.44845345071944770E-01   -4.86254866186844395E-02   -8.76844236427860579E-01
        4113   -1.35222871530030125E-01   -4.76012845677731139E-02   -8.98039888641003703E-01
        4114   -1.33444168100374599E-01   -7.44128076201508448E-02   -8.76844236427860579E-01
        4115   -1.19376217997099451E-01   -9.53621020879028281E-02   -8.76844236427860579E-01
        4116   -1.08896005132154902E-01   -9.32350113615418447E-02   -8.98039888641003703E-01
        4117   -9.98208707565234055E-02   -1.15673703577451284E-01   -8.76844236427860579E-01
        4118   -7.94201783396134009E-02   -1.30526040353711098E-01   -8.76844236427860579E-01
        4119   -6.78621298275870477E-02   -1.26276833237901814E-01   -8.98039888641003703E-01
        4120   -5.40838019024377711E-02   -1.42897005950763295E-01   -8.76844236427860579E-01
        4121   -2.98260951906533442E-02   -1.49849978256897637E-01   -8.76844236427860579E-01
        4122   -1.76630978527609235E-02   -1.42264269061394805E-01   -8.98039888641003703E-01
        4123   -1.78338799149522012E-03   -1.52779028224381636E-01   -8.76844236427860579E-01
        4124    2.33875366503168598E-02   -1.50988857427774126E-01   -8.76844236427860579E-01
        4125    3.49214333616842815E-02   -1.39038127034618042E-01   -8.98039888641003703E-01
        4126    5.07334491431608650E-02   -1.44120536621096862E-01   -8.76844236427860579E-01
        4127    7.37629716991531209E-02   -1.33804469073437710E-01   -8.76844236427860579E-01
        4128    8.27896314942917350E-02   -1.17034115514957959E-01   -8.98039888641003703E-01
        4129    9.70935236069587898E-02   -1.17972283234239195E-01   -8.76844236427860579E-01
        4130    1.15186894120345204E-01   -1.00382226319319090E-01   -8.76844236427860579E-01
        4131    1.19476631140410475E-01   -7.92239981865813375E-02   -8.98039888641003703E-01
        4132    1.31670804039965672E-01   -7.75074919048705790E-02   -8.76844236427860579E-01
        4133    1.42632299766714571E-01   -5.47780886958708219E-02   -8.76844236427860579E-01
        4134    1.40027649708149099E-01   -3.07142409077782765E-02   -8.98039888641003703E-01
        4135    1.50269161201510459E-01   -2.76367713329376055E-02   -8.76844236427860579E-01
        4136    1.52768548758182854E-01   -2.52635077400709118E-03   -8.76844236427860579E-01
        4137    1.51100808542616705E-01    2.26529820483331139E-02   -8.76844236427860579E-01
        4138    1.41667158262809428E-01    2.19436447991041526E-02   -8.98039888641003703E-01
        4139    1.44365555609391044E-01    5.00319726925336980E-02   -8.76844236427860579E-01
        4140    1.34161605551072788E-01    7.31113912729949994E-02   -8.76844236427860579E-01
        4141    1.24173732089254141E-01    7.16379196819344061E-02   -8.98039888641003703E-01
        4142    1.18443066373795439E-01    9.65186612313251313E-02   -8.76844236427860579E-01
        4143    1.00941207827657253E-01    1.14697360476204158E-01   -8.76844236427860579E-01
        4144    8.99099553266426849E-02    1.11657096552302756E-01   -8.98039888641003703E-01
        4145    7.81469072618531518E-02    1.31292318219010579E-01   -8.76844236427860579E-01
        4146    5.54710799794275525E-02    1.42364220307739431E-01   -8.76844236427860579E-01
        4147    4.35033408889067830E-02    1.36596363819952105E-01   -8.98039888641003703E-01
        4148    2.83672225943122254E-02    1.50132983118964752E-01   -8.76844236427860579E-01
        4149    3.26925380795054779E-03    1.52754456293274193E-01   -8.76844236427860579E-01
        4150   -8.77864079620955390E-03    1.43087535247135578E-01   -8.98039888641003703E-01
        4151   -4.38721045707355095E-02    1.24629240870047037E-01   -9.18337548819872396E-01
        4152   -6.60256615352686482E-02    1.14445713148810871E-01   -9.18337548819872396E-01
        4153   -7.24602827037092861E-02    9.42807221434419501E-02   -9.37398306449815144E-01
        4154   -8.98368273281730384E-02    9.68842283084185574E-02   -9.18337548819872396E-01
        4155   -1.06109614860244103E-01    7.87271165070867890E-02   -9.18337548819872396E-01
        4156   -1.06191331125750341E-01    5.35046570975987318E-02   -9.37398306449815144E-01
        4157   -1.20967656770959719E-01    5.31416527279029785E-02   -9.18337548819872396E-01
        4158   -1.28672705602376369E-01    3.00090665012081072E-02   -9.18337548819872396E-01
        4159   -1.31995959770404458E-01    5.85455750672253961E-03   -9.18337548819872396E-01
        4160   -1.18889884067127138E-01    2.13133852201937302E-03   -9.37398306449815144E-01
        4161   -1.29989307079693306E-01   -2.36640927197928445E-02   -9.18337548819872396E-01
        4162   -1.23427726479060071E-01   -4.71466390691859111E-02   -9.18337548819872396E-01
        4163   -1.08040837380268456E-01   -4.96641177869975164E-02   -9.37398306449815144E-01
        4164   -1.09842021523002709E-01   -7.34298273663363671E-02   -9.18337548819872396E-01
        4165   -9.44790570000935553E-02   -9.23629635063905191E-02   -9.18337548819872396E-01
        4166   -7.57929778163325407E-02   -9.16229864778664721E-02   -9.37398306449815144E-01
        4167   -7.15575768835935294E-02   -1.11070799177184071E-01   -9.18337548819872396E-01
        4168   -4.99299673628266355E-02   -1.22328278000047155E-01   -9.18337548819872396E-01
        4169   -2.85333894560001224E-02   -1.15434799014606501E-01   -9.37398306449815144E-01
        4170   -2.14575161665087784E-02   -1.30371715641368180E-01   -9.18337548819872396E-01
        4171    2.86357870830978960E-03   -1.32094697684241175E-01   -9.18337548819872396E-01
        4172    2.70871578447009730E-02   -1.29319353227604766E-01   -9.18337548819872396E-01
        4173    2.43775866251500252E-02   -1.16383333891600146E-01   -9.37398306449815144E-01
        4174    5.51842895033069492E-02   -1.20049587385067519E-01   -9.18337548819872396E-01
        4175    7.63037259030037579E-02   -1.07865428440390598E-01   -9.18337548819872396E-01
        4176    7.24602827037092723E-02   -9.42807221434419640E-02   -9.37398306449815144E-01
        4177    9.83929480644634702E-02   -8.81818405937047217E-02   -9.18337548819872396E-01
        4178    1.12920991835233575E-01   -6.86007204208298887E-02   -9.18337548819872396E-01
        4179    1.06191331125750341E-01   -5.35046570975987457E-02   -9.37398306449815144E-01
        4180    1.25354923189544165E-01   -4.17534725675989329E-02   -9.18337548819872396E-01
        4181    1.30892697859727347E-01   -1.80086336603276047E-02   -9.18337548819872396E-01
        4182    1.18889884067127138E-01   -2.13133852201938820E-03   -9.37398306449815144E-01
        4183    1.31618242625603454E-01    1.15692457600976972E-02   -9.18337548819872396E-01
        4184    1.27251348598717867E-01    3.55570459841272266E-02   -9.18337548819872396E-01
        4185    1.08040837380268470E-01    4.96641177869974956E-02   -9.37398306449815144E-01
        4186    1.16148704530553940E-01    6.29816455420452864E-02   -9.18337548819872396E-01
        4187    1.02598205117023333E-01    8.32515317941655703E-02   -9.18337548819872396E-01
        4188    8.55538468812164221E-02    1.00686386980242404E-01   -9.18337548819872396E-01
        4189    7.57929778163325546E-02    9.16229864778664582E-02   -9.37398306449815144E-01
        4190    6.10040044514971042E-02    1.17199490955342780E-01   -9.18337548819872396E-01
        4191    3.84299453974267652E-02    1.26413403308591271E-01   -9.18337548819872396E-01
        4192    2.85333894560001362E-02    1.15434799014606501E-01   -9.37398306449815144E-01
        4193    9.33679786275078659E-03    1.31795422701169285E-01   -9.18337548819872396E-01
        4194   -1.50395242355006835E-02    1.31266987281949687E-01   -9.18337548819872396E-01
        4195   -2.43775866251500113E-02    1.16383333891600146E-01   -9.37398306449815144E-01
        4196   -5.35292041324644877E-02    8.86809844439511996E-02   -9.54805034441173706E-01
        4197   -7.19204907082515166E-02    7.45461985166760432E-02   -9.54805034441173706E-01
        4198   -7.10230135683409258E-02    4.87317779147243280E-02   -9.70074772274154173E-01
        4199   -9.14364935509291293E-02    4.86729939916814847E-02   -9.54805034441173706E-01
        4200   -9.99747498363131037E-02    2.71061264693053840E-02   -9.54805034441173706E-01
        4201   -1.03499854706704669E-01    4.18004458043089860E-03   -9.54805034441173706E-01
        4202   -8.61026453447773094E-02   -2.32144344972129695E-03   -9.70074772274154173E-01
        4203   -9.97259160670111999E-02   -2.80077553830864086E-02   -9.54805034441173706E-01
        4204   -9.09932672557665356E-02   -4.94966464634121750E-02   -9.54805034441173706E-01
        4205   -6.82939931207866557E-02   -5.24879523193341954E-02   -9.70074772274154173E-01
        4206   -7.12444348408203254E-02   -7.51925741095187811E-02   -9.54805034441173706E-01
        4207   -5.27262662965052725E-02   -8.91607174681394027E-02   -9.54805034441173706E-01
        4208   -3.15641825943694526E-02   -9.86579701501742456E-02   -9.54805034441173706E-01
        4209   -2.43993567521070022E-02   -8.26058474028453088E-02   -9.70074772274154173E-01
        4210    4.67667869035175805E-04   -1.03583174230990033E-01   -9.54805034441173706E-01
        4211    2.35053671311923514E-02   -1.00882061899186165E-01   -9.54805034441173706E-01
        4212    2.88150045922432770E-02   -8.11711164479567426E-02   -9.70074772274154173E-01
        4213    5.35292041324644738E-02   -8.86809844439512135E-02   -9.54805034441173706E-01
        4214    7.19204907082515166E-02   -7.45461985166760571E-02   -9.54805034441173706E-01
        4215    7.10230135683409258E-02   -4.87317779147243349E-02   -9.70074772274154173E-01
        4216    9.14364935509291293E-02   -4.86729939916814985E-02   -9.54805034441173706E-01
        4217    9.99747498363131037E-02   -2.71061264693053978E-02   -9.54805034441173706E-01
        4218    1.03499854706704669E-01   -4.18004458043091161E-03   -9.54805034441173706E-01
        4219    8.61026453447773094E-02    2.32144344972128654E-03   -9.70074772274154173E-01
        4220    9.97259160670111999E-02    2.80077553830863982E-02   -9.54805034441173706E-01
        4221    9.09932672557666328E-02    4.94966464634120015E-02   -9.54805034441173706E-01
        4222    6.82939931207866557E-02    5.24879523193341815E-02   -9.70074772274154173E-01
        4223    7.12444348408203393E-02    7.51925741095187811E-02   -9.54805034441173706E-01
        4224    5.27262662965052795E-02    8.91607174681394027E-02   -9.54805034441173706E-01
        4225    3.15641825943692861E-02    9.86579701501742873E-02   -9.54805034441173706E-01
        4226    2.43993567521070161E-02    8.26058474028453088E-02   -9.70074772274154173E-01
        4227   -4.67667869035163120E-04    1.03583174230990033E-01   -9.54805034441173706E-01
        4228   -2.35053671311923340E-02    1.00882061899186165E-01   -9.54805034441173706E-01
        4229   -2.88150045922432631E-02    8.11711164479567426E-02   -9.70074772274154173E-01
        4230   -4.84047258241070352E-02    4.58631370956988221E-02   -9.82689190576686467E-01
        4231   -6.02081186924162473E-02    2.86605525048935009E-02   -9.82689190576686467E-01
        4232   -6.61179214084820915E-02    8.65247334509767520E-03   -9.82689190576686467E-01
        4233   -4.54996242949466320E-02   -1.22673123875967761E-03   -9.92143815642944071E-01
        4234   -5.85763182803113111E-02   -3.18631411365782879E-02   -9.82689190576686467E-01
        4235   -4.58631370956989123E-02   -4.84047258241069520E-02   -9.82689190576686467E-01
        4236   -2.86605525048934003E-02   -6.02081186924163028E-02   -9.82689190576686467E-01
        4237   -1.28934664064485269E-02   -4.36517949749976458E-02   -9.92143815642944071E-01
        4238    1.22025701910428511E-02   -6.55556413064391635E-02   -9.82689190576686467E-01
        4239    3.18631411365781839E-02   -5.85763182803113666E-02   -9.82689190576686467E-01
        4240    4.84047258241070352E-02   -4.58631370956988360E-02   -9.82689190576686467E-01
        4241    3.75310238229564705E-02   -2.57515617257307351E-02   -9.92143815642944071E-01
        4242    6.61179214084820915E-02   -8.65247334509768214E-03   -9.82689190576686467E-01
        4243    6.55556413064391774E-02    1.22025701910427314E-02   -9.82689190576686467E-01
        4244    5.85763182803113180E-02    3.18631411365782810E-02   -9.82689190576686467E-01
        4245    3.60889147616176437E-02    2.77364545651051474E-02   -9.92143815642944071E-01
        4246    2.86605525048934072E-02    6.02081186924162959E-02   -9.82689190576686467E-01
        4247    8.65247334509780530E-03    6.61179214084820777E-02   -9.82689190576686467E-01
        4248   -1.22025701910428441E-02    6.55556413064391635E-02   -9.82689190576686467E-01
        4249   -1.52268478831789501E-02    4.28936333743829071E-02   -9.92143815642944071E-01
        4250   -1.83092306477579264E-02   -1.40717211181887441E-02   -9.98010401376826395E-01
        4251   -1.90408654890293558E-02    1.30647121502759506E-02   -9.98010401376826395E-01
        4252    7.72513864085370375E-03   -2.17615140815262710E-02   -9.98010401376826395E-01
        4253    2.30836288956106847E-02    6.22365769146056356E-04   -9.98010401376826395E-01
        4254    6.54132860032289980E-03    2.21461572802930072E-02   -9.98010401376826395E-01
 $EndNodes
 $Elements
        2126
        1        1        1        1        1        1        2        3     1066     1067     1068
        2        2        2        2        2        1        3        4     1068     1069     1070
        3        3        3        3        3        1        4        5     1070     1071     1072
        4        4        4        4        4        1        5        6     1072     1073     1074
        5        5        5        5        5        1        6        2     1074     1075     1066
        6        6        6        6        6        2       15        7     1076     1077     1078
        7        7        7        7        7        2        7        3     1078     1079     1067
        8        8        8        8        8        3        7        8     1079     1080     1081
        9        9        9        9        9        3        8        9     1081     1082     1083
       10       10       10       10       10        3        9        4     1083     1084     1069
       11       11       11       11       11        4        9       10     1084     1085     1086
       12       12       12       12       12        4       10       11     1086     1087     1088
       13       13       13       13       13        4       11        5     1088     1089     1071
       14       14       14       14       14        5       11       12     1089     1090     1091
       15       15       15       15       15        5       12       13     1091     1092     1093
       16       16       16       16       16        5       13        6     1093     1094     1073
       17       17       17       17       17        6       13       14     1094     1095     1096
       18       18       18       18       18        6       14       15     1096     1097     1098
       19       19       19       19       19        6       15        2     1098     1076     1075
       20       20       20       20       20        7       26       16     1099     1100     1101
       21       21       21       21       21        7       16        8     1101     1102     1080
       22       22       22       22       22        8       16       17     1102     1103     1104
       23       23       23       23       23        8       17        9     1104     1105     1082
       24       24       24       24       24        9       17       18     1105     1106     1107
       25       25       25       25       25        9       18       19     1107     1108     1109
       26       26       26       26       26        9       19       10     1109     1110     1085
       27       27       27       27       27       10       19       20     1110     1111     1112
       28       28       28       28       28       10       20       11     1112     1113     1087
       29       29       29       29       29       11       20       21     1113     1114     1115
       30       30       30       30       30       11       21       12     1115     1116     1090
       31       31       31       31       31       12       21       22     1116     1117     1118
       32       32       32       32       32       12       22       13     1118     1119     1092
       33       33       33       33       33       13       22       23     1119     1120     1121
       34       34       34       34       34       13       23       14     1121     1122     1095
       35       35       35       35       35       14       23       24     1122     1123     1124
       36       36       36       36       36       14       24       25     1124     1125     1126
       37       37       37       37       37       14       25       15     1126     1127     1097
       38       38       38       38       38       15       25       26     1127     1128     1129
       39       39       39       39       39       15       26        7     1129     1099     1077
       40       40       40       40       40       16       40       27     1130     1131     1132
       41       41       41       41       41       16       27       17     1132     1133     1103
       42       42       42       42       42       17       27       28     1133     1134     1135
       43       43       43       43       43       17       28       18     1135     1136     1106
       44       44       44       44       44       18       28       29     1136     1137     1138
       45       45       45       45       45       18       29       30     1138     1139     1140
       46       46       46       46       46       18       30       19     1140     1141     1108
       47       47       47       47       47       19       30       31     1141     1142     1143
       48       48       48       48       48       19       31       20     1143     1144     1111
       49       49       49       49       49       20       31       32     1144     1145     1146
       50       50       50       50       50       20       32       21     1146     1147     1114
       51       51       51       51       51       21       32       33     1147     1148     1149
       52       52       52       52       52       21       33       22     1149     1150     1117
       53       53       53       53       53       22       33       34     1150     1151     1152
       54       54       54       54       54       22       34       35     1152     1153     1154
       55       55       55       55       55       22       35       23     1154     1155     1120
       56       56       56       56       56       23       35       36     1155     1156     1157
       57       57       57       57       57       23       36       24     1157     1158     1123
       58       58       58       58       58       24       36       37     1158     1159     1160
       59       59       59       59       59       24       37       25     1160     1161     1125
       60       60       60       60       60       25       37       38     1161     1162     1163
       61       61       61       61       61       25       38       39     1163     1164     1165
       62       62       62       62       62       25       39       26     1165     1166     1128
       63       63       63       63       63       26       39       40     1166     1167     1168
       64       64       64       64       64       26       40       16     1168     1130     1100
       65       65       65       65       65       27       55       41     1169     1170     1171
       66       66       66       66       66       27       41       28     1171     1172     1134
       67       67       67       67       67       28       41       42     1172     1173     1174
       68       68       68       68       68       28       42       29     1174     1175     1137
       69       69       69       69       69       29       42       43     1175     1176     1177
       70       70       70       70       70       29       43       30     1177     1178     1139
       71       71       71       71       71       30       43       44     1178     1179     1180
       72       72       72       72       72       30       44       31     1180     1181     1142
       73       73       73       73       73       31       44       45     1181     1182     1183
       74       74       74       74       74       31       45       32     1183     1184     1145
       75       75       75       75       75       32       45       46     1184     1185     1186
       76       76       76       76       76       32       46       33     1186     1187     1148
       77       77       77       77       77       33       46       47     1187     1188     1189
       78       78       78       78       78       33       47       34     1189     1190     1151
       79       79       79       79       79       34       47       48     1190     1191     1192
       80       80       80       80       80       34       48       49     1192     1193     1194
       81       81       81       81       81       34       49       35     1194     1195     1153
       82       82       82       82       82       35       49       50     1195     1196     1197
       83       83       83       83       83       35       50       36     1197     1198     1156
       84       84       84       84       84       36       50       51     1198     1199     1200
       85       85       85       85       85       36       51       37     1200     1201     1159
       86       86       86       86       86       37       51       52     1201     1202     1203
       87       87       87       87       87       37       52       38     1203     1204     1162
       88       88       88       88       88       38       52       53     1204     1205     1206
       89       89       89       89       89       38       53       39     1206     1207     1164
       90       90       90       90       90       39       53       54     1207     1208     1209
       91       91       91       91       91       39       54       40     1209     1210     1167
       92       92       92       92       92       40       54       55     1210     1211     1212
       93       93       93       93       93       40       55       27     1212     1169     1131
       94       94       94       94       94       41       71       56     1213     1214     1215
       95       95       95       95       95       41       56       42     1215     1216     1173
       96       96       96       96       96       42       56       57     1216     1217     1218
       97       97       97       97       97       42       57       43     1218     1219     1176
       98       98       98       98       98       43       57       58     1219     1220     1221
       99       99       99       99       99       43       58       44     1221     1222     1179
      100      100      100      100      100       44       58       59     1222     1223     1224
      101      101      101      101      101       44       59       45     1224     1225     1182
      102      102      102      102      102       45       59       60     1225     1226     1227
      103      103      103      103      103       45       60       46     1227     1228     1185
      104      104      104      104      104       46       60       61     1228     1229     1230
      105      105      105      105      105       46       61       47     1230     1231     1188
      106      106      106      106      106       47       61       62     1231     1232     1233
      107      107      107      107      107       47       62       48     1233     1234     1191
      108      108      108      108      108       48       62       63     1234     1235     1236
      109      109      109      109      109       48       63       49     1236     1237     1193
      110      110      110      110      110       49       63       64     1237     1238     1239
      111      111      111      111      111       49       64       65     1239     1240     1241
      112      112      112      112      112       49       65       50     1241     1242     1196
      113      113      113      113      113       50       65       66     1242     1243     1244
      114      114      114      114      114       50       66       51     1244     1245     1199
      115      115      115      115      115       51       66       67     1245     1246     1247
      116      116      116      116      116       51       67       52     1247     1248     1202
      117      117      117      117      117       52       67       68     1248     1249     1250
      118      118      118      118      118       52       68       53     1250     1251     1205
      119      119      119      119      119       53       68       69     1251     1252     1253
      120      120      120      120      120       53       69       54     1253     1254     1208
      121      121      121      121      121       54       69       70     1254     1255     1256
      122      122      122      122      122       54       70       55     1256     1257     1211
      123      123      123      123      123       55       70       71     1257     1258     1259
      124      124      124      124      124       55       71       41     1259     1213     1170
      125      125      125      125      125       56       88       72     1260     1261     1262
      126      126      126      126      126       56       72       57     1262     1263     1217
      127      127      127      127      127       57       72       73     1263     1264     1265
      128      128      128      128      128       57       73       58     1265     1266     1220
      129      129      129      129      129       58       73       74     1266     1267     1268
      130      130      130      130      130       58       74       59     1268     1269     1223
      131      131      131      131      131       59       74       75     1269     1270     1271
      132      132      132      132      132       59       75       60     1271     1272     1226
      133      133      133      133      133       60       75       76     1272     1273     1274
      134      134      134      134      134       60       76       61     1274     1275     1229
      135      135      135      135      135       61       76       77     1275     1276     1277
      136      136      136      136      136       61       77       62     1277     1278     1232
      137      137      137      137      137       62       77       78     1278     1279     1280
      138      138      138      138      138       62       78       63     1280     1281     1235
      139      139      139      139      139       63       78       79     1281     1282     1283
      140      140      140      140      140       63       79       64     1283     1284     1238
      141      141      141      141      141       64       79       80     1284     1285     1286
      142      142      142      142      142       64       80       81     1286     1287     1288
      143      143      143      143      143       64       81       65     1288     1289     1240
      144      144      144      144      144       65       81       82     1289     1290     1291
      145      145      145      145      145       65       82       66     1291     1292     1243
      146      146      146      146      146       66       82       83     1292     1293     1294
      147      147      147      147      147       66       83       67     1294     1295     1246
      148      148      148      148      148       67       83       84     1295     1296     1297
      149      149      149      149      149       67       84       68     1297     1298     1249
      150      150      150      150      150       68       84       85     1298     1299     1300
      151      151      151      151      151       68       85       69     1300     1301     1252
      152      152      152      152      152       69       85       86     1301     1302     1303
      153      153      153      153      153       69       86       70     1303     1304     1255
      154      154      154      154      154       70       86       87     1304     1305     1306
      155      155      155      155      155       70       87       71     1306     1307     1258
      156      156      156      156      156       71       87       88     1307     1308     1309
      157      157      157      157      157       71       88       56     1309     1260     1214
      158      158      158      158      158       72      105       89     1310     1311     1312
      159      159      159      159      159       72       89       73     1312     1313     1264
      160      160      160      160      160       73       89       90     1313     1314     1315
      161      161      161      161      161       73       90       74     1315     1316     1267
      162      162      162      162      162       74       90       91     1316     1317     1318
      163      163      163      163      163       74       91       75     1318     1319     1270
      164      164      164      164      164       75       91       92     1319     1320     1321
      165      165      165      165      165       75       92       76     1321     1322     1273
      166      166      166      166      166       76       92       93     1322     1323     1324
      167      167      167      167      167       76       93       77     1324     1325     1276
      168      168      168      168      168       77       93       94     1325     1326     1327
      169      169      169      169      169       77       94       78     1327     1328     1279
      170      170      170      170      170       78       94       95     1328     1329     1330
      171      171      171      171      171       78       95       79     1330     1331     1282
      172      172      172      172      172       79       95       96     1331     1332     1333
      173      173      173      173      173       79       96       80     1333     1334     1285
      174      174      174      174      174       80       96       97     1334     1335     1336
      175      175      175      175      175       80       97       81     1336     1337     1287
      176      176      176      176      176       81       97       98     1337     1338     1339
      177      177      177      177      177       81       98       82     1339     1340     1290
      178      178      178      178      178       82       98       99     1340     1341     1342
      179      179      179      179      179       82       99       83     1342     1343     1293
      180      180      180      180      180       83       99      100     1343     1344     1345
      181      181      181      181      181       83      100       84     1345     1346     1296
      182      182      182      182      182       84      100      101     1346     1347     1348
      183      183      183      183      183       84      101       85     1348     1349     1299
      184      184      184      184      184       85      101      102     1349     1350     1351
      185      185      185      185      185       85      102       86     1351     1352     1302
      186      186      186      186      186       86      102      103     1352     1353     1354
      187      187      187      187      187       86      103       87     1354     1355     1305
      188      188      188      188      188       87      103      104     1355     1356     1357
      189      189      189      189      189       87      104       88     1357     1358     1308
      190      190      190      190      190       88      104      105     1358     1359     1360
      191      191      191      191      191       88      105       72     1360     1310     1261
      192      192      192      192      192       89      106       90     1361     1362     1314
      193      193      193      193      193       90      106      107     1362     1363     1364
      194      194      194      194      194       90      107       91     1364     1365     1317
      195      195      195      195      195       91      107      108     1365     1366     1367
      196      196      196      196      196       91      108       92     1367     1368     1320
      197      197      197      197      197       92      108      109     1368     1369     1370
      198      198      198      198      198       92      109       93     1370     1371     1323
      199      199      199      199      199       93      109      110     1371     1372     1373
      200      200      200      200      200       93      110       94     1373     1374     1326
      201      201      201      201      201       94      110      111     1374     1375     1376
      202      202      202      202      202       94      111       95     1376     1377     1329
      203      203      203      203      203       95      111      112     1377     1378     1379
      204      204      204      204      204       95      112       96     1379     1380     1332
      205      205      205      205      205       96      112      113     1380     1381     1382
      206      206      206      206      206       96      113       97     1382     1383     1335
      207      207      207      207      207       97      113      114     1383     1384     1385
      208      208      208      208      208       97      114       98     1385     1386     1338
      209      209      209      209      209       98      114      115     1386     1387     1388
      210      210      210      210      210       98      115       99     1388     1389     1341
      211      211      211      211      211       99      115      116     1389     1390     1391
      212      212      212      212      212       99      116      100     1391     1392     1344
      213      213      213      213      213      100      116      117     1392     1393     1394
      214      214      214      214      214      100      117      101     1394     1395     1347
      215      215      215      215      215      101      117      118     1395     1396     1397
      216      216      216      216      216      101      118      102     1397     1398     1350
      217      217      217      217      217      102      118      119     1398     1399     1400
      218      218      218      218      218      102      119      103     1400     1401     1353
      219      219      219      219      219      103      119      120     1401     1402     1403
      220      220      220      220      220      103      120      104     1403     1404     1356
      221      221      221      221      221      104      120      121     1404     1405     1406
      222      222      222      222      222      104      121      105     1406     1407     1359
      223      223      223      223      223      105      121      122     1407     1408     1409
      224      224      224      224      224      105      122       89     1409     1410     1311
      225      225      225      225      225       89      122      106     1410     1411     1361
      226      226      226      226      226      106      139      123     1412     1413     1414
      227      227      227      227      227      106      123      107     1414     1415     1363
      228      228      228      228      228      107      123      124     1415     1416     1417
      229      229      229      229      229      107      124      108     1417     1418     1366
      230      230      230      230      230      108      124      125     1418     1419     1420
      231      231      231      231      231      108      125      109     1420     1421     1369
      232      232      232      232      232      109      125      126     1421     1422     1423
      233      233      233      233      233      109      126      110     1423     1424     1372
      234      234      234      234      234      110      126      127     1424     1425     1426
      235      235      235      235      235      110      127      111     1426     1427     1375
      236      236      236      236      236      111      127      128     1427     1428     1429
      237      237      237      237      237      111      128      112     1429     1430     1378
      238      238      238      238      238      112      128      129     1430     1431     1432
      239      239      239      239      239      112      129      113     1432     1433     1381
      240      240      240      240      240      113      129      130     1433     1434     1435
      241      241      241      241      241      113      130      114     1435     1436     1384
      242      242      242      242      242      114      130      131     1436     1437     1438
      243      243      243      243      243      114      131      115     1438     1439     1387
      244      244      244      244      244      115      131      132     1439     1440     1441
      245      245      245      245      245      115      132      116     1441     1442     1390
      246      246      246      246      246      116      132      133     1442     1443     1444
      247      247      247      247      247      116      133      117     1444     1445     1393
      248      248      248      248      248      117      133      134     1445     1446     1447
      249      249      249      249      249      117      134      118     1447     1448     1396
      250      250      250      250      250      118      134      135     1448     1449     1450
      251      251      251      251      251      118      135      119     1450     1451     1399
      252      252      252      252      252      119      135      136     1451     1452     1453
      253      253      253      253      253      119      136      120     1453     1454     1402
      254      254      254      254      254      120      136      137     1454     1455     1456
      255      255      255      255      255      120      137      121     1456     1457     1405
      256      256      256      256      256      121      137      138     1457     1458     1459
      257      257      257      257      257      121      138      122     1459     1460     1408
      258      258      258      258      258      122      138      139     1460     1461     1462
      259      259      259      259      259      122      139      106     1462     1412     1411
      260      260      260      260      260      123      156      140     1463     1464     1465
      261      261      261      261      261      123      140      124     1465     1466     1416
      262      262      262      262      262      124      140      141     1466     1467     1468
      263      263      263      263      263      124      141      125     1468     1469     1419
      264      264      264      264      264      125      141      142     1469     1470     1471
      265      265      265      265      265      125      142      126     1471     1472     1422
      266      266      266      266      266      126      142      143     1472     1473     1474
      267      267      267      267      267      126      143      127     1474     1475     1425
      268      268      268      268      268      127      143      144     1475     1476     1477
      269      269      269      269      269      127      144      128     1477     1478     1428
      270      270      270      270      270      128      144      145     1478     1479     1480
      271      271      271      271      271      128      145      129     1480     1481     1431
      272      272      272      272      272      129      145      146     1481     1482     1483
      273      273      273      273      273      129      146      130     1483     1484     1434
      274      274      274      274      274      130      146      147     1484     1485     1486
      275      275      275      275      275      130      147      131     1486     1487     1437
      276      276      276      276      276      131      147      148     1487     1488     1489
      277      277      277      277      277      131      148      132     1489     1490     1440
      278      278      278      278      278      132      148      149     1490     1491     1492
      279      279      279      279      279      132      149      133     1492     1493     1443
      280      280      280      280      280      133      149      150     1493     1494     1495
      281      281      281      281      281      133      150      134     1495     1496     1446
      282      282      282      282      282      134      150      151     1496     1497     1498
      283      283      283      283      283      134      151      135     1498     1499     1449
      284      284      284      284      284      135      151      152     1499     1500     1501
      285      285      285      285      285      135      152      136     1501     1502     1452
      286      286      286      286      286      136      152      153     1502     1503     1504
      287      287      287      287      287      136      153      137     1504     1505     1455
      288      288      288      288      288      137      153      154     1505     1506     1507
      289      289      289      289      289      137      154      138     1507     1508     1458
      290      290      290      290      290      138      154      155     1508     1509     1510
      291      291      291      291      291      138      155      139     1510     1511     1461
      292      292      292      292      292      139      155      156     1511     1512     1513
      293      293      293      293      293      139      156      123     1513     1463     1413
      294      294      294      294      294      140      175      157     1514     1515     1516
      295      295      295      295      295      140      157      141     1516     1517     1467
      296      296      296      296      296      141      157      158     1517     1518     1519
      297      297      297      297      297      141      158      142     1519     1520     1470
      298      298      298      298      298      142      158      159     1520     1521     1522
      299      299      299      299      299      142      159      143     1522     1523     1473
      300      300      300      300      300      143      159      160     1523     1524     1525
      301      301      301      301      301      143      160      144     1525     1526     1476
      302      302      302      302      302      144      160      161     1526     1527     1528
      303      303      303      303      303      144      161      162     1528     1529     1530
      304      304      304      304      304      144      162      145     1530     1531     1479
      305      305      305      305      305      145      162      163     1531     1532     1533
      306      306      306      306      306      145      163      146     1533     1534     1482
      307      307      307      307      307      146      163      164     1534     1535     1536
      308      308      308      308      308      146      164      147     1536     1537     1485
      309      309      309      309      309      147      164      165     1537     1538     1539
      310      310      310      310      310      147      165      148     1539     1540     1488
      311      311      311      311      311      148      165      166     1540     1541     1542
      312      312      312      312      312      148      166      149     1542     1543     1491
      313      313      313      313      313      149      166      167     1543     1544     1545
      314      314      314      314      314      149      167      150     1545     1546     1494
      315      315      315      315      315      150      167      168     1546     1547     1548
      316      316      316      316      316      150      168      151     1548     1549     1497
      317      317      317      317      317      151      168      169     1549     1550     1551
      318      318      318      318      318      151      169      152     1551     1552     1500
      319      319      319      319      319      152      169      170     1552     1553     1554
      320      320      320      320      320      152      170      153     1554     1555     1503
      321      321      321      321      321      153      170      171     1555     1556     1557
      322      322      322      322      322      153      171      172     1557     1558     1559
      323      323      323      323      323      153      172      154     1559     1560     1506
      324      324      324      324      324      154      172      173     1560     1561     1562
      325      325      325      325      325      154      173      155     1562     1563     1509
      326      326      326      326      326      155      173      174     1563     1564     1565
      327      327      327      327      327      155      174      156     1565     1566     1512
      328      328      328      328      328      156      174      175     1566     1567     1568
      329      329      329      329      329      156      175      140     1568     1514     1464
      330      330      330      330      330      157      195      176     1569     1570     1571
      331      331      331      331      331      157      176      158     1571     1572     1518
      332      332      332      332      332      158      176      177     1572     1573     1574
      333      333      333      333      333      158      177      159     1574     1575     1521
      334      334      334      334      334      159      177      178     1575     1576     1577
      335      335      335      335      335      159      178      160     1577     1578     1524
      336      336      336      336      336      160      178      179     1578     1579     1580
      337      337      337      337      337      160      179      161     1580     1581     1527
      338      338      338      338      338      161      179      180     1581     1582     1583
      339      339      339      339      339      161      180      162     1583     1584     1529
      340      340      340      340      340      162      180      181     1584     1585     1586
      341      341      341      341      341      162      181      163     1586     1587     1532
      342      342      342      342      342      163      181      182     1587     1588     1589
      343      343      343      343      343      163      182      164     1589     1590     1535
      344      344      344      344      344      164      182      183     1590     1591     1592
      345      345      345      345      345      164      183      165     1592     1593     1538
      346      346      346      346      346      165      183      184     1593     1594     1595
      347      347      347      347      347      165      184      166     1595     1596     1541
      348      348      348      348      348      166      184      185     1596     1597     1598
      349      349      349      349      349      166      185      167     1598     1599     1544
      350      350      350      350      350      167      185      186     1599     1600     1601
      351      351      351      351      351      167      186      187     1601     1602     1603
      352      352      352      352      352      167      187      168     1603     1604     1547
      353      353      353      353      353      168      187      188     1604     1605     1606
      354      354      354      354      354      168      188      169     1606     1607     1550
      355      355      355      355      355      169      188      189     1607     1608     1609
      356      356      356      356      356      169      189      170     1609     1610     1553
      357      357      357      357      357      170      189      190     1610     1611     1612
      358      358      358      358      358      170      190      171     1612     1613     1556
      359      359      359      359      359      171      190      191     1613     1614     1615
      360      360      360      360      360      171      191      172     1615     1616     1558
      361      361      361      361      361      172      191      192     1616     1617     1618
      362      362      362      362      362      172      192      173     1618     1619     1561
      363      363      363      363      363      173      192      193     1619     1620     1621
      364      364      364      364      364      173      193      174     1621     1622     1564
      365      365      365      365      365      174      193      194     1622     1623     1624
      366      366      366      366      366      174      194      175     1624     1625     1567
      367      367      367      367      367      175      194      195     1625     1626     1627
      368      368      368      368      368      175      195      157     1627     1569     1515
      369      369      369      369      369      176      216      196     1628     1629     1630
      370      370      370      370      370      176      196      177     1630     1631     1573
      371      371      371      371      371      177      196      197     1631     1632     1633
      372      372      372      372      372      177      197      178     1633     1634     1576
      373      373      373      373      373      178      197      198     1634     1635     1636
      374      374      374      374      374      178      198      179     1636     1637     1579
      375      375      375      375      375      179      198      199     1637     1638     1639
      376      376      376      376      376      179      199      180     1639     1640     1582
      377      377      377      377      377      180      199      200     1640     1641     1642
      378      378      378      378      378      180      200      181     1642     1643     1585
      379      379      379      379      379      181      200      201     1643     1644     1645
      380      380      380      380      380      181      201      182     1645     1646     1588
      381      381      381      381      381      182      201      202     1646     1647     1648
      382      382      382      382      382      182      202      183     1648     1649     1591
      383      383      383      383      383      183      202      203     1649     1650     1651
      384      384      384      384      384      183      203      184     1651     1652     1594
      385      385      385      385      385      184      203      204     1652     1653     1654
      386      386      386      386      386      184      204      185     1654     1655     1597
      387      387      387      387      387      185      204      205     1655     1656     1657
      388      388      388      388      388      185      205      186     1657     1658     1600
      389      389      389      389      389      186      205      206     1658     1659     1660
      390      390      390      390      390      186      206      207     1660     1661     1662
      391      391      391      391      391      186      207      187     1662     1663     1602
      392      392      392      392      392      187      207      208     1663     1664     1665
      393      393      393      393      393      187      208      188     1665     1666     1605
      394      394      394      394      394      188      208      209     1666     1667     1668
      395      395      395      395      395      188      209      189     1668     1669     1608
      396      396      396      396      396      189      209      210     1669     1670     1671
      397      397      397      397      397      189      210      190     1671     1672     1611
      398      398      398      398      398      190      210      211     1672     1673     1674
      399      399      399      399      399      190      211      191     1674     1675     1614
      400      400      400      400      400      191      211      212     1675     1676     1677
      401      401      401      401      401      191      212      192     1677     1678     1617
      402      402      402      402      402      192      212      213     1678     1679     1680
      403      403      403      403      403      192      213      193     1680     1681     1620
      404      404      404      404      404      193      213      214     1681     1682     1683
      405      405      405      405      405      193      214      194     1683     1684     1623
      406      406      406      406      406      194      214      215     1684     1685     1686
      407      407      407      407      407      194      215      195     1686     1687     1626
      408      408      408      408      408      195      215      216     1687     1688     1689
      409      409      409      409      409      195      216      176     1689     1628     1570
      410      410      410      410      410      196      238      217     1690     1691     1692
      411      411      411      411      411      196      217      197     1692     1693     1632
      412      412      412      412      412      197      217      218     1693     1694     1695
      413      413      413      413      413      197      218      198     1695     1696     1635
      414      414      414      414      414      198      218      219     1696     1697     1698
      415      415      415      415      415      198      219      199     1698     1699     1638
      416      416      416      416      416      199      219      220     1699     1700     1701
      417      417      417      417      417      199      220      200     1701     1702     1641
      418      418      418      418      418      200      220      221     1702     1703     1704
      419      419      419      419      419      200      221      201     1704     1705     1644
      420      420      420      420      420      201      221      222     1705     1706     1707
      421      421      421      421      421      201      222      202     1707     1708     1647
      422      422      422      422      422      202      222      223     1708     1709     1710
      423      423      423      423      423      202      223      203     1710     1711     1650
      424      424      424      424      424      203      223      224     1711     1712     1713
      425      425      425      425      425      203      224      204     1713     1714     1653
      426      426      426      426      426      204      224      225     1714     1715     1716
      427      427      427      427      427      204      225      205     1716     1717     1656
      428      428      428      428      428      205      225      226     1717     1718     1719
      429      429      429      429      429      205      226      206     1719     1720     1659
      430      430      430      430      430      206      226      227     1720     1721     1722
      431      431      431      431      431      206      227      207     1722     1723     1661
      432      432      432      432      432      207      227      228     1723     1724     1725
      433      433      433      433      433      207      228      229     1725     1726     1727
      434      434      434      434      434      207      229      208     1727     1728     1664
      435      435      435      435      435      208      229      230     1728     1729     1730
      436      436      436      436      436      208      230      209     1730     1731     1667
      437      437      437      437      437      209      230      231     1731     1732     1733
      438      438      438      438      438      209      231      210     1733     1734     1670
      439      439      439      439      439      210      231      232     1734     1735     1736
      440      440      440      440      440      210      232      211     1736     1737     1673
      441      441      441      441      441      211      232      233     1737     1738     1739
      442      442      442      442      442      211      233      212     1739     1740     1676
      443      443      443      443      443      212      233      234     1740     1741     1742
      444      444      444      444      444      212      234      213     1742     1743     1679
      445      445      445      445      445      213      234      235     1743     1744     1745
      446      446      446      446      446      213      235      214     1745     1746     1682
      447      447      447      447      447      214      235      236     1746     1747     1748
      448      448      448      448      448      214      236      215     1748     1749     1685
      449      449      449      449      449      215      236      237     1749     1750     1751
      450      450      450      450      450      215      237      216     1751     1752     1688
      451      451      451      451      451      216      237      238     1752     1753     1754
      452      452      452      452      452      216      238      196     1754     1690     1629
      453      453      453      453      453      217      239      218     1755     1756     1694
      454      454      454      454      454      218      239      240     1756     1757     1758
      455      455      455      455      455      218      240      219     1758     1759     1697
      456      456      456      456      456      219      240      241     1759     1760     1761
      457      457      457      457      457      219      241      220     1761     1762     1700
      458      458      458      458      458      220      241      242     1762     1763     1764
      459      459      459      459      459      220      242      221     1764     1765     1703
      460      460      460      460      460      221      242      243     1765     1766     1767
      461      461      461      461      461      221      243      222     1767     1768     1706
      462      462      462      462      462      222      243      244     1768     1769     1770
      463      463      463      463      463      222      244      223     1770     1771     1709
      464      464      464      464      464      223      244      245     1771     1772     1773
      465      465      465      465      465      223      245      224     1773     1774     1712
      466      466      466      466      466      224      245      246     1774     1775     1776
      467      467      467      467      467      224      246      225     1776     1777     1715
      468      468      468      468      468      225      246      247     1777     1778     1779
      469      469      469      469      469      225      247      226     1779     1780     1718
      470      470      470      470      470      226      247      248     1780     1781     1782
      471      471      471      471      471      226      248      227     1782     1783     1721
      472      472      472      472      472      227      248      249     1783     1784     1785
      473      473      473      473      473      227      249      228     1785     1786     1724
      474      474      474      474      474      228      249      250     1786     1787     1788
      475      475      475      475      475      228      250      229     1788     1789     1726
      476      476      476      476      476      229      250      251     1789     1790     1791
      477      477      477      477      477      229      251      230     1791     1792     1729
      478      478      478      478      478      230      251      252     1792     1793     1794
      479      479      479      479      479      230      252      231     1794     1795     1732
      480      480      480      480      480      231      252      253     1795     1796     1797
      481      481      481      481      481      231      253      232     1797     1798     1735
      482      482      482      482      482      232      253      254     1798     1799     1800
      483      483      483      483      483      232      254      233     1800     1801     1738
      484      484      484      484      484      233      254      255     1801     1802     1803
      485      485      485      485      485      233      255      234     1803     1804     1741
      486      486      486      486      486      234      255      256     1804     1805     1806
      487      487      487      487      487      234      256      235     1806     1807     1744
      488      488      488      488      488      235      256      257     1807     1808     1809
      489      489      489      489      489      235      257      236     1809     1810     1747
      490      490      490      490      490      236      257      258     1810     1811     1812
      491      491      491      491      491      236      258      237     1812     1813     1750
      492      492      492      492      492      237      258      259     1813     1814     1815
      493      493      493      493      493      237      259      238     1815     1816     1753
      494      494      494      494      494      238      259      260     1816     1817     1818
      495      495      495      495      495      238      260      217     1818     1819     1691
      496      496      496      496      496      217      260      239     1819     1820     1755
      497      497      497      497      497      239      283      261     1821     1822     1823
      498      498      498      498      498      239      261      240     1823     1824     1757
      499      499      499      499      499      240      261      262     1824     1825     1826
      500      500      500      500      500      240      262      241     1826     1827     1760
      501      501      501      501      501      241      262      263     1827     1828     1829
      502      502      502      502      502      241      263      242     1829     1830     1763
      503      503      503      503      503      242      263      264     1830     1831     1832
      504      504      504      504      504      242      264      243     1832     1833     1766
      505      505      505      505      505      243      264      265     1833     1834     1835
      506      506      506      506      506      243      265      244     1835     1836     1769
      507      507      507      507      507      244      265      266     1836     1837     1838
      508      508      508      508      508      244      266      245     1838     1839     1772
      509      509      509      509      509      245      266      267     1839     1840     1841
      510      510      510      510      510      245      267      246     1841     1842     1775
      511      511      511      511      511      246      267      268     1842     1843     1844
      512      512      512      512      512      246      268      247     1844     1845     1778
      513      513      513      513      513      247      268      269     1845     1846     1847
      514      514      514      514      514      247      269      248     1847     1848     1781
      515      515      515      515      515      248      269      270     1848     1849     1850
      516      516      516      516      516      248      270      249     1850     1851     1784
      517      517      517      517      517      249      270      271     1851     1852     1853
      518      518      518      518      518      249      271      250     1853     1854     1787
      519      519      519      519      519      250      271      272     1854     1855     1856
      520      520      520      520      520      250      272      273     1856     1857     1858
      521      521      521      521      521      250      273      251     1858     1859     1790
      522      522      522      522      522      251      273      274     1859     1860     1861
      523      523      523      523      523      251      274      252     1861     1862     1793
      524      524      524      524      524      252      274      275     1862     1863     1864
      525      525      525      525      525      252      275      253     1864     1865     1796
      526      526      526      526      526      253      275      276     1865     1866     1867
      527      527      527      527      527      253      276      254     1867     1868     1799
      528      528      528      528      528      254      276      277     1868     1869     1870
      529      529      529      529      529      254      277      255     1870     1871     1802
      530      530      530      530      530      255      277      278     1871     1872     1873
      531      531      531      531      531      255      278      256     1873     1874     1805
      532      532      532      532      532      256      278      279     1874     1875     1876
      533      533      533      533      533      256      279      257     1876     1877     1808
      534      534      534      534      534      257      279      280     1877     1878     1879
      535      535      535      535      535      257      280      258     1879     1880     1811
      536      536      536      536      536      258      280      281     1880     1881     1882
      537      537      537      537      537      258      281      259     1882     1883     1814
      538      538      538      538      538      259      281      282     1883     1884     1885
      539      539      539      539      539      259      282      260     1885     1886     1817
      540      540      540      540      540      260      282      283     1886     1887     1888
      541      541      541      541      541      260      283      239     1888     1821     1820
      542      542      542      542      542      261      284      262     1889     1890     1825
      543      543      543      543      543      262      284      285     1890     1891     1892
      544      544      544      544      544      262      285      263     1892     1893     1828
      545      545      545      545      545      263      285      286     1893     1894     1895
      546      546      546      546      546      263      286      264     1895     1896     1831
      547      547      547      547      547      264      286      287     1896     1897     1898
      548      548      548      548      548      264      287      265     1898     1899     1834
      549      549      549      549      549      265      287      288     1899     1900     1901
      550      550      550      550      550      265      288      266     1901     1902     1837
      551      551      551      551      551      266      288      289     1902     1903     1904
      552      552      552      552      552      266      289      267     1904     1905     1840
      553      553      553      553      553      267      289      290     1905     1906     1907
      554      554      554      554      554      267      290      268     1907     1908     1843
      555      555      555      555      555      268      290      291     1908     1909     1910
      556      556      556      556      556      268      291      269     1910     1911     1846
      557      557      557      557      557      269      291      292     1911     1912     1913
      558      558      558      558      558      269      292      270     1913     1914     1849
      559      559      559      559      559      270      292      293     1914     1915     1916
      560      560      560      560      560      270      293      271     1916     1917     1852
      561      561      561      561      561      271      293      294     1917     1918     1919
      562      562      562      562      562      271      294      272     1919     1920     1855
      563      563      563      563      563      272      294      295     1920     1921     1922
      564      564      564      564      564      272      295      273     1922     1923     1857
      565      565      565      565      565      273      295      296     1923     1924     1925
      566      566      566      566      566      273      296      274     1925     1926     1860
      567      567      567      567      567      274      296      297     1926     1927     1928
      568      568      568      568      568      274      297      275     1928     1929     1863
      569      569      569      569      569      275      297      298     1929     1930     1931
      570      570      570      570      570      275      298      276     1931     1932     1866
      571      571      571      571      571      276      298      299     1932     1933     1934
      572      572      572      572      572      276      299      277     1934     1935     1869
      573      573      573      573      573      277      299      300     1935     1936     1937
      574      574      574      574      574      277      300      278     1937     1938     1872
      575      575      575      575      575      278      300      301     1938     1939     1940
      576      576      576      576      576      278      301      279     1940     1941     1875
      577      577      577      577      577      279      301      302     1941     1942     1943
      578      578      578      578      578      279      302      280     1943     1944     1878
      579      579      579      579      579      280      302      303     1944     1945     1946
      580      580      580      580      580      280      303      281     1946     1947     1881
      581      581      581      581      581      281      303      304     1947     1948     1949
      582      582      582      582      582      281      304      282     1949     1950     1884
      583      583      583      583      583      282      304      305     1950     1951     1952
      584      584      584      584      584      282      305      283     1952     1953     1887
      585      585      585      585      585      283      305      306     1953     1954     1955
      586      586      586      586      586      283      306      261     1955     1956     1822
      587      587      587      587      587      261      306      284     1956     1957     1889
      588      588      588      588      588      284      307      285     1958     1959     1891
      589      589      589      589      589      285      307      308     1959     1960     1961
      590      590      590      590      590      285      308      286     1961     1962     1894
      591      591      591      591      591      286      308      309     1962     1963     1964
      592      592      592      592      592      286      309      287     1964     1965     1897
      593      593      593      593      593      287      309      310     1965     1966     1967
      594      594      594      594      594      287      310      288     1967     1968     1900
      595      595      595      595      595      288      310      311     1968     1969     1970
      596      596      596      596      596      288      311      289     1970     1971     1903
      597      597      597      597      597      289      311      312     1971     1972     1973
      598      598      598      598      598      289      312      290     1973     1974     1906
      599      599      599      599      599      290      312      313     1974     1975     1976
      600      600      600      600      600      290      313      291     1976     1977     1909
      601      601      601      601      601      291      313      314     1977     1978     1979
      602      602      602      602      602      291      314      292     1979     1980     1912
      603      603      603      603      603      292      314      315     1980     1981     1982
      604      604      604      604      604      292      315      293     1982     1983     1915
      605      605      605      605      605      293      315      316     1983     1984     1985
      606      606      606      606      606      293      316      294     1985     1986     1918
      607      607      607      607      607      294      316      317     1986     1987     1988
      608      608      608      608      608      294      317      295     1988     1989     1921
      609      609      609      609      609      295      317      318     1989     1990     1991
      610      610      610      610      610      295      318      296     1991     1992     1924
      611      611      611      611      611      296      318      319     1992     1993     1994
      612      612      612      612      612      296      319      297     1994     1995     1927
      613      613      613      613      613      297      319      320     1995     1996     1997
      614      614      614      614      614      297      320      298     1997     1998     1930
      615      615      615      615      615      298      320      321     1998     1999     2000
      616      616      616      616      616      298      321      299     2000     2001     1933
      617      617      617      617      617      299      321      322     2001     2002     2003
      618      618      618      618      618      299      322      300     2003     2004     1936
      619      619      619      619      619      300      322      323     2004     2005     2006
      620      620      620      620      620      300      323      301     2006     2007     1939
      621      621      621      621      621      301      323      324     2007     2008     2009
      622      622      622      622      622      301      324      302     2009     2010     1942
      623      623      623      623      623      302      324      325     2010     2011     2012
      624      624      624      624      624      302      325      303     2012     2013     1945
      625      625      625      625      625      303      325      326     2013     2014     2015
      626      626      626      626      626      303      326      304     2015     2016     1948
      627      627      627      627      627      304      326      327     2016     2017     2018
      628      628      628      628      628      304      327      305     2018     2019     1951
      629      629      629      629      629      305      327      328     2019     2020     2021
      630      630      630      630      630      305      328      306     2021     2022     1954
      631      631      631      631      631      306      328      329     2022     2023     2024
      632      632      632      632      632      306      329      284     2024     2025     1957
      633      633      633      633      633      284      329      307     2025     2026     1958
      634      634      634      634      634      307      330      308     2027     2028     1960
      635      635      635      635      635      308      330      331     2028     2029     2030
      636      636      636      636      636      308      331      309     2030     2031     1963
      637      637      637      637      637      309      331      332     2031     2032     2033
      638      638      638      638      638      309      332      310     2033     2034     1966
      639      639      639      639      639      310      332      333     2034     2035     2036
      640      640      640      640      640      310      333      311     2036     2037     1969
      641      641      641      641      641      311      333      334     2037     2038     2039
      642      642      642      642      642      311      334      312     2039     2040     1972
      643      643      643      643      643      312      334      335     2040     2041     2042
      644      644      644      644      644      312      335      313     2042     2043     1975
      645      645      645      645      645      313      335      336     2043     2044     2045
      646      646      646      646      646      313      336      314     2045     2046     1978
      647      647      647      647      647      314      336      337     2046     2047     2048
      648      648      648      648      648      314      337      315     2048     2049     1981
      649      649      649      649      649      315      337      338     2049     2050     2051
      650      650      650      650      650      315      338      316     2051     2052     1984
      651      651      651      651      651      316      338      339     2052     2053     2054
      652      652      652      652      652      316      339      317     2054     2055     1987
      653      653      653      653      653      317      339      340     2055     2056     2057
      654      654      654      654      654      317      340      318     2057     2058     1990
      655      655      655      655      655      318      340      341     2058     2059     2060
      656      656      656      656      656      318      341      319     2060     2061     1993
      657      657      657      657      657      319      341      342     2061     2062     2063
      658      658      658      658      658      319      342      320     2063     2064     1996
      659      659      659      659      659      320      342      343     2064     2065     2066
      660      660      660      660      660      320      343      321     2066     2067     1999
      661      661      661      661      661      321      343      344     2067     2068     2069
      662      662      662      662      662      321      344      322     2069     2070     2002
      663      663      663      663      663      322      344      345     2070     2071     2072
      664      664      664      664      664      322      345      323     2072     2073     2005
      665      665      665      665      665      323      345      346     2073     2074     2075
      666      666      666      666      666      323      346      324     2075     2076     2008
      667      667      667      667      667      324      346      347     2076     2077     2078
      668      668      668      668      668      324      347      325     2078     2079     2011
      669      669      669      669      669      325      347      348     2079     2080     2081
      670      670      670      670      670      325      348      326     2081     2082     2014
      671      671      671      671      671      326      348      349     2082     2083     2084
      672      672      672      672      672      326      349      327     2084     2085     2017
      673      673      673      673      673      327      349      350     2085     2086     2087
      674      674      674      674      674      327      350      328     2087     2088     2020
      675      675      675      675      675      328      350      351     2088     2089     2090
      676      676      676      676      676      328      351      329     2090     2091     2023
      677      677      677      677      677      329      351      352     2091     2092     2093
      678      678      678      678      678      329      352      307     2093     2094     2026
      679      679      679      679      679      307      352      330     2094     2095     2027
      680      680      680      680      680      330      353      331     2096     2097     2029
      681      681      681      681      681      331      353      354     2097     2098     2099
      682      682      682      682      682      331      354      332     2099     2100     2032
      683      683      683      683      683      332      354      355     2100     2101     2102
      684      684      684      684      684      332      355      333     2102     2103     2035
      685      685      685      685      685      333      355      356     2103     2104     2105
      686      686      686      686      686      333      356      334     2105     2106     2038
      687      687      687      687      687      334      356      357     2106     2107     2108
      688      688      688      688      688      334      357      335     2108     2109     2041
      689      689      689      689      689      335      357      358     2109     2110     2111
      690      690      690      690      690      335      358      336     2111     2112     2044
      691      691      691      691      691      336      358      359     2112     2113     2114
      692      692      692      692      692      336      359      337     2114     2115     2047
      693      693      693      693      693      337      359      360     2115     2116     2117
      694      694      694      694      694      337      360      338     2117     2118     2050
      695      695      695      695      695      338      360      361     2118     2119     2120
      696      696      696      696      696      338      361      339     2120     2121     2053
      697      697      697      697      697      339      361      362     2121     2122     2123
      698      698      698      698      698      339      362      340     2123     2124     2056
      699      699      699      699      699      340      362      363     2124     2125     2126
      700      700      700      700      700      340      363      341     2126     2127     2059
      701      701      701      701      701      341      363      364     2127     2128     2129
      702      702      702      702      702      341      364      342     2129     2130     2062
      703      703      703      703      703      342      364      365     2130     2131     2132
      704      704      704      704      704      342      365      343     2132     2133     2065
      705      705      705      705      705      343      365      366     2133     2134     2135
      706      706      706      706      706      343      366      344     2135     2136     2068
      707      707      707      707      707      344      366      367     2136     2137     2138
      708      708      708      708      708      344      367      345     2138     2139     2071
      709      709      709      709      709      345      367      368     2139     2140     2141
      710      710      710      710      710      345      368      346     2141     2142     2074
      711      711      711      711      711      346      368      369     2142     2143     2144
      712      712      712      712      712      346      369      347     2144     2145     2077
      713      713      713      713      713      347      369      370     2145     2146     2147
      714      714      714      714      714      347      370      348     2147     2148     2080
      715      715      715      715      715      348      370      371     2148     2149     2150
      716      716      716      716      716      348      371      349     2150     2151     2083
      717      717      717      717      717      349      371      372     2151     2152     2153
      718      718      718      718      718      349      372      350     2153     2154     2086
      719      719      719      719      719      350      372      373     2154     2155     2156
      720      720      720      720      720      350      373      351     2156     2157     2089
      721      721      721      721      721      351      373      374     2157     2158     2159
      722      722      722      722      722      351      374      352     2159     2160     2092
      723      723      723      723      723      352      374      375     2160     2161     2162
      724      724      724      724      724      352      375      330     2162     2163     2095
      725      725      725      725      725      330      375      353     2163     2164     2096
      726      726      726      726      726      353      376      354     2165     2166     2098
      727      727      727      727      727      354      376      377     2166     2167     2168
      728      728      728      728      728      354      377      355     2168     2169     2101
      729      729      729      729      729      355      377      378     2169     2170     2171
      730      730      730      730      730      355      378      356     2171     2172     2104
      731      731      731      731      731      356      378      379     2172     2173     2174
      732      732      732      732      732      356      379      357     2174     2175     2107
      733      733      733      733      733      357      379      380     2175     2176     2177
      734      734      734      734      734      357      380      358     2177     2178     2110
      735      735      735      735      735      358      380      381     2178     2179     2180
      736      736      736      736      736      358      381      359     2180     2181     2113
      737      737      737      737      737      359      381      382     2181     2182     2183
      738      738      738      738      738      359      382      360     2183     2184     2116
      739      739      739      739      739      360      382      383     2184     2185     2186
      740      740      740      740      740      360      383      361     2186     2187     2119
      741      741      741      741      741      361      383      384     2187     2188     2189
      742      742      742      742      742      361      384      362     2189     2190     2122
      743      743      743      743      743      362      384      385     2190     2191     2192
      744      744      744      744      744      362      385      363     2192     2193     2125
      745      745      745      745      745      363      385      386     2193     2194     2195
      746      746      746      746      746      363      386      364     2195     2196     2128
      747      747      747      747      747      364      386      387     2196     2197     2198
      748      748      748      748      748      364      387      365     2198     2199     2131
      749      749      749      749      749      365      387      388     2199     2200     2201
      750      750      750      750      750      365      388      366     2201     2202     2134
      751      751      751      751      751      366      388      389     2202     2203     2204
      752      752      752      752      752      366      389      367     2204     2205     2137
      753      753      753      753      753      367      389      390     2205     2206     2207
      754      754      754      754      754      367      390      368     2207     2208     2140
      755      755      755      755      755      368      390      391     2208     2209     2210
      756      756      756      756      756      368      391      369     2210     2211     2143
      757      757      757      757      757      369      391      392     2211     2212     2213
      758      758      758      758      758      369      392      370     2213     2214     2146
      759      759      759      759      759      370      392      393     2214     2215     2216
      760      760      760      760      760      370      393      371     2216     2217     2149
      761      761      761      761      761      371      393      394     2217     2218     2219
      762      762      762      762      762      371      394      372     2219     2220     2152
      763      763      763      763      763      372      394      395     2220     2221     2222
      764      764      764      764      764      372      395      373     2222     2223     2155
      765      765      765      765      765      373      395      396     2223     2224     2225
      766      766      766      766      766      373      396      374     2225     2226     2158
      767      767      767      767      767      374      396      397     2226     2227     2228
      768      768      768      768      768      374      397      375     2228     2229     2161
      769      769      769      769      769      375      397      398     2229     2230     2231
      770      770      770      770      770      375      398      353     2231     2232     2164
      771      771      771      771      771      353      398      376     2232     2233     2165
      772      772      772      772      772      376      421      399     2234     2235     2236
      773      773      773      773      773      376      399      377     2236     2237     2167
      774      774      774      774      774      377      399      400     2237     2238     2239
      775      775      775      775      775      377      400      378     2239     2240     2170
      776      776      776      776      776      378      400      401     2240     2241     2242
      777      777      777      777      777      378      401      379     2242     2243     2173
      778      778      778      778      778      379      401      402     2243     2244     2245
      779      779      779      779      779      379      402      380     2245     2246     2176
      780      780      780      780      780      380      402      403     2246     2247     2248
      781      781      781      781      781      380      403      381     2248     2249     2179
      782      782      782      782      782      381      403      404     2249     2250     2251
      783      783      783      783      783      381      404      382     2251     2252     2182
      784      784      784      784      784      382      404      405     2252     2253     2254
      785      785      785      785      785      382      405      383     2254     2255     2185
      786      786      786      786      786      383      405      406     2255     2256     2257
      787      787      787      787      787      383      406      384     2257     2258     2188
      788      788      788      788      788      384      406      407     2258     2259     2260
      789      789      789      789      789      384      407      385     2260     2261     2191
      790      790      790      790      790      385      407      408     2261     2262     2263
      791      791      791      791      791      385      408      386     2263     2264     2194
      792      792      792      792      792      386      408      409     2264     2265     2266
      793      793      793      793      793      386      409      387     2266     2267     2197
      794      794      794      794      794      387      409      410     2267     2268     2269
      795      795      795      795      795      387      410      388     2269     2270     2200
      796      796      796      796      796      388      410      411     2270     2271     2272
      797      797      797      797      797      388      411      389     2272     2273     2203
      798      798      798      798      798      389      411      412     2273     2274     2275
      799      799      799      799      799      389      412      390     2275     2276     2206
      800      800      800      800      800      390      412      413     2276     2277     2278
      801      801      801      801      801      390      413      391     2278     2279     2209
      802      802      802      802      802      391      413      414     2279     2280     2281
      803      803      803      803      803      391      414      392     2281     2282     2212
      804      804      804      804      804      392      414      415     2282     2283     2284
      805      805      805      805      805      392      415      393     2284     2285     2215
      806      806      806      806      806      393      415      416     2285     2286     2287
      807      807      807      807      807      393      416      394     2287     2288     2218
      808      808      808      808      808      394      416      417     2288     2289     2290
      809      809      809      809      809      394      417      395     2290     2291     2221
      810      810      810      810      810      395      417      418     2291     2292     2293
      811      811      811      811      811      395      418      396     2293     2294     2224
      812      812      812      812      812      396      418      419     2294     2295     2296
      813      813      813      813      813      396      419      397     2296     2297     2227
      814      814      814      814      814      397      419      420     2297     2298     2299
      815      815      815      815      815      397      420      398     2299     2300     2230
      816      816      816      816      816      398      420      421     2300     2301     2302
      817      817      817      817      817      398      421      376     2302     2234     2233
      818      818      818      818      818      399      422      400     2303     2304     2238
      819      819      819      819      819      400      422      423     2304     2305     2306
      820      820      820      820      820      400      423      401     2306     2307     2241
      821      821      821      821      821      401      423      424     2307     2308     2309
      822      822      822      822      822      401      424      402     2309     2310     2244
      823      823      823      823      823      402      424      425     2310     2311     2312
      824      824      824      824      824      402      425      403     2312     2313     2247
      825      825      825      825      825      403      425      426     2313     2314     2315
      826      826      826      826      826      403      426      404     2315     2316     2250
      827      827      827      827      827      404      426      427     2316     2317     2318
      828      828      828      828      828      404      427      405     2318     2319     2253
      829      829      829      829      829      405      427      428     2319     2320     2321
      830      830      830      830      830      405      428      406     2321     2322     2256
      831      831      831      831      831      406      428      429     2322     2323     2324
      832      832      832      832      832      406      429      407     2324     2325     2259
      833      833      833      833      833      407      429      430     2325     2326     2327
      834      834      834      834      834      407      430      408     2327     2328     2262
      835      835      835      835      835      408      430      431     2328     2329     2330
      836      836      836      836      836      408      431      409     2330     2331     2265
      837      837      837      837      837      409      431      432     2331     2332     2333
      838      838      838      838      838      409      432      410     2333     2334     2268
      839      839      839      839      839      410      432      433     2334     2335     2336
      840      840      840      840      840      410      433      411     2336     2337     2271
      841      841      841      841      841      411      433      434     2337     2338     2339
      842      842      842      842      842      411      434      412     2339     2340     2274
      843      843      843      843      843      412      434      435     2340     2341     2342
      844      844      844      844      844      412      435      413     2342     2343     2277
      845      845      845      845      845      413      435      436     2343     2344     2345
      846      846      846      846      846      413      436      414     2345     2346     2280
      847      847      847      847      847      414      436      437     2346     2347     2348
      848      848      848      848      848      414      437      415     2348     2349     2283
      849      849      849      849      849      415      437      438     2349     2350     2351
      850      850      850      850      850      415      438      416     2351     2352     2286
      851      851      851      851      851      416      438      439     2352     2353     2354
      852      852      852      852      852      416      439      417     2354     2355     2289
      853      853      853      853      853      417      439      440     2355     2356     2357
      854      854      854      854      854      417      440      418     2357     2358     2292
      855      855      855      855      855      418      440      441     2358     2359     2360
      856      856      856      856      856      418      441      419     2360     2361     2295
      857      857      857      857      857      419      441      442     2361     2362     2363
      858      858      858      858      858      419      442      420     2363     2364     2298
      859      859      859      859      859      420      442      443     2364     2365     2366
      860      860      860      860      860      420      443      421     2366     2367     2301
      861      861      861      861      861      421      443      444     2367     2368     2369
      862      862      862      862      862      421      444      399     2369     2370     2235
      863      863      863      863      863      399      444      422     2370     2371     2303
      864      864      864      864      864      422      467      445     2372     2373     2374
      865      865      865      865      865      422      445      423     2374     2375     2305
      866      866      866      866      866      423      445      446     2375     2376     2377
      867      867      867      867      867      423      446      424     2377     2378     2308
      868      868      868      868      868      424      446      447     2378     2379     2380
      869      869      869      869      869      424      447      425     2380     2381     2311
      870      870      870      870      870      425      447      448     2381     2382     2383
      871      871      871      871      871      425      448      426     2383     2384     2314
      872      872      872      872      872      426      448      449     2384     2385     2386
      873      873      873      873      873      426      449      427     2386     2387     2317
      874      874      874      874      874      427      449      450     2387     2388     2389
      875      875      875      875      875      427      450      428     2389     2390     2320
      876      876      876      876      876      428      450      451     2390     2391     2392
      877      877      877      877      877      428      451      429     2392     2393     2323
      878      878      878      878      878      429      451      452     2393     2394     2395
      879      879      879      879      879      429      452      430     2395     2396     2326
      880      880      880      880      880      430      452      453     2396     2397     2398
      881      881      881      881      881      430      453      431     2398     2399     2329
      882      882      882      882      882      431      453      454     2399     2400     2401
      883      883      883      883      883      431      454      432     2401     2402     2332
      884      884      884      884      884      432      454      455     2402     2403     2404
      885      885      885      885      885      432      455      433     2404     2405     2335
      886      886      886      886      886      433      455      456     2405     2406     2407
      887      887      887      887      887      433      456      434     2407     2408     2338
      888      888      888      888      888      434      456      457     2408     2409     2410
      889      889      889      889      889      434      457      435     2410     2411     2341
      890      890      890      890      890      435      457      458     2411     2412     2413
      891      891      891      891      891      435      458      436     2413     2414     2344
      892      892      892      892      892      436      458      459     2414     2415     2416
      893      893      893      893      893      436      459      437     2416     2417     2347
      894      894      894      894      894      437      459      460     2417     2418     2419
      895      895      895      895      895      437      460      438     2419     2420     2350
      896      896      896      896      896      438      460      461     2420     2421     2422
      897      897      897      897      897      438      461      439     2422     2423     2353
      898      898      898      898      898      439      461      462     2423     2424     2425
      899      899      899      899      899      439      462      440     2425     2426     2356
      900      900      900      900      900      440      462      463     2426     2427     2428
      901      901      901      901      901      440      463      441     2428     2429     2359
      902      902      902      902      902      441      463      464     2429     2430     2431
      903      903      903      903      903      441      464      442     2431     2432     2362
      904      904      904      904      904      442      464      465     2432     2433     2434
      905      905      905      905      905      442      465      443     2434     2435     2365
      906      906      906      906      906      443      465      466     2435     2436     2437
      907      907      907      907      907      443      466      444     2437     2438     2368
      908      908      908      908      908      444      466      467     2438     2439     2440
      909      909      909      909      909      444      467      422     2440     2372     2371
      910      910      910      910      910      445      491      468     2441     2442     2443
      911      911      911      911      911      445      468      446     2443     2444     2376
      912      912      912      912      912      446      468      469     2444     2445     2446
      913      913      913      913      913      446      469      447     2446     2447     2379
      914      914      914      914      914      447      469      470     2447     2448     2449
      915      915      915      915      915      447      470      448     2449     2450     2382
      916      916      916      916      916      448      470      471     2450     2451     2452
      917      917      917      917      917      448      471      449     2452     2453     2385
      918      918      918      918      918      449      471      472     2453     2454     2455
      919      919      919      919      919      449      472      450     2455     2456     2388
      920      920      920      920      920      450      472      473     2456     2457     2458
      921      921      921      921      921      450      473      451     2458     2459     2391
      922      922      922      922      922      451      473      474     2459     2460     2461
      923      923      923      923      923      451      474      452     2461     2462     2394
      924      924      924      924      924      452      474      475     2462     2463     2464
      925      925      925      925      925      452      475      453     2464     2465     2397
      926      926      926      926      926      453      475      476     2465     2466     2467
      927      927      927      927      927      453      476      454     2467     2468     2400
      928      928      928      928      928      454      476      477     2468     2469     2470
      929      929      929      929      929      454      477      455     2470     2471     2403
      930      930      930      930      930      455      477      478     2471     2472     2473
      931      931      931      931      931      455      478      456     2473     2474     2406
      932      932      932      932      932      456      478      479     2474     2475     2476
      933      933      933      933      933      456      479      457     2476     2477     2409
      934      934      934      934      934      457      479      480     2477     2478     2479
      935      935      935      935      935      457      480      481     2479     2480     2481
      936      936      936      936      936      457      481      458     2481     2482     2412
      937      937      937      937      937      458      481      482     2482     2483     2484
      938      938      938      938      938      458      482      459     2484     2485     2415
      939      939      939      939      939      459      482      483     2485     2486     2487
      940      940      940      940      940      459      483      460     2487     2488     2418
      941      941      941      941      941      460      483      484     2488     2489     2490
      942      942      942      942      942      460      484      461     2490     2491     2421
      943      943      943      943      943      461      484      485     2491     2492     2493
      944      944      944      944      944      461      485      462     2493     2494     2424
      945      945      945      945      945      462      485      486     2494     2495     2496
      946      946      946      946      946      462      486      463     2496     2497     2427
      947      947      947      947      947      463      486      487     2497     2498     2499
      948      948      948      948      948      463      487      464     2499     2500     2430
      949      949      949      949      949      464      487      488     2500     2501     2502
      950      950      950      950      950      464      488      465     2502     2503     2433
      951      951      951      951      951      465      488      489     2503     2504     2505
      952      952      952      952      952      465      489      466     2505     2506     2436
      953      953      953      953      953      466      489      490     2506     2507     2508
      954      954      954      954      954      466      490      467     2508     2509     2439
      955      955      955      955      955      467      490      491     2509     2510     2511
      956      956      956      956      956      467      491      445     2511     2441     2373
      957      957      957      957      957      468      492      469     2512     2513     2445
      958      958      958      958      958      469      492      493     2513     2514     2515
      959      959      959      959      959      469      493      470     2515     2516     2448
      960      960      960      960      960      470      493      494     2516     2517     2518
      961      961      961      961      961      470      494      471     2518     2519     2451
      962      962      962      962      962      471      494      495     2519     2520     2521
      963      963      963      963      963      471      495      472     2521     2522     2454
      964      964      964      964      964      472      495      496     2522     2523     2524
      965      965      965      965      965      472      496      473     2524     2525     2457
      966      966      966      966      966      473      496      497     2525     2526     2527
      967      967      967      967      967      473      497      474     2527     2528     2460
      968      968      968      968      968      474      497      498     2528     2529     2530
      969      969      969      969      969      474      498      475     2530     2531     2463
      970      970      970      970      970      475      498      499     2531     2532     2533
      971      971      971      971      971      475      499      476     2533     2534     2466
      972      972      972      972      972      476      499      500     2534     2535     2536
      973      973      973      973      973      476      500      477     2536     2537     2469
      974      974      974      974      974      477      500      501     2537     2538     2539
      975      975      975      975      975      477      501      478     2539     2540     2472
      976      976      976      976      976      478      501      502     2540     2541     2542
      977      977      977      977      977      478      502      479     2542     2543     2475
      978      978      978      978      978      479      502      503     2543     2544     2545
      979      979      979      979      979      479      503      480     2545     2546     2478
      980      980      980      980      980      480      503      504     2546     2547     2548
      981      981      981      981      981      480      504      481     2548     2549     2480
      982      982      982      982      982      481      504      505     2549     2550     2551
      983      983      983      983      983      481      505      482     2551     2552     2483
      984      984      984      984      984      482      505      506     2552     2553     2554
      985      985      985      985      985      482      506      483     2554     2555     2486
      986      986      986      986      986      483      506      507     2555     2556     2557
      987      987      987      987      987      483      507      484     2557     2558     2489
      988      988      988      988      988      484      507      508     2558     2559     2560
      989      989      989      989      989      484      508      485     2560     2561     2492
      990      990      990      990      990      485      508      509     2561     2562     2563
      991      991      991      991      991      485      509      486     2563     2564     2495
      992      992      992      992      992      486      509      510     2564     2565     2566
      993      993      993      993      993      486      510      487     2566     2567     2498
      994      994      994      994      994      487      510      511     2567     2568     2569
      995      995      995      995      995      487      511      488     2569     2570     2501
      996      996      996      996      996      488      511      512     2570     2571     2572
      997      997      997      997      997      488      512      489     2572     2573     2504
      998      998      998      998      998      489      512      513     2573     2574     2575
      999      999      999      999      999      489      513      490     2575     2576     2507
     1000     1000     1000     1000     1000      490      513      514     2576     2577     2578
     1001     1001     1001     1001     1001      490      514      491     2578     2579     2510
     1002     1002     1002     1002     1002      491      514      515     2579     2580     2581
     1003     1003     1003     1003     1003      491      515      468     2581     2582     2442
     1004     1004     1004     1004     1004      468      515      492     2582     2583     2512
     1005     1005     1005     1005     1005      492      516      493     2584     2585     2514
     1006     1006     1006     1006     1006      493      516      517     2585     2586     2587
     1007     1007     1007     1007     1007      493      517      494     2587     2588     2517
     1008     1008     1008     1008     1008      494      517      518     2588     2589     2590
     1009     1009     1009     1009     1009      494      518      495     2590     2591     2520
     1010     1010     1010     1010     1010      495      518      519     2591     2592     2593
     1011     1011     1011     1011     1011      495      519      496     2593     2594     2523
     1012     1012     1012     1012     1012      496      519      520     2594     2595     2596
     1013     1013     1013     1013     1013      496      520      497     2596     2597     2526
     1014     1014     1014     1014     1014      497      520      521     2597     2598     2599
     1015     1015     1015     1015     1015      497      521      498     2599     2600     2529
     1016     1016     1016     1016     1016      498      521      522     2600     2601     2602
     1017     1017     1017     1017     1017      498      522      499     2602     2603     2532
     1018     1018     1018     1018     1018      499      522      523     2603     2604     2605
     1019     1019     1019     1019     1019      499      523      500     2605     2606     2535
     1020     1020     1020     1020     1020      500      523      524     2606     2607     2608
     1021     1021     1021     1021     1021      500      524      501     2608     2609     2538
     1022     1022     1022     1022     1022      501      524      525     2609     2610     2611
     1023     1023     1023     1023     1023      501      525      502     2611     2612     2541
     1024     1024     1024     1024     1024      502      525      526     2612     2613     2614
     1025     1025     1025     1025     1025      502      526      503     2614     2615     2544
     1026     1026     1026     1026     1026      503      526      527     2615     2616     2617
     1027     1027     1027     1027     1027      503      527      504     2617     2618     2547
     1028     1028     1028     1028     1028      504      527      528     2618     2619     2620
     1029     1029     1029     1029     1029      504      528      505     2620     2621     2550
     1030     1030     1030     1030     1030      505      528      529     2621     2622     2623
     1031     1031     1031     1031     1031      505      529      506     2623     2624     2553
     1032     1032     1032     1032     1032      506      529      530     2624     2625     2626
     1033     1033     1033     1033     1033      506      530      507     2626     2627     2556
     1034     1034     1034     1034     1034      507      530      531     2627     2628     2629
     1035     1035     1035     1035     1035      507      531      508     2629     2630     2559
     1036     1036     1036     1036     1036      508      531      532     2630     2631     2632
     1037     1037     1037     1037     1037      508      532      509     2632     2633     2562
     1038     1038     1038     1038     1038      509      532      533     2633     2634     2635
     1039     1039     1039     1039     1039      509      533      510     2635     2636     2565
     1040     1040     1040     1040     1040      510      533      534     2636     2637     2638
     1041     1041     1041     1041     1041      510      534      511     2638     2639     2568
     1042     1042     1042     1042     1042      511      534      535     2639     2640     2641
     1043     1043     1043     1043     1043      511      535      512     2641     2642     2571
     1044     1044     1044     1044     1044      512      535      536     2642     2643     2644
     1045     1045     1045     1045     1045      512      536      513     2644     2645     2574
     1046     1046     1046     1046     1046      513      536      537     2645     2646     2647
     1047     1047     1047     1047     1047      513      537      514     2647     2648     2577
     1048     1048     1048     1048     1048      514      537      538     2648     2649     2650
     1049     1049     1049     1049     1049      514      538      515     2650     2651     2580
     1050     1050     1050     1050     1050      515      538      539     2651     2652     2653
     1051     1051     1051     1051     1051      515      539      492     2653     2654     2583
     1052     1052     1052     1052     1052      492      539      516     2654     2655     2584
     1053     1053     1053     1053     1053      516      540      517     2656     2657     2586
     1054     1054     1054     1054     1054      517      540      541     2657     2658     2659
     1055     1055     1055     1055     1055      517      541      518     2659     2660     2589
     1056     1056     1056     1056     1056      518      541      542     2660     2661     2662
     1057     1057     1057     1057     1057      518      542      519     2662     2663     2592
     1058     1058     1058     1058     1058      519      542      543     2663     2664     2665
     1059     1059     1059     1059     1059      519      543      520     2665     2666     2595
     1060     1060     1060     1060     1060      520      543      544     2666     2667     2668
     1061     1061     1061     1061     1061      520      544      521     2668     2669     2598
     1062     1062     1062     1062     1062      521      544      545     2669     2670     2671
     1063     1063     1063     1063     1063      521      545      522     2671     2672     2601
     1064     1064     1064     1064     1064      522      545      546     2672     2673     2674
     1065     1065     1065     1065     1065      522      546      523     2674     2675     2604
     1066     1066     1066     1066     1066      523      546      547     2675     2676     2677
     1067     1067     1067     1067     1067      523      547      524     2677     2678     2607
     1068     1068     1068     1068     1068      524      547      548     2678     2679     2680
     1069     1069     1069     1069     1069      524      548      525     2680     2681     2610
     1070     1070     1070     1070     1070      525      548      549     2681     2682     2683
     1071     1071     1071     1071     1071      525      549      526     2683     2684     2613
     1072     1072     1072     1072     1072      526      549      550     2684     2685     2686
     1073     1073     1073     1073     1073      526      550      527     2686     2687     2616
     1074     1074     1074     1074     1074      527      550      551     2687     2688     2689
     1075     1075     1075     1075     1075      527      551      528     2689     2690     2619
     1076     1076     1076     1076     1076      528      551      552     2690     2691     2692
     1077     1077     1077     1077     1077      528      552      529     2692     2693     2622
     1078     1078     1078     1078     1078      529      552      553     2693     2694     2695
     1079     1079     1079     1079     1079      529      553      530     2695     2696     2625
     1080     1080     1080     1080     1080      530      553      554     2696     2697     2698
     1081     1081     1081     1081     1081      530      554      531     2698     2699     2628
     1082     1082     1082     1082     1082      531      554      555     2699     2700     2701
     1083     1083     1083     1083     1083      531      555      532     2701     2702     2631
     1084     1084     1084     1084     1084      532      555      556     2702     2703     2704
     1085     1085     1085     1085     1085      532      556      533     2704     2705     2634
     1086     1086     1086     1086     1086      533      556      557     2705     2706     2707
     1087     1087     1087     1087     1087      533      557      534     2707     2708     2637
     1088     1088     1088     1088     1088      534      557      558     2708     2709     2710
     1089     1089     1089     1089     1089      534      558      535     2710     2711     2640
     1090     1090     1090     1090     1090      535      558      559     2711     2712     2713
     1091     1091     1091     1091     1091      535      559      536     2713     2714     2643
     1092     1092     1092     1092     1092      536      559      560     2714     2715     2716
     1093     1093     1093     1093     1093      536      560      537     2716     2717     2646
     1094     1094     1094     1094     1094      537      560      561     2717     2718     2719
     1095     1095     1095     1095     1095      537      561      538     2719     2720     2649
     1096     1096     1096     1096     1096      538      561      562     2720     2721     2722
     1097     1097     1097     1097     1097      538      562      539     2722     2723     2652
     1098     1098     1098     1098     1098      539      562      563     2723     2724     2725
     1099     1099     1099     1099     1099      539      563      516     2725     2726     2655
     1100     1100     1100     1100     1100      516      563      540     2726     2727     2656
     1101     1101     1101     1101     1101      540      564      541     2728     2729     2658
     1102     1102     1102     1102     1102      541      564      565     2729     2730     2731
     1103     1103     1103     1103     1103      541      565      542     2731     2732     2661
     1104     1104     1104     1104     1104      542      565      566     2732     2733     2734
     1105     1105     1105     1105     1105      542      566      543     2734     2735     2664
     1106     1106     1106     1106     1106      543      566      567     2735     2736     2737
     1107     1107     1107     1107     1107      543      567      544     2737     2738     2667
     1108     1108     1108     1108     1108      544      567      568     2738     2739     2740
     1109     1109     1109     1109     1109      544      568      545     2740     2741     2670
     1110     1110     1110     1110     1110      545      568      569     2741     2742     2743
     1111     1111     1111     1111     1111      545      569      546     2743     2744     2673
     1112     1112     1112     1112     1112      546      569      570     2744     2745     2746
     1113     1113     1113     1113     1113      546      570      547     2746     2747     2676
     1114     1114     1114     1114     1114      547      570      571     2747     2748     2749
     1115     1115     1115     1115     1115      547      571      548     2749     2750     2679
     1116     1116     1116     1116     1116      548      571      572     2750     2751     2752
     1117     1117     1117     1117     1117      548      572      549     2752     2753     2682
     1118     1118     1118     1118     1118      549      572      573     2753     2754     2755
     1119     1119     1119     1119     1119      549      573      550     2755     2756     2685
     1120     1120     1120     1120     1120      550      573      574     2756     2757     2758
     1121     1121     1121     1121     1121      550      574      551     2758     2759     2688
     1122     1122     1122     1122     1122      551      574      575     2759     2760     2761
     1123     1123     1123     1123     1123      551      575      552     2761     2762     2691
     1124     1124     1124     1124     1124      552      575      576     2762     2763     2764
     1125     1125     1125     1125     1125      552      576      553     2764     2765     2694
     1126     1126     1126     1126     1126      553      576      577     2765     2766     2767
     1127     1127     1127     1127     1127      553      577      554     2767     2768     2697
     1128     1128     1128     1128     1128      554      577      578     2768     2769     2770
     1129     1129     1129     1129     1129      554      578      555     2770     2771     2700
     1130     1130     1130     1130     1130      555      578      579     2771     2772     2773
     1131     1131     1131     1131     1131      555      579      556     2773     2774     2703
     1132     1132     1132     1132     1132      556      579      580     2774     2775     2776
     1133     1133     1133     1133     1133      556      580      557     2776     2777     2706
     1134     1134     1134     1134     1134      557      580      581     2777     2778     2779
     1135     1135     1135     1135     1135      557      581      558     2779     2780     2709
     1136     1136     1136     1136     1136      558      581      582     2780     2781     2782
     1137     1137     1137     1137     1137      558      582      559     2782     2783     2712
     1138     1138     1138     1138     1138      559      582      583     2783     2784     2785
     1139     1139     1139     1139     1139      559      583      560     2785     2786     2715
     1140     1140     1140     1140     1140      560      583      584     2786     2787     2788
     1141     1141     1141     1141     1141      560      584      561     2788     2789     2718
     1142     1142     1142     1142     1142      561      584      585     2789     2790     2791
     1143     1143     1143     1143     1143      561      585      562     2791     2792     2721
     1144     1144     1144     1144     1144      562      585      586     2792     2793     2794
     1145     1145     1145     1145     1145      562      586      563     2794     2795     2724
     1146     1146     1146     1146     1146      563      586      587     2795     2796     2797
     1147     1147     1147     1147     1147      563      587      540     2797     2798     2727
     1148     1148     1148     1148     1148      540      587      564     2798     2799     2728
     1149     1149     1149     1149     1149      564      588      565     2800     2801     2730
     1150     1150     1150     1150     1150      565      588      589     2801     2802     2803
     1151     1151     1151     1151     1151      565      589      566     2803     2804     2733
     1152     1152     1152     1152     1152      566      589      590     2804     2805     2806
     1153     1153     1153     1153     1153      566      590      567     2806     2807     2736
     1154     1154     1154     1154     1154      567      590      591     2807     2808     2809
     1155     1155     1155     1155     1155      567      591      568     2809     2810     2739
     1156     1156     1156     1156     1156      568      591      592     2810     2811     2812
     1157     1157     1157     1157     1157      568      592      569     2812     2813     2742
     1158     1158     1158     1158     1158      569      592      593     2813     2814     2815
     1159     1159     1159     1159     1159      569      593      570     2815     2816     2745
     1160     1160     1160     1160     1160      570      593      594     2816     2817     2818
     1161     1161     1161     1161     1161      570      594      571     2818     2819     2748
     1162     1162     1162     1162     1162      571      594      595     2819     2820     2821
     1163     1163     1163     1163     1163      571      595      572     2821     2822     2751
     1164     1164     1164     1164     1164      572      595      596     2822     2823     2824
     1165     1165     1165     1165     1165      572      596      573     2824     2825     2754
     1166     1166     1166     1166     1166      573      596      597     2825     2826     2827
     1167     1167     1167     1167     1167      573      597      574     2827     2828     2757
     1168     1168     1168     1168     1168      574      597      598     2828     2829     2830
     1169     1169     1169     1169     1169      574      598      575     2830     2831     2760
     1170     1170     1170     1170     1170      575      598      599     2831     2832     2833
     1171     1171     1171     1171     1171      575      599      576     2833     2834     2763
     1172     1172     1172     1172     1172      576      599      600     2834     2835     2836
     1173     1173     1173     1173     1173      576      600      577     2836     2837     2766
     1174     1174     1174     1174     1174      577      600      601     2837     2838     2839
     1175     1175     1175     1175     1175      577      601      578     2839     2840     2769
     1176     1176     1176     1176     1176      578      601      602     2840     2841     2842
     1177     1177     1177     1177     1177      578      602      579     2842     2843     2772
     1178     1178     1178     1178     1178      579      602      603     2843     2844     2845
     1179     1179     1179     1179     1179      579      603      580     2845     2846     2775
     1180     1180     1180     1180     1180      580      603      604     2846     2847     2848
     1181     1181     1181     1181     1181      580      604      581     2848     2849     2778
     1182     1182     1182     1182     1182      581      604      605     2849     2850     2851
     1183     1183     1183     1183     1183      581      605      582     2851     2852     2781
     1184     1184     1184     1184     1184      582      605      606     2852     2853     2854
     1185     1185     1185     1185     1185      582      606      583     2854     2855     2784
     1186     1186     1186     1186     1186      583      606      607     2855     2856     2857
     1187     1187     1187     1187     1187      583      607      584     2857     2858     2787
     1188     1188     1188     1188     1188      584      607      608     2858     2859     2860
     1189     1189     1189     1189     1189      584      608      585     2860     2861     2790
     1190     1190     1190     1190     1190      585      608      609     2861     2862     2863
     1191     1191     1191     1191     1191      585      609      586     2863     2864     2793
     1192     1192     1192     1192     1192      586      609      610     2864     2865     2866
     1193     1193     1193     1193     1193      586      610      587     2866     2867     2796
     1194     1194     1194     1194     1194      587      610      611     2867     2868     2869
     1195     1195     1195     1195     1195      587      611      564     2869     2870     2799
     1196     1196     1196     1196     1196      564      611      588     2870     2871     2800
     1197     1197     1197     1197     1197      588      612      589     2872     2873     2802
     1198     1198     1198     1198     1198      589      612      613     2873     2874     2875
     1199     1199     1199     1199     1199      589      613      590     2875     2876     2805
     1200     1200     1200     1200     1200      590      613      614     2876     2877     2878
     1201     1201     1201     1201     1201      590      614      591     2878     2879     2808
     1202     1202     1202     1202     1202      591      614      615     2879     2880     2881
     1203     1203     1203     1203     1203      591      615      592     2881     2882     2811
     1204     1204     1204     1204     1204      592      615      616     2882     2883     2884
     1205     1205     1205     1205     1205      592      616      593     2884     2885     2814
     1206     1206     1206     1206     1206      593      616      617     2885     2886     2887
     1207     1207     1207     1207     1207      593      617      594     2887     2888     2817
     1208     1208     1208     1208     1208      594      617      618     2888     2889     2890
     1209     1209     1209     1209     1209      594      618      595     2890     2891     2820
     1210     1210     1210     1210     1210      595      618      619     2891     2892     2893
     1211     1211     1211     1211     1211      595      619      596     2893     2894     2823
     1212     1212     1212     1212     1212      596      619      620     2894     2895     2896
     1213     1213     1213     1213     1213      596      620      597     2896     2897     2826
     1214     1214     1214     1214     1214      597      620      621     2897     2898     2899
     1215     1215     1215     1215     1215      597      621      598     2899     2900     2829
     1216     1216     1216     1216     1216      598      621      622     2900     2901     2902
     1217     1217     1217     1217     1217      598      622      599     2902     2903     2832
     1218     1218     1218     1218     1218      599      622      623     2903     2904     2905
     1219     1219     1219     1219     1219      599      623      600     2905     2906     2835
     1220     1220     1220     1220     1220      600      623      624     2906     2907     2908
     1221     1221     1221     1221     1221      600      624      601     2908     2909     2838
     1222     1222     1222     1222     1222      601      624      625     2909     2910     2911
     1223     1223     1223     1223     1223      601      625      602     2911     2912     2841
     1224     1224     1224     1224     1224      602      625      626     2912     2913     2914
     1225     1225     1225     1225     1225      602      626      603     2914     2915     2844
     1226     1226     1226     1226     1226      603      626      627     2915     2916     2917
     1227     1227     1227     1227     1227      603      627      604     2917     2918     2847
     1228     1228     1228     1228     1228      604      627      628     2918     2919     2920
     1229     1229     1229     1229     1229      604      628      605     2920     2921     2850
     1230     1230     1230     1230     1230      605      628      629     2921     2922     2923
     1231     1231     1231     1231     1231      605      629      606     2923     2924     2853
     1232     1232     1232     1232     1232      606      629      630     2924     2925     2926
     1233     1233     1233     1233     1233      606      630      607     2926     2927     2856
     1234     1234     1234     1234     1234      607      630      631     2927     2928     2929
     1235     1235     1235     1235     1235      607      631      608     2929     2930     2859
     1236     1236     1236     1236     1236      608      631      632     2930     2931     2932
     1237     1237     1237     1237     1237      608      632      609     2932     2933     2862
     1238     1238     1238     1238     1238      609      632      633     2933     2934     2935
     1239     1239     1239     1239     1239      609      633      610     2935     2936     2865
     1240     1240     1240     1240     1240      610      633      634     2936     2937     2938
     1241     1241     1241     1241     1241      610      634      611     2938     2939     2868
     1242     1242     1242     1242     1242      611      634      635     2939     2940     2941
     1243     1243     1243     1243     1243      611      635      588     2941     2942     2871
     1244     1244     1244     1244     1244      588      635      612     2942     2943     2872
     1245     1245     1245     1245     1245      612      636      613     2944     2945     2874
     1246     1246     1246     1246     1246      613      636      637     2945     2946     2947
     1247     1247     1247     1247     1247      613      637      614     2947     2948     2877
     1248     1248     1248     1248     1248      614      637      638     2948     2949     2950
     1249     1249     1249     1249     1249      614      638      615     2950     2951     2880
     1250     1250     1250     1250     1250      615      638      639     2951     2952     2953
     1251     1251     1251     1251     1251      615      639      616     2953     2954     2883
     1252     1252     1252     1252     1252      616      639      640     2954     2955     2956
     1253     1253     1253     1253     1253      616      640      617     2956     2957     2886
     1254     1254     1254     1254     1254      617      640      641     2957     2958     2959
     1255     1255     1255     1255     1255      617      641      618     2959     2960     2889
     1256     1256     1256     1256     1256      618      641      642     2960     2961     2962
     1257     1257     1257     1257     1257      618      642      619     2962     2963     2892
     1258     1258     1258     1258     1258      619      642      643     2963     2964     2965
     1259     1259     1259     1259     1259      619      643      620     2965     2966     2895
     1260     1260     1260     1260     1260      620      643      644     2966     2967     2968
     1261     1261     1261     1261     1261      620      644      621     2968     2969     2898
     1262     1262     1262     1262     1262      621      644      645     2969     2970     2971
     1263     1263     1263     1263     1263      621      645      622     2971     2972     2901
     1264     1264     1264     1264     1264      622      645      646     2972     2973     2974
     1265     1265     1265     1265     1265      622      646      623     2974     2975     2904
     1266     1266     1266     1266     1266      623      646      647     2975     2976     2977
     1267     1267     1267     1267     1267      623      647      624     2977     2978     2907
     1268     1268     1268     1268     1268      624      647      648     2978     2979     2980
     1269     1269     1269     1269     1269      624      648      625     2980     2981     2910
     1270     1270     1270     1270     1270      625      648      649     2981     2982     2983
     1271     1271     1271     1271     1271      625      649      626     2983     2984     2913
     1272     1272     1272     1272     1272      626      649      650     2984     2985     2986
     1273     1273     1273     1273     1273      626      650      627     2986     2987     2916
     1274     1274     1274     1274     1274      627      650      651     2987     2988     2989
     1275     1275     1275     1275     1275      627      651      628     2989     2990     2919
     1276     1276     1276     1276     1276      628      651      652     2990     2991     2992
     1277     1277     1277     1277     1277      628      652      629     2992     2993     2922
     1278     1278     1278     1278     1278      629      652      653     2993     2994     2995
     1279     1279     1279     1279     1279      629      653      630     2995     2996     2925
     1280     1280     1280     1280     1280      630      653      654     2996     2997     2998
     1281     1281     1281     1281     1281      630      654      631     2998     2999     2928
     1282     1282     1282     1282     1282      631      654      655     2999     3000     3001
     1283     1283     1283     1283     1283      631      655      632     3001     3002     2931
     1284     1284     1284     1284     1284      632      655      656     3002     3003     3004
     1285     1285     1285     1285     1285      632      656      633     3004     3005     2934
     1286     1286     1286     1286     1286      633      656      657     3005     3006     3007
     1287     1287     1287     1287     1287      633      657      634     3007     3008     2937
     1288     1288     1288     1288     1288      634      657      658     3008     3009     3010
     1289     1289     1289     1289     1289      634      658      635     3010     3011     2940
     1290     1290     1290     1290     1290      635      658      659     3011     3012     3013
     1291     1291     1291     1291     1291      635      659      612     3013     3014     2943
     1292     1292     1292     1292     1292      612      659      636     3014     3015     2944
     1293     1293     1293     1293     1293      636      660      637     3016     3017     2946
     1294     1294     1294     1294     1294      637      660      661     3017     3018     3019
     1295     1295     1295     1295     1295      637      661      638     3019     3020     2949
     1296     1296     1296     1296     1296      638      661      662     3020     3021     3022
     1297     1297     1297     1297     1297      638      662      639     3022     3023     2952
     1298     1298     1298     1298     1298      639      662      663     3023     3024     3025
     1299     1299     1299     1299     1299      639      663      640     3025     3026     2955
     1300     1300     1300     1300     1300      640      663      664     3026     3027     3028
     1301     1301     1301     1301     1301      640      664      641     3028     3029     2958
     1302     1302     1302     1302     1302      641      664      665     3029     3030     3031
     1303     1303     1303     1303     1303      641      665      642     3031     3032     2961
     1304     1304     1304     1304     1304      642      665      666     3032     3033     3034
     1305     1305     1305     1305     1305      642      666      643     3034     3035     2964
     1306     1306     1306     1306     1306      643      666      667     3035     3036     3037
     1307     1307     1307     1307     1307      643      667      644     3037     3038     2967
     1308     1308     1308     1308     1308      644      667      668     3038     3039     3040
     1309     1309     1309     1309     1309      644      668      645     3040     3041     2970
     1310     1310     1310     1310     1310      645      668      669     3041     3042     3043
     1311     1311     1311     1311     1311      645      669      646     3043     3044     2973
     1312     1312     1312     1312     1312      646      669      670     3044     3045     3046
     1313     1313     1313     1313     1313      646      670      647     3046     3047     2976
     1314     1314     1314     1314     1314      647      670      671     3047     3048     3049
     1315     1315     1315     1315     1315      647      671      648     3049     3050     2979
     1316     1316     1316     1316     1316      648      671      672     3050     3051     3052
     1317     1317     1317     1317     1317      648      672      649     3052     3053     2982
     1318     1318     1318     1318     1318      649      672      673     3053     3054     3055
     1319     1319     1319     1319     1319      649      673      650     3055     3056     2985
     1320     1320     1320     1320     1320      650      673      674     3056     3057     3058
     1321     1321     1321     1321     1321      650      674      651     3058     3059     2988
     1322     1322     1322     1322     1322      651      674      675     3059     3060     3061
     1323     1323     1323     1323     1323      651      675      652     3061     3062     2991
     1324     1324     1324     1324     1324      652      675      676     3062     3063     3064
     1325     1325     1325     1325     1325      652      676      653     3064     3065     2994
     1326     1326     1326     1326     1326      653      676      677     3065     3066     3067
     1327     1327     1327     1327     1327      653      677      654     3067     3068     2997
     1328     1328     1328     1328     1328      654      677      678     3068     3069     3070
     1329     1329     1329     1329     1329      654      678      655     3070     3071     3000
     1330     1330     1330     1330     1330      655      678      679     3071     3072     3073
     1331     1331     1331     1331     1331      655      679      656     3073     3074     3003
     1332     1332     1332     1332     1332      656      679      680     3074     3075     3076
     1333     1333     1333     1333     1333      656      680      657     3076     3077     3006
     1334     1334     1334     1334     1334      657      680      681     3077     3078     3079
     1335     1335     1335     1335     1335      657      681      658     3079     3080     3009
     1336     1336     1336     1336     1336      658      681      682     3080     3081     3082
     1337     1337     1337     1337     1337      658      682      659     3082     3083     3012
     1338     1338     1338     1338     1338      659      682      683     3083     3084     3085
     1339     1339     1339     1339     1339      659      683      636     3085     3086     3015
     1340     1340     1340     1340     1340      636      683      660     3086     3087     3016
     1341     1341     1341     1341     1341      660      684      661     3088     3089     3018
     1342     1342     1342     1342     1342      661      684      685     3089     3090     3091
     1343     1343     1343     1343     1343      661      685      662     3091     3092     3021
     1344     1344     1344     1344     1344      662      685      686     3092     3093     3094
     1345     1345     1345     1345     1345      662      686      663     3094     3095     3024
     1346     1346     1346     1346     1346      663      686      687     3095     3096     3097
     1347     1347     1347     1347     1347      663      687      664     3097     3098     3027
     1348     1348     1348     1348     1348      664      687      688     3098     3099     3100
     1349     1349     1349     1349     1349      664      688      665     3100     3101     3030
     1350     1350     1350     1350     1350      665      688      689     3101     3102     3103
     1351     1351     1351     1351     1351      665      689      666     3103     3104     3033
     1352     1352     1352     1352     1352      666      689      690     3104     3105     3106
     1353     1353     1353     1353     1353      666      690      667     3106     3107     3036
     1354     1354     1354     1354     1354      667      690      691     3107     3108     3109
     1355     1355     1355     1355     1355      667      691      668     3109     3110     3039
     1356     1356     1356     1356     1356      668      691      692     3110     3111     3112
     1357     1357     1357     1357     1357      668      692      669     3112     3113     3042
     1358     1358     1358     1358     1358      669      692      693     3113     3114     3115
     1359     1359     1359     1359     1359      669      693      670     3115     3116     3045
     1360     1360     1360     1360     1360      670      693      694     3116     3117     3118
     1361     1361     1361     1361     1361      670      694      671     3118     3119     3048
     1362     1362     1362     1362     1362      671      694      695     3119     3120     3121
     1363     1363     1363     1363     1363      671      695      672     3121     3122     3051
     1364     1364     1364     1364     1364      672      695      696     3122     3123     3124
     1365     1365     1365     1365     1365      672      696      673     3124     3125     3054
     1366     1366     1366     1366     1366      673      696      697     3125     3126     3127
     1367     1367     1367     1367     1367      673      697      674     3127     3128     3057
     1368     1368     1368     1368     1368      674      697      698     3128     3129     3130
     1369     1369     1369     1369     1369      674      698      675     3130     3131     3060
     1370     1370     1370     1370     1370      675      698      699     3131     3132     3133
     1371     1371     1371     1371     1371      675      699      676     3133     3134     3063
     1372     1372     1372     1372     1372      676      699      700     3134     3135     3136
     1373     1373     1373     1373     1373      676      700      677     3136     3137     3066
     1374     1374     1374     1374     1374      677      700      701     3137     3138     3139
     1375     1375     1375     1375     1375      677      701      678     3139     3140     3069
     1376     1376     1376     1376     1376      678      701      702     3140     3141     3142
     1377     1377     1377     1377     1377      678      702      679     3142     3143     3072
     1378     1378     1378     1378     1378      679      702      703     3143     3144     3145
     1379     1379     1379     1379     1379      679      703      680     3145     3146     3075
     1380     1380     1380     1380     1380      680      703      704     3146     3147     3148
     1381     1381     1381     1381     1381      680      704      681     3148     3149     3078
     1382     1382     1382     1382     1382      681      704      705     3149     3150     3151
     1383     1383     1383     1383     1383      681      705      682     3151     3152     3081
     1384     1384     1384     1384     1384      682      705      706     3152     3153     3154
     1385     1385     1385     1385     1385      682      706      683     3154     3155     3084
     1386     1386     1386     1386     1386      683      706      707     3155     3156     3157
     1387     1387     1387     1387     1387      683      707      660     3157     3158     3087
     1388     1388     1388     1388     1388      660      707      684     3158     3159     3088
     1389     1389     1389     1389     1389      684      708      685     3160     3161     3090
     1390     1390     1390     1390     1390      685      708      709     3161     3162     3163
     1391     1391     1391     1391     1391      685      709      686     3163     3164     3093
     1392     1392     1392     1392     1392      686      709      710     3164     3165     3166
     1393     1393     1393     1393     1393      686      710      687     3166     3167     3096
     1394     1394     1394     1394     1394      687      710      711     3167     3168     3169
     1395     1395     1395     1395     1395      687      711      688     3169     3170     3099
     1396     1396     1396     1396     1396      688      711      712     3170     3171     3172
     1397     1397     1397     1397     1397      688      712      689     3172     3173     3102
     1398     1398     1398     1398     1398      689      712      713     3173     3174     3175
     1399     1399     1399     1399     1399      689      713      690     3175     3176     3105
     1400     1400     1400     1400     1400      690      713      714     3176     3177     3178
     1401     1401     1401     1401     1401      690      714      691     3178     3179     3108
     1402     1402     1402     1402     1402      691      714      715     3179     3180     3181
     1403     1403     1403     1403     1403      691      715      692     3181     3182     3111
     1404     1404     1404     1404     1404      692      715      716     3182     3183     3184
     1405     1405     1405     1405     1405      692      716      693     3184     3185     3114
     1406     1406     1406     1406     1406      693      716      717     3185     3186     3187
     1407     1407     1407     1407     1407      693      717      694     3187     3188     3117
     1408     1408     1408     1408     1408      694      717      718     3188     3189     3190
     1409     1409     1409     1409     1409      694      718      695     3190     3191     3120
     1410     1410     1410     1410     1410      695      718      719     3191     3192     3193
     1411     1411     1411     1411     1411      695      719      696     3193     3194     3123
     1412     1412     1412     1412     1412      696      719      697     3194     3195     3126
     1413     1413     1413     1413     1413      697      719      720     3195     3196     3197
     1414     1414     1414     1414     1414      697      720      698     3197     3198     3129
     1415     1415     1415     1415     1415      698      720      721     3198     3199     3200
     1416     1416     1416     1416     1416      698      721      699     3200     3201     3132
     1417     1417     1417     1417     1417      699      721      722     3201     3202     3203
     1418     1418     1418     1418     1418      699      722      700     3203     3204     3135
     1419     1419     1419     1419     1419      700      722      723     3204     3205     3206
     1420     1420     1420     1420     1420      700      723      701     3206     3207     3138
     1421     1421     1421     1421     1421      701      723      724     3207     3208     3209
     1422     1422     1422     1422     1422      701      724      702     3209     3210     3141
     1423     1423     1423     1423     1423      702      724      725     3210     3211     3212
     1424     1424     1424     1424     1424      702      725      703     3212     3213     3144
     1425     1425     1425     1425     1425      703      725      726     3213     3214     3215
     1426     1426     1426     1426     1426      703      726      704     3215     3216     3147
     1427     1427     1427     1427     1427      704      726      727     3216     3217     3218
     1428     1428     1428     1428     1428      704      727      705     3218     3219     3150
     1429     1429     1429     1429     1429      705      727      728     3219     3220     3221
     1430     1430     1430     1430     1430      705      728      706     3221     3222     3153
     1431     1431     1431     1431     1431      706      728      729     3222     3223     3224
     1432     1432     1432     1432     1432      706      729      707     3224     3225     3156
     1433     1433     1433     1433     1433      707      729      730     3225     3226     3227
     1434     1434     1434     1434     1434      707      730      684     3227     3228     3159
     1435     1435     1435     1435     1435      684      730      708     3228     3229     3160
     1436     1436     1436     1436     1436      708      731      709     3230     3231     3162
     1437     1437     1437     1437     1437      709      731      732     3231     3232     3233
     1438     1438     1438     1438     1438      709      732      710     3233     3234     3165
     1439     1439     1439     1439     1439      710      732      733     3234     3235     3236
     1440     1440     1440     1440     1440      710      733      711     3236     3237     3168
     1441     1441     1441     1441     1441      711      733      734     3237     3238     3239
     1442     1442     1442     1442     1442      711      734      712     3239     3240     3171
     1443     1443     1443     1443     1443      712      734      735     3240     3241     3242
     1444     1444     1444     1444     1444      712      735      713     3242     3243     3174
     1445     1445     1445     1445     1445      713      735      736     3243     3244     3245
     1446     1446     1446     1446     1446      713      736      714     3245     3246     3177
     1447     1447     1447     1447     1447      714      736      737     3246     3247     3248
     1448     1448     1448     1448     1448      714      737      715     3248     3249     3180
     1449     1449     1449     1449     1449      715      737      738     3249     3250     3251
     1450     1450     1450     1450     1450      715      738      716     3251     3252     3183
     1451     1451     1451     1451     1451      716      738      739     3252     3253     3254
     1452     1452     1452     1452     1452      716      739      717     3254     3255     3186
     1453     1453     1453     1453     1453      717      739      740     3255     3256     3257
     1454     1454     1454     1454     1454      717      740      718     3257     3258     3189
     1455     1455     1455     1455     1455      718      740      741     3258     3259     3260
     1456     1456     1456     1456     1456      718      741      719     3260     3261     3192
     1457     1457     1457     1457     1457      719      741      742     3261     3262     3263
     1458     1458     1458     1458     1458      719      742      720     3263     3264     3196
     1459     1459     1459     1459     1459      720      742      743     3264     3265     3266
     1460     1460     1460     1460     1460      720      743      721     3266     3267     3199
     1461     1461     1461     1461     1461      721      743      744     3267     3268     3269
     1462     1462     1462     1462     1462      721      744      722     3269     3270     3202
     1463     1463     1463     1463     1463      722      744      745     3270     3271     3272
     1464     1464     1464     1464     1464      722      745      723     3272     3273     3205
     1465     1465     1465     1465     1465      723      745      746     3273     3274     3275
     1466     1466     1466     1466     1466      723      746      724     3275     3276     3208
     1467     1467     1467     1467     1467      724      746      747     3276     3277     3278
     1468     1468     1468     1468     1468      724      747      725     3278     3279     3211
     1469     1469     1469     1469     1469      725      747      748     3279     3280     3281
     1470     1470     1470     1470     1470      725      748      726     3281     3282     3214
     1471     1471     1471     1471     1471      726      748      749     3282     3283     3284
     1472     1472     1472     1472     1472      726      749      727     3284     3285     3217
     1473     1473     1473     1473     1473      727      749      750     3285     3286     3287
     1474     1474     1474     1474     1474      727      750      728     3287     3288     3220
     1475     1475     1475     1475     1475      728      750      751     3288     3289     3290
     1476     1476     1476     1476     1476      728      751      729     3290     3291     3223
     1477     1477     1477     1477     1477      729      751      752     3291     3292     3293
     1478     1478     1478     1478     1478      729      752      730     3293     3294     3226
     1479     1479     1479     1479     1479      730      752      753     3294     3295     3296
     1480     1480     1480     1480     1480      730      753      708     3296     3297     3229
     1481     1481     1481     1481     1481      708      753      731     3297     3298     3230
     1482     1482     1482     1482     1482      731      776      754     3299     3300     3301
     1483     1483     1483     1483     1483      731      754      732     3301     3302     3232
     1484     1484     1484     1484     1484      732      754      755     3302     3303     3304
     1485     1485     1485     1485     1485      732      755      733     3304     3305     3235
     1486     1486     1486     1486     1486      733      755      756     3305     3306     3307
     1487     1487     1487     1487     1487      733      756      734     3307     3308     3238
     1488     1488     1488     1488     1488      734      756      757     3308     3309     3310
     1489     1489     1489     1489     1489      734      757      735     3310     3311     3241
     1490     1490     1490     1490     1490      735      757      758     3311     3312     3313
     1491     1491     1491     1491     1491      735      758      736     3313     3314     3244
     1492     1492     1492     1492     1492      736      758      759     3314     3315     3316
     1493     1493     1493     1493     1493      736      759      737     3316     3317     3247
     1494     1494     1494     1494     1494      737      759      760     3317     3318     3319
     1495     1495     1495     1495     1495      737      760      738     3319     3320     3250
     1496     1496     1496     1496     1496      738      760      761     3320     3321     3322
     1497     1497     1497     1497     1497      738      761      739     3322     3323     3253
     1498     1498     1498     1498     1498      739      761      762     3323     3324     3325
     1499     1499     1499     1499     1499      739      762      740     3325     3326     3256
     1500     1500     1500     1500     1500      740      762      763     3326     3327     3328
     1501     1501     1501     1501     1501      740      763      741     3328     3329     3259
     1502     1502     1502     1502     1502      741      763      764     3329     3330     3331
     1503     1503     1503     1503     1503      741      764      742     3331     3332     3262
     1504     1504     1504     1504     1504      742      764      765     3332     3333     3334
     1505     1505     1505     1505     1505      742      765      743     3334     3335     3265
     1506     1506     1506     1506     1506      743      765      766     3335     3336     3337
     1507     1507     1507     1507     1507      743      766      744     3337     3338     3268
     1508     1508     1508     1508     1508      744      766      767     3338     3339     3340
     1509     1509     1509     1509     1509      744      767      745     3340     3341     3271
     1510     1510     1510     1510     1510      745      767      768     3341     3342     3343
     1511     1511     1511     1511     1511      745      768      746     3343     3344     3274
     1512     1512     1512     1512     1512      746      768      769     3344     3345     3346
     1513     1513     1513     1513     1513      746      769      747     3346     3347     3277
     1514     1514     1514     1514     1514      747      769      770     3347     3348     3349
     1515     1515     1515     1515     1515      747      770      748     3349     3350     3280
     1516     1516     1516     1516     1516      748      770      771     3350     3351     3352
     1517     1517     1517     1517     1517      748      771      749     3352     3353     3283
     1518     1518     1518     1518     1518      749      771      772     3353     3354     3355
     1519     1519     1519     1519     1519      749      772      750     3355     3356     3286
     1520     1520     1520     1520     1520      750      772      773     3356     3357     3358
     1521     1521     1521     1521     1521      750      773      751     3358     3359     3289
     1522     1522     1522     1522     1522      751      773      774     3359     3360     3361
     1523     1523     1523     1523     1523      751      774      752     3361     3362     3292
     1524     1524     1524     1524     1524      752      774      775     3362     3363     3364
     1525     1525     1525     1525     1525      752      775      753     3364     3365     3295
     1526     1526     1526     1526     1526      753      775      776     3365     3366     3367
     1527     1527     1527     1527     1527      753      776      731     3367     3299     3298
     1528     1528     1528     1528     1528      754      777      755     3368     3369     3303
     1529     1529     1529     1529     1529      755      777      778     3369     3370     3371
     1530     1530     1530     1530     1530      755      778      756     3371     3372     3306
     1531     1531     1531     1531     1531      756      778      779     3372     3373     3374
     1532     1532     1532     1532     1532      756      779      757     3374     3375     3309
     1533     1533     1533     1533     1533      757      779      780     3375     3376     3377
     1534     1534     1534     1534     1534      757      780      758     3377     3378     3312
     1535     1535     1535     1535     1535      758      780      781     3378     3379     3380
     1536     1536     1536     1536     1536      758      781      759     3380     3381     3315
     1537     1537     1537     1537     1537      759      781      782     3381     3382     3383
     1538     1538     1538     1538     1538      759      782      760     3383     3384     3318
     1539     1539     1539     1539     1539      760      782      783     3384     3385     3386
     1540     1540     1540     1540     1540      760      783      761     3386     3387     3321
     1541     1541     1541     1541     1541      761      783      784     3387     3388     3389
     1542     1542     1542     1542     1542      761      784      762     3389     3390     3324
     1543     1543     1543     1543     1543      762      784      785     3390     3391     3392
     1544     1544     1544     1544     1544      762      785      763     3392     3393     3327
     1545     1545     1545     1545     1545      763      785      786     3393     3394     3395
     1546     1546     1546     1546     1546      763      786      764     3395     3396     3330
     1547     1547     1547     1547     1547      764      786      787     3396     3397     3398
     1548     1548     1548     1548     1548      764      787      765     3398     3399     3333
     1549     1549     1549     1549     1549      765      787      788     3399     3400     3401
     1550     1550     1550     1550     1550      765      788      766     3401     3402     3336
     1551     1551     1551     1551     1551      766      788      789     3402     3403     3404
     1552     1552     1552     1552     1552      766      789      767     3404     3405     3339
     1553     1553     1553     1553     1553      767      789      790     3405     3406     3407
     1554     1554     1554     1554     1554      767      790      768     3407     3408     3342
     1555     1555     1555     1555     1555      768      790      791     3408     3409     3410
     1556     1556     1556     1556     1556      768      791      769     3410     3411     3345
     1557     1557     1557     1557     1557      769      791      792     3411     3412     3413
     1558     1558     1558     1558     1558      769      792      770     3413     3414     3348
     1559     1559     1559     1559     1559      770      792      793     3414     3415     3416
     1560     1560     1560     1560     1560      770      793      771     3416     3417     3351
     1561     1561     1561     1561     1561      771      793      794     3417     3418     3419
     1562     1562     1562     1562     1562      771      794      772     3419     3420     3354
     1563     1563     1563     1563     1563      772      794      795     3420     3421     3422
     1564     1564     1564     1564     1564      772      795      773     3422     3423     3357
     1565     1565     1565     1565     1565      773      795      796     3423     3424     3425
     1566     1566     1566     1566     1566      773      796      774     3425     3426     3360
     1567     1567     1567     1567     1567      774      796      797     3426     3427     3428
     1568     1568     1568     1568     1568      774      797      775     3428     3429     3363
     1569     1569     1569     1569     1569      775      797      798     3429     3430     3431
     1570     1570     1570     1570     1570      775      798      776     3431     3432     3366
     1571     1571     1571     1571     1571      776      798      799     3432     3433     3434
     1572     1572     1572     1572     1572      776      799      754     3434     3435     3300
     1573     1573     1573     1573     1573      754      799      777     3435     3436     3368
     1574     1574     1574     1574     1574      777      822      800     3437     3438     3439
     1575     1575     1575     1575     1575      777      800      778     3439     3440     3370
     1576     1576     1576     1576     1576      778      800      801     3440     3441     3442
     1577     1577     1577     1577     1577      778      801      779     3442     3443     3373
     1578     1578     1578     1578     1578      779      801      802     3443     3444     3445
     1579     1579     1579     1579     1579      779      802      780     3445     3446     3376
     1580     1580     1580     1580     1580      780      802      803     3446     3447     3448
     1581     1581     1581     1581     1581      780      803      781     3448     3449     3379
     1582     1582     1582     1582     1582      781      803      804     3449     3450     3451
     1583     1583     1583     1583     1583      781      804      782     3451     3452     3382
     1584     1584     1584     1584     1584      782      804      805     3452     3453     3454
     1585     1585     1585     1585     1585      782      805      783     3454     3455     3385
     1586     1586     1586     1586     1586      783      805      806     3455     3456     3457
     1587     1587     1587     1587     1587      783      806      784     3457     3458     3388
     1588     1588     1588     1588     1588      784      806      807     3458     3459     3460
     1589     1589     1589     1589     1589      784      807      785     3460     3461     3391
     1590     1590     1590     1590     1590      785      807      808     3461     3462     3463
     1591     1591     1591     1591     1591      785      808      786     3463     3464     3394
     1592     1592     1592     1592     1592      786      808      809     3464     3465     3466
     1593     1593     1593     1593     1593      786      809      787     3466     3467     3397
     1594     1594     1594     1594     1594      787      809      810     3467     3468     3469
     1595     1595     1595     1595     1595      787      810      788     3469     3470     3400
     1596     1596     1596     1596     1596      788      810      811     3470     3471     3472
     1597     1597     1597     1597     1597      788      811      789     3472     3473     3403
     1598     1598     1598     1598     1598      789      811      812     3473     3474     3475
     1599     1599     1599     1599     1599      789      812      790     3475     3476     3406
     1600     1600     1600     1600     1600      790      812      813     3476     3477     3478
     1601     1601     1601     1601     1601      790      813      791     3478     3479     3409
     1602     1602     1602     1602     1602      791      813      814     3479     3480     3481
     1603     1603     1603     1603     1603      791      814      792     3481     3482     3412
     1604     1604     1604     1604     1604      792      814      815     3482     3483     3484
     1605     1605     1605     1605     1605      792      815      793     3484     3485     3415
     1606     1606     1606     1606     1606      793      815      816     3485     3486     3487
     1607     1607     1607     1607     1607      793      816      794     3487     3488     3418
     1608     1608     1608     1608     1608      794      816      817     3488     3489     3490
     1609     1609     1609     1609     1609      794      817      795     3490     3491     3421
     1610     1610     1610     1610     1610      795      817      818     3491     3492     3493
     1611     1611     1611     1611     1611      795      818      796     3493     3494     3424
     1612     1612     1612     1612     1612      796      818      819     3494     3495     3496
     1613     1613     1613     1613     1613      796      819      797     3496     3497     3427
     1614     1614     1614     1614     1614      797      819      820     3497     3498     3499
     1615     1615     1615     1615     1615      797      820      798     3499     3500     3430
     1616     1616     1616     1616     1616      798      820      821     3500     3501     3502
     1617     1617     1617     1617     1617      798      821      799     3502     3503     3433
     1618     1618     1618     1618     1618      799      821      822     3503     3504     3505
     1619     1619     1619     1619     1619      799      822      777     3505     3437     3436
     1620     1620     1620     1620     1620      800      823      801     3506     3507     3441
     1621     1621     1621     1621     1621      801      823      824     3507     3508     3509
     1622     1622     1622     1622     1622      801      824      802     3509     3510     3444
     1623     1623     1623     1623     1623      802      824      825     3510     3511     3512
     1624     1624     1624     1624     1624      802      825      803     3512     3513     3447
     1625     1625     1625     1625     1625      803      825      826     3513     3514     3515
     1626     1626     1626     1626     1626      803      826      804     3515     3516     3450
     1627     1627     1627     1627     1627      804      826      827     3516     3517     3518
     1628     1628     1628     1628     1628      804      827      805     3518     3519     3453
     1629     1629     1629     1629     1629      805      827      828     3519     3520     3521
     1630     1630     1630     1630     1630      805      828      806     3521     3522     3456
     1631     1631     1631     1631     1631      806      828      829     3522     3523     3524
     1632     1632     1632     1632     1632      806      829      807     3524     3525     3459
     1633     1633     1633     1633     1633      807      829      830     3525     3526     3527
     1634     1634     1634     1634     1634      807      830      808     3527     3528     3462
     1635     1635     1635     1635     1635      808      830      831     3528     3529     3530
     1636     1636     1636     1636     1636      808      831      809     3530     3531     3465
     1637     1637     1637     1637     1637      809      831      832     3531     3532     3533
     1638     1638     1638     1638     1638      809      832      810     3533     3534     3468
     1639     1639     1639     1639     1639      810      832      833     3534     3535     3536
     1640     1640     1640     1640     1640      810      833      811     3536     3537     3471
     1641     1641     1641     1641     1641      811      833      834     3537     3538     3539
     1642     1642     1642     1642     1642      811      834      812     3539     3540     3474
     1643     1643     1643     1643     1643      812      834      835     3540     3541     3542
     1644     1644     1644     1644     1644      812      835      813     3542     3543     3477
     1645     1645     1645     1645     1645      813      835      836     3543     3544     3545
     1646     1646     1646     1646     1646      813      836      814     3545     3546     3480
     1647     1647     1647     1647     1647      814      836      837     3546     3547     3548
     1648     1648     1648     1648     1648      814      837      815     3548     3549     3483
     1649     1649     1649     1649     1649      815      837      838     3549     3550     3551
     1650     1650     1650     1650     1650      815      838      816     3551     3552     3486
     1651     1651     1651     1651     1651      816      838      839     3552     3553     3554
     1652     1652     1652     1652     1652      816      839      817     3554     3555     3489
     1653     1653     1653     1653     1653      817      839      840     3555     3556     3557
     1654     1654     1654     1654     1654      817      840      818     3557     3558     3492
     1655     1655     1655     1655     1655      818      840      841     3558     3559     3560
     1656     1656     1656     1656     1656      818      841      819     3560     3561     3495
     1657     1657     1657     1657     1657      819      841      842     3561     3562     3563
     1658     1658     1658     1658     1658      819      842      820     3563     3564     3498
     1659     1659     1659     1659     1659      820      842      843     3564     3565     3566
     1660     1660     1660     1660     1660      820      843      821     3566     3567     3501
     1661     1661     1661     1661     1661      821      843      844     3567     3568     3569
     1662     1662     1662     1662     1662      821      844      822     3569     3570     3504
     1663     1663     1663     1663     1663      822      844      845     3570     3571     3572
     1664     1664     1664     1664     1664      822      845      800     3572     3573     3438
     1665     1665     1665     1665     1665      800      845      823     3573     3574     3506
     1666     1666     1666     1666     1666      823      868      846     3575     3576     3577
     1667     1667     1667     1667     1667      823      846      824     3577     3578     3508
     1668     1668     1668     1668     1668      824      846      847     3578     3579     3580
     1669     1669     1669     1669     1669      824      847      825     3580     3581     3511
     1670     1670     1670     1670     1670      825      847      848     3581     3582     3583
     1671     1671     1671     1671     1671      825      848      826     3583     3584     3514
     1672     1672     1672     1672     1672      826      848      849     3584     3585     3586
     1673     1673     1673     1673     1673      826      849      827     3586     3587     3517
     1674     1674     1674     1674     1674      827      849      850     3587     3588     3589
     1675     1675     1675     1675     1675      827      850      828     3589     3590     3520
     1676     1676     1676     1676     1676      828      850      851     3590     3591     3592
     1677     1677     1677     1677     1677      828      851      829     3592     3593     3523
     1678     1678     1678     1678     1678      829      851      852     3593     3594     3595
     1679     1679     1679     1679     1679      829      852      830     3595     3596     3526
     1680     1680     1680     1680     1680      830      852      853     3596     3597     3598
     1681     1681     1681     1681     1681      830      853      831     3598     3599     3529
     1682     1682     1682     1682     1682      831      853      854     3599     3600     3601
     1683     1683     1683     1683     1683      831      854      832     3601     3602     3532
     1684     1684     1684     1684     1684      832      854      855     3602     3603     3604
     1685     1685     1685     1685     1685      832      855      833     3604     3605     3535
     1686     1686     1686     1686     1686      833      855      856     3605     3606     3607
     1687     1687     1687     1687     1687      833      856      834     3607     3608     3538
     1688     1688     1688     1688     1688      834      856      857     3608     3609     3610
     1689     1689     1689     1689     1689      834      857      835     3610     3611     3541
     1690     1690     1690     1690     1690      835      857      858     3611     3612     3613
     1691     1691     1691     1691     1691      835      858      836     3613     3614     3544
     1692     1692     1692     1692     1692      836      858      859     3614     3615     3616
     1693     1693     1693     1693     1693      836      859      837     3616     3617     3547
     1694     1694     1694     1694     1694      837      859      860     3617     3618     3619
     1695     1695     1695     1695     1695      837      860      838     3619     3620     3550
     1696     1696     1696     1696     1696      838      860      861     3620     3621     3622
     1697     1697     1697     1697     1697      838      861      839     3622     3623     3553
     1698     1698     1698     1698     1698      839      861      862     3623     3624     3625
     1699     1699     1699     1699     1699      839      862      840     3625     3626     3556
     1700     1700     1700     1700     1700      840      862      863     3626     3627     3628
     1701     1701     1701     1701     1701      840      863      841     3628     3629     3559
     1702     1702     1702     1702     1702      841      863      864     3629     3630     3631
     1703     1703     1703     1703     1703      841      864      842     3631     3632     3562
     1704     1704     1704     1704     1704      842      864      865     3632     3633     3634
     1705     1705     1705     1705     1705      842      865      843     3634     3635     3565
     1706     1706     1706     1706     1706      843      865      866     3635     3636     3637
     1707     1707     1707     1707     1707      843      866      844     3637     3638     3568
     1708     1708     1708     1708     1708      844      866      867     3638     3639     3640
     1709     1709     1709     1709     1709      844      867      845     3640     3641     3571
     1710     1710     1710     1710     1710      845      867      868     3641     3642     3643
     1711     1711     1711     1711     1711      845      868      823     3643     3575     3574
     1712     1712     1712     1712     1712      846      869      847     3644     3645     3579
     1713     1713     1713     1713     1713      847      869      870     3645     3646     3647
     1714     1714     1714     1714     1714      847      870      848     3647     3648     3582
     1715     1715     1715     1715     1715      848      870      871     3648     3649     3650
     1716     1716     1716     1716     1716      848      871      849     3650     3651     3585
     1717     1717     1717     1717     1717      849      871      872     3651     3652     3653
     1718     1718     1718     1718     1718      849      872      850     3653     3654     3588
     1719     1719     1719     1719     1719      850      872      873     3654     3655     3656
     1720     1720     1720     1720     1720      850      873      851     3656     3657     3591
     1721     1721     1721     1721     1721      851      873      874     3657     3658     3659
     1722     1722     1722     1722     1722      851      874      852     3659     3660     3594
     1723     1723     1723     1723     1723      852      874      875     3660     3661     3662
     1724     1724     1724     1724     1724      852      875      853     3662     3663     3597
     1725     1725     1725     1725     1725      853      875      876     3663     3664     3665
     1726     1726     1726     1726     1726      853      876      854     3665     3666     3600
     1727     1727     1727     1727     1727      854      876      877     3666     3667     3668
     1728     1728     1728     1728     1728      854      877      855     3668     3669     3603
     1729     1729     1729     1729     1729      855      877      878     3669     3670     3671
     1730     1730     1730     1730     1730      855      878      856     3671     3672     3606
     1731     1731     1731     1731     1731      856      878      879     3672     3673     3674
     1732     1732     1732     1732     1732      856      879      857     3674     3675     3609
     1733     1733     1733     1733     1733      857      879      880     3675     3676     3677
     1734     1734     1734     1734     1734      857      880      858     3677     3678     3612
     1735     1735     1735     1735     1735      858      880      881     3678     3679     3680
     1736     1736     1736     1736     1736      858      881      859     3680     3681     3615
     1737     1737     1737     1737     1737      859      881      882     3681     3682     3683
     1738     1738     1738     1738     1738      859      882      860     3683     3684     3618
     1739     1739     1739     1739     1739      860      882      883     3684     3685     3686
     1740     1740     1740     1740     1740      860      883      861     3686     3687     3621
     1741     1741     1741     1741     1741      861      883      884     3687     3688     3689
     1742     1742     1742     1742     1742      861      884      862     3689     3690     3624
     1743     1743     1743     1743     1743      862      884      885     3690     3691     3692
     1744     1744     1744     1744     1744      862      885      863     3692     3693     3627
     1745     1745     1745     1745     1745      863      885      886     3693     3694     3695
     1746     1746     1746     1746     1746      863      886      864     3695     3696     3630
     1747     1747     1747     1747     1747      864      886      887     3696     3697     3698
     1748     1748     1748     1748     1748      864      887      865     3698     3699     3633
     1749     1749     1749     1749     1749      865      887      888     3699     3700     3701
     1750     1750     1750     1750     1750      865      888      866     3701     3702     3636
     1751     1751     1751     1751     1751      866      888      889     3702     3703     3704
     1752     1752     1752     1752     1752      866      889      867     3704     3705     3639
     1753     1753     1753     1753     1753      867      889      890     3705     3706     3707
     1754     1754     1754     1754     1754      867      890      868     3707     3708     3642
     1755     1755     1755     1755     1755      868      890      891     3708     3709     3710
     1756     1756     1756     1756     1756      868      891      846     3710     3711     3576
     1757     1757     1757     1757     1757      846      891      869     3711     3712     3644
     1758     1758     1758     1758     1758      869      914      892     3713     3714     3715
     1759     1759     1759     1759     1759      869      892      870     3715     3716     3646
     1760     1760     1760     1760     1760      870      892      893     3716     3717     3718
     1761     1761     1761     1761     1761      870      893      871     3718     3719     3649
     1762     1762     1762     1762     1762      871      893      894     3719     3720     3721
     1763     1763     1763     1763     1763      871      894      872     3721     3722     3652
     1764     1764     1764     1764     1764      872      894      895     3722     3723     3724
     1765     1765     1765     1765     1765      872      895      873     3724     3725     3655
     1766     1766     1766     1766     1766      873      895      896     3725     3726     3727
     1767     1767     1767     1767     1767      873      896      874     3727     3728     3658
     1768     1768     1768     1768     1768      874      896      897     3728     3729     3730
     1769     1769     1769     1769     1769      874      897      875     3730     3731     3661
     1770     1770     1770     1770     1770      875      897      898     3731     3732     3733
     1771     1771     1771     1771     1771      875      898      876     3733     3734     3664
     1772     1772     1772     1772     1772      876      898      899     3734     3735     3736
     1773     1773     1773     1773     1773      876      899      877     3736     3737     3667
     1774     1774     1774     1774     1774      877      899      900     3737     3738     3739
     1775     1775     1775     1775     1775      877      900      878     3739     3740     3670
     1776     1776     1776     1776     1776      878      900      901     3740     3741     3742
     1777     1777     1777     1777     1777      878      901      879     3742     3743     3673
     1778     1778     1778     1778     1778      879      901      902     3743     3744     3745
     1779     1779     1779     1779     1779      879      902      880     3745     3746     3676
     1780     1780     1780     1780     1780      880      902      903     3746     3747     3748
     1781     1781     1781     1781     1781      880      903      881     3748     3749     3679
     1782     1782     1782     1782     1782      881      903      904     3749     3750     3751
     1783     1783     1783     1783     1783      881      904      882     3751     3752     3682
     1784     1784     1784     1784     1784      882      904      905     3752     3753     3754
     1785     1785     1785     1785     1785      882      905      883     3754     3755     3685
     1786     1786     1786     1786     1786      883      905      906     3755     3756     3757
     1787     1787     1787     1787     1787      883      906      884     3757     3758     3688
     1788     1788     1788     1788     1788      884      906      907     3758     3759     3760
     1789     1789     1789     1789     1789      884      907      885     3760     3761     3691
     1790     1790     1790     1790     1790      885      907      908     3761     3762     3763
     1791     1791     1791     1791     1791      885      908      886     3763     3764     3694
     1792     1792     1792     1792     1792      886      908      909     3764     3765     3766
     1793     1793     1793     1793     1793      886      909      887     3766     3767     3697
     1794     1794     1794     1794     1794      887      909      910     3767     3768     3769
     1795     1795     1795     1795     1795      887      910      888     3769     3770     3700
     1796     1796     1796     1796     1796      888      910      911     3770     3771     3772
     1797     1797     1797     1797     1797      888      911      889     3772     3773     3703
     1798     1798     1798     1798     1798      889      911      912     3773     3774     3775
     1799     1799     1799     1799     1799      889      912      890     3775     3776     3706
     1800     1800     1800     1800     1800      890      912      913     3776     3777     3778
     1801     1801     1801     1801     1801      890      913      891     3778     3779     3709
     1802     1802     1802     1802     1802      891      913      914     3779     3780     3781
     1803     1803     1803     1803     1803      891      914      869     3781     3713     3712
     1804     1804     1804     1804     1804      892      915      893     3782     3783     3717
     1805     1805     1805     1805     1805      893      915      916     3783     3784     3785
     1806     1806     1806     1806     1806      893      916      894     3785     3786     3720
     1807     1807     1807     1807     1807      894      916      917     3786     3787     3788
     1808     1808     1808     1808     1808      894      917      895     3788     3789     3723
     1809     1809     1809     1809     1809      895      917      918     3789     3790     3791
     1810     1810     1810     1810     1810      895      918      896     3791     3792     3726
     1811     1811     1811     1811     1811      896      918      919     3792     3793     3794
     1812     1812     1812     1812     1812      896      919      897     3794     3795     3729
     1813     1813     1813     1813     1813      897      919      920     3795     3796     3797
     1814     1814     1814     1814     1814      897      920      898     3797     3798     3732
     1815     1815     1815     1815     1815      898      920      921     3798     3799     3800
     1816     1816     1816     1816     1816      898      921      899     3800     3801     3735
     1817     1817     1817     1817     1817      899      921      922     3801     3802     3803
     1818     1818     1818     1818     1818      899      922      900     3803     3804     3738
     1819     1819     1819     1819     1819      900      922      923     3804     3805     3806
     1820     1820     1820     1820     1820      900      923      901     3806     3807     3741
     1821     1821     1821     1821     1821      901      923      924     3807     3808     3809
     1822     1822     1822     1822     1822      901      924      902     3809     3810     3744
     1823     1823     1823     1823     1823      902      924      925     3810     3811     3812
     1824     1824     1824     1824     1824      902      925      903     3812     3813     3747
     1825     1825     1825     1825     1825      903      925      904     3813     3814     3750
     1826     1826     1826     1826     1826      904      925      926     3814     3815     3816
     1827     1827     1827     1827     1827      904      926      905     3816     3817     3753
     1828     1828     1828     1828     1828      905      926      927     3817     3818     3819
     1829     1829     1829     1829     1829      905      927      906     3819     3820     3756
     1830     1830     1830     1830     1830      906      927      928     3820     3821     3822
     1831     1831     1831     1831     1831      906      928      907     3822     3823     3759
     1832     1832     1832     1832     1832      907      928      929     3823     3824     3825
     1833     1833     1833     1833     1833      907      929      908     3825     3826     3762
     1834     1834     1834     1834     1834      908      929      930     3826     3827     3828
     1835     1835     1835     1835     1835      908      930      909     3828     3829     3765
     1836     1836     1836     1836     1836      909      930      931     3829     3830     3831
     1837     1837     1837     1837     1837      909      931      910     3831     3832     3768
     1838     1838     1838     1838     1838      910      931      932     3832     3833     3834
     1839     1839     1839     1839     1839      910      932      911     3834     3835     3771
     1840     1840     1840     1840     1840      911      932      933     3835     3836     3837
     1841     1841     1841     1841     1841      911      933      912     3837     3838     3774
     1842     1842     1842     1842     1842      912      933      934     3838     3839     3840
     1843     1843     1843     1843     1843      912      934      913     3840     3841     3777
     1844     1844     1844     1844     1844      913      934      935     3841     3842     3843
     1845     1845     1845     1845     1845      913      935      914     3843     3844     3780
     1846     1846     1846     1846     1846      914      935      936     3844     3845     3846
     1847     1847     1847     1847     1847      914      936      892     3846     3847     3714
     1848     1848     1848     1848     1848      892      936      915     3847     3848     3782
     1849     1849     1849     1849     1849      915      937      916     3849     3850     3784
     1850     1850     1850     1850     1850      916      937      938     3850     3851     3852
     1851     1851     1851     1851     1851      916      938      917     3852     3853     3787
     1852     1852     1852     1852     1852      917      938      939     3853     3854     3855
     1853     1853     1853     1853     1853      917      939      918     3855     3856     3790
     1854     1854     1854     1854     1854      918      939      940     3856     3857     3858
     1855     1855     1855     1855     1855      918      940      919     3858     3859     3793
     1856     1856     1856     1856     1856      919      940      941     3859     3860     3861
     1857     1857     1857     1857     1857      919      941      920     3861     3862     3796
     1858     1858     1858     1858     1858      920      941      942     3862     3863     3864
     1859     1859     1859     1859     1859      920      942      921     3864     3865     3799
     1860     1860     1860     1860     1860      921      942      943     3865     3866     3867
     1861     1861     1861     1861     1861      921      943      922     3867     3868     3802
     1862     1862     1862     1862     1862      922      943      944     3868     3869     3870
     1863     1863     1863     1863     1863      922      944      923     3870     3871     3805
     1864     1864     1864     1864     1864      923      944      945     3871     3872     3873
     1865     1865     1865     1865     1865      923      945      924     3873     3874     3808
     1866     1866     1866     1866     1866      924      945      946     3874     3875     3876
     1867     1867     1867     1867     1867      924      946      925     3876     3877     3811
     1868     1868     1868     1868     1868      925      946      947     3877     3878     3879
     1869     1869     1869     1869     1869      925      947      926     3879     3880     3815
     1870     1870     1870     1870     1870      926      947      948     3880     3881     3882
     1871     1871     1871     1871     1871      926      948      927     3882     3883     3818
     1872     1872     1872     1872     1872      927      948      949     3883     3884     3885
     1873     1873     1873     1873     1873      927      949      928     3885     3886     3821
     1874     1874     1874     1874     1874      928      949      950     3886     3887     3888
     1875     1875     1875     1875     1875      928      950      929     3888     3889     3824
     1876     1876     1876     1876     1876      929      950      951     3889     3890     3891
     1877     1877     1877     1877     1877      929      951      930     3891     3892     3827
     1878     1878     1878     1878     1878      930      951      952     3892     3893     3894
     1879     1879     1879     1879     1879      930      952      931     3894     3895     3830
     1880     1880     1880     1880     1880      931      952      953     3895     3896     3897
     1881     1881     1881     1881     1881      931      953      932     3897     3898     3833
     1882     1882     1882     1882     1882      932      953      954     3898     3899     3900
     1883     1883     1883     1883     1883      932      954      933     3900     3901     3836
     1884     1884     1884     1884     1884      933      954      955     3901     3902     3903
     1885     1885     1885     1885     1885      933      955      934     3903     3904     3839
     1886     1886     1886     1886     1886      934      955      956     3904     3905     3906
     1887     1887     1887     1887     1887      934      956      935     3906     3907     3842
     1888     1888     1888     1888     1888      935      956      957     3907     3908     3909
     1889     1889     1889     1889     1889      935      957      936     3909     3910     3845
     1890     1890     1890     1890     1890      936      957      958     3910     3911     3912
     1891     1891     1891     1891     1891      936      958      915     3912     3913     3848
     1892     1892     1892     1892     1892      915      958      937     3913     3914     3849
     1893     1893     1893     1893     1893      937      959      938     3915     3916     3851
     1894     1894     1894     1894     1894      938      959      960     3916     3917     3918
     1895     1895     1895     1895     1895      938      960      939     3918     3919     3854
     1896     1896     1896     1896     1896      939      960      961     3919     3920     3921
     1897     1897     1897     1897     1897      939      961      940     3921     3922     3857
     1898     1898     1898     1898     1898      940      961      962     3922     3923     3924
     1899     1899     1899     1899     1899      940      962      941     3924     3925     3860
     1900     1900     1900     1900     1900      941      962      963     3925     3926     3927
     1901     1901     1901     1901     1901      941      963      942     3927     3928     3863
     1902     1902     1902     1902     1902      942      963      964     3928     3929     3930
     1903     1903     1903     1903     1903      942      964      943     3930     3931     3866
     1904     1904     1904     1904     1904      943      964      965     3931     3932     3933
     1905     1905     1905     1905     1905      943      965      944     3933     3934     3869
     1906     1906     1906     1906     1906      944      965      966     3934     3935     3936
     1907     1907     1907     1907     1907      944      966      945     3936     3937     3872
     1908     1908     1908     1908     1908      945      966      967     3937     3938     3939
     1909     1909     1909     1909     1909      945      967      946     3939     3940     3875
     1910     1910     1910     1910     1910      946      967      968     3940     3941     3942
     1911     1911     1911     1911     1911      946      968      947     3942     3943     3878
     1912     1912     1912     1912     1912      947      968      969     3943     3944     3945
     1913     1913     1913     1913     1913      947      969      948     3945     3946     3881
     1914     1914     1914     1914     1914      948      969      949     3946     3947     3884
     1915     1915     1915     1915     1915      949      969      970     3947     3948     3949
     1916     1916     1916     1916     1916      949      970      950     3949     3950     3887
     1917     1917     1917     1917     1917      950      970      971     3950     3951     3952
     1918     1918     1918     1918     1918      950      971      951     3952     3953     3890
     1919     1919     1919     1919     1919      951      971      972     3953     3954     3955
     1920     1920     1920     1920     1920      951      972      952     3955     3956     3893
     1921     1921     1921     1921     1921      952      972      973     3956     3957     3958
     1922     1922     1922     1922     1922      952      973      953     3958     3959     3896
     1923     1923     1923     1923     1923      953      973      974     3959     3960     3961
     1924     1924     1924     1924     1924      953      974      954     3961     3962     3899
     1925     1925     1925     1925     1925      954      974      975     3962     3963     3964
     1926     1926     1926     1926     1926      954      975      955     3964     3965     3902
     1927     1927     1927     1927     1927      955      975      976     3965     3966     3967
     1928     1928     1928     1928     1928      955      976      956     3967     3968     3905
     1929     1929     1929     1929     1929      956      976      977     3968     3969     3970
     1930     1930     1930     1930     1930      956      977      957     3970     3971     3908
     1931     1931     1931     1931     1931      957      977      978     3971     3972     3973
     1932     1932     1932     1932     1932      957      978      958     3973     3974     3911
     1933     1933     1933     1933     1933      958      978      979     3974     3975     3976
     1934     1934     1934     1934     1934      958      979      937     3976     3977     3914
     1935     1935     1935     1935     1935      937      979      959     3977     3978     3915
     1936     1936     1936     1936     1936      959      980      960     3979     3980     3917
     1937     1937     1937     1937     1937      960      980      981     3980     3981     3982
     1938     1938     1938     1938     1938      960      981      961     3982     3983     3920
     1939     1939     1939     1939     1939      961      981      982     3983     3984     3985
     1940     1940     1940     1940     1940      961      982      962     3985     3986     3923
     1941     1941     1941     1941     1941      962      982      983     3986     3987     3988
     1942     1942     1942     1942     1942      962      983      963     3988     3989     3926
     1943     1943     1943     1943     1943      963      983      984     3989     3990     3991
     1944     1944     1944     1944     1944      963      984      964     3991     3992     3929
     1945     1945     1945     1945     1945      964      984      985     3992     3993     3994
     1946     1946     1946     1946     1946      964      985      965     3994     3995     3932
     1947     1947     1947     1947     1947      965      985      986     3995     3996     3997
     1948     1948     1948     1948     1948      965      986      966     3997     3998     3935
     1949     1949     1949     1949     1949      966      986      987     3998     3999     4000
     1950     1950     1950     1950     1950      966      987      967     4000     4001     3938
     1951     1951     1951     1951     1951      967      987      988     4001     4002     4003
     1952     1952     1952     1952     1952      967      988      968     4003     4004     3941
     1953     1953     1953     1953     1953      968      988      989     4004     4005     4006
     1954     1954     1954     1954     1954      968      989      969     4006     4007     3944
     1955     1955     1955     1955     1955      969      989      970     4007     4008     3948
     1956     1956     1956     1956     1956      970      989      990     4008     4009     4010
     1957     1957     1957     1957     1957      970      990      971     4010     4011     3951
     1958     1958     1958     1958     1958      971      990      991     4011     4012     4013
     1959     1959     1959     1959     1959      971      991      972     4013     4014     3954
     1960     1960     1960     1960     1960      972      991      992     4014     4015     4016
     1961     1961     1961     1961     1961      972      992      973     4016     4017     3957
     1962     1962     1962     1962     1962      973      992      993     4017     4018     4019
     1963     1963     1963     1963     1963      973      993      974     4019     4020     3960
     1964     1964     1964     1964     1964      974      993      994     4020     4021     4022
     1965     1965     1965     1965     1965      974      994      975     4022     4023     3963
     1966     1966     1966     1966     1966      975      994      995     4023     4024     4025
     1967     1967     1967     1967     1967      975      995      976     4025     4026     3966
     1968     1968     1968     1968     1968      976      995      996     4026     4027     4028
     1969     1969     1969     1969     1969      976      996      977     4028     4029     3969
     1970     1970     1970     1970     1970      977      996      997     4029     4030     4031
     1971     1971     1971     1971     1971      977      997      978     4031     4032     3972
     1972     1972     1972     1972     1972      978      997      998     4032     4033     4034
     1973     1973     1973     1973     1973      978      998      979     4034     4035     3975
     1974     1974     1974     1974     1974      979      998      999     4035     4036     4037
     1975     1975     1975     1975     1975      979      999      959     4037     4038     3978
     1976     1976     1976     1976     1976      959      999      980     4038     4039     3979
     1977     1977     1977     1977     1977      980     1000      981     4040     4041     3981
     1978     1978     1978     1978     1978      981     1000     1001     4041     4042     4043
     1979     1979     1979     1979     1979      981     1001      982     4043     4044     3984
     1980     1980     1980     1980     1980      982     1001     1002     4044     4045     4046
     1981     1981     1981     1981     1981      982     1002      983     4046     4047     3987
     1982     1982     1982     1982     1982      983     1002     1003     4047     4048     4049
     1983     1983     1983     1983     1983      983     1003      984     4049     4050     3990
     1984     1984     1984     1984     1984      984     1003     1004     4050     4051     4052
     1985     1985     1985     1985     1985      984     1004      985     4052     4053     3993
     1986     1986     1986     1986     1986      985     1004     1005     4053     4054     4055
     1987     1987     1987     1987     1987      985     1005      986     4055     4056     3996
     1988     1988     1988     1988     1988      986     1005     1006     4056     4057     4058
     1989     1989     1989     1989     1989      986     1006      987     4058     4059     3999
     1990     1990     1990     1990     1990      987     1006     1007     4059     4060     4061
     1991     1991     1991     1991     1991      987     1007      988     4061     4062     4002
     1992     1992     1992     1992     1992      988     1007     1008     4062     4063     4064
     1993     1993     1993     1993     1993      988     1008      989     4064     4065     4005
     1994     1994     1994     1994     1994      989     1008     1009     4065     4066     4067
     1995     1995     1995     1995     1995      989     1009      990     4067     4068     4009
     1996     1996     1996     1996     1996      990     1009      991     4068     4069     4012
     1997     1997     1997     1997     1997      991     1009     1010     4069     4070     4071
     1998     1998     1998     1998     1998      991     1010      992     4071     4072     4015
     1999     1999     1999     1999     1999      992     1010     1011     4072     4073     4074
     2000     2000     2000     2000     2000      992     1011      993     4074     4075     4018
     2001     2001     2001     2001     2001      993     1011     1012     4075     4076     4077
     2002     2002     2002     2002     2002      993     1012      994     4077     4078     4021
     2003     2003     2003     2003     2003      994     1012     1013     4078     4079     4080
     2004     2004     2004     2004     2004      994     1013      995     4080     4081     4024
     2005     2005     2005     2005     2005      995     1013     1014     4081     4082     4083
     2006     2006     2006     2006     2006      995     1014      996     4083     4084     4027
     2007     2007     2007     2007     2007      996     1014     1015     4084     4085     4086
     2008     2008     2008     2008     2008      996     1015      997     4086     4087     4030
     2009     2009     2009     2009     2009      997     1015     1016     4087     4088     4089
     2010     2010     2010     2010     2010      997     1016      998     4089     4090     4033
     2011     2011     2011     2011     2011      998     1016     1017     4090     4091     4092
     2012     2012     2012     2012     2012      998     1017      999     4092     4093     4036
     2013     2013     2013     2013     2013      999     1017     1018     4093     4094     4095
     2014     2014     2014     2014     2014      999     1018      980     4095     4096     4039
     2015     2015     2015     2015     2015      980     1018     1000     4096     4097     4040
     2016     2016     2016     2016     2016     1000     1019     1001     4098     4099     4042
     2017     2017     2017     2017     2017     1001     1019     1020     4099     4100     4101
     2018     2018     2018     2018     2018     1001     1020     1002     4101     4102     4045
     2019     2019     2019     2019     2019     1002     1020     1021     4102     4103     4104
     2020     2020     2020     2020     2020     1002     1021     1003     4104     4105     4048
     2021     2021     2021     2021     2021     1003     1021     1022     4105     4106     4107
     2022     2022     2022     2022     2022     1003     1022     1004     4107     4108     4051
     2023     2023     2023     2023     2023     1004     1022     1023     4108     4109     4110
     2024     2024     2024     2024     2024     1004     1023     1005     4110     4111     4054
     2025     2025     2025     2025     2025     1005     1023     1006     4111     4112     4057
     2026     2026     2026     2026     2026     1006     1023     1024     4112     4113     4114
     2027     2027     2027     2027     2027     1006     1024     1007     4114     4115     4060
     2028     2028     2028     2028     2028     1007     1024     1025     4115     4116     4117
     2029     2029     2029     2029     2029     1007     1025     1008     4117     4118     4063
     2030     2030     2030     2030     2030     1008     1025     1026     4118     4119     4120
     2031     2031     2031     2031     2031     1008     1026     1009     4120     4121     4066
     2032     2032     2032     2032     2032     1009     1026     1027     4121     4122     4123
     2033     2033     2033     2033     2033     1009     1027     1010     4123     4124     4070
     2034     2034     2034     2034     2034     1010     1027     1028     4124     4125     4126
     2035     2035     2035     2035     2035     1010     1028     1011     4126     4127     4073
     2036     2036     2036     2036     2036     1011     1028     1029     4127     4128     4129
     2037     2037     2037     2037     2037     1011     1029     1012     4129     4130     4076
     2038     2038     2038     2038     2038     1012     1029     1030     4130     4131     4132
     2039     2039     2039     2039     2039     1012     1030     1013     4132     4133     4079
     2040     2040     2040     2040     2040     1013     1030     1031     4133     4134     4135
     2041     2041     2041     2041     2041     1013     1031     1014     4135     4136     4082
     2042     2042     2042     2042     2042     1014     1031     1015     4136     4137     4085
     2043     2043     2043     2043     2043     1015     1031     1032     4137     4138     4139
     2044     2044     2044     2044     2044     1015     1032     1016     4139     4140     4088
     2045     2045     2045     2045     2045     1016     1032     1033     4140     4141     4142
     2046     2046     2046     2046     2046     1016     1033     1017     4142     4143     4091
     2047     2047     2047     2047     2047     1017     1033     1034     4143     4144     4145
     2048     2048     2048     2048     2048     1017     1034     1018     4145     4146     4094
     2049     2049     2049     2049     2049     1018     1034     1035     4146     4147     4148
     2050     2050     2050     2050     2050     1018     1035     1000     4148     4149     4097
     2051     2051     2051     2051     2051     1000     1035     1019     4149     4150     4098
     2052     2052     2052     2052     2052     1019     1036     1020     4151     4152     4100
     2053     2053     2053     2053     2053     1020     1036     1037     4152     4153     4154
     2054     2054     2054     2054     2054     1020     1037     1021     4154     4155     4103
     2055     2055     2055     2055     2055     1021     1037     1038     4155     4156     4157
     2056     2056     2056     2056     2056     1021     1038     1022     4157     4158     4106
     2057     2057     2057     2057     2057     1022     1038     1023     4158     4159     4109
     2058     2058     2058     2058     2058     1023     1038     1039     4159     4160     4161
     2059     2059     2059     2059     2059     1023     1039     1024     4161     4162     4113
     2060     2060     2060     2060     2060     1024     1039     1040     4162     4163     4164
     2061     2061     2061     2061     2061     1024     1040     1025     4164     4165     4116
     2062     2062     2062     2062     2062     1025     1040     1041     4165     4166     4167
     2063     2063     2063     2063     2063     1025     1041     1026     4167     4168     4119
     2064     2064     2064     2064     2064     1026     1041     1042     4168     4169     4170
     2065     2065     2065     2065     2065     1026     1042     1027     4170     4171     4122
     2066     2066     2066     2066     2066     1027     1042     1028     4171     4172     4125
     2067     2067     2067     2067     2067     1028     1042     1043     4172     4173     4174
     2068     2068     2068     2068     2068     1028     1043     1029     4174     4175     4128
     2069     2069     2069     2069     2069     1029     1043     1044     4175     4176     4177
     2070     2070     2070     2070     2070     1029     1044     1030     4177     4178     4131
     2071     2071     2071     2071     2071     1030     1044     1045     4178     4179     4180
     2072     2072     2072     2072     2072     1030     1045     1031     4180     4181     4134
     2073     2073     2073     2073     2073     1031     1045     1046     4181     4182     4183
     2074     2074     2074     2074     2074     1031     1046     1032     4183     4184     4138
     2075     2075     2075     2075     2075     1032     1046     1047     4184     4185     4186
     2076     2076     2076     2076     2076     1032     1047     1033     4186     4187     4141
     2077     2077     2077     2077     2077     1033     1047     1034     4187     4188     4144
     2078     2078     2078     2078     2078     1034     1047     1048     4188     4189     4190
     2079     2079     2079     2079     2079     1034     1048     1035     4190     4191     4147
     2080     2080     2080     2080     2080     1035     1048     1049     4191     4192     4193
     2081     2081     2081     2081     2081     1035     1049     1019     4193     4194     4150
     2082     2082     2082     2082     2082     1019     1049     1036     4194     4195     4151
     2083     2083     2083     2083     2083     1036     1050     1037     4196     4197     4153
     2084     2084     2084     2084     2084     1037     1050     1051     4197     4198     4199
     2085     2085     2085     2085     2085     1037     1051     1038     4199     4200     4156
     2086     2086     2086     2086     2086     1038     1051     1039     4200     4201     4160
     2087     2087     2087     2087     2087     1039     1051     1052     4201     4202     4203
     2088     2088     2088     2088     2088     1039     1052     1040     4203     4204     4163
     2089     2089     2089     2089     2089     1040     1052     1053     4204     4205     4206
     2090     2090     2090     2090     2090     1040     1053     1041     4206     4207     4166
     2091     2091     2091     2091     2091     1041     1053     1042     4207     4208     4169
     2092     2092     2092     2092     2092     1042     1053     1054     4208     4209     4210
     2093     2093     2093     2093     2093     1042     1054     1043     4210     4211     4173
     2094     2094     2094     2094     2094     1043     1054     1055     4211     4212     4213
     2095     2095     2095     2095     2095     1043     1055     1044     4213     4214     4176
     2096     2096     2096     2096     2096     1044     1055     1056     4214     4215     4216
     2097     2097     2097     2097     2097     1044     1056     1045     4216     4217     4179
     2098     2098     2098     2098     2098     1045     1056     1046     4217     4218     4182
     2099     2099     2099     2099     2099     1046     1056     1057     4218     4219     4220
     2100     2100     2100     2100     2100     1046     1057     1047     4220     4221     4185
     2101     2101     2101     2101     2101     1047     1057     1058     4221     4222     4223
     2102     2102     2102     2102     2102     1047     1058     1048     4223     4224     4189
     2103     2103     2103     2103     2103     1048     1058     1049     4224     4225     4192
     2104     2104     2104     2104     2104     1049     1058     1059     4225     4226     4227
     2105     2105     2105     2105     2105     1049     1059     1036     4227     4228     4195
     2106     2106     2106     2106     2106     1036     1059     1050     4228     4229     4196
     2107     2107     2107     2107     2107     1050     1060     1051     4230     4231     4198
     2108     2108     2108     2108     2108     1051     1060     1052     4231     4232     4202
     2109     2109     2109     2109     2109     1052     1060     1061     4232     4233     4234
     2110     2110     2110     2110     2110     1052     1061     1053     4234     4235     4205
     2111     2111     2111     2111     2111     1053     1061     1054     4235     4236     4209
     2112     2112     2112     2112     2112     1054     1061     1062     4236     4237     4238
     2113     2113     2113     2113     2113     1054     1062     1055     4238     4239     4212
     2114     2114     2114     2114     2114     1055     1062     1056     4239     4240     4215
     2115     2115     2115     2115     2115     1056     1062     1063     4240     4241     4242
     2116     2116     2116     2116     2116     1056     1063     1057     4242     4243     4219
     2117     2117     2117     2117     2117     1057     1063     1058     4243     4244     4222
     2118     2118     2118     2118     2118     1058     1063     1064     4244     4245     4246
     2119     2119     2119     2119     2119     1058     1064     1059     4246     4247     4226
     2120     2120     2120     2120     2120     1059     1064     1050     4247     4248     4229
     2121     2121     2121     2121     2121     1050     1064     1060     4248     4249     4230
     2122     2122     2122     2122     2122     1065     1061     1060     4250     4233     4251
     2123     2123     2123     2123     2123     1065     1062     1061     4252     4237     4250
     2124     2124     2124     2124     2124     1065     1063     1062     4253     4241     4252
     2125     2125     2125     2125     2125     1065     1064     1063     4254     4245     4253
     2126     2126     2126     2126     2126     1065     1060     1064     4251     4249     4254
 $EndElements
