 $MeshFormat
 $quadratic
 $EndMeshFormat
 $PhysicalNames
 $
 "Cube mesh by EK"
 $EndPhysicalNames
 $Nodes
        2426
           1    0.50000000000000000         0.47499999999999998        -0.47499999999999998     
           2    0.50000000000000000         0.47499999999999998        -0.36944444444444446     
           3    0.50000000000000000         0.47499999999999998        -0.26388888888888895     
           4    0.50000000000000000         0.47499999999999998        -0.15833333333333333     
           5    0.50000000000000000         0.47499999999999998         -5.2777777777777812E-002
           6    0.50000000000000000         0.47499999999999998          5.2777777777777812E-002
           7    0.50000000000000000         0.47499999999999998         0.15833333333333333     
           8    0.50000000000000000         0.47499999999999998         0.26388888888888884     
           9    0.50000000000000000         0.47499999999999998         0.36944444444444435     
          10    0.50000000000000000         0.47499999999999998         0.47499999999999998     
          11    0.47500000033493617         0.50000000033493608        -0.47499999999999998     
          12    0.47500000033493617         0.50000000033493608        -0.36944444444444446     
          13    0.47500000033493617         0.50000000033493608        -0.26388888888888895     
          14    0.47500000033493617         0.50000000033493608        -0.15833333333333333     
          15    0.47500000033493617         0.50000000033493608         -5.2777777777777812E-002
          16    0.47500000033493617         0.50000000033493608          5.2777777777777812E-002
          17    0.47500000033493617         0.50000000033493608         0.15833333333333333     
          18    0.47500000033493617         0.50000000033493608         0.26388888888888884     
          19    0.47500000033493617         0.50000000033493608         0.36944444444444435     
          20    0.47500000033493617         0.50000000033493608         0.47499999999999998     
          21    0.47499999999999998         0.47499999999999998         0.50000000000000000     
          22    0.49166666666666670         0.49166666666666670         0.49166666666666670     
          23    0.36944447123934110         0.47499999999999998         0.50000000349822238     
          24    0.26388891568378559         0.47499999999999998         0.50000000632657238     
          25    0.15833336012822996         0.47499999999999998         0.50000000915492260     
          26     5.2777804572674558E-002    0.47499999999999998         0.50000001198327282     
          27    -5.2777750982880955E-002    0.47499999999999998         0.50000001481162304     
          28   -0.15833330653843647         0.47499999999999998         0.50000001763997326     
          29   -0.26388886209399198         0.47499999999999998         0.50000002046832348     
          30   -0.36944441764954739         0.47499999999999998         0.50000002329667370     
          31   -0.47499997320510301         0.47499999999999998         0.50000002612502392     
          32    0.36944447056946872         0.50000000033493608         0.47500000383315844     
          33    0.26388891501391321         0.50000000033493608         0.47500000666150866     
          34    0.15833335945835758         0.50000000033493608         0.47500000948985888     
          35     5.2777803902802178E-002    0.50000000033493608         0.47500001231820899     
          36    -5.2777751652753446E-002    0.50000000033493608         0.47500001514655921     
          37   -0.15833330720830896         0.50000000033493608         0.47500001797490943     
          38   -0.26388886276386447         0.50000000033493608         0.47500002080325965     
          39   -0.36944441831941988         0.50000000033493608         0.47500002363160976     
          40   -0.47499997387497550         0.50000000033493608         0.47500002645995998     
          41   -0.49999997387497552         0.47499999999999998         0.47500002679489628     
          42   -0.49166664009506056         0.49166666666666670         0.49166669323827217     
          43   -0.50000000699644387         0.47499999999999998         0.36944449803423784     
          44   -0.50000001265314409         0.47499999999999998         0.26388894247868244     
          45   -0.50000001830984453         0.47499999999999998         0.15833338692312693     
          46   -0.50000002396654497         0.47499999999999998          5.2777831367571637E-002
          47   -0.50000002962324541         0.47499999999999998         -5.2777724187983877E-002
          48   -0.50000003527994563         0.47499999999999998        -0.15833327974353917     
          49   -0.50000004093664607         0.47499999999999998        -0.26388883529909457     
          50   -0.50000004659334651         0.47499999999999998        -0.36944439085464997     
          51   -0.50000005225004696         0.47499999999999998        -0.47499994641020538     
          52   -0.47500000733137993         0.50000000033493608         0.36944449669449297     
          53   -0.47500001298808037         0.50000000033493608         0.26388894113893757     
          54   -0.47500001864478070         0.50000000033493608         0.15833338558338217     
          55   -0.47500002430148114         0.50000000033493608          5.2777830027826766E-002
          56   -0.47500002995818147         0.50000000033493608         -5.2777725527728636E-002
          57   -0.47500003561488191         0.50000000033493608        -0.15833328108328393     
          58   -0.47500004127158224         0.50000000033493608        -0.26388883663883933     
          59   -0.47500004692828268         0.50000000033493608        -0.36944439219439473     
          60   -0.47500005258498301         0.50000000033493608        -0.47499994774995014     
          61   -0.47500005358979169         0.47499999999999998        -0.49999994774995027     
          62   -0.49166671980987686         0.49166666666666670        -0.49166661352345364     
          63   -0.36944452482913326         0.47499999999999998        -0.49999995690487142     
          64   -0.26388896927357797         0.47499999999999998        -0.49999996538992186     
          65   -0.15833341371802268         0.47499999999999998        -0.49999997387497241     
          66    -5.2777858162467606E-002    0.47499999999999998        -0.49999998236002308     
          67     5.2777697393087575E-002    0.47499999999999998        -0.49999999084507363     
          68    0.15833325294864287         0.47499999999999998        -0.49999999933012429     
          69    0.26388880850419805         0.47499999999999998        -0.50000000781517495     
          70    0.36944436405975312         0.47499999999999998        -0.50000001630022539     
          71    0.47499991961530852         0.47499999999999998        -0.50000002478527605     
          72   -0.36944452281951601         0.50000000033493608        -0.47499995723980759     
          73   -0.26388896726396083         0.50000000033493608        -0.47499996572485825     
          74   -0.15833341170840542         0.50000000033493608        -0.47499997420990892     
          75    -5.2777856152850355E-002    0.50000000033493608        -0.47499998269495936     
          76     5.2777699402704936E-002    0.50000000033493608        -0.47499999118001002     
          77    0.15833325495826012         0.50000000033493608        -0.47499999966506057     
          78    0.26388881051381530         0.50000000033493608        -0.47500000815011123     
          79    0.36944436606937048         0.50000000033493608        -0.47500001663516167     
          80    0.49166658695184762         0.49166666666666670        -0.49166669279168773     
          81   -0.36944444444444446         0.50000000000000000        -0.36944444444444446     
          82   -0.36944444444444446         0.50000000000000000        -0.26388888888888895     
          83   -0.36944444444444446         0.50000000000000000        -0.15833333333333333     
          84   -0.36944444444444446         0.50000000000000000         -5.2777777777777812E-002
          85   -0.36944444444444446         0.50000000000000000          5.2777777777777812E-002
          86   -0.36944444444444446         0.50000000000000000         0.15833333333333333     
          87   -0.36944444444444446         0.50000000000000000         0.26388888888888884     
          88   -0.36944444444444446         0.50000000000000000         0.36944444444444435     
          89   -0.26388888888888895         0.50000000000000000        -0.36944444444444446     
          90   -0.26388888888888895         0.50000000000000000        -0.26388888888888895     
          91   -0.26388888888888895         0.50000000000000000        -0.15833333333333333     
          92   -0.26388888888888895         0.50000000000000000         -5.2777777777777812E-002
          93   -0.26388888888888895         0.50000000000000000          5.2777777777777812E-002
          94   -0.26388888888888895         0.50000000000000000         0.15833333333333333     
          95   -0.26388888888888895         0.50000000000000000         0.26388888888888884     
          96   -0.26388888888888895         0.50000000000000000         0.36944444444444435     
          97   -0.15833333333333333         0.50000000000000000        -0.36944444444444446     
          98   -0.15833333333333333         0.50000000000000000        -0.26388888888888895     
          99   -0.15833333333333333         0.50000000000000000        -0.15833333333333333     
         100   -0.15833333333333333         0.50000000000000000         -5.2777777777777812E-002
         101   -0.15833333333333333         0.50000000000000000          5.2777777777777812E-002
         102   -0.15833333333333333         0.50000000000000000         0.15833333333333333     
         103   -0.15833333333333333         0.50000000000000000         0.26388888888888884     
         104   -0.15833333333333333         0.50000000000000000         0.36944444444444435     
         105    -5.2777777777777812E-002    0.50000000000000000        -0.36944444444444446     
         106    -5.2777777777777812E-002    0.50000000000000000        -0.26388888888888895     
         107    -5.2777777777777812E-002    0.50000000000000000        -0.15833333333333333     
         108    -5.2777777777777812E-002    0.50000000000000000         -5.2777777777777812E-002
         109    -5.2777777777777812E-002    0.50000000000000000          5.2777777777777812E-002
         110    -5.2777777777777812E-002    0.50000000000000000         0.15833333333333333     
         111    -5.2777777777777812E-002    0.50000000000000000         0.26388888888888884     
         112    -5.2777777777777812E-002    0.50000000000000000         0.36944444444444435     
         113     5.2777777777777812E-002    0.50000000000000000        -0.36944444444444446     
         114     5.2777777777777812E-002    0.50000000000000000        -0.26388888888888895     
         115     5.2777777777777812E-002    0.50000000000000000        -0.15833333333333333     
         116     5.2777777777777812E-002    0.50000000000000000         -5.2777777777777812E-002
         117     5.2777777777777812E-002    0.50000000000000000          5.2777777777777812E-002
         118     5.2777777777777812E-002    0.50000000000000000         0.15833333333333333     
         119     5.2777777777777812E-002    0.50000000000000000         0.26388888888888884     
         120     5.2777777777777812E-002    0.50000000000000000         0.36944444444444435     
         121    0.15833333333333333         0.50000000000000000        -0.36944444444444446     
         122    0.15833333333333333         0.50000000000000000        -0.26388888888888895     
         123    0.15833333333333333         0.50000000000000000        -0.15833333333333333     
         124    0.15833333333333333         0.50000000000000000         -5.2777777777777812E-002
         125    0.15833333333333333         0.50000000000000000          5.2777777777777812E-002
         126    0.15833333333333333         0.50000000000000000         0.15833333333333333     
         127    0.15833333333333333         0.50000000000000000         0.26388888888888884     
         128    0.15833333333333333         0.50000000000000000         0.36944444444444435     
         129    0.26388888888888884         0.50000000000000000        -0.36944444444444446     
         130    0.26388888888888884         0.50000000000000000        -0.26388888888888895     
         131    0.26388888888888884         0.50000000000000000        -0.15833333333333333     
         132    0.26388888888888884         0.50000000000000000         -5.2777777777777812E-002
         133    0.26388888888888884         0.50000000000000000          5.2777777777777812E-002
         134    0.26388888888888884         0.50000000000000000         0.15833333333333333     
         135    0.26388888888888884         0.50000000000000000         0.26388888888888884     
         136    0.26388888888888884         0.50000000000000000         0.36944444444444435     
         137    0.36944444444444435         0.50000000000000000        -0.36944444444444446     
         138    0.36944444444444435         0.50000000000000000        -0.26388888888888895     
         139    0.36944444444444435         0.50000000000000000        -0.15833333333333333     
         140    0.36944444444444435         0.50000000000000000         -5.2777777777777812E-002
         141    0.36944444444444435         0.50000000000000000          5.2777777777777812E-002
         142    0.36944444444444435         0.50000000000000000         0.15833333333333333     
         143    0.36944444444444435         0.50000000000000000         0.26388888888888884     
         144    0.36944444444444435         0.50000000000000000         0.36944444444444435     
         145   -0.50000005225004696        -0.47499994641020538        -0.47499999999999998     
         146   -0.50000005225004696        -0.47499994641020538        -0.36944444444444446     
         147   -0.50000005225004696        -0.47499994641020538        -0.26388888888888895     
         148   -0.50000005225004696        -0.47499994641020538        -0.15833333333333333     
         149   -0.50000005225004696        -0.47499994641020538         -5.2777777777777812E-002
         150   -0.50000005225004696        -0.47499994641020538          5.2777777777777812E-002
         151   -0.50000005225004696        -0.47499994641020538         0.15833333333333333     
         152   -0.50000005225004696        -0.47499994641020538         0.26388888888888884     
         153   -0.50000005225004696        -0.47499994641020538         0.36944444444444435     
         154   -0.50000005225004696        -0.47499994641020538         0.47499999999999998     
         155   -0.47500005392472788        -0.49999994808488613        -0.47499999999999998     
         156   -0.47500005392472788        -0.49999994808488613        -0.36944444444444446     
         157   -0.47500005392472788        -0.49999994808488613        -0.26388888888888895     
         158   -0.47500005392472788        -0.49999994808488613        -0.15833333333333333     
         159   -0.47500005392472788        -0.49999994808488613         -5.2777777777777812E-002
         160   -0.47500005392472788        -0.49999994808488613          5.2777777777777812E-002
         161   -0.47500005392472788        -0.49999994808488613         0.15833333333333333     
         162   -0.47500005392472788        -0.49999994808488613         0.26388888888888884     
         163   -0.47500005392472788        -0.49999994808488613         0.36944444444444435     
         164   -0.47500005392472788        -0.49999994808488613         0.47499999999999998     
         165   -0.47500005225004682        -0.47499994774995025         0.50000000000000000     
         166   -0.49166671980987686        -0.49166661352345364         0.49166666666666670     
         167   -0.36944452348938817        -0.47499995340664913         0.50000000349822238     
         168   -0.26388896793383276        -0.47499995906334957         0.50000000632657238     
         169   -0.15833341237827725        -0.47499996472004991         0.50000000915492260     
         170    -5.2777856822722069E-002   -0.47499997037675035         0.50000001198327282     
         171     5.2777698732833223E-002   -0.47499997603345068         0.50000001481162304     
         172    0.15833325428838863        -0.47499998169015112         0.50000001763997326     
         173    0.26388880984394403        -0.47499998734685145         0.50000002046832348     
         174    0.36944436539949921        -0.47499999300355189         0.50000002329667370     
         175    0.47499992095505472        -0.47499999866025222         0.50000002612502392     
         176   -0.36944452415926066        -0.49999995374158512         0.47500000383315844     
         177   -0.26388896860370525        -0.49999995939828557         0.47500000666150866     
         178   -0.15833341304814974        -0.49999996505498601         0.47500000948985888     
         179    -5.2777857492594560E-002   -0.49999997071168634         0.47500001231820899     
         180     5.2777698062960843E-002   -0.49999997636838678         0.47500001514655921     
         181    0.15833325361851625        -0.49999998202508711         0.47500001797490943     
         182    0.26388880917407165        -0.49999998768178755         0.47500002080325965     
         183    0.36944436472962683        -0.49999999333848788         0.47500002363160976     
         184    0.47499992028518234        -0.49999999899518832         0.47500002645995998     
         185    0.49999992162492723        -0.47499999999999709         0.47500002679489628     
         186    0.49166658695184906        -0.49166666622008226         0.49166669323827217     
         187    0.49999995474639558        -0.47499999999999887         0.36944449803423784     
         188    0.49999996040309580        -0.47499999999999920         0.26388894247868244     
         189    0.49999996605979624        -0.47499999999999953         0.15833338692312693     
         190    0.49999997171649668        -0.47499999999999987          5.2777831367571637E-002
         191    0.49999997737319712        -0.47500000000000009         -5.2777724187983877E-002
         192    0.49999998302989734        -0.47500000000000042        -0.15833327974353917     
         193    0.49999998868659778        -0.47500000000000075        -0.26388883529909457     
         194    0.49999999434329823        -0.47500000000000098        -0.36944439085464997     
         195    0.49999999999999867        -0.47500000000000131        -0.47499994641020538     
         196    0.47499995374158677        -0.49999999899519010         0.36944449669449297     
         197    0.47499995939828721        -0.49999999899519043         0.26388894113893757     
         198    0.47499996505498754        -0.49999999899519065         0.15833338558338217     
         199    0.47499997071168798        -0.49999999899519099          5.2777830027826766E-002
         200    0.47499997636838831        -0.49999999899519132         -5.2777725527728636E-002
         201    0.47499998202508875        -0.49999999899519165        -0.15833328108328393     
         202    0.47499998768178908        -0.49999999899519187        -0.26388883663883933     
         203    0.47499999333848952        -0.49999999899519221        -0.36944439219439473     
         204    0.47499999899518985        -0.49999999899519254        -0.47499994774995014     
         205    0.47500000133974341        -0.47499999866025655        -0.49999994774995027     
         206    0.49166666666666536        -0.49166666622008648        -0.49166661352345364     
         207    0.36944447257908508        -0.47499999300355766        -0.49999995690487142     
         208    0.26388891702352990        -0.47499998734685722        -0.49999996538992186     
         209    0.15833336146797483        -0.47499998169015689        -0.49999997387497241     
         210     5.2777805912419984E-002   -0.47499997603345645        -0.49999998236002308     
         211    -5.2777749643135086E-002   -0.47499997037675601        -0.49999999084507363     
         212   -0.15833330519869016        -0.47499996472005568        -0.49999999933012429     
         213   -0.26388886075424522        -0.47499995906335524        -0.50000000781517495     
         214   -0.36944441630980018        -0.47499995340665491        -0.50000001630022539     
         215   -0.47499997186535536        -0.47499994774995447        -0.50000002478527605     
         216    0.36944446922972296        -0.49999999333849354        -0.47499995723980759     
         217    0.26388891367416800        -0.49999998768179310        -0.47499996572485825     
         218    0.15833335811861271        -0.49999998202509277        -0.47499997420990892     
         219     5.2777802563057863E-002   -0.49999997636839233        -0.47499998269495936     
         220    -5.2777752992497318E-002   -0.49999997071169200        -0.47499999118001002     
         221   -0.15833330854805228        -0.49999996505499156        -0.47499999966506057     
         222   -0.26388886410360735        -0.49999995939829112        -0.47500000815011123     
         223   -0.36944441965916242        -0.49999995374159079        -0.47500001663516167     
         224   -0.49166664009505778        -0.49166661352345797        -0.49166669279168773     
         225    0.36944439085465153        -0.49999999300355336        -0.36944444444444446     
         226    0.36944439085465153        -0.49999999300355336        -0.26388888888888895     
         227    0.36944439085465153        -0.49999999300355336        -0.15833333333333333     
         228    0.36944439085465153        -0.49999999300355336         -5.2777777777777812E-002
         229    0.36944439085465153        -0.49999999300355336          5.2777777777777812E-002
         230    0.36944439085465153        -0.49999999300355336         0.15833333333333333     
         231    0.36944439085465153        -0.49999999300355336         0.26388888888888884     
         232    0.36944439085465153        -0.49999999300355336         0.36944444444444435     
         233    0.26388883529909613        -0.49999998734685291        -0.36944444444444446     
         234    0.26388883529909613        -0.49999998734685291        -0.26388888888888895     
         235    0.26388883529909613        -0.49999998734685291        -0.15833333333333333     
         236    0.26388883529909613        -0.49999998734685291         -5.2777777777777812E-002
         237    0.26388883529909613        -0.49999998734685291          5.2777777777777812E-002
         238    0.26388883529909613        -0.49999998734685291         0.15833333333333333     
         239    0.26388883529909613        -0.49999998734685291         0.26388888888888884     
         240    0.26388883529909613        -0.49999998734685291         0.36944444444444435     
         241    0.15833327974354061        -0.49999998169015258        -0.36944444444444446     
         242    0.15833327974354061        -0.49999998169015258        -0.26388888888888895     
         243    0.15833327974354061        -0.49999998169015258        -0.15833333333333333     
         244    0.15833327974354061        -0.49999998169015258         -5.2777777777777812E-002
         245    0.15833327974354061        -0.49999998169015258          5.2777777777777812E-002
         246    0.15833327974354061        -0.49999998169015258         0.15833333333333333     
         247    0.15833327974354061        -0.49999998169015258         0.26388888888888884     
         248    0.15833327974354061        -0.49999998169015258         0.36944444444444435     
         249     5.2777724187985320E-002   -0.49999997603345214        -0.36944444444444446     
         250     5.2777724187985320E-002   -0.49999997603345214        -0.26388888888888895     
         251     5.2777724187985320E-002   -0.49999997603345214        -0.15833333333333333     
         252     5.2777724187985320E-002   -0.49999997603345214         -5.2777777777777812E-002
         253     5.2777724187985320E-002   -0.49999997603345214          5.2777777777777812E-002
         254     5.2777724187985320E-002   -0.49999997603345214         0.15833333333333333     
         255     5.2777724187985320E-002   -0.49999997603345214         0.26388888888888884     
         256     5.2777724187985320E-002   -0.49999997603345214         0.36944444444444435     
         257    -5.2777831367570194E-002   -0.49999997037675181        -0.36944444444444446     
         258    -5.2777831367570194E-002   -0.49999997037675181        -0.26388888888888895     
         259    -5.2777831367570194E-002   -0.49999997037675181        -0.15833333333333333     
         260    -5.2777831367570194E-002   -0.49999997037675181         -5.2777777777777812E-002
         261    -5.2777831367570194E-002   -0.49999997037675181          5.2777777777777812E-002
         262    -5.2777831367570194E-002   -0.49999997037675181         0.15833333333333333     
         263    -5.2777831367570194E-002   -0.49999997037675181         0.26388888888888884     
         264    -5.2777831367570194E-002   -0.49999997037675181         0.36944444444444435     
         265   -0.15833338692312549        -0.49999996472005137        -0.36944444444444446     
         266   -0.15833338692312549        -0.49999996472005137        -0.26388888888888895     
         267   -0.15833338692312549        -0.49999996472005137        -0.15833333333333333     
         268   -0.15833338692312549        -0.49999996472005137         -5.2777777777777812E-002
         269   -0.15833338692312549        -0.49999996472005137          5.2777777777777812E-002
         270   -0.15833338692312549        -0.49999996472005137         0.15833333333333333     
         271   -0.15833338692312549        -0.49999996472005137         0.26388888888888884     
         272   -0.15833338692312549        -0.49999996472005137         0.36944444444444435     
         273   -0.26388894247868089        -0.49999995906335104        -0.36944444444444446     
         274   -0.26388894247868089        -0.49999995906335104        -0.26388888888888895     
         275   -0.26388894247868089        -0.49999995906335104        -0.15833333333333333     
         276   -0.26388894247868089        -0.49999995906335104         -5.2777777777777812E-002
         277   -0.26388894247868089        -0.49999995906335104          5.2777777777777812E-002
         278   -0.26388894247868089        -0.49999995906335104         0.15833333333333333     
         279   -0.26388894247868089        -0.49999995906335104         0.26388888888888884     
         280   -0.26388894247868089        -0.49999995906335104         0.36944444444444435     
         281   -0.36944449803423629        -0.49999995340665060        -0.36944444444444446     
         282   -0.36944449803423629        -0.49999995340665060        -0.26388888888888895     
         283   -0.36944449803423629        -0.49999995340665060        -0.15833333333333333     
         284   -0.36944449803423629        -0.49999995340665060         -5.2777777777777812E-002
         285   -0.36944449803423629        -0.49999995340665060          5.2777777777777812E-002
         286   -0.36944449803423629        -0.49999995340665060         0.15833333333333333     
         287   -0.36944449803423629        -0.49999995340665060         0.26388888888888884     
         288   -0.36944449803423629        -0.49999995340665060         0.36944444444444435     
         289    0.50000000000000000        -0.36944444444444446        -0.47499999999999998     
         290    0.50000000000000000        -0.36944444444444446        -0.36944444444444446     
         291    0.50000000000000000        -0.36944444444444446        -0.26388888888888895     
         292    0.50000000000000000        -0.36944444444444446        -0.15833333333333333     
         293    0.50000000000000000        -0.36944444444444446         -5.2777777777777812E-002
         294    0.50000000000000000        -0.36944444444444446          5.2777777777777812E-002
         295    0.50000000000000000        -0.36944444444444446         0.15833333333333333     
         296    0.50000000000000000        -0.36944444444444446         0.26388888888888884     
         297    0.50000000000000000        -0.36944444444444446         0.36944444444444435     
         298    0.50000000000000000        -0.36944444444444446         0.47499999999999998     
         299    0.50000000000000000        -0.26388888888888895        -0.47499999999999998     
         300    0.50000000000000000        -0.26388888888888895        -0.36944444444444446     
         301    0.50000000000000000        -0.26388888888888895        -0.26388888888888895     
         302    0.50000000000000000        -0.26388888888888895        -0.15833333333333333     
         303    0.50000000000000000        -0.26388888888888895         -5.2777777777777812E-002
         304    0.50000000000000000        -0.26388888888888895          5.2777777777777812E-002
         305    0.50000000000000000        -0.26388888888888895         0.15833333333333333     
         306    0.50000000000000000        -0.26388888888888895         0.26388888888888884     
         307    0.50000000000000000        -0.26388888888888895         0.36944444444444435     
         308    0.50000000000000000        -0.26388888888888895         0.47499999999999998     
         309    0.50000000000000000        -0.15833333333333333        -0.47499999999999998     
         310    0.50000000000000000        -0.15833333333333333        -0.36944444444444446     
         311    0.50000000000000000        -0.15833333333333333        -0.26388888888888895     
         312    0.50000000000000000        -0.15833333333333333        -0.15833333333333333     
         313    0.50000000000000000        -0.15833333333333333         -5.2777777777777812E-002
         314    0.50000000000000000        -0.15833333333333333          5.2777777777777812E-002
         315    0.50000000000000000        -0.15833333333333333         0.15833333333333333     
         316    0.50000000000000000        -0.15833333333333333         0.26388888888888884     
         317    0.50000000000000000        -0.15833333333333333         0.36944444444444435     
         318    0.50000000000000000        -0.15833333333333333         0.47499999999999998     
         319    0.50000000000000000         -5.2777777777777812E-002   -0.47499999999999998     
         320    0.50000000000000000         -5.2777777777777812E-002   -0.36944444444444446     
         321    0.50000000000000000         -5.2777777777777812E-002   -0.26388888888888895     
         322    0.50000000000000000         -5.2777777777777812E-002   -0.15833333333333333     
         323    0.50000000000000000         -5.2777777777777812E-002    -5.2777777777777812E-002
         324    0.50000000000000000         -5.2777777777777812E-002     5.2777777777777812E-002
         325    0.50000000000000000         -5.2777777777777812E-002    0.15833333333333333     
         326    0.50000000000000000         -5.2777777777777812E-002    0.26388888888888884     
         327    0.50000000000000000         -5.2777777777777812E-002    0.36944444444444435     
         328    0.50000000000000000         -5.2777777777777812E-002    0.47499999999999998     
         329    0.50000000000000000          5.2777777777777812E-002   -0.47499999999999998     
         330    0.50000000000000000          5.2777777777777812E-002   -0.36944444444444446     
         331    0.50000000000000000          5.2777777777777812E-002   -0.26388888888888895     
         332    0.50000000000000000          5.2777777777777812E-002   -0.15833333333333333     
         333    0.50000000000000000          5.2777777777777812E-002    -5.2777777777777812E-002
         334    0.50000000000000000          5.2777777777777812E-002     5.2777777777777812E-002
         335    0.50000000000000000          5.2777777777777812E-002    0.15833333333333333     
         336    0.50000000000000000          5.2777777777777812E-002    0.26388888888888884     
         337    0.50000000000000000          5.2777777777777812E-002    0.36944444444444435     
         338    0.50000000000000000          5.2777777777777812E-002    0.47499999999999998     
         339    0.50000000000000000         0.15833333333333333        -0.47499999999999998     
         340    0.50000000000000000         0.15833333333333333        -0.36944444444444446     
         341    0.50000000000000000         0.15833333333333333        -0.26388888888888895     
         342    0.50000000000000000         0.15833333333333333        -0.15833333333333333     
         343    0.50000000000000000         0.15833333333333333         -5.2777777777777812E-002
         344    0.50000000000000000         0.15833333333333333          5.2777777777777812E-002
         345    0.50000000000000000         0.15833333333333333         0.15833333333333333     
         346    0.50000000000000000         0.15833333333333333         0.26388888888888884     
         347    0.50000000000000000         0.15833333333333333         0.36944444444444435     
         348    0.50000000000000000         0.15833333333333333         0.47499999999999998     
         349    0.50000000000000000         0.26388888888888884        -0.47499999999999998     
         350    0.50000000000000000         0.26388888888888884        -0.36944444444444446     
         351    0.50000000000000000         0.26388888888888884        -0.26388888888888895     
         352    0.50000000000000000         0.26388888888888884        -0.15833333333333333     
         353    0.50000000000000000         0.26388888888888884         -5.2777777777777812E-002
         354    0.50000000000000000         0.26388888888888884          5.2777777777777812E-002
         355    0.50000000000000000         0.26388888888888884         0.15833333333333333     
         356    0.50000000000000000         0.26388888888888884         0.26388888888888884     
         357    0.50000000000000000         0.26388888888888884         0.36944444444444435     
         358    0.50000000000000000         0.26388888888888884         0.47499999999999998     
         359    0.50000000000000000         0.36944444444444435        -0.47499999999999998     
         360    0.50000000000000000         0.36944444444444435        -0.36944444444444446     
         361    0.50000000000000000         0.36944444444444435        -0.26388888888888895     
         362    0.50000000000000000         0.36944444444444435        -0.15833333333333333     
         363    0.50000000000000000         0.36944444444444435         -5.2777777777777812E-002
         364    0.50000000000000000         0.36944444444444435          5.2777777777777812E-002
         365    0.50000000000000000         0.36944444444444435         0.15833333333333333     
         366    0.50000000000000000         0.36944444444444435         0.26388888888888884     
         367    0.50000000000000000         0.36944444444444435         0.36944444444444435     
         368    0.50000000000000000         0.36944444444444435         0.47499999999999998     
         369    0.47499999999999998        -0.36944444444444446        -0.50000000000000000     
         370    0.47499999999999998        -0.26388888888888895        -0.50000000000000000     
         371    0.47499999999999998        -0.15833333333333333        -0.50000000000000000     
         372    0.47499999999999998         -5.2777777777777812E-002   -0.50000000000000000     
         373    0.47499999999999998          5.2777777777777812E-002   -0.50000000000000000     
         374    0.47499999999999998         0.15833333333333333        -0.50000000000000000     
         375    0.47499999999999998         0.26388888888888884        -0.50000000000000000     
         376    0.47499999999999998         0.36944444444444435        -0.50000000000000000     
         377    0.47500000033493617        -0.36944444444444446         0.50000000033493608     
         378    0.47500000033493617        -0.26388888888888895         0.50000000033493608     
         379    0.47500000033493617        -0.15833333333333333         0.50000000033493608     
         380    0.47500000033493617         -5.2777777777777812E-002    0.50000000033493608     
         381    0.47500000033493617          5.2777777777777812E-002    0.50000000033493608     
         382    0.47500000033493617         0.15833333333333333         0.50000000033493608     
         383    0.47500000033493617         0.26388888888888884         0.50000000033493608     
         384    0.47500000033493617         0.36944444444444435         0.50000000033493608     
         385   -0.47499999999999998        -0.36944444444444446        -0.50000000000000000     
         386   -0.47499999999999998        -0.26388888888888895        -0.50000000000000000     
         387   -0.47499999999999998        -0.15833333333333333        -0.50000000000000000     
         388   -0.47499999999999998         -5.2777777777777812E-002   -0.50000000000000000     
         389   -0.47499999999999998          5.2777777777777812E-002   -0.50000000000000000     
         390   -0.47499999999999998         0.15833333333333333        -0.50000000000000000     
         391   -0.47499999999999998         0.26388888888888884        -0.50000000000000000     
         392   -0.47499999999999998         0.36944444444444435        -0.50000000000000000     
         393   -0.36944444444444446        -0.36944444444444446        -0.50000000000000000     
         394   -0.36944444444444446        -0.26388888888888895        -0.50000000000000000     
         395   -0.36944444444444446        -0.15833333333333333        -0.50000000000000000     
         396   -0.36944444444444446         -5.2777777777777812E-002   -0.50000000000000000     
         397   -0.36944444444444446          5.2777777777777812E-002   -0.50000000000000000     
         398   -0.36944444444444446         0.15833333333333333        -0.50000000000000000     
         399   -0.36944444444444446         0.26388888888888884        -0.50000000000000000     
         400   -0.36944444444444446         0.36944444444444435        -0.50000000000000000     
         401   -0.26388888888888895        -0.36944444444444446        -0.50000000000000000     
         402   -0.26388888888888895        -0.26388888888888895        -0.50000000000000000     
         403   -0.26388888888888895        -0.15833333333333333        -0.50000000000000000     
         404   -0.26388888888888895         -5.2777777777777812E-002   -0.50000000000000000     
         405   -0.26388888888888895          5.2777777777777812E-002   -0.50000000000000000     
         406   -0.26388888888888895         0.15833333333333333        -0.50000000000000000     
         407   -0.26388888888888895         0.26388888888888884        -0.50000000000000000     
         408   -0.26388888888888895         0.36944444444444435        -0.50000000000000000     
         409   -0.15833333333333333        -0.36944444444444446        -0.50000000000000000     
         410   -0.15833333333333333        -0.26388888888888895        -0.50000000000000000     
         411   -0.15833333333333333        -0.15833333333333333        -0.50000000000000000     
         412   -0.15833333333333333         -5.2777777777777812E-002   -0.50000000000000000     
         413   -0.15833333333333333          5.2777777777777812E-002   -0.50000000000000000     
         414   -0.15833333333333333         0.15833333333333333        -0.50000000000000000     
         415   -0.15833333333333333         0.26388888888888884        -0.50000000000000000     
         416   -0.15833333333333333         0.36944444444444435        -0.50000000000000000     
         417    -5.2777777777777812E-002   -0.36944444444444446        -0.50000000000000000     
         418    -5.2777777777777812E-002   -0.26388888888888895        -0.50000000000000000     
         419    -5.2777777777777812E-002   -0.15833333333333333        -0.50000000000000000     
         420    -5.2777777777777812E-002    -5.2777777777777812E-002   -0.50000000000000000     
         421    -5.2777777777777812E-002     5.2777777777777812E-002   -0.50000000000000000     
         422    -5.2777777777777812E-002    0.15833333333333333        -0.50000000000000000     
         423    -5.2777777777777812E-002    0.26388888888888884        -0.50000000000000000     
         424    -5.2777777777777812E-002    0.36944444444444435        -0.50000000000000000     
         425     5.2777777777777812E-002   -0.36944444444444446        -0.50000000000000000     
         426     5.2777777777777812E-002   -0.26388888888888895        -0.50000000000000000     
         427     5.2777777777777812E-002   -0.15833333333333333        -0.50000000000000000     
         428     5.2777777777777812E-002    -5.2777777777777812E-002   -0.50000000000000000     
         429     5.2777777777777812E-002     5.2777777777777812E-002   -0.50000000000000000     
         430     5.2777777777777812E-002    0.15833333333333333        -0.50000000000000000     
         431     5.2777777777777812E-002    0.26388888888888884        -0.50000000000000000     
         432     5.2777777777777812E-002    0.36944444444444435        -0.50000000000000000     
         433    0.15833333333333333        -0.36944444444444446        -0.50000000000000000     
         434    0.15833333333333333        -0.26388888888888895        -0.50000000000000000     
         435    0.15833333333333333        -0.15833333333333333        -0.50000000000000000     
         436    0.15833333333333333         -5.2777777777777812E-002   -0.50000000000000000     
         437    0.15833333333333333          5.2777777777777812E-002   -0.50000000000000000     
         438    0.15833333333333333         0.15833333333333333        -0.50000000000000000     
         439    0.15833333333333333         0.26388888888888884        -0.50000000000000000     
         440    0.15833333333333333         0.36944444444444435        -0.50000000000000000     
         441    0.26388888888888884        -0.36944444444444446        -0.50000000000000000     
         442    0.26388888888888884        -0.26388888888888895        -0.50000000000000000     
         443    0.26388888888888884        -0.15833333333333333        -0.50000000000000000     
         444    0.26388888888888884         -5.2777777777777812E-002   -0.50000000000000000     
         445    0.26388888888888884          5.2777777777777812E-002   -0.50000000000000000     
         446    0.26388888888888884         0.15833333333333333        -0.50000000000000000     
         447    0.26388888888888884         0.26388888888888884        -0.50000000000000000     
         448    0.26388888888888884         0.36944444444444435        -0.50000000000000000     
         449    0.36944444444444435        -0.36944444444444446        -0.50000000000000000     
         450    0.36944444444444435        -0.26388888888888895        -0.50000000000000000     
         451    0.36944444444444435        -0.15833333333333333        -0.50000000000000000     
         452    0.36944444444444435         -5.2777777777777812E-002   -0.50000000000000000     
         453    0.36944444444444435          5.2777777777777812E-002   -0.50000000000000000     
         454    0.36944444444444435         0.15833333333333333        -0.50000000000000000     
         455    0.36944444444444435         0.26388888888888884        -0.50000000000000000     
         456    0.36944444444444435         0.36944444444444435        -0.50000000000000000     
         457   -0.47499999999999998        -0.36944444444444446         0.50000000000000000     
         458   -0.47499999999999998        -0.26388888888888895         0.50000000000000000     
         459   -0.47499999999999998        -0.15833333333333333         0.50000000000000000     
         460   -0.47499999999999998         -5.2777777777777812E-002    0.50000000000000000     
         461   -0.47499999999999998          5.2777777777777812E-002    0.50000000000000000     
         462   -0.47499999999999998         0.15833333333333333         0.50000000000000000     
         463   -0.47499999999999998         0.26388888888888884         0.50000000000000000     
         464   -0.47499999999999998         0.36944444444444435         0.50000000000000000     
         465   -0.36944444444444446        -0.36944444444444446         0.50000000000000000     
         466   -0.36944444444444446        -0.26388888888888895         0.50000000000000000     
         467   -0.36944444444444446        -0.15833333333333333         0.50000000000000000     
         468   -0.36944444444444446         -5.2777777777777812E-002    0.50000000000000000     
         469   -0.36944444444444446          5.2777777777777812E-002    0.50000000000000000     
         470   -0.36944444444444446         0.15833333333333333         0.50000000000000000     
         471   -0.36944444444444446         0.26388888888888884         0.50000000000000000     
         472   -0.36944444444444446         0.36944444444444435         0.50000000000000000     
         473   -0.26388888888888895        -0.36944444444444446         0.50000000000000000     
         474   -0.26388888888888895        -0.26388888888888895         0.50000000000000000     
         475   -0.26388888888888895        -0.15833333333333333         0.50000000000000000     
         476   -0.26388888888888895         -5.2777777777777812E-002    0.50000000000000000     
         477   -0.26388888888888895          5.2777777777777812E-002    0.50000000000000000     
         478   -0.26388888888888895         0.15833333333333333         0.50000000000000000     
         479   -0.26388888888888895         0.26388888888888884         0.50000000000000000     
         480   -0.26388888888888895         0.36944444444444435         0.50000000000000000     
         481   -0.15833333333333333        -0.36944444444444446         0.50000000000000000     
         482   -0.15833333333333333        -0.26388888888888895         0.50000000000000000     
         483   -0.15833333333333333        -0.15833333333333333         0.50000000000000000     
         484   -0.15833333333333333         -5.2777777777777812E-002    0.50000000000000000     
         485   -0.15833333333333333          5.2777777777777812E-002    0.50000000000000000     
         486   -0.15833333333333333         0.15833333333333333         0.50000000000000000     
         487   -0.15833333333333333         0.26388888888888884         0.50000000000000000     
         488   -0.15833333333333333         0.36944444444444435         0.50000000000000000     
         489    -5.2777777777777812E-002   -0.36944444444444446         0.50000000000000000     
         490    -5.2777777777777812E-002   -0.26388888888888895         0.50000000000000000     
         491    -5.2777777777777812E-002   -0.15833333333333333         0.50000000000000000     
         492    -5.2777777777777812E-002    -5.2777777777777812E-002    0.50000000000000000     
         493    -5.2777777777777812E-002     5.2777777777777812E-002    0.50000000000000000     
         494    -5.2777777777777812E-002    0.15833333333333333         0.50000000000000000     
         495    -5.2777777777777812E-002    0.26388888888888884         0.50000000000000000     
         496    -5.2777777777777812E-002    0.36944444444444435         0.50000000000000000     
         497     5.2777777777777812E-002   -0.36944444444444446         0.50000000000000000     
         498     5.2777777777777812E-002   -0.26388888888888895         0.50000000000000000     
         499     5.2777777777777812E-002   -0.15833333333333333         0.50000000000000000     
         500     5.2777777777777812E-002    -5.2777777777777812E-002    0.50000000000000000     
         501     5.2777777777777812E-002     5.2777777777777812E-002    0.50000000000000000     
         502     5.2777777777777812E-002    0.15833333333333333         0.50000000000000000     
         503     5.2777777777777812E-002    0.26388888888888884         0.50000000000000000     
         504     5.2777777777777812E-002    0.36944444444444435         0.50000000000000000     
         505    0.15833333333333333        -0.36944444444444446         0.50000000000000000     
         506    0.15833333333333333        -0.26388888888888895         0.50000000000000000     
         507    0.15833333333333333        -0.15833333333333333         0.50000000000000000     
         508    0.15833333333333333         -5.2777777777777812E-002    0.50000000000000000     
         509    0.15833333333333333          5.2777777777777812E-002    0.50000000000000000     
         510    0.15833333333333333         0.15833333333333333         0.50000000000000000     
         511    0.15833333333333333         0.26388888888888884         0.50000000000000000     
         512    0.15833333333333333         0.36944444444444435         0.50000000000000000     
         513    0.26388888888888884        -0.36944444444444446         0.50000000000000000     
         514    0.26388888888888884        -0.26388888888888895         0.50000000000000000     
         515    0.26388888888888884        -0.15833333333333333         0.50000000000000000     
         516    0.26388888888888884         -5.2777777777777812E-002    0.50000000000000000     
         517    0.26388888888888884          5.2777777777777812E-002    0.50000000000000000     
         518    0.26388888888888884         0.15833333333333333         0.50000000000000000     
         519    0.26388888888888884         0.26388888888888884         0.50000000000000000     
         520    0.26388888888888884         0.36944444444444435         0.50000000000000000     
         521    0.36944444444444435        -0.36944444444444446         0.50000000000000000     
         522    0.36944444444444435        -0.26388888888888895         0.50000000000000000     
         523    0.36944444444444435        -0.15833333333333333         0.50000000000000000     
         524    0.36944444444444435         -5.2777777777777812E-002    0.50000000000000000     
         525    0.36944444444444435          5.2777777777777812E-002    0.50000000000000000     
         526    0.36944444444444435         0.15833333333333333         0.50000000000000000     
         527    0.36944444444444435         0.26388888888888884         0.50000000000000000     
         528    0.36944444444444435         0.36944444444444435         0.50000000000000000     
         529   -0.50000000000000000        -0.36944444444444446         0.47499999999999998     
         530   -0.50000000000000000        -0.26388888888888895         0.47499999999999998     
         531   -0.50000000000000000        -0.15833333333333333         0.47499999999999998     
         532   -0.50000000000000000         -5.2777777777777812E-002    0.47499999999999998     
         533   -0.50000000000000000          5.2777777777777812E-002    0.47499999999999998     
         534   -0.50000000000000000         0.15833333333333333         0.47499999999999998     
         535   -0.50000000000000000         0.26388888888888884         0.47499999999999998     
         536   -0.50000000000000000         0.36944444444444435         0.47499999999999998     
         537   -0.49999999966506381        -0.36944444444444446        -0.47499999966506379     
         538   -0.49999999966506381        -0.26388888888888895        -0.47499999966506379     
         539   -0.49999999966506381        -0.15833333333333333        -0.47499999966506379     
         540   -0.49999999966506381         -5.2777777777777812E-002   -0.47499999966506379     
         541   -0.49999999966506381          5.2777777777777812E-002   -0.47499999966506379     
         542   -0.49999999966506381         0.15833333333333333        -0.47499999966506379     
         543   -0.49999999966506381         0.26388888888888884        -0.47499999966506379     
         544   -0.49999999966506381         0.36944444444444435        -0.47499999966506379     
         545   -0.50000000000000000        -0.36944444444444446        -0.36944444444444446     
         546   -0.50000000000000000        -0.36944444444444446        -0.26388888888888895     
         547   -0.50000000000000000        -0.36944444444444446        -0.15833333333333333     
         548   -0.50000000000000000        -0.36944444444444446         -5.2777777777777812E-002
         549   -0.50000000000000000        -0.36944444444444446          5.2777777777777812E-002
         550   -0.50000000000000000        -0.36944444444444446         0.15833333333333333     
         551   -0.50000000000000000        -0.36944444444444446         0.26388888888888884     
         552   -0.50000000000000000        -0.36944444444444446         0.36944444444444435     
         553   -0.50000000000000000        -0.26388888888888895        -0.36944444444444446     
         554   -0.50000000000000000        -0.26388888888888895        -0.26388888888888895     
         555   -0.50000000000000000        -0.26388888888888895        -0.15833333333333333     
         556   -0.50000000000000000        -0.26388888888888895         -5.2777777777777812E-002
         557   -0.50000000000000000        -0.26388888888888895          5.2777777777777812E-002
         558   -0.50000000000000000        -0.26388888888888895         0.15833333333333333     
         559   -0.50000000000000000        -0.26388888888888895         0.26388888888888884     
         560   -0.50000000000000000        -0.26388888888888895         0.36944444444444435     
         561   -0.50000000000000000        -0.15833333333333333        -0.36944444444444446     
         562   -0.50000000000000000        -0.15833333333333333        -0.26388888888888895     
         563   -0.50000000000000000        -0.15833333333333333        -0.15833333333333333     
         564   -0.50000000000000000        -0.15833333333333333         -5.2777777777777812E-002
         565   -0.50000000000000000        -0.15833333333333333          5.2777777777777812E-002
         566   -0.50000000000000000        -0.15833333333333333         0.15833333333333333     
         567   -0.50000000000000000        -0.15833333333333333         0.26388888888888884     
         568   -0.50000000000000000        -0.15833333333333333         0.36944444444444435     
         569   -0.50000000000000000         -5.2777777777777812E-002   -0.36944444444444446     
         570   -0.50000000000000000         -5.2777777777777812E-002   -0.26388888888888895     
         571   -0.50000000000000000         -5.2777777777777812E-002   -0.15833333333333333     
         572   -0.50000000000000000         -5.2777777777777812E-002    -5.2777777777777812E-002
         573   -0.50000000000000000         -5.2777777777777812E-002     5.2777777777777812E-002
         574   -0.50000000000000000         -5.2777777777777812E-002    0.15833333333333333     
         575   -0.50000000000000000         -5.2777777777777812E-002    0.26388888888888884     
         576   -0.50000000000000000         -5.2777777777777812E-002    0.36944444444444435     
         577   -0.50000000000000000          5.2777777777777812E-002   -0.36944444444444446     
         578   -0.50000000000000000          5.2777777777777812E-002   -0.26388888888888895     
         579   -0.50000000000000000          5.2777777777777812E-002   -0.15833333333333333     
         580   -0.50000000000000000          5.2777777777777812E-002    -5.2777777777777812E-002
         581   -0.50000000000000000          5.2777777777777812E-002     5.2777777777777812E-002
         582   -0.50000000000000000          5.2777777777777812E-002    0.15833333333333333     
         583   -0.50000000000000000          5.2777777777777812E-002    0.26388888888888884     
         584   -0.50000000000000000          5.2777777777777812E-002    0.36944444444444435     
         585   -0.50000000000000000         0.15833333333333333        -0.36944444444444446     
         586   -0.50000000000000000         0.15833333333333333        -0.26388888888888895     
         587   -0.50000000000000000         0.15833333333333333        -0.15833333333333333     
         588   -0.50000000000000000         0.15833333333333333         -5.2777777777777812E-002
         589   -0.50000000000000000         0.15833333333333333          5.2777777777777812E-002
         590   -0.50000000000000000         0.15833333333333333         0.15833333333333333     
         591   -0.50000000000000000         0.15833333333333333         0.26388888888888884     
         592   -0.50000000000000000         0.15833333333333333         0.36944444444444435     
         593   -0.50000000000000000         0.26388888888888884        -0.36944444444444446     
         594   -0.50000000000000000         0.26388888888888884        -0.26388888888888895     
         595   -0.50000000000000000         0.26388888888888884        -0.15833333333333333     
         596   -0.50000000000000000         0.26388888888888884         -5.2777777777777812E-002
         597   -0.50000000000000000         0.26388888888888884          5.2777777777777812E-002
         598   -0.50000000000000000         0.26388888888888884         0.15833333333333333     
         599   -0.50000000000000000         0.26388888888888884         0.26388888888888884     
         600   -0.50000000000000000         0.26388888888888884         0.36944444444444435     
         601   -0.50000000000000000         0.36944444444444435        -0.36944444444444446     
         602   -0.50000000000000000         0.36944444444444435        -0.26388888888888895     
         603   -0.50000000000000000         0.36944444444444435        -0.15833333333333333     
         604   -0.50000000000000000         0.36944444444444435         -5.2777777777777812E-002
         605   -0.50000000000000000         0.36944444444444435          5.2777777777777812E-002
         606   -0.50000000000000000         0.36944444444444435         0.15833333333333333     
         607   -0.50000000000000000         0.36944444444444435         0.26388888888888884     
         608   -0.50000000000000000         0.36944444444444435         0.36944444444444435     
         609    0.50000000000000000         0.47499999999999998        -0.42222222222222222     
         610    0.49375000016746806         0.49375000016746801        -0.47499999999999998     
         611    0.49375000016746806         0.49375000016746801        -0.42222222222222222     
         612    0.47500000033493617         0.50000000033493608        -0.42222222222222222     
         613    0.49375000016746806         0.49375000016746801        -0.36944444444444446     
         614    0.50000000000000000         0.47499999999999998        -0.31666666666666671     
         615    0.49375000016746806         0.49375000016746801        -0.31666666666666671     
         616    0.47500000033493617         0.50000000033493608        -0.31666666666666671     
         617    0.49375000016746806         0.49375000016746801        -0.26388888888888895     
         618    0.50000000000000000         0.47499999999999998        -0.21111111111111114     
         619    0.49375000016746806         0.49375000016746801        -0.21111111111111114     
         620    0.47500000033493617         0.50000000033493608        -0.21111111111111114     
         621    0.49375000016746806         0.49375000016746801        -0.15833333333333333     
         622    0.50000000000000000         0.47499999999999998        -0.10555555555555557     
         623    0.49375000016746806         0.49375000016746801        -0.10555555555555557     
         624    0.47500000033493617         0.50000000033493608        -0.10555555555555557     
         625    0.49375000016746806         0.49375000016746801         -5.2777777777777812E-002
         626    0.50000000000000000         0.47499999999999998          0.0000000000000000     
         627    0.49375000016746806         0.49375000016746801          0.0000000000000000     
         628    0.47500000033493617         0.50000000033493608          0.0000000000000000     
         629    0.49375000016746806         0.49375000016746801          5.2777777777777812E-002
         630    0.50000000000000000         0.47499999999999998         0.10555555555555557     
         631    0.49375000016746806         0.49375000016746801         0.10555555555555557     
         632    0.47500000033493617         0.50000000033493608         0.10555555555555557     
         633    0.49375000016746806         0.49375000016746801         0.15833333333333333     
         634    0.50000000000000000         0.47499999999999998         0.21111111111111108     
         635    0.49375000016746806         0.49375000016746801         0.21111111111111108     
         636    0.47500000033493617         0.50000000033493608         0.21111111111111108     
         637    0.49375000016746806         0.49375000016746801         0.26388888888888884     
         638    0.50000000000000000         0.47499999999999998         0.31666666666666660     
         639    0.49375000016746806         0.49375000016746801         0.31666666666666660     
         640    0.47500000033493617         0.50000000033493608         0.31666666666666660     
         641    0.49375000016746806         0.49375000016746801         0.36944444444444435     
         642    0.50000000000000000         0.47499999999999998         0.42222222222222217     
         643    0.49375000016746806         0.49375000016746801         0.42222222222222217     
         644    0.47500000033493617         0.50000000033493608         0.42222222222222217     
         645    0.49375000016746806         0.49375000016746801         0.47499999999999998     
         646    0.48541666666666666         0.49791666666666667         0.48541666666666666     
         647    0.49791666666666667         0.48541666666666666         0.48541666666666666     
         648    0.47500000016746807         0.49375000016746801         0.49374999999999997     
         649    0.48541666666666666         0.48541666666666666         0.49791666666666667     
         650    0.49374999999999997         0.47499999999999998         0.49374999999999997     
         651    0.42222223561967054         0.47499999999999998         0.50000000174911119     
         652    0.42222223578713863         0.49375000016746801         0.49375000174911116     
         653    0.42222223545220244         0.50000000033493608         0.47500000191657921     
         654    0.36944447090440491         0.49375000016746801         0.49375000366569038     
         655    0.31666669346156334         0.47499999999999998         0.50000000491239738     
         656    0.31666669312662715         0.49375000016746801         0.49375000507986538     
         657    0.31666669279169096         0.50000000033493608         0.47500000524733355     
         658    0.26388891534884940         0.49375000016746801         0.49375000649404049     
         659    0.21111113790600777         0.47499999999999998         0.50000000774074749     
         660    0.21111113757107158         0.49375000016746801         0.49375000790821560     
         661    0.21111113723613539         0.50000000033493608         0.47500000807568377     
         662    0.15833335979329377         0.49375000016746801         0.49375000932239071     
         663    0.10555558235045226         0.47499999999999998         0.50000001056909771     
         664    0.10555558201551607         0.49375000016746801         0.49375001073656583     
         665    0.10555558168057988         0.50000000033493608         0.47500001090403393     
         666     5.2777804237738368E-002    0.49375000016746801         0.49375001215074088     
         667     2.6794896801352053E-008    0.47499999999999998         0.50000001339744793     
         668     2.6459960611457944E-008    0.49375000016746801         0.49375001356491599     
         669     2.6125024366052685E-008    0.50000000033493608         0.47500001373238410     
         670    -5.2777751317817201E-002    0.49375000016746801         0.49375001497909110     
         671   -0.10555552876065871         0.47499999999999998         0.50000001622579815     
         672   -0.10555552909559496         0.49375000016746801         0.49375001639326621     
         673   -0.10555552943053120         0.50000000033493608         0.47500001656073432     
         674   -0.15833330687337271         0.49375000016746801         0.49375001780744132     
         675   -0.21111108431621423         0.47499999999999998         0.50000001905414837     
         676   -0.21111108465115047         0.49375000016746801         0.49375001922161643     
         677   -0.21111108498608672         0.50000000033493608         0.47500001938908454     
         678   -0.26388886242892823         0.49375000016746801         0.49375002063579154     
         679   -0.31666663987176968         0.47499999999999998         0.50000002188249859     
         680   -0.31666664020670593         0.49375000016746801         0.49375002204996665     
         681   -0.31666664054164217         0.50000000033493608         0.47500002221743470     
         682   -0.36944441798448363         0.49375000016746801         0.49375002346414171     
         683   -0.42222219542732520         0.47499999999999998         0.50000002471084881     
         684   -0.42222219576226144         0.49375000016746801         0.49375002487831682     
         685   -0.42222219609719769         0.50000000033493608         0.47500002504578487     
         686   -0.47499997354003926         0.49375000016746801         0.49375002629249193     
         687   -0.48541666666666666         0.49791666666666667         0.48541666666666666     
         688   -0.48541666666666666         0.48541666666666666         0.49791666666666667     
         689   -0.49374997387497549         0.49375000016746801         0.47500002662742813     
         690   -0.49791666666666667         0.48541666666666666         0.48541666666666666     
         691   -0.49374997354003924         0.47499999999999998         0.49375002645996008     
         692   -0.49999999043570970         0.47499999999999998         0.42222226241456706     
         693   -0.49374999043570966         0.49375000016746801         0.42222226224709891     
         694   -0.47499999060317771         0.50000000033493608         0.42222226157722648     
         695   -0.49375000716391187         0.49375000016746801         0.36944449736436541     
         696   -0.50000000982479398         0.47499999999999998         0.31666672025646014     
         697   -0.49375000999226198         0.49375000016746801         0.31666671958658771     
         698   -0.47500001015973015         0.50000000033493608         0.31666671891671527     
         699   -0.49375001282061221         0.49375000016746801         0.26388894180881001     
         700   -0.50000001548149431         0.47499999999999998         0.21111116470090469     
         701   -0.49375001564896243         0.49375000016746801         0.21111116403103225     
         702   -0.47500001581643053         0.50000000033493608         0.21111116336115987     
         703   -0.49375001847731259         0.49375000016746801         0.15833338625325455     
         704   -0.50000002113819475         0.47499999999999998         0.10555560914534928     
         705   -0.49375002130566281         0.49375000016746801         0.10555560847547690     
         706   -0.47500002147313092         0.50000000033493608         0.10555560780560447     
         707   -0.49375002413401303         0.49375000016746801          5.2777830697699202E-002
         708   -0.50000002679489519         0.47499999999999998          5.3589793880259862E-008
         709   -0.49375002696236325         0.49375000016746801          5.2919921444960494E-008
         710   -0.47500002712983130         0.50000000033493608          5.2250049065172277E-008
         711   -0.49375002979071342         0.49375000016746801         -5.2777724857856256E-002
         712   -0.50000003245159552         0.47499999999999998        -0.10555550196576152     
         713   -0.49375003261906353         0.49375000016746801        -0.10555550263563390     
         714   -0.47500003278653169         0.50000000033493608        -0.10555550330550628     
         715   -0.49375003544741375         0.49375000016746801        -0.15833328041341155     
         716   -0.50000003810829585         0.47499999999999998        -0.21111105752131687     
         717   -0.49375003827576397         0.49375000016746801        -0.21111105819118925     
         718   -0.47500003844323208         0.50000000033493608        -0.21111105886106163     
         719   -0.49375004110411413         0.49375000016746801        -0.26388883596896695     
         720   -0.50000004376499629         0.47499999999999998        -0.31666661307687227     
         721   -0.49375004393246436         0.49375000016746801        -0.31666661374674465     
         722   -0.47500004409993246         0.50000000033493608        -0.31666661441661703     
         723   -0.49375004676081458         0.49375000016746801        -0.36944439152452235     
         724   -0.50000004942169674         0.47499999999999998        -0.42222216863242767     
         725   -0.49375004958916480         0.49375000016746801        -0.42222216930230005     
         726   -0.47500004975663285         0.50000000033493608        -0.42222216997217243     
         727   -0.49375005241751496         0.49375000016746801        -0.47499994708007776     
         728   -0.48541666666666666         0.49791666666666667        -0.48541666666666666     
         729   -0.49791666666666667         0.48541666666666666        -0.48541666666666666     
         730   -0.47500005308738735         0.49375000016746801        -0.49374994774995018     
         731   -0.48541666666666666         0.48541666666666666        -0.49791666666666667     
         732   -0.49375005291991930         0.47499999999999998        -0.49374994708007780     
         733   -0.42222228920946248         0.47499999999999998        -0.49999995232741085     
         734   -0.42222228870705814         0.49375000016746801        -0.49374995232741076     
         735   -0.42222228770224951         0.50000000033493608        -0.47499995249487886     
         736   -0.36944452382432463         0.49375000016746801        -0.49374995707233948     
         737   -0.31666674705135561         0.47499999999999998        -0.49999996114739664     
         738   -0.31666674604654699         0.49375000016746801        -0.49374996131486470     
         739   -0.31666674504173842         0.50000000033493608        -0.47499996148233292     
         740   -0.26388896826876940         0.49375000016746801        -0.49374996555739004     
         741   -0.21111119149580032         0.47499999999999998        -0.49999996963244714     
         742   -0.21111119049099175         0.49375000016746801        -0.49374996979991531     
         743   -0.21111118948618313         0.50000000033493608        -0.47499996996738358     
         744   -0.15833341271321405         0.49375000016746801        -0.49374997404244064     
         745   -0.10555563594024514         0.47499999999999998        -0.49999997811749775     
         746   -0.10555563493543652         0.49375000016746801        -0.49374997828496597     
         747   -0.10555563393062789         0.50000000033493608        -0.47499997845243414     
         748    -5.2777857157658981E-002    0.49375000016746801        -0.49374998252749119     
         749    -8.0384690015478100E-008    0.47499999999999998        -0.49999998660254835     
         750    -7.9379881390284623E-008    0.49375000016746801        -0.49374998677001647     
         751    -7.8375072709579996E-008    0.50000000033493608        -0.47499998693748469     
         752     5.2777698397896255E-002    0.49375000016746801        -0.49374999101254180     
         753    0.10555547517086522         0.47499999999999998        -0.49999999508759896     
         754    0.10555547617567390         0.49375000016746801        -0.49374999525506713     
         755    0.10555547718048253         0.50000000033493608        -0.47499999542253529     
         756    0.15833325395345149         0.49375000016746801        -0.49374999949759241     
         757    0.21111103072642046         0.47499999999999998        -0.50000000357264962     
         758    0.21111103173122908         0.49375000016746801        -0.49375000374011774     
         759    0.21111103273603771         0.50000000033493608        -0.47500000390758590     
         760    0.26388880950900667         0.49375000016746801        -0.49375000798264307     
         761    0.31666658628197558         0.47499999999999998        -0.50000001205770017     
         762    0.31666658728678421         0.49375000016746801        -0.49375001222516829     
         763    0.31666658829159289         0.50000000033493608        -0.47500001239263645     
         764    0.36944436506456180         0.49375000016746801        -0.49375001646769351     
         765    0.42222214183753082         0.47499999999999998        -0.50000002054275072     
         766    0.42222214284233950         0.49375000016746801        -0.49375002071021884     
         767    0.42222218320215332         0.50000000033493608        -0.47500000831758082     
         768    0.47499995997512234         0.49375000016746801        -0.49375001239263799     
         769    0.48541666666666666         0.49791666666666667        -0.48541666666666666     
         770    0.48541666666666666         0.48541666666666666        -0.49791666666666667     
         771    0.49791666666666667         0.48541666666666666        -0.48541666666666666     
         772    0.49374995980765424         0.47499999999999998        -0.49375001239263799     
         773   -0.42222228487389935         0.50000000033493608        -0.42222217471710116     
         774   -0.42222224568636357         0.50000000016746804        -0.36944441831941960     
         775   -0.36944448363198024         0.50000000016746804        -0.42222220084212603     
         776   -0.42222224285801335         0.50000000016746804        -0.31666664054164190     
         777   -0.42222224285801335         0.50000000016746804        -0.26388886276386414     
         778   -0.36944444444444446         0.50000000000000000        -0.31666666666666671     
         779   -0.42222224002966319         0.50000000016746804        -0.21111108498608644     
         780   -0.42222224002966319         0.50000000016746804        -0.15833330720830863     
         781   -0.36944444444444446         0.50000000000000000        -0.21111111111111114     
         782   -0.42222223720131297         0.50000000016746804        -0.10555552943053098     
         783   -0.42222223720131297         0.50000000016746804         -5.2777751652753224E-002
         784   -0.36944444444444446         0.50000000000000000        -0.10555555555555557     
         785   -0.42222223437296280         0.50000000016746804          2.6125024477074987E-008
         786   -0.42222223437296280         0.50000000016746804          5.2777803902802289E-002
         787   -0.36944444444444446         0.50000000000000000          0.0000000000000000     
         788   -0.42222223154461258         0.50000000016746804         0.10555558168057999     
         789   -0.42222223154461258         0.50000000016746804         0.15833335945835775     
         790   -0.36944444444444446         0.50000000000000000         0.10555555555555557     
         791   -0.42222222871626242         0.50000000016746804         0.21111113723613545     
         792   -0.42222222871626242         0.50000000016746804         0.26388891501391321     
         793   -0.36944444444444446         0.50000000000000000         0.21111111111111108     
         794   -0.42222222588791219         0.50000000016746804         0.31666669279169091     
         795   -0.42222222588791219         0.50000000016746804         0.36944447056946866     
         796   -0.36944444444444446         0.50000000000000000         0.31666666666666660     
         797   -0.42222220915970998         0.50000000016746804         0.42222223545220217     
         798   -0.36944443138193217         0.50000000016746804         0.42222223403802706     
         799   -0.31666670585420265         0.50000000016746804        -0.42222220508465136     
         800   -0.31666666666666671         0.50000000000000000        -0.36944444444444446     
         801   -0.26388892807642489         0.50000000016746804        -0.42222220508465136     
         802   -0.31666666666666671         0.50000000000000000        -0.31666666666666671     
         803   -0.31666666666666671         0.50000000000000000        -0.26388888888888895     
         804   -0.26388888888888895         0.50000000000000000        -0.31666666666666671     
         805   -0.31666666666666671         0.50000000000000000        -0.21111111111111114     
         806   -0.31666666666666671         0.50000000000000000        -0.15833333333333333     
         807   -0.26388888888888895         0.50000000000000000        -0.21111111111111114     
         808   -0.31666666666666671         0.50000000000000000        -0.10555555555555557     
         809   -0.31666666666666671         0.50000000000000000         -5.2777777777777812E-002
         810   -0.26388888888888895         0.50000000000000000        -0.10555555555555557     
         811   -0.31666666666666671         0.50000000000000000          0.0000000000000000     
         812   -0.31666666666666671         0.50000000000000000          5.2777777777777812E-002
         813   -0.26388888888888895         0.50000000000000000          0.0000000000000000     
         814   -0.31666666666666671         0.50000000000000000         0.10555555555555557     
         815   -0.31666666666666671         0.50000000000000000         0.15833333333333333     
         816   -0.26388888888888895         0.50000000000000000         0.10555555555555557     
         817   -0.31666666666666671         0.50000000000000000         0.21111111111111108     
         818   -0.31666666666666671         0.50000000000000000         0.26388888888888884     
         819   -0.26388888888888895         0.50000000000000000         0.21111111111111108     
         820   -0.31666666666666671         0.50000000000000000         0.31666666666666660     
         821   -0.31666666666666671         0.50000000000000000         0.36944444444444435     
         822   -0.26388888888888895         0.50000000000000000         0.31666666666666660     
         823   -0.31666665360415441         0.50000000016746804         0.42222223403802706     
         824   -0.26388887582637671         0.50000000016746804         0.42222223262385200     
         825   -0.21111115029864719         0.50000000016746804        -0.42222220932717669     
         826   -0.21111111111111114         0.50000000000000000        -0.36944444444444446     
         827   -0.15833337252086938         0.50000000016746804        -0.42222220932717669     
         828   -0.21111111111111114         0.50000000000000000        -0.31666666666666671     
         829   -0.21111111111111114         0.50000000000000000        -0.26388888888888895     
         830   -0.15833333333333333         0.50000000000000000        -0.31666666666666671     
         831   -0.21111111111111114         0.50000000000000000        -0.21111111111111114     
         832   -0.21111111111111114         0.50000000000000000        -0.15833333333333333     
         833   -0.15833333333333333         0.50000000000000000        -0.21111111111111114     
         834   -0.21111111111111114         0.50000000000000000        -0.10555555555555557     
         835   -0.21111111111111114         0.50000000000000000         -5.2777777777777812E-002
         836   -0.15833333333333333         0.50000000000000000        -0.10555555555555557     
         837   -0.21111111111111114         0.50000000000000000          0.0000000000000000     
         838   -0.21111111111111114         0.50000000000000000          5.2777777777777812E-002
         839   -0.15833333333333333         0.50000000000000000          0.0000000000000000     
         840   -0.21111111111111114         0.50000000000000000         0.10555555555555557     
         841   -0.21111111111111114         0.50000000000000000         0.15833333333333333     
         842   -0.15833333333333333         0.50000000000000000         0.10555555555555557     
         843   -0.21111111111111114         0.50000000000000000         0.21111111111111108     
         844   -0.21111111111111114         0.50000000000000000         0.26388888888888884     
         845   -0.15833333333333333         0.50000000000000000         0.21111111111111108     
         846   -0.21111111111111114         0.50000000000000000         0.31666666666666660     
         847   -0.21111111111111114         0.50000000000000000         0.36944444444444435     
         848   -0.15833333333333333         0.50000000000000000         0.31666666666666660     
         849   -0.21111109804859890         0.50000000016746804         0.42222223262385200     
         850   -0.15833332027082114         0.50000000016746804         0.42222223120967689     
         851   -0.10555559474309184         0.50000000016746804        -0.42222221356970191     
         852   -0.10555555555555557         0.50000000000000000        -0.36944444444444446     
         853    -5.2777816965314084E-002    0.50000000016746804        -0.42222221356970191     
         854   -0.10555555555555557         0.50000000000000000        -0.31666666666666671     
         855   -0.10555555555555557         0.50000000000000000        -0.26388888888888895     
         856    -5.2777777777777812E-002    0.50000000000000000        -0.31666666666666671     
         857   -0.10555555555555557         0.50000000000000000        -0.21111111111111114     
         858   -0.10555555555555557         0.50000000000000000        -0.15833333333333333     
         859    -5.2777777777777812E-002    0.50000000000000000        -0.21111111111111114     
         860   -0.10555555555555557         0.50000000000000000        -0.10555555555555557     
         861   -0.10555555555555557         0.50000000000000000         -5.2777777777777812E-002
         862    -5.2777777777777812E-002    0.50000000000000000        -0.10555555555555557     
         863   -0.10555555555555557         0.50000000000000000          0.0000000000000000     
         864   -0.10555555555555557         0.50000000000000000          5.2777777777777812E-002
         865    -5.2777777777777812E-002    0.50000000000000000          0.0000000000000000     
         866   -0.10555555555555557         0.50000000000000000         0.10555555555555557     
         867   -0.10555555555555557         0.50000000000000000         0.15833333333333333     
         868    -5.2777777777777812E-002    0.50000000000000000         0.10555555555555557     
         869   -0.10555555555555557         0.50000000000000000         0.21111111111111108     
         870   -0.10555555555555557         0.50000000000000000         0.26388888888888884     
         871    -5.2777777777777812E-002    0.50000000000000000         0.21111111111111108     
         872   -0.10555555555555557         0.50000000000000000         0.31666666666666660     
         873   -0.10555555555555557         0.50000000000000000         0.36944444444444435     
         874    -5.2777777777777812E-002    0.50000000000000000         0.31666666666666660     
         875   -0.10555554249304339         0.50000000016746804         0.42222223120967689     
         876    -5.2777764715265629E-002    0.50000000016746804         0.42222222979550178     
         877    -3.9187536438056725E-008    0.50000000016746804        -0.42222221781222724     
         878     0.0000000000000000         0.50000000000000000        -0.36944444444444446     
         879     5.2777738590241374E-002    0.50000000016746804        -0.42222221781222724     
         880     0.0000000000000000         0.50000000000000000        -0.31666666666666671     
         881     0.0000000000000000         0.50000000000000000        -0.26388888888888895     
         882     5.2777777777777812E-002    0.50000000000000000        -0.31666666666666671     
         883     0.0000000000000000         0.50000000000000000        -0.21111111111111114     
         884     0.0000000000000000         0.50000000000000000        -0.15833333333333333     
         885     5.2777777777777812E-002    0.50000000000000000        -0.21111111111111114     
         886     0.0000000000000000         0.50000000000000000        -0.10555555555555557     
         887     0.0000000000000000         0.50000000000000000         -5.2777777777777812E-002
         888     5.2777777777777812E-002    0.50000000000000000        -0.10555555555555557     
         889     0.0000000000000000         0.50000000000000000          0.0000000000000000     
         890     0.0000000000000000         0.50000000000000000          5.2777777777777812E-002
         891     5.2777777777777812E-002    0.50000000000000000          0.0000000000000000     
         892     0.0000000000000000         0.50000000000000000         0.10555555555555557     
         893     0.0000000000000000         0.50000000000000000         0.15833333333333333     
         894     5.2777777777777812E-002    0.50000000000000000         0.10555555555555557     
         895     0.0000000000000000         0.50000000000000000         0.21111111111111108     
         896     0.0000000000000000         0.50000000000000000         0.26388888888888884     
         897     5.2777777777777812E-002    0.50000000000000000         0.21111111111111108     
         898     0.0000000000000000         0.50000000000000000         0.31666666666666660     
         899     0.0000000000000000         0.50000000000000000         0.36944444444444435     
         900     5.2777777777777812E-002    0.50000000000000000         0.31666666666666660     
         901     1.3062512183026342E-008    0.50000000016746804         0.42222222979550178     
         902     5.2777790840289995E-002    0.50000000016746804         0.42222222838132667     
         903    0.10555551636801896         0.50000000016746804        -0.42222222205475252     
         904    0.10555555555555557         0.50000000000000000        -0.36944444444444446     
         905    0.15833329414579672         0.50000000016746804        -0.42222222205475252     
         906    0.10555555555555557         0.50000000000000000        -0.31666666666666671     
         907    0.10555555555555557         0.50000000000000000        -0.26388888888888895     
         908    0.15833333333333333         0.50000000000000000        -0.31666666666666671     
         909    0.10555555555555557         0.50000000000000000        -0.21111111111111114     
         910    0.10555555555555557         0.50000000000000000        -0.15833333333333333     
         911    0.15833333333333333         0.50000000000000000        -0.21111111111111114     
         912    0.10555555555555557         0.50000000000000000        -0.10555555555555557     
         913    0.10555555555555557         0.50000000000000000         -5.2777777777777812E-002
         914    0.15833333333333333         0.50000000000000000        -0.10555555555555557     
         915    0.10555555555555557         0.50000000000000000          0.0000000000000000     
         916    0.10555555555555557         0.50000000000000000          5.2777777777777812E-002
         917    0.15833333333333333         0.50000000000000000          0.0000000000000000     
         918    0.10555555555555557         0.50000000000000000         0.10555555555555557     
         919    0.10555555555555557         0.50000000000000000         0.15833333333333333     
         920    0.15833333333333333         0.50000000000000000         0.10555555555555557     
         921    0.10555555555555557         0.50000000000000000         0.21111111111111108     
         922    0.10555555555555557         0.50000000000000000         0.26388888888888884     
         923    0.15833333333333333         0.50000000000000000         0.21111111111111108     
         924    0.10555555555555557         0.50000000000000000         0.31666666666666660     
         925    0.10555555555555557         0.50000000000000000         0.36944444444444435     
         926    0.15833333333333333         0.50000000000000000         0.31666666666666660     
         927    0.10555556861806775         0.50000000016746804         0.42222222838132667     
         928    0.15833334639584545         0.50000000016746804         0.42222222696715161     
         929    0.21111107192357431         0.50000000016746804        -0.42222222629727785     
         930    0.21111111111111108         0.50000000000000000        -0.36944444444444446     
         931    0.26388884970135207         0.50000000016746804        -0.42222222629727785     
         932    0.21111111111111108         0.50000000000000000        -0.31666666666666671     
         933    0.21111111111111108         0.50000000000000000        -0.26388888888888895     
         934    0.26388888888888884         0.50000000000000000        -0.31666666666666671     
         935    0.21111111111111108         0.50000000000000000        -0.21111111111111114     
         936    0.21111111111111108         0.50000000000000000        -0.15833333333333333     
         937    0.26388888888888884         0.50000000000000000        -0.21111111111111114     
         938    0.21111111111111108         0.50000000000000000        -0.10555555555555557     
         939    0.21111111111111108         0.50000000000000000         -5.2777777777777812E-002
         940    0.26388888888888884         0.50000000000000000        -0.10555555555555557     
         941    0.21111111111111108         0.50000000000000000          0.0000000000000000     
         942    0.21111111111111108         0.50000000000000000          5.2777777777777812E-002
         943    0.26388888888888884         0.50000000000000000          0.0000000000000000     
         944    0.21111111111111108         0.50000000000000000         0.10555555555555557     
         945    0.21111111111111108         0.50000000000000000         0.15833333333333333     
         946    0.26388888888888884         0.50000000000000000         0.10555555555555557     
         947    0.21111111111111108         0.50000000000000000         0.21111111111111108     
         948    0.21111111111111108         0.50000000000000000         0.26388888888888884     
         949    0.26388888888888884         0.50000000000000000         0.21111111111111108     
         950    0.21111111111111108         0.50000000000000000         0.31666666666666660     
         951    0.21111111111111108         0.50000000000000000         0.36944444444444435     
         952    0.26388888888888884         0.50000000000000000         0.31666666666666660     
         953    0.21111112417362321         0.50000000016746804         0.42222222696715161     
         954    0.26388890195140102         0.50000000016746804         0.42222222555297650     
         955    0.31666662747912966         0.50000000016746804        -0.42222223053980307     
         956    0.31666666666666660         0.50000000000000000        -0.36944444444444446     
         957    0.36944440525690742         0.50000000016746804        -0.42222223053980307     
         958    0.31666666666666660         0.50000000000000000        -0.31666666666666671     
         959    0.31666666666666660         0.50000000000000000        -0.26388888888888895     
         960    0.36944444444444435         0.50000000000000000        -0.31666666666666671     
         961    0.31666666666666660         0.50000000000000000        -0.21111111111111114     
         962    0.31666666666666660         0.50000000000000000        -0.15833333333333333     
         963    0.36944444444444435         0.50000000000000000        -0.21111111111111114     
         964    0.31666666666666660         0.50000000000000000        -0.10555555555555557     
         965    0.31666666666666660         0.50000000000000000         -5.2777777777777812E-002
         966    0.36944444444444435         0.50000000000000000        -0.10555555555555557     
         967    0.31666666666666660         0.50000000000000000          0.0000000000000000     
         968    0.31666666666666660         0.50000000000000000          5.2777777777777812E-002
         969    0.36944444444444435         0.50000000000000000          0.0000000000000000     
         970    0.31666666666666660         0.50000000000000000         0.10555555555555557     
         971    0.31666666666666660         0.50000000000000000         0.15833333333333333     
         972    0.36944444444444435         0.50000000000000000         0.10555555555555557     
         973    0.31666666666666660         0.50000000000000000         0.21111111111111108     
         974    0.31666666666666660         0.50000000000000000         0.26388888888888884     
         975    0.36944444444444435         0.50000000000000000         0.21111111111111108     
         976    0.31666666666666660         0.50000000000000000         0.31666666666666660     
         977    0.31666666666666660         0.50000000000000000         0.36944444444444435     
         978    0.36944444444444435         0.50000000000000000         0.31666666666666660     
         979    0.31666667972917878         0.50000000016746804         0.42222222555297650     
         980    0.36944445750695654         0.50000000016746804         0.42222222413880139     
         981    0.42222222238969026         0.50000000016746804        -0.42222222222222222     
         982    0.42222222238969026         0.50000000016746804        -0.36944444444444446     
         983    0.42222222238969026         0.50000000016746804        -0.31666666666666671     
         984    0.42222222238969026         0.50000000016746804        -0.26388888888888895     
         985    0.42222222238969026         0.50000000016746804        -0.21111111111111114     
         986    0.42222222238969026         0.50000000016746804        -0.15833333333333333     
         987    0.42222222238969026         0.50000000016746804        -0.10555555555555557     
         988    0.42222222238969026         0.50000000016746804         -5.2777777777777812E-002
         989    0.42222222238969026         0.50000000016746804          0.0000000000000000     
         990    0.42222222238969026         0.50000000016746804          5.2777777777777812E-002
         991    0.42222222238969026         0.50000000016746804         0.10555555555555557     
         992    0.42222222238969026         0.50000000016746804         0.15833333333333333     
         993    0.42222222238969026         0.50000000016746804         0.21111111111111108     
         994    0.42222222238969026         0.50000000016746804         0.26388888888888884     
         995    0.42222222238969026         0.50000000016746804         0.31666666666666660     
         996    0.42222222238969026         0.50000000016746804         0.36944444444444435     
         997    0.42222223545220244         0.50000000033493608         0.42222222413880139     
         998   -0.50000005225004696        -0.47499994641020538        -0.42222222222222222     
         999   -0.49375005308738740        -0.49374994724754573        -0.47499999999999998     
        1000   -0.49375005308738740        -0.49374994724754573        -0.42222222222222222     
        1001   -0.47500005392472788        -0.49999994808488613        -0.42222222222222222     
        1002   -0.49375005308738740        -0.49374994724754573        -0.36944444444444446     
        1003   -0.50000005225004696        -0.47499994641020538        -0.31666666666666671     
        1004   -0.49375005308738740        -0.49374994724754573        -0.31666666666666671     
        1005   -0.47500005392472788        -0.49999994808488613        -0.31666666666666671     
        1006   -0.49375005308738740        -0.49374994724754573        -0.26388888888888895     
        1007   -0.50000005225004696        -0.47499994641020538        -0.21111111111111114     
        1008   -0.49375005308738740        -0.49374994724754573        -0.21111111111111114     
        1009   -0.47500005392472788        -0.49999994808488613        -0.21111111111111114     
        1010   -0.49375005308738740        -0.49374994724754573        -0.15833333333333333     
        1011   -0.50000005225004696        -0.47499994641020538        -0.10555555555555557     
        1012   -0.49375005308738740        -0.49374994724754573        -0.10555555555555557     
        1013   -0.47500005392472788        -0.49999994808488613        -0.10555555555555557     
        1014   -0.49375005308738740        -0.49374994724754573         -5.2777777777777812E-002
        1015   -0.50000005225004696        -0.47499994641020538          0.0000000000000000     
        1016   -0.49375005308738740        -0.49374994724754573          0.0000000000000000     
        1017   -0.47500005392472788        -0.49999994808488613          0.0000000000000000     
        1018   -0.49375005308738740        -0.49374994724754573          5.2777777777777812E-002
        1019   -0.50000005225004696        -0.47499994641020538         0.10555555555555557     
        1020   -0.49375005308738740        -0.49374994724754573         0.10555555555555557     
        1021   -0.47500005392472788        -0.49999994808488613         0.10555555555555557     
        1022   -0.49375005308738740        -0.49374994724754573         0.15833333333333333     
        1023   -0.50000005225004696        -0.47499994641020538         0.21111111111111108     
        1024   -0.49375005308738740        -0.49374994724754573         0.21111111111111108     
        1025   -0.47500005392472788        -0.49999994808488613         0.21111111111111108     
        1026   -0.49375005308738740        -0.49374994724754573         0.26388888888888884     
        1027   -0.50000005225004696        -0.47499994641020538         0.31666666666666660     
        1028   -0.49375005308738740        -0.49374994724754573         0.31666666666666660     
        1029   -0.47500005392472788        -0.49999994808488613         0.31666666666666660     
        1030   -0.49375005308738740        -0.49374994724754573         0.36944444444444435     
        1031   -0.50000005225004696        -0.47499994641020538         0.42222222222222217     
        1032   -0.49375005308738740        -0.49374994724754573         0.42222222222222217     
        1033   -0.47500005392472788        -0.49999994808488613         0.42222222222222217     
        1034   -0.49375005308738740        -0.49374994724754573         0.47499999999999998     
        1035   -0.48541666666666666        -0.49791666666666667         0.48541666666666666     
        1036   -0.49791666666666667        -0.48541666666666666         0.48541666666666666     
        1037   -0.47500005308738735        -0.49374994791741816         0.49374999999999997     
        1038   -0.48541666666666666        -0.48541666666666666         0.49791666666666667     
        1039   -0.49375005225004687        -0.47499994708007781         0.49374999999999997     
        1040   -0.42222228786971749        -0.47499995057829969         0.50000000174911119     
        1041   -0.42222228870705802        -0.49374995074576761         0.49375000174911116     
        1042   -0.42222228904199427        -0.49999995091323562         0.47500000191657921     
        1043   -0.36944452382432441        -0.49374995357411711         0.49375000366569038     
        1044   -0.31666674571161046        -0.47499995623499935         0.50000000491239738     
        1045   -0.31666674604654671        -0.49374995640246733         0.49375000507986538     
        1046   -0.31666674638148296        -0.49999995656993534         0.47500000524733355     
        1047   -0.26388896826876901        -0.49374995923081755         0.49375000649404049     
        1048   -0.21111119015605501        -0.47499996189169974         0.50000000774074749     
        1049   -0.21111119049099125        -0.49374996205916771         0.49375000790821560     
        1050   -0.21111119082592750        -0.49999996222663579         0.47500000807568377     
        1051   -0.15833341271321349        -0.49374996488751793         0.49375000932239071     
        1052   -0.10555563460049966        -0.47499996754840013         0.50000001056909771     
        1053   -0.10555563493543590        -0.49374996771586815         0.49375001073656583     
        1054   -0.10555563527037215        -0.49999996788333617         0.47500001090403393     
        1055    -5.2777857157658314E-002   -0.49374997054421832         0.49375001215074088     
        1056    -7.9044944423234398E-008   -0.47499997320510051         0.50000001339744793     
        1057    -7.9379880668639657E-008   -0.49374997337256848         0.49375001356491599     
        1058    -7.9714816858533766E-008   -0.49999997354003656         0.47500001373238410     
        1059     5.2777698397897033E-002   -0.49374997620091871         0.49375001497909110     
        1060    0.10555547651061092        -0.47499997886180090         0.50000001622579815     
        1061    0.10555547617567473        -0.49374997902926893         0.49375001639326621     
        1062    0.10555547584073854        -0.49999997919673694         0.47500001656073432     
        1063    0.15833325395345244        -0.49374998185761909         0.49375001780744132     
        1064    0.21111103206616633        -0.47499998451850128         0.50000001905414837     
        1065    0.21111103173123014        -0.49374998468596926         0.49375001922161643     
        1066    0.21111103139629395        -0.49999998485343733         0.47500001938908454     
        1067    0.26388880950900784        -0.49374998751431948         0.49375002063579154     
        1068    0.31666658762172162        -0.47499999017520167         0.50000002188249859     
        1069    0.31666658728678543        -0.49374999034266970         0.49375002204996665     
        1070    0.31666658695184924        -0.49999999051013772         0.47500002221743470     
        1071    0.36944436506456302        -0.49374999317101986         0.49375002346414171     
        1072    0.42222214317727697        -0.47499999583190206         0.50000002471084881     
        1073    0.42222214284234078        -0.49374999599937003         0.49375002487831682     
        1074    0.42222214250740459        -0.49999999616683810         0.47500002504578487     
        1075    0.47499992062011853        -0.49374999882772025         0.49375002629249193     
        1076    0.48541666666666666        -0.49791666666666667         0.48541666666666666     
        1077    0.48541666666666666        -0.48541666666666666         0.49791666666666667     
        1078    0.49374992095505477        -0.49374999949759268         0.47500002662742813     
        1079    0.49791666666666667        -0.48541666666666666         0.48541666666666666     
        1080    0.49374992128999096        -0.47499999933012466         0.49375002645996008     
        1081    0.49999993818566141        -0.47499999999999798         0.42222226241456706     
        1082    0.49374993751578894        -0.49374999949759357         0.42222226224709891     
        1083    0.47499993701338455        -0.49999999899518921         0.42222226157722648     
        1084    0.49374995424399115        -0.49374999949759446         0.36944449736436541     
        1085    0.49999995757474569        -0.47499999999999903         0.31666672025646014     
        1086    0.49374995707234126        -0.49374999949759463         0.31666671958658771     
        1087    0.47499995656993699        -0.49999999899519026         0.31666671891671527     
        1088    0.49374995990069148        -0.49374999949759479         0.26388894180881001     
        1089    0.49999996323144602        -0.47499999999999937         0.21111116470090469     
        1090    0.49374996272904170        -0.49374999949759496         0.21111116403103225     
        1091    0.47499996222663737        -0.49999999899519054         0.21111116336115987     
        1092    0.49374996555739187        -0.49374999949759507         0.15833338625325455     
        1093    0.49999996888814646        -0.47499999999999970         0.10555560914534928     
        1094    0.49374996838574209        -0.49374999949759524         0.10555560847547690     
        1095    0.47499996788333776        -0.49999999899519082         0.10555560780560447     
        1096    0.49374997121409231        -0.49374999949759540          5.2777830697699202E-002
        1097    0.49999997454484690        -0.47499999999999998          5.3589793880259862E-008
        1098    0.49374997404244253        -0.49374999949759552          5.2919921444960494E-008
        1099    0.47499997354003815        -0.49999999899519115          5.2250049065172277E-008
        1100    0.49374997687079270        -0.49374999949759568         -5.2777724857856256E-002
        1101    0.49999998020154723        -0.47500000000000026        -0.10555550196576152     
        1102    0.49374997969914280        -0.49374999949759585        -0.10555550263563390     
        1103    0.47499997919673853        -0.49999999899519149        -0.10555550330550628     
        1104    0.49374998252749303        -0.49374999949759601        -0.15833328041341155     
        1105    0.49999998585824756        -0.47500000000000059        -0.21111105752131687     
        1106    0.49374998535584325        -0.49374999949759618        -0.21111105819118925     
        1107    0.47499998485343892        -0.49999999899519176        -0.21111105886106163     
        1108    0.49374998818419341        -0.49374999949759629        -0.26388883596896695     
        1109    0.49999999151494801        -0.47500000000000087        -0.31666661307687227     
        1110    0.49374999101254363        -0.49374999949759640        -0.31666661374674465     
        1111    0.47499999051013930        -0.49999999899519204        -0.31666661441661703     
        1112    0.49374999384089385        -0.49374999949759657        -0.36944439152452235     
        1113    0.49999999717164845        -0.47500000000000114        -0.42222216863242767     
        1114    0.49374999666924407        -0.49374999949759674        -0.42222216930230005     
        1115    0.47499999616683969        -0.49999999899519237        -0.42222216997217243     
        1116    0.49374999949759424        -0.49374999949759690        -0.47499994708007776     
        1117    0.48541666666666666        -0.49791666666666667        -0.48541666666666666     
        1118    0.49791666666666667        -0.48541666666666666        -0.48541666666666666     
        1119    0.47500000016746663        -0.49374999882772452        -0.49374994774995018     
        1120    0.48541666666666666        -0.48541666666666666        -0.49791666666666667     
        1121    0.49375000066987101        -0.47499999933012893        -0.49374994708007780     
        1122    0.42222223695941424        -0.47499999583190711        -0.49999995232741085     
        1123    0.42222223578713747        -0.49374999599937508        -0.49374995232741076     
        1124    0.42222223411245641        -0.49999999616684304        -0.47499995249487886     
        1125    0.36944447090440402        -0.49374999317102558        -0.49374995707233948     
        1126    0.31666669480130749        -0.47499999017520744        -0.49999996114739664     
        1127    0.31666669312662643        -0.49374999034267536        -0.49374996131486470     
        1128    0.31666669145194548        -0.49999999051014332        -0.47499996148233292     
        1129    0.26388891534884895        -0.49374998751432514        -0.49374996555739004     
        1130    0.21111113924575237        -0.47499998451850706        -0.49999996963244714     
        1131    0.21111113757107142        -0.49374998468597497        -0.49374996979991531     
        1132    0.21111113589639036        -0.49999998485344294        -0.47499996996738358     
        1133    0.15833335979329377        -0.49374998185762481        -0.49374997404244064     
        1134    0.10555558369019741        -0.47499997886180667        -0.49999997811749775     
        1135    0.10555558201551635        -0.49374997902927459        -0.49374997828496597     
        1136    0.10555558034083529        -0.49999997919674255        -0.47499997845243414     
        1137     5.2777804237738923E-002   -0.49374997620092437        -0.49374998252749119     
        1138     2.8134642449106906E-008   -0.47499997320510623        -0.49999998660254835     
        1139     2.6459961388614062E-008   -0.49374997337257415        -0.49374998677001647     
        1140     2.4785280272610066E-008   -0.49999997354004216        -0.47499998693748469     
        1141    -5.2777751317816202E-002   -0.49374997054422398        -0.49374999101254180     
        1142   -0.10555552742091262        -0.47499996754840584        -0.49999999508759896     
        1143   -0.10555552909559374        -0.49374996771587382        -0.49374999525506713     
        1144   -0.10555553077027480        -0.49999996788334178        -0.47499999542253529     
        1145   -0.15833330687337122        -0.49374996488752360        -0.49374999949759241     
        1146   -0.21111108297646769        -0.47499996189170546        -0.50000000357264962     
        1147   -0.21111108465114875        -0.49374996205917338        -0.49375000374011774     
        1148   -0.21111108632582981        -0.49999996222664134        -0.47500000390758590     
        1149   -0.26388886242892629        -0.49374995923082315        -0.49375000798264307     
        1150   -0.31666663853202270        -0.47499995623500507        -0.50000001205770017     
        1151   -0.31666664020670376        -0.49374995640247299        -0.49375001222516829     
        1152   -0.31666664188138488        -0.49999995656994095        -0.47500001239263645     
        1153   -0.36944441798448130        -0.49374995357412282        -0.49375001646769351     
        1154   -0.42222219408757777        -0.47499995057830469        -0.50000002054275072     
        1155   -0.42222219576225889        -0.49374995074577260        -0.49375002071021884     
        1156   -0.42222223679194515        -0.49999995091323846        -0.47500000831758082     
        1157   -0.47500001289504162        -0.49374994791742027        -0.49375001239263799     
        1158   -0.48541666666666666        -0.49791666666666667        -0.48541666666666666     
        1159   -0.48541666666666666        -0.48541666666666666        -0.49791666666666667     
        1160   -0.49791666666666667        -0.48541666666666666        -0.48541666666666666     
        1161   -0.49375001205770114        -0.47499994708007992        -0.49375001239263799     
        1162    0.42222223128410624        -0.49999999616684287        -0.42222217471710116     
        1163    0.42222219209657053        -0.49999999599937278        -0.36944441831941960     
        1164    0.36944443004218724        -0.49999999317102345        -0.42222220084212603     
        1165    0.42222218926822030        -0.49999999599937262        -0.31666664054164190     
        1166    0.42222218926822030        -0.49999999599937262        -0.26388886276386414     
        1167    0.36944439085465153        -0.49999999300355336        -0.31666666666666671     
        1168    0.42222218643987014        -0.49999999599937250        -0.21111108498608644     
        1169    0.42222218643987014        -0.49999999599937250        -0.15833330720830863     
        1170    0.36944439085465153        -0.49999999300355336        -0.21111111111111114     
        1171    0.42222218361151992        -0.49999999599937234        -0.10555552943053098     
        1172    0.42222218361151992        -0.49999999599937234         -5.2777751652753224E-002
        1173    0.36944439085465153        -0.49999999300355336        -0.10555555555555557     
        1174    0.42222218078316975        -0.49999999599937217          2.6125024477074987E-008
        1175    0.42222218078316975        -0.49999999599937217          5.2777803902802289E-002
        1176    0.36944439085465153        -0.49999999300355336          0.0000000000000000     
        1177    0.42222217795481953        -0.49999999599937200         0.10555558168057999     
        1178    0.42222217795481953        -0.49999999599937200         0.15833335945835775     
        1179    0.36944439085465153        -0.49999999300355336         0.10555555555555557     
        1180    0.42222217512646937        -0.49999999599937189         0.21111113723613545     
        1181    0.42222217512646937        -0.49999999599937189         0.26388891501391321     
        1182    0.36944439085465153        -0.49999999300355336         0.21111111111111108     
        1183    0.42222217229811915        -0.49999999599937173         0.31666669279169091     
        1184    0.42222217229811915        -0.49999999599937173         0.36944447056946866     
        1185    0.36944439085465153        -0.49999999300355336         0.31666666666666660     
        1186    0.42222215556991693        -0.49999999599937084         0.42222223545220217     
        1187    0.36944437779213918        -0.49999999317102062         0.42222223403802706     
        1188    0.31666665226440976        -0.49999999034267323        -0.42222220508465136     
        1189    0.31666661307687383        -0.49999999017520314        -0.36944444444444446     
        1190    0.26388887448663206        -0.49999998751432301        -0.42222220508465136     
        1191    0.31666661307687383        -0.49999999017520314        -0.31666666666666671     
        1192    0.31666661307687383        -0.49999999017520314        -0.26388888888888895     
        1193    0.26388883529909613        -0.49999998734685291        -0.31666666666666671     
        1194    0.31666661307687383        -0.49999999017520314        -0.21111111111111114     
        1195    0.31666661307687383        -0.49999999017520314        -0.15833333333333333     
        1196    0.26388883529909613        -0.49999998734685291        -0.21111111111111114     
        1197    0.31666661307687383        -0.49999999017520314        -0.10555555555555557     
        1198    0.31666661307687383        -0.49999999017520314         -5.2777777777777812E-002
        1199    0.26388883529909613        -0.49999998734685291        -0.10555555555555557     
        1200    0.31666661307687383        -0.49999999017520314          0.0000000000000000     
        1201    0.31666661307687383        -0.49999999017520314          5.2777777777777812E-002
        1202    0.26388883529909613        -0.49999998734685291          0.0000000000000000     
        1203    0.31666661307687383        -0.49999999017520314         0.10555555555555557     
        1204    0.31666661307687383        -0.49999999017520314         0.15833333333333333     
        1205    0.26388883529909613        -0.49999998734685291         0.10555555555555557     
        1206    0.31666661307687383        -0.49999999017520314         0.21111111111111108     
        1207    0.31666661307687383        -0.49999999017520314         0.26388888888888884     
        1208    0.26388883529909613        -0.49999998734685291         0.21111111111111108     
        1209    0.31666661307687383        -0.49999999017520314         0.31666666666666660     
        1210    0.31666661307687383        -0.49999999017520314         0.36944444444444435     
        1211    0.26388883529909613        -0.49999998734685291         0.31666666666666660     
        1212    0.31666660001436148        -0.49999999034267040         0.42222223403802706     
        1213    0.26388882223658389        -0.49999998751432023         0.42222223262385200     
        1214    0.21111109670885442        -0.49999998468597284        -0.42222220932717669     
        1215    0.21111105752131837        -0.49999998451850275        -0.36944444444444446     
        1216    0.15833331893107666        -0.49999998185762268        -0.42222220932717669     
        1217    0.21111105752131837        -0.49999998451850275        -0.31666666666666671     
        1218    0.21111105752131837        -0.49999998451850275        -0.26388888888888895     
        1219    0.15833327974354061        -0.49999998169015258        -0.31666666666666671     
        1220    0.21111105752131837        -0.49999998451850275        -0.21111111111111114     
        1221    0.21111105752131837        -0.49999998451850275        -0.15833333333333333     
        1222    0.15833327974354061        -0.49999998169015258        -0.21111111111111114     
        1223    0.21111105752131837        -0.49999998451850275        -0.10555555555555557     
        1224    0.21111105752131837        -0.49999998451850275         -5.2777777777777812E-002
        1225    0.15833327974354061        -0.49999998169015258        -0.10555555555555557     
        1226    0.21111105752131837        -0.49999998451850275          0.0000000000000000     
        1227    0.21111105752131837        -0.49999998451850275          5.2777777777777812E-002
        1228    0.15833327974354061        -0.49999998169015258          0.0000000000000000     
        1229    0.21111105752131837        -0.49999998451850275         0.10555555555555557     
        1230    0.21111105752131837        -0.49999998451850275         0.15833333333333333     
        1231    0.15833327974354061        -0.49999998169015258         0.10555555555555557     
        1232    0.21111105752131837        -0.49999998451850275         0.21111111111111108     
        1233    0.21111105752131837        -0.49999998451850275         0.26388888888888884     
        1234    0.15833327974354061        -0.49999998169015258         0.21111111111111108     
        1235    0.21111105752131837        -0.49999998451850275         0.31666666666666660     
        1236    0.21111105752131837        -0.49999998451850275         0.36944444444444435     
        1237    0.15833327974354061        -0.49999998169015258         0.31666666666666660     
        1238    0.21111104445880613        -0.49999998468597007         0.42222223262385200     
        1239    0.15833326668102843        -0.49999998185761985         0.42222223120967689     
        1240    0.10555554115329924        -0.49999997902927246        -0.42222221356970191     
        1241    0.10555550196576297        -0.49999997886180236        -0.36944444444444446     
        1242     5.2777763375521591E-002   -0.49999997620092224        -0.42222221356970191     
        1243    0.10555550196576297        -0.49999997886180236        -0.31666666666666671     
        1244    0.10555550196576297        -0.49999997886180236        -0.26388888888888895     
        1245     5.2777724187985320E-002   -0.49999997603345214        -0.31666666666666671     
        1246    0.10555550196576297        -0.49999997886180236        -0.21111111111111114     
        1247    0.10555550196576297        -0.49999997886180236        -0.15833333333333333     
        1248     5.2777724187985320E-002   -0.49999997603345214        -0.21111111111111114     
        1249    0.10555550196576297        -0.49999997886180236        -0.10555555555555557     
        1250    0.10555550196576297        -0.49999997886180236         -5.2777777777777812E-002
        1251     5.2777724187985320E-002   -0.49999997603345214        -0.10555555555555557     
        1252    0.10555550196576297        -0.49999997886180236          0.0000000000000000     
        1253    0.10555550196576297        -0.49999997886180236          5.2777777777777812E-002
        1254     5.2777724187985320E-002   -0.49999997603345214          0.0000000000000000     
        1255    0.10555550196576297        -0.49999997886180236         0.10555555555555557     
        1256    0.10555550196576297        -0.49999997886180236         0.15833333333333333     
        1257     5.2777724187985320E-002   -0.49999997603345214         0.10555555555555557     
        1258    0.10555550196576297        -0.49999997886180236         0.21111111111111108     
        1259    0.10555550196576297        -0.49999997886180236         0.26388888888888884     
        1260     5.2777724187985320E-002   -0.49999997603345214         0.21111111111111108     
        1261    0.10555550196576297        -0.49999997886180236         0.31666666666666660     
        1262    0.10555550196576297        -0.49999997886180236         0.36944444444444435     
        1263     5.2777724187985320E-002   -0.49999997603345214         0.31666666666666660     
        1264    0.10555548890325078        -0.49999997902926963         0.42222223120967689     
        1265     5.2777711125473081E-002   -0.49999997620091946         0.42222222979550178     
        1266    -1.4402255998913205E-008   -0.49999997337257207        -0.42222221781222724     
        1267    -5.3589792436969930E-008   -0.49999997320510198        -0.36944444444444446     
        1268    -5.2777792180033756E-002   -0.49999997054422191        -0.42222221781222724     
        1269    -5.3589792436969930E-008   -0.49999997320510198        -0.31666666666666671     
        1270    -5.3589792436969930E-008   -0.49999997320510198        -0.26388888888888895     
        1271    -5.2777831367570194E-002   -0.49999997037675181        -0.31666666666666671     
        1272    -5.3589792436969930E-008   -0.49999997320510198        -0.21111111111111114     
        1273    -5.3589792436969930E-008   -0.49999997320510198        -0.15833333333333333     
        1274    -5.2777831367570194E-002   -0.49999997037675181        -0.21111111111111114     
        1275    -5.3589792436969930E-008   -0.49999997320510198        -0.10555555555555557     
        1276    -5.3589792436969930E-008   -0.49999997320510198         -5.2777777777777812E-002
        1277    -5.2777831367570194E-002   -0.49999997037675181        -0.10555555555555557     
        1278    -5.3589792436969930E-008   -0.49999997320510198          0.0000000000000000     
        1279    -5.3589792436969930E-008   -0.49999997320510198          5.2777777777777812E-002
        1280    -5.2777831367570194E-002   -0.49999997037675181          0.0000000000000000     
        1281    -5.3589792436969930E-008   -0.49999997320510198         0.10555555555555557     
        1282    -5.3589792436969930E-008   -0.49999997320510198         0.15833333333333333     
        1283    -5.2777831367570194E-002   -0.49999997037675181         0.10555555555555557     
        1284    -5.3589792436969930E-008   -0.49999997320510198         0.21111111111111108     
        1285    -5.3589792436969930E-008   -0.49999997320510198         0.26388888888888884     
        1286    -5.2777831367570194E-002   -0.49999997037675181         0.21111111111111108     
        1287    -5.3589792436969930E-008   -0.49999997320510198         0.31666666666666660     
        1288    -5.3589792436969930E-008   -0.49999997320510198         0.36944444444444435     
        1289    -5.2777831367570194E-002   -0.49999997037675181         0.31666666666666660     
        1290    -6.6652304675507423E-008   -0.49999997337256930         0.42222222979550178     
        1291    -5.2777844430082377E-002   -0.49999997054421907         0.42222222838132667     
        1292   -0.10555556995781123        -0.49999996771587168        -0.42222222205475252     
        1293   -0.10555560914534784        -0.49999996754840159        -0.36944444444444446     
        1294   -0.15833334773558888        -0.49999996488752146        -0.42222222205475252     
        1295   -0.10555560914534784        -0.49999996754840159        -0.31666666666666671     
        1296   -0.10555560914534784        -0.49999996754840159        -0.26388888888888895     
        1297   -0.15833338692312549        -0.49999996472005137        -0.31666666666666671     
        1298   -0.10555560914534784        -0.49999996754840159        -0.21111111111111114     
        1299   -0.10555560914534784        -0.49999996754840159        -0.15833333333333333     
        1300   -0.15833338692312549        -0.49999996472005137        -0.21111111111111114     
        1301   -0.10555560914534784        -0.49999996754840159        -0.10555555555555557     
        1302   -0.10555560914534784        -0.49999996754840159         -5.2777777777777812E-002
        1303   -0.15833338692312549        -0.49999996472005137        -0.10555555555555557     
        1304   -0.10555560914534784        -0.49999996754840159          0.0000000000000000     
        1305   -0.10555560914534784        -0.49999996754840159          5.2777777777777812E-002
        1306   -0.15833338692312549        -0.49999996472005137          0.0000000000000000     
        1307   -0.10555560914534784        -0.49999996754840159         0.10555555555555557     
        1308   -0.10555560914534784        -0.49999996754840159         0.15833333333333333     
        1309   -0.15833338692312549        -0.49999996472005137         0.10555555555555557     
        1310   -0.10555560914534784        -0.49999996754840159         0.21111111111111108     
        1311   -0.10555560914534784        -0.49999996754840159         0.26388888888888884     
        1312   -0.15833338692312549        -0.49999996472005137         0.21111111111111108     
        1313   -0.10555560914534784        -0.49999996754840159         0.31666666666666660     
        1314   -0.10555560914534784        -0.49999996754840159         0.36944444444444435     
        1315   -0.15833338692312549        -0.49999996472005137         0.31666666666666660     
        1316   -0.10555562220786002        -0.49999996771586885         0.42222222838132667     
        1317   -0.15833339998563761        -0.49999996488751869         0.42222222696715161     
        1318   -0.21111112551336642        -0.49999996205917124        -0.42222222629727785     
        1319   -0.21111116470090319        -0.49999996189170121        -0.36944444444444446     
        1320   -0.26388890329114412        -0.49999995923082108        -0.42222222629727785     
        1321   -0.21111116470090319        -0.49999996189170121        -0.31666666666666671     
        1322   -0.21111116470090319        -0.49999996189170121        -0.26388888888888895     
        1323   -0.26388894247868089        -0.49999995906335104        -0.31666666666666671     
        1324   -0.21111116470090319        -0.49999996189170121        -0.21111111111111114     
        1325   -0.21111116470090319        -0.49999996189170121        -0.15833333333333333     
        1326   -0.26388894247868089        -0.49999995906335104        -0.21111111111111114     
        1327   -0.21111116470090319        -0.49999996189170121        -0.10555555555555557     
        1328   -0.21111116470090319        -0.49999996189170121         -5.2777777777777812E-002
        1329   -0.26388894247868089        -0.49999995906335104        -0.10555555555555557     
        1330   -0.21111116470090319        -0.49999996189170121          0.0000000000000000     
        1331   -0.21111116470090319        -0.49999996189170121          5.2777777777777812E-002
        1332   -0.26388894247868089        -0.49999995906335104          0.0000000000000000     
        1333   -0.21111116470090319        -0.49999996189170121         0.10555555555555557     
        1334   -0.21111116470090319        -0.49999996189170121         0.15833333333333333     
        1335   -0.26388894247868089        -0.49999995906335104         0.10555555555555557     
        1336   -0.21111116470090319        -0.49999996189170121         0.21111111111111108     
        1337   -0.21111116470090319        -0.49999996189170121         0.26388888888888884     
        1338   -0.26388894247868089        -0.49999995906335104         0.21111111111111108     
        1339   -0.21111116470090319        -0.49999996189170121         0.31666666666666660     
        1340   -0.21111116470090319        -0.49999996189170121         0.36944444444444435     
        1341   -0.26388894247868089        -0.49999995906335104         0.31666666666666660     
        1342   -0.21111117776341531        -0.49999996205916852         0.42222222696715161     
        1343   -0.26388895554119307        -0.49999995923081830         0.42222222555297650     
        1344   -0.31666668106892165        -0.49999995640247091        -0.42222223053980307     
        1345   -0.31666672025645859        -0.49999995623500082        -0.36944444444444446     
        1346   -0.36944445884669935        -0.49999995357412069        -0.42222223053980307     
        1347   -0.31666672025645859        -0.49999995623500082        -0.31666666666666671     
        1348   -0.31666672025645859        -0.49999995623500082        -0.26388888888888895     
        1349   -0.36944449803423629        -0.49999995340665060        -0.31666666666666671     
        1350   -0.31666672025645859        -0.49999995623500082        -0.21111111111111114     
        1351   -0.31666672025645859        -0.49999995623500082        -0.15833333333333333     
        1352   -0.36944449803423629        -0.49999995340665060        -0.21111111111111114     
        1353   -0.31666672025645859        -0.49999995623500082        -0.10555555555555557     
        1354   -0.31666672025645859        -0.49999995623500082         -5.2777777777777812E-002
        1355   -0.36944449803423629        -0.49999995340665060        -0.10555555555555557     
        1356   -0.31666672025645859        -0.49999995623500082          0.0000000000000000     
        1357   -0.31666672025645859        -0.49999995623500082          5.2777777777777812E-002
        1358   -0.36944449803423629        -0.49999995340665060          0.0000000000000000     
        1359   -0.31666672025645859        -0.49999995623500082         0.10555555555555557     
        1360   -0.31666672025645859        -0.49999995623500082         0.15833333333333333     
        1361   -0.36944449803423629        -0.49999995340665060         0.10555555555555557     
        1362   -0.31666672025645859        -0.49999995623500082         0.21111111111111108     
        1363   -0.31666672025645859        -0.49999995623500082         0.26388888888888884     
        1364   -0.36944449803423629        -0.49999995340665060         0.21111111111111108     
        1365   -0.31666672025645859        -0.49999995623500082         0.31666666666666660     
        1366   -0.31666672025645859        -0.49999995623500082         0.36944444444444435     
        1367   -0.36944449803423629        -0.49999995340665060         0.31666666666666660     
        1368   -0.31666673331897077        -0.49999995640246808         0.42222222555297650     
        1369   -0.36944451109674847        -0.49999995357411786         0.42222222413880139     
        1370   -0.42222227597948209        -0.49999995074576836        -0.42222222222222222     
        1371   -0.42222227597948209        -0.49999995074576836        -0.36944444444444446     
        1372   -0.42222227597948209        -0.49999995074576836        -0.31666666666666671     
        1373   -0.42222227597948209        -0.49999995074576836        -0.26388888888888895     
        1374   -0.42222227597948209        -0.49999995074576836        -0.21111111111111114     
        1375   -0.42222227597948209        -0.49999995074576836        -0.15833333333333333     
        1376   -0.42222227597948209        -0.49999995074576836        -0.10555555555555557     
        1377   -0.42222227597948209        -0.49999995074576836         -5.2777777777777812E-002
        1378   -0.42222227597948209        -0.49999995074576836          0.0000000000000000     
        1379   -0.42222227597948209        -0.49999995074576836          5.2777777777777812E-002
        1380   -0.42222227597948209        -0.49999995074576836         0.10555555555555557     
        1381   -0.42222227597948209        -0.49999995074576836         0.15833333333333333     
        1382   -0.42222227597948209        -0.49999995074576836         0.21111111111111108     
        1383   -0.42222227597948209        -0.49999995074576836         0.26388888888888884     
        1384   -0.42222227597948209        -0.49999995074576836         0.31666666666666660     
        1385   -0.42222227597948209        -0.49999995074576836         0.36944444444444435     
        1386   -0.42222228904199427        -0.49999995091323562         0.42222222413880139     
        1387    0.49999999999999933        -0.42222222222222289        -0.47499997320510268     
        1388    0.49999999717164911        -0.42222222222222272        -0.42222219542732498     
        1389    0.50000000000000000        -0.36944444444444446        -0.42222222222222222     
        1390    0.49999999717164911        -0.42222222222222272        -0.36944441764954722     
        1391    0.49999999434329889        -0.42222222222222261        -0.31666663987176952     
        1392    0.50000000000000000        -0.36944444444444446        -0.31666666666666671     
        1393    0.49999999434329889        -0.42222222222222261        -0.26388886209399176     
        1394    0.49999999151494867        -0.42222222222222244        -0.21111108431621406     
        1395    0.50000000000000000        -0.36944444444444446        -0.21111111111111114     
        1396    0.49999999151494867        -0.42222222222222244        -0.15833330653843625     
        1397    0.49999998868659856        -0.42222222222222228        -0.10555552876065860     
        1398    0.50000000000000000        -0.36944444444444446        -0.10555555555555557     
        1399    0.49999998868659856        -0.42222222222222228         -5.2777750982880844E-002
        1400    0.49999998585824834        -0.42222222222222217          2.6794896912374355E-008
        1401    0.50000000000000000        -0.36944444444444446          0.0000000000000000     
        1402    0.49999998585824834        -0.42222222222222217          5.2777804572674725E-002
        1403    0.49999998302989812        -0.42222222222222200         0.10555558235045237     
        1404    0.50000000000000000        -0.36944444444444446         0.10555555555555557     
        1405    0.49999998302989812        -0.42222222222222200         0.15833336012823013     
        1406    0.49999998020154790        -0.42222222222222183         0.21111113790600788     
        1407    0.50000000000000000        -0.36944444444444446         0.21111111111111108     
        1408    0.49999998020154790        -0.42222222222222183         0.26388891568378564     
        1409    0.49999997737319779        -0.42222222222222167         0.31666669346156334     
        1410    0.50000000000000000        -0.36944444444444446         0.31666666666666660     
        1411    0.49999997737319779        -0.42222222222222167         0.36944447123934110     
        1412    0.49999996081246362        -0.42222222222222078         0.42222223561967032     
        1413    0.50000000000000000        -0.36944444444444446         0.42222222222222217     
        1414    0.49999996081246362        -0.42222222222222078         0.47500001339744813     
        1415    0.50000000000000000        -0.31666666666666671        -0.47499999999999998     
        1416    0.50000000000000000        -0.31666666666666671        -0.42222222222222222     
        1417    0.50000000000000000        -0.26388888888888895        -0.42222222222222222     
        1418    0.50000000000000000        -0.31666666666666671        -0.36944444444444446     
        1419    0.50000000000000000        -0.31666666666666671        -0.31666666666666671     
        1420    0.50000000000000000        -0.26388888888888895        -0.31666666666666671     
        1421    0.50000000000000000        -0.31666666666666671        -0.26388888888888895     
        1422    0.50000000000000000        -0.31666666666666671        -0.21111111111111114     
        1423    0.50000000000000000        -0.26388888888888895        -0.21111111111111114     
        1424    0.50000000000000000        -0.31666666666666671        -0.15833333333333333     
        1425    0.50000000000000000        -0.31666666666666671        -0.10555555555555557     
        1426    0.50000000000000000        -0.26388888888888895        -0.10555555555555557     
        1427    0.50000000000000000        -0.31666666666666671         -5.2777777777777812E-002
        1428    0.50000000000000000        -0.31666666666666671          0.0000000000000000     
        1429    0.50000000000000000        -0.26388888888888895          0.0000000000000000     
        1430    0.50000000000000000        -0.31666666666666671          5.2777777777777812E-002
        1431    0.50000000000000000        -0.31666666666666671         0.10555555555555557     
        1432    0.50000000000000000        -0.26388888888888895         0.10555555555555557     
        1433    0.50000000000000000        -0.31666666666666671         0.15833333333333333     
        1434    0.50000000000000000        -0.31666666666666671         0.21111111111111108     
        1435    0.50000000000000000        -0.26388888888888895         0.21111111111111108     
        1436    0.50000000000000000        -0.31666666666666671         0.26388888888888884     
        1437    0.50000000000000000        -0.31666666666666671         0.31666666666666660     
        1438    0.50000000000000000        -0.26388888888888895         0.31666666666666660     
        1439    0.50000000000000000        -0.31666666666666671         0.36944444444444435     
        1440    0.50000000000000000        -0.31666666666666671         0.42222222222222217     
        1441    0.50000000000000000        -0.26388888888888895         0.42222222222222217     
        1442    0.50000000000000000        -0.31666666666666671         0.47499999999999998     
        1443    0.50000000000000000        -0.21111111111111114        -0.47499999999999998     
        1444    0.50000000000000000        -0.21111111111111114        -0.42222222222222222     
        1445    0.50000000000000000        -0.15833333333333333        -0.42222222222222222     
        1446    0.50000000000000000        -0.21111111111111114        -0.36944444444444446     
        1447    0.50000000000000000        -0.21111111111111114        -0.31666666666666671     
        1448    0.50000000000000000        -0.15833333333333333        -0.31666666666666671     
        1449    0.50000000000000000        -0.21111111111111114        -0.26388888888888895     
        1450    0.50000000000000000        -0.21111111111111114        -0.21111111111111114     
        1451    0.50000000000000000        -0.15833333333333333        -0.21111111111111114     
        1452    0.50000000000000000        -0.21111111111111114        -0.15833333333333333     
        1453    0.50000000000000000        -0.21111111111111114        -0.10555555555555557     
        1454    0.50000000000000000        -0.15833333333333333        -0.10555555555555557     
        1455    0.50000000000000000        -0.21111111111111114         -5.2777777777777812E-002
        1456    0.50000000000000000        -0.21111111111111114          0.0000000000000000     
        1457    0.50000000000000000        -0.15833333333333333          0.0000000000000000     
        1458    0.50000000000000000        -0.21111111111111114          5.2777777777777812E-002
        1459    0.50000000000000000        -0.21111111111111114         0.10555555555555557     
        1460    0.50000000000000000        -0.15833333333333333         0.10555555555555557     
        1461    0.50000000000000000        -0.21111111111111114         0.15833333333333333     
        1462    0.50000000000000000        -0.21111111111111114         0.21111111111111108     
        1463    0.50000000000000000        -0.15833333333333333         0.21111111111111108     
        1464    0.50000000000000000        -0.21111111111111114         0.26388888888888884     
        1465    0.50000000000000000        -0.21111111111111114         0.31666666666666660     
        1466    0.50000000000000000        -0.15833333333333333         0.31666666666666660     
        1467    0.50000000000000000        -0.21111111111111114         0.36944444444444435     
        1468    0.50000000000000000        -0.21111111111111114         0.42222222222222217     
        1469    0.50000000000000000        -0.15833333333333333         0.42222222222222217     
        1470    0.50000000000000000        -0.21111111111111114         0.47499999999999998     
        1471    0.50000000000000000        -0.10555555555555557        -0.47499999999999998     
        1472    0.50000000000000000        -0.10555555555555557        -0.42222222222222222     
        1473    0.50000000000000000         -5.2777777777777812E-002   -0.42222222222222222     
        1474    0.50000000000000000        -0.10555555555555557        -0.36944444444444446     
        1475    0.50000000000000000        -0.10555555555555557        -0.31666666666666671     
        1476    0.50000000000000000         -5.2777777777777812E-002   -0.31666666666666671     
        1477    0.50000000000000000        -0.10555555555555557        -0.26388888888888895     
        1478    0.50000000000000000        -0.10555555555555557        -0.21111111111111114     
        1479    0.50000000000000000         -5.2777777777777812E-002   -0.21111111111111114     
        1480    0.50000000000000000        -0.10555555555555557        -0.15833333333333333     
        1481    0.50000000000000000        -0.10555555555555557        -0.10555555555555557     
        1482    0.50000000000000000         -5.2777777777777812E-002   -0.10555555555555557     
        1483    0.50000000000000000        -0.10555555555555557         -5.2777777777777812E-002
        1484    0.50000000000000000        -0.10555555555555557          0.0000000000000000     
        1485    0.50000000000000000         -5.2777777777777812E-002     0.0000000000000000     
        1486    0.50000000000000000        -0.10555555555555557          5.2777777777777812E-002
        1487    0.50000000000000000        -0.10555555555555557         0.10555555555555557     
        1488    0.50000000000000000         -5.2777777777777812E-002    0.10555555555555557     
        1489    0.50000000000000000        -0.10555555555555557         0.15833333333333333     
        1490    0.50000000000000000        -0.10555555555555557         0.21111111111111108     
        1491    0.50000000000000000         -5.2777777777777812E-002    0.21111111111111108     
        1492    0.50000000000000000        -0.10555555555555557         0.26388888888888884     
        1493    0.50000000000000000        -0.10555555555555557         0.31666666666666660     
        1494    0.50000000000000000         -5.2777777777777812E-002    0.31666666666666660     
        1495    0.50000000000000000        -0.10555555555555557         0.36944444444444435     
        1496    0.50000000000000000        -0.10555555555555557         0.42222222222222217     
        1497    0.50000000000000000         -5.2777777777777812E-002    0.42222222222222217     
        1498    0.50000000000000000        -0.10555555555555557         0.47499999999999998     
        1499    0.50000000000000000          0.0000000000000000        -0.47499999999999998     
        1500    0.50000000000000000          0.0000000000000000        -0.42222222222222222     
        1501    0.50000000000000000          5.2777777777777812E-002   -0.42222222222222222     
        1502    0.50000000000000000          0.0000000000000000        -0.36944444444444446     
        1503    0.50000000000000000          0.0000000000000000        -0.31666666666666671     
        1504    0.50000000000000000          5.2777777777777812E-002   -0.31666666666666671     
        1505    0.50000000000000000          0.0000000000000000        -0.26388888888888895     
        1506    0.50000000000000000          0.0000000000000000        -0.21111111111111114     
        1507    0.50000000000000000          5.2777777777777812E-002   -0.21111111111111114     
        1508    0.50000000000000000          0.0000000000000000        -0.15833333333333333     
        1509    0.50000000000000000          0.0000000000000000        -0.10555555555555557     
        1510    0.50000000000000000          5.2777777777777812E-002   -0.10555555555555557     
        1511    0.50000000000000000          0.0000000000000000         -5.2777777777777812E-002
        1512    0.50000000000000000          0.0000000000000000          0.0000000000000000     
        1513    0.50000000000000000          5.2777777777777812E-002     0.0000000000000000     
        1514    0.50000000000000000          0.0000000000000000          5.2777777777777812E-002
        1515    0.50000000000000000          0.0000000000000000         0.10555555555555557     
        1516    0.50000000000000000          5.2777777777777812E-002    0.10555555555555557     
        1517    0.50000000000000000          0.0000000000000000         0.15833333333333333     
        1518    0.50000000000000000          0.0000000000000000         0.21111111111111108     
        1519    0.50000000000000000          5.2777777777777812E-002    0.21111111111111108     
        1520    0.50000000000000000          0.0000000000000000         0.26388888888888884     
        1521    0.50000000000000000          0.0000000000000000         0.31666666666666660     
        1522    0.50000000000000000          5.2777777777777812E-002    0.31666666666666660     
        1523    0.50000000000000000          0.0000000000000000         0.36944444444444435     
        1524    0.50000000000000000          0.0000000000000000         0.42222222222222217     
        1525    0.50000000000000000          5.2777777777777812E-002    0.42222222222222217     
        1526    0.50000000000000000          0.0000000000000000         0.47499999999999998     
        1527    0.50000000000000000         0.10555555555555557        -0.47499999999999998     
        1528    0.50000000000000000         0.10555555555555557        -0.42222222222222222     
        1529    0.50000000000000000         0.15833333333333333        -0.42222222222222222     
        1530    0.50000000000000000         0.10555555555555557        -0.36944444444444446     
        1531    0.50000000000000000         0.10555555555555557        -0.31666666666666671     
        1532    0.50000000000000000         0.15833333333333333        -0.31666666666666671     
        1533    0.50000000000000000         0.10555555555555557        -0.26388888888888895     
        1534    0.50000000000000000         0.10555555555555557        -0.21111111111111114     
        1535    0.50000000000000000         0.15833333333333333        -0.21111111111111114     
        1536    0.50000000000000000         0.10555555555555557        -0.15833333333333333     
        1537    0.50000000000000000         0.10555555555555557        -0.10555555555555557     
        1538    0.50000000000000000         0.15833333333333333        -0.10555555555555557     
        1539    0.50000000000000000         0.10555555555555557         -5.2777777777777812E-002
        1540    0.50000000000000000         0.10555555555555557          0.0000000000000000     
        1541    0.50000000000000000         0.15833333333333333          0.0000000000000000     
        1542    0.50000000000000000         0.10555555555555557          5.2777777777777812E-002
        1543    0.50000000000000000         0.10555555555555557         0.10555555555555557     
        1544    0.50000000000000000         0.15833333333333333         0.10555555555555557     
        1545    0.50000000000000000         0.10555555555555557         0.15833333333333333     
        1546    0.50000000000000000         0.10555555555555557         0.21111111111111108     
        1547    0.50000000000000000         0.15833333333333333         0.21111111111111108     
        1548    0.50000000000000000         0.10555555555555557         0.26388888888888884     
        1549    0.50000000000000000         0.10555555555555557         0.31666666666666660     
        1550    0.50000000000000000         0.15833333333333333         0.31666666666666660     
        1551    0.50000000000000000         0.10555555555555557         0.36944444444444435     
        1552    0.50000000000000000         0.10555555555555557         0.42222222222222217     
        1553    0.50000000000000000         0.15833333333333333         0.42222222222222217     
        1554    0.50000000000000000         0.10555555555555557         0.47499999999999998     
        1555    0.50000000000000000         0.21111111111111108        -0.47499999999999998     
        1556    0.50000000000000000         0.21111111111111108        -0.42222222222222222     
        1557    0.50000000000000000         0.26388888888888884        -0.42222222222222222     
        1558    0.50000000000000000         0.21111111111111108        -0.36944444444444446     
        1559    0.50000000000000000         0.21111111111111108        -0.31666666666666671     
        1560    0.50000000000000000         0.26388888888888884        -0.31666666666666671     
        1561    0.50000000000000000         0.21111111111111108        -0.26388888888888895     
        1562    0.50000000000000000         0.21111111111111108        -0.21111111111111114     
        1563    0.50000000000000000         0.26388888888888884        -0.21111111111111114     
        1564    0.50000000000000000         0.21111111111111108        -0.15833333333333333     
        1565    0.50000000000000000         0.21111111111111108        -0.10555555555555557     
        1566    0.50000000000000000         0.26388888888888884        -0.10555555555555557     
        1567    0.50000000000000000         0.21111111111111108         -5.2777777777777812E-002
        1568    0.50000000000000000         0.21111111111111108          0.0000000000000000     
        1569    0.50000000000000000         0.26388888888888884          0.0000000000000000     
        1570    0.50000000000000000         0.21111111111111108          5.2777777777777812E-002
        1571    0.50000000000000000         0.21111111111111108         0.10555555555555557     
        1572    0.50000000000000000         0.26388888888888884         0.10555555555555557     
        1573    0.50000000000000000         0.21111111111111108         0.15833333333333333     
        1574    0.50000000000000000         0.21111111111111108         0.21111111111111108     
        1575    0.50000000000000000         0.26388888888888884         0.21111111111111108     
        1576    0.50000000000000000         0.21111111111111108         0.26388888888888884     
        1577    0.50000000000000000         0.21111111111111108         0.31666666666666660     
        1578    0.50000000000000000         0.26388888888888884         0.31666666666666660     
        1579    0.50000000000000000         0.21111111111111108         0.36944444444444435     
        1580    0.50000000000000000         0.21111111111111108         0.42222222222222217     
        1581    0.50000000000000000         0.26388888888888884         0.42222222222222217     
        1582    0.50000000000000000         0.21111111111111108         0.47499999999999998     
        1583    0.50000000000000000         0.31666666666666660        -0.47499999999999998     
        1584    0.50000000000000000         0.31666666666666660        -0.42222222222222222     
        1585    0.50000000000000000         0.36944444444444435        -0.42222222222222222     
        1586    0.50000000000000000         0.31666666666666660        -0.36944444444444446     
        1587    0.50000000000000000         0.31666666666666660        -0.31666666666666671     
        1588    0.50000000000000000         0.36944444444444435        -0.31666666666666671     
        1589    0.50000000000000000         0.31666666666666660        -0.26388888888888895     
        1590    0.50000000000000000         0.31666666666666660        -0.21111111111111114     
        1591    0.50000000000000000         0.36944444444444435        -0.21111111111111114     
        1592    0.50000000000000000         0.31666666666666660        -0.15833333333333333     
        1593    0.50000000000000000         0.31666666666666660        -0.10555555555555557     
        1594    0.50000000000000000         0.36944444444444435        -0.10555555555555557     
        1595    0.50000000000000000         0.31666666666666660         -5.2777777777777812E-002
        1596    0.50000000000000000         0.31666666666666660          0.0000000000000000     
        1597    0.50000000000000000         0.36944444444444435          0.0000000000000000     
        1598    0.50000000000000000         0.31666666666666660          5.2777777777777812E-002
        1599    0.50000000000000000         0.31666666666666660         0.10555555555555557     
        1600    0.50000000000000000         0.36944444444444435         0.10555555555555557     
        1601    0.50000000000000000         0.31666666666666660         0.15833333333333333     
        1602    0.50000000000000000         0.31666666666666660         0.21111111111111108     
        1603    0.50000000000000000         0.36944444444444435         0.21111111111111108     
        1604    0.50000000000000000         0.31666666666666660         0.26388888888888884     
        1605    0.50000000000000000         0.31666666666666660         0.31666666666666660     
        1606    0.50000000000000000         0.36944444444444435         0.31666666666666660     
        1607    0.50000000000000000         0.31666666666666660         0.36944444444444435     
        1608    0.50000000000000000         0.31666666666666660         0.42222222222222217     
        1609    0.50000000000000000         0.36944444444444435         0.42222222222222217     
        1610    0.50000000000000000         0.31666666666666660         0.47499999999999998     
        1611    0.50000000000000000         0.42222222222222217        -0.47499999999999998     
        1612    0.50000000000000000         0.42222222222222217        -0.42222222222222222     
        1613    0.50000000000000000         0.42222222222222217        -0.36944444444444446     
        1614    0.50000000000000000         0.42222222222222217        -0.31666666666666671     
        1615    0.50000000000000000         0.42222222222222217        -0.26388888888888895     
        1616    0.50000000000000000         0.42222222222222217        -0.21111111111111114     
        1617    0.50000000000000000         0.42222222222222217        -0.15833333333333333     
        1618    0.50000000000000000         0.42222222222222217        -0.10555555555555557     
        1619    0.50000000000000000         0.42222222222222217         -5.2777777777777812E-002
        1620    0.50000000000000000         0.42222222222222217          0.0000000000000000     
        1621    0.50000000000000000         0.42222222222222217          5.2777777777777812E-002
        1622    0.50000000000000000         0.42222222222222217         0.10555555555555557     
        1623    0.50000000000000000         0.42222222222222217         0.15833333333333333     
        1624    0.50000000000000000         0.42222222222222217         0.21111111111111108     
        1625    0.50000000000000000         0.42222222222222217         0.26388888888888884     
        1626    0.50000000000000000         0.42222222222222217         0.31666666666666660     
        1627    0.50000000000000000         0.42222222222222217         0.36944444444444435     
        1628    0.50000000000000000         0.42222222222222217         0.42222222222222217     
        1629    0.50000000000000000         0.42222222222222217         0.47499999999999998     
        1630    0.47500000066987169        -0.42222222155235051        -0.49999997387497513     
        1631    0.49374999999999930        -0.42222222222222289        -0.49374997320510267     
        1632    0.49374999999999997        -0.36944444444444446        -0.49374999999999997     
        1633    0.47499999999999998        -0.31666666666666671        -0.50000000000000000     
        1634    0.49374999999999997        -0.31666666666666671        -0.49374999999999997     
        1635    0.49374999999999997        -0.26388888888888895        -0.49374999999999997     
        1636    0.47499999999999998        -0.21111111111111114        -0.50000000000000000     
        1637    0.49374999999999997        -0.21111111111111114        -0.49374999999999997     
        1638    0.49374999999999997        -0.15833333333333333        -0.49374999999999997     
        1639    0.47499999999999998        -0.10555555555555557        -0.50000000000000000     
        1640    0.49374999999999997        -0.10555555555555557        -0.49374999999999997     
        1641    0.49374999999999997         -5.2777777777777812E-002   -0.49374999999999997     
        1642    0.47499999999999998          0.0000000000000000        -0.50000000000000000     
        1643    0.49374999999999997          0.0000000000000000        -0.49374999999999997     
        1644    0.49374999999999997          5.2777777777777812E-002   -0.49374999999999997     
        1645    0.47499999999999998         0.10555555555555557        -0.50000000000000000     
        1646    0.49374999999999997         0.10555555555555557        -0.49374999999999997     
        1647    0.49374999999999997         0.15833333333333333        -0.49374999999999997     
        1648    0.47499999999999998         0.21111111111111108        -0.50000000000000000     
        1649    0.49374999999999997         0.21111111111111108        -0.49374999999999997     
        1650    0.49374999999999997         0.26388888888888884        -0.49374999999999997     
        1651    0.47499999999999998         0.31666666666666660        -0.50000000000000000     
        1652    0.49374999999999997         0.31666666666666660        -0.49374999999999997     
        1653    0.49374999999999997         0.36944444444444435        -0.49374999999999997     
        1654    0.47499995980765425         0.42222222222222217        -0.50000001239263803     
        1655    0.49374995980765424         0.42222222222222217        -0.49375001239263799     
        1656    0.49374996047752734        -0.42222222155234834         0.49375001306251193     
        1657    0.49375000016746806        -0.36944444444444446         0.49375000016746801     
        1658    0.47499996064499544        -0.42222222155234834         0.50000001322998000     
        1659    0.49375000016746806        -0.31666666666666671         0.49375000016746801     
        1660    0.49375000016746806        -0.26388888888888895         0.49375000016746801     
        1661    0.47500000033493617        -0.31666666666666671         0.50000000033493608     
        1662    0.49375000016746806        -0.21111111111111114         0.49375000016746801     
        1663    0.49375000016746806        -0.15833333333333333         0.49375000016746801     
        1664    0.47500000033493617        -0.21111111111111114         0.50000000033493608     
        1665    0.49375000016746806        -0.10555555555555557         0.49375000016746801     
        1666    0.49375000016746806         -5.2777777777777812E-002    0.49375000016746801     
        1667    0.47500000033493617        -0.10555555555555557         0.50000000033493608     
        1668    0.49375000016746806          0.0000000000000000         0.49375000016746801     
        1669    0.49375000016746806          5.2777777777777812E-002    0.49375000016746801     
        1670    0.47500000033493617          0.0000000000000000         0.50000000033493608     
        1671    0.49375000016746806         0.10555555555555557         0.49375000016746801     
        1672    0.49375000016746806         0.15833333333333333         0.49375000016746801     
        1673    0.47500000033493617         0.10555555555555557         0.50000000033493608     
        1674    0.49375000016746806         0.21111111111111108         0.49375000016746801     
        1675    0.49375000016746806         0.26388888888888884         0.49375000016746801     
        1676    0.47500000033493617         0.21111111111111108         0.50000000033493608     
        1677    0.49375000016746806         0.31666666666666660         0.49375000016746801     
        1678    0.49375000016746806         0.36944444444444435         0.49375000016746801     
        1679    0.47500000033493617         0.31666666666666660         0.50000000033493608     
        1680    0.49375000016746806         0.42222222222222217         0.49375000016746801     
        1681    0.47500000016746807         0.42222222222222217         0.50000000016746804     
        1682   -0.47499998593267767        -0.42222219609719946        -0.50000001239263803     
        1683   -0.42222220815490008        -0.42222219892554969        -0.50000000815011270     
        1684   -0.42222222222222222        -0.36944444444444446        -0.50000000000000000     
        1685   -0.36944443037712232        -0.42222219892554969        -0.50000000815011270     
        1686   -0.47499999999999998        -0.31666666666666671        -0.50000000000000000     
        1687   -0.42222222222222222        -0.31666666666666671        -0.50000000000000000     
        1688   -0.42222222222222222        -0.26388888888888895        -0.50000000000000000     
        1689   -0.36944444444444446        -0.31666666666666671        -0.50000000000000000     
        1690   -0.47499999999999998        -0.21111111111111114        -0.50000000000000000     
        1691   -0.42222222222222222        -0.21111111111111114        -0.50000000000000000     
        1692   -0.42222222222222222        -0.15833333333333333        -0.50000000000000000     
        1693   -0.36944444444444446        -0.21111111111111114        -0.50000000000000000     
        1694   -0.47499999999999998        -0.10555555555555557        -0.50000000000000000     
        1695   -0.42222222222222222        -0.10555555555555557        -0.50000000000000000     
        1696   -0.42222222222222222         -5.2777777777777812E-002   -0.50000000000000000     
        1697   -0.36944444444444446        -0.10555555555555557        -0.50000000000000000     
        1698   -0.47499999999999998          0.0000000000000000        -0.50000000000000000     
        1699   -0.42222222222222222          0.0000000000000000        -0.50000000000000000     
        1700   -0.42222222222222222          5.2777777777777812E-002   -0.50000000000000000     
        1701   -0.36944444444444446          0.0000000000000000        -0.50000000000000000     
        1702   -0.47499999999999998         0.10555555555555557        -0.50000000000000000     
        1703   -0.42222222222222222         0.10555555555555557        -0.50000000000000000     
        1704   -0.42222222222222222         0.15833333333333333        -0.50000000000000000     
        1705   -0.36944444444444446         0.10555555555555557        -0.50000000000000000     
        1706   -0.47499999999999998         0.21111111111111108        -0.50000000000000000     
        1707   -0.42222222222222222         0.21111111111111108        -0.50000000000000000     
        1708   -0.42222222222222222         0.26388888888888884        -0.50000000000000000     
        1709   -0.36944444444444446         0.21111111111111108        -0.50000000000000000     
        1710   -0.47499999999999998         0.31666666666666660        -0.50000000000000000     
        1711   -0.42222222222222222         0.31666666666666660        -0.50000000000000000     
        1712   -0.42222222222222222         0.36944444444444435        -0.50000000000000000     
        1713   -0.36944444444444446         0.31666666666666660        -0.50000000000000000     
        1714   -0.47500002679489584         0.42222222222222217        -0.49999997387497513     
        1715   -0.42222224901711808         0.42222222222222217        -0.49999997387497513     
        1716   -0.36944448463678886         0.42222222222222217        -0.49999997845243571     
        1717   -0.31666665259934484        -0.42222220175389985        -0.50000000390758748     
        1718   -0.31666666666666671        -0.36944444444444446        -0.50000000000000000     
        1719   -0.26388887482156709        -0.42222220175389985        -0.50000000390758748     
        1720   -0.31666666666666671        -0.31666666666666671        -0.50000000000000000     
        1721   -0.31666666666666671        -0.26388888888888895        -0.50000000000000000     
        1722   -0.26388888888888895        -0.31666666666666671        -0.50000000000000000     
        1723   -0.31666666666666671        -0.21111111111111114        -0.50000000000000000     
        1724   -0.31666666666666671        -0.15833333333333333        -0.50000000000000000     
        1725   -0.26388888888888895        -0.21111111111111114        -0.50000000000000000     
        1726   -0.31666666666666671        -0.10555555555555557        -0.50000000000000000     
        1727   -0.31666666666666671         -5.2777777777777812E-002   -0.50000000000000000     
        1728   -0.26388888888888895        -0.10555555555555557        -0.50000000000000000     
        1729   -0.31666666666666671          0.0000000000000000        -0.50000000000000000     
        1730   -0.31666666666666671          5.2777777777777812E-002   -0.50000000000000000     
        1731   -0.26388888888888895          0.0000000000000000        -0.50000000000000000     
        1732   -0.31666666666666671         0.10555555555555557        -0.50000000000000000     
        1733   -0.31666666666666671         0.15833333333333333        -0.50000000000000000     
        1734   -0.26388888888888895         0.10555555555555557        -0.50000000000000000     
        1735   -0.31666666666666671         0.21111111111111108        -0.50000000000000000     
        1736   -0.31666666666666671         0.26388888888888884        -0.50000000000000000     
        1737   -0.26388888888888895         0.21111111111111108        -0.50000000000000000     
        1738   -0.31666666666666671         0.31666666666666660        -0.50000000000000000     
        1739   -0.31666666666666671         0.36944444444444435        -0.50000000000000000     
        1740   -0.26388888888888895         0.31666666666666660        -0.50000000000000000     
        1741   -0.31666670685901110         0.42222222222222217        -0.49999997845243571     
        1742   -0.26388892908123346         0.42222222222222217        -0.49999998269496093     
        1743   -0.21111109704378955        -0.42222220458225007        -0.49999999966506214     
        1744   -0.21111111111111114        -0.36944444444444446        -0.50000000000000000     
        1745   -0.15833331926601174        -0.42222220458225007        -0.49999999966506214     
        1746   -0.21111111111111114        -0.31666666666666671        -0.50000000000000000     
        1747   -0.21111111111111114        -0.26388888888888895        -0.50000000000000000     
        1748   -0.15833333333333333        -0.31666666666666671        -0.50000000000000000     
        1749   -0.21111111111111114        -0.21111111111111114        -0.50000000000000000     
        1750   -0.21111111111111114        -0.15833333333333333        -0.50000000000000000     
        1751   -0.15833333333333333        -0.21111111111111114        -0.50000000000000000     
        1752   -0.21111111111111114        -0.10555555555555557        -0.50000000000000000     
        1753   -0.21111111111111114         -5.2777777777777812E-002   -0.50000000000000000     
        1754   -0.15833333333333333        -0.10555555555555557        -0.50000000000000000     
        1755   -0.21111111111111114          0.0000000000000000        -0.50000000000000000     
        1756   -0.21111111111111114          5.2777777777777812E-002   -0.50000000000000000     
        1757   -0.15833333333333333          0.0000000000000000        -0.50000000000000000     
        1758   -0.21111111111111114         0.10555555555555557        -0.50000000000000000     
        1759   -0.21111111111111114         0.15833333333333333        -0.50000000000000000     
        1760   -0.15833333333333333         0.10555555555555557        -0.50000000000000000     
        1761   -0.21111111111111114         0.21111111111111108        -0.50000000000000000     
        1762   -0.21111111111111114         0.26388888888888884        -0.50000000000000000     
        1763   -0.15833333333333333         0.21111111111111108        -0.50000000000000000     
        1764   -0.21111111111111114         0.31666666666666660        -0.50000000000000000     
        1765   -0.21111111111111114         0.36944444444444435        -0.50000000000000000     
        1766   -0.15833333333333333         0.31666666666666660        -0.50000000000000000     
        1767   -0.21111115130345565         0.42222222222222217        -0.49999998269496093     
        1768   -0.15833337352567800         0.42222222222222217        -0.49999998693748621     
        1769   -0.10555554148823421        -0.42222220741060024        -0.49999999542253681     
        1770   -0.10555555555555557        -0.36944444444444446        -0.50000000000000000     
        1771    -5.2777763710456449E-002   -0.42222220741060024        -0.49999999542253681     
        1772   -0.10555555555555557        -0.31666666666666671        -0.50000000000000000     
        1773   -0.10555555555555557        -0.26388888888888895        -0.50000000000000000     
        1774    -5.2777777777777812E-002   -0.31666666666666671        -0.50000000000000000     
        1775   -0.10555555555555557        -0.21111111111111114        -0.50000000000000000     
        1776   -0.10555555555555557        -0.15833333333333333        -0.50000000000000000     
        1777    -5.2777777777777812E-002   -0.21111111111111114        -0.50000000000000000     
        1778   -0.10555555555555557        -0.10555555555555557        -0.50000000000000000     
        1779   -0.10555555555555557         -5.2777777777777812E-002   -0.50000000000000000     
        1780    -5.2777777777777812E-002   -0.10555555555555557        -0.50000000000000000     
        1781   -0.10555555555555557          0.0000000000000000        -0.50000000000000000     
        1782   -0.10555555555555557          5.2777777777777812E-002   -0.50000000000000000     
        1783    -5.2777777777777812E-002     0.0000000000000000        -0.50000000000000000     
        1784   -0.10555555555555557         0.10555555555555557        -0.50000000000000000     
        1785   -0.10555555555555557         0.15833333333333333        -0.50000000000000000     
        1786    -5.2777777777777812E-002    0.10555555555555557        -0.50000000000000000     
        1787   -0.10555555555555557         0.21111111111111108        -0.50000000000000000     
        1788   -0.10555555555555557         0.26388888888888884        -0.50000000000000000     
        1789    -5.2777777777777812E-002    0.21111111111111108        -0.50000000000000000     
        1790   -0.10555555555555557         0.31666666666666660        -0.50000000000000000     
        1791   -0.10555555555555557         0.36944444444444435        -0.50000000000000000     
        1792    -5.2777777777777812E-002    0.31666666666666660        -0.50000000000000000     
        1793   -0.10555559574790024         0.42222222222222217        -0.49999998693748621     
        1794    -5.2777817970122709E-002    0.42222222222222217        -0.49999999118001154     
        1795     1.4067321085775575E-008   -0.42222221023895046        -0.49999999118001154     
        1796     0.0000000000000000        -0.36944444444444446        -0.50000000000000000     
        1797     5.2777791845098898E-002   -0.42222221023895046        -0.49999999118001154     
        1798     0.0000000000000000        -0.31666666666666671        -0.50000000000000000     
        1799     0.0000000000000000        -0.26388888888888895        -0.50000000000000000     
        1800     5.2777777777777812E-002   -0.31666666666666671        -0.50000000000000000     
        1801     0.0000000000000000        -0.21111111111111114        -0.50000000000000000     
        1802     0.0000000000000000        -0.15833333333333333        -0.50000000000000000     
        1803     5.2777777777777812E-002   -0.21111111111111114        -0.50000000000000000     
        1804     0.0000000000000000        -0.10555555555555557        -0.50000000000000000     
        1805     0.0000000000000000         -5.2777777777777812E-002   -0.50000000000000000     
        1806     5.2777777777777812E-002   -0.10555555555555557        -0.50000000000000000     
        1807     0.0000000000000000          0.0000000000000000        -0.50000000000000000     
        1808     0.0000000000000000          5.2777777777777812E-002   -0.50000000000000000     
        1809     5.2777777777777812E-002     0.0000000000000000        -0.50000000000000000     
        1810     0.0000000000000000         0.10555555555555557        -0.50000000000000000     
        1811     0.0000000000000000         0.15833333333333333        -0.50000000000000000     
        1812     5.2777777777777812E-002    0.10555555555555557        -0.50000000000000000     
        1813     0.0000000000000000         0.21111111111111108        -0.50000000000000000     
        1814     0.0000000000000000         0.26388888888888884        -0.50000000000000000     
        1815     5.2777777777777812E-002    0.21111111111111108        -0.50000000000000000     
        1816     0.0000000000000000         0.31666666666666660        -0.50000000000000000     
        1817     0.0000000000000000         0.36944444444444435        -0.50000000000000000     
        1818     5.2777777777777812E-002    0.31666666666666660        -0.50000000000000000     
        1819    -4.0192344896716747E-008    0.42222222222222217        -0.49999999118001154     
        1820     5.2777737585432694E-002    0.42222222222222217        -0.49999999542253681     
        1821    0.10555556962287632        -0.42222221306730068        -0.49999998693748621     
        1822    0.10555555555555557        -0.36944444444444446        -0.50000000000000000     
        1823    0.15833334740065408        -0.42222221306730068        -0.49999998693748621     
        1824    0.10555555555555557        -0.31666666666666671        -0.50000000000000000     
        1825    0.10555555555555557        -0.26388888888888895        -0.50000000000000000     
        1826    0.15833333333333333        -0.31666666666666671        -0.50000000000000000     
        1827    0.10555555555555557        -0.21111111111111114        -0.50000000000000000     
        1828    0.10555555555555557        -0.15833333333333333        -0.50000000000000000     
        1829    0.15833333333333333        -0.21111111111111114        -0.50000000000000000     
        1830    0.10555555555555557        -0.10555555555555557        -0.50000000000000000     
        1831    0.10555555555555557         -5.2777777777777812E-002   -0.50000000000000000     
        1832    0.15833333333333333        -0.10555555555555557        -0.50000000000000000     
        1833    0.10555555555555557          0.0000000000000000        -0.50000000000000000     
        1834    0.10555555555555557          5.2777777777777812E-002   -0.50000000000000000     
        1835    0.15833333333333333          0.0000000000000000        -0.50000000000000000     
        1836    0.10555555555555557         0.10555555555555557        -0.50000000000000000     
        1837    0.10555555555555557         0.15833333333333333        -0.50000000000000000     
        1838    0.15833333333333333         0.10555555555555557        -0.50000000000000000     
        1839    0.10555555555555557         0.21111111111111108        -0.50000000000000000     
        1840    0.10555555555555557         0.26388888888888884        -0.50000000000000000     
        1841    0.15833333333333333         0.21111111111111108        -0.50000000000000000     
        1842    0.10555555555555557         0.31666666666666660        -0.50000000000000000     
        1843    0.10555555555555557         0.36944444444444435        -0.50000000000000000     
        1844    0.15833333333333333         0.31666666666666660        -0.50000000000000000     
        1845    0.10555551536321045         0.42222222222222217        -0.49999999542253681     
        1846    0.15833329314098810         0.42222222222222217        -0.49999999966506214     
        1847    0.21111112517843161        -0.42222221589565084        -0.49999998269496093     
        1848    0.21111111111111108        -0.36944444444444446        -0.50000000000000000     
        1849    0.26388890295620937        -0.42222221589565084        -0.49999998269496093     
        1850    0.21111111111111108        -0.31666666666666671        -0.50000000000000000     
        1851    0.21111111111111108        -0.26388888888888895        -0.50000000000000000     
        1852    0.26388888888888884        -0.31666666666666671        -0.50000000000000000     
        1853    0.21111111111111108        -0.21111111111111114        -0.50000000000000000     
        1854    0.21111111111111108        -0.15833333333333333        -0.50000000000000000     
        1855    0.26388888888888884        -0.21111111111111114        -0.50000000000000000     
        1856    0.21111111111111108        -0.10555555555555557        -0.50000000000000000     
        1857    0.21111111111111108         -5.2777777777777812E-002   -0.50000000000000000     
        1858    0.26388888888888884        -0.10555555555555557        -0.50000000000000000     
        1859    0.21111111111111108          0.0000000000000000        -0.50000000000000000     
        1860    0.21111111111111108          5.2777777777777812E-002   -0.50000000000000000     
        1861    0.26388888888888884          0.0000000000000000        -0.50000000000000000     
        1862    0.21111111111111108         0.10555555555555557        -0.50000000000000000     
        1863    0.21111111111111108         0.15833333333333333        -0.50000000000000000     
        1864    0.26388888888888884         0.10555555555555557        -0.50000000000000000     
        1865    0.21111111111111108         0.21111111111111108        -0.50000000000000000     
        1866    0.21111111111111108         0.26388888888888884        -0.50000000000000000     
        1867    0.26388888888888884         0.21111111111111108        -0.50000000000000000     
        1868    0.21111111111111108         0.31666666666666660        -0.50000000000000000     
        1869    0.21111111111111108         0.36944444444444435        -0.50000000000000000     
        1870    0.26388888888888884         0.31666666666666660        -0.50000000000000000     
        1871    0.21111107091876585         0.42222222222222217        -0.49999999966506214     
        1872    0.26388884869654344         0.42222222222222217        -0.50000000390758748     
        1873    0.31666668073398696        -0.42222221872400106        -0.49999997845243571     
        1874    0.31666666666666660        -0.36944444444444446        -0.50000000000000000     
        1875    0.36944445851176472        -0.42222221872400106        -0.49999997845243571     
        1876    0.31666666666666660        -0.31666666666666671        -0.50000000000000000     
        1877    0.31666666666666660        -0.26388888888888895        -0.50000000000000000     
        1878    0.36944444444444435        -0.31666666666666671        -0.50000000000000000     
        1879    0.31666666666666660        -0.21111111111111114        -0.50000000000000000     
        1880    0.31666666666666660        -0.15833333333333333        -0.50000000000000000     
        1881    0.36944444444444435        -0.21111111111111114        -0.50000000000000000     
        1882    0.31666666666666660        -0.10555555555555557        -0.50000000000000000     
        1883    0.31666666666666660         -5.2777777777777812E-002   -0.50000000000000000     
        1884    0.36944444444444435        -0.10555555555555557        -0.50000000000000000     
        1885    0.31666666666666660          0.0000000000000000        -0.50000000000000000     
        1886    0.31666666666666660          5.2777777777777812E-002   -0.50000000000000000     
        1887    0.36944444444444435          0.0000000000000000        -0.50000000000000000     
        1888    0.31666666666666660         0.10555555555555557        -0.50000000000000000     
        1889    0.31666666666666660         0.15833333333333333        -0.50000000000000000     
        1890    0.36944444444444435         0.10555555555555557        -0.50000000000000000     
        1891    0.31666666666666660         0.21111111111111108        -0.50000000000000000     
        1892    0.31666666666666660         0.26388888888888884        -0.50000000000000000     
        1893    0.36944444444444435         0.21111111111111108        -0.50000000000000000     
        1894    0.31666666666666660         0.31666666666666660        -0.50000000000000000     
        1895    0.31666666666666660         0.36944444444444435        -0.50000000000000000     
        1896    0.36944444444444435         0.31666666666666660        -0.50000000000000000     
        1897    0.31666662647432120         0.42222222222222217        -0.50000000390758748     
        1898    0.36944440425209873         0.42222222222222217        -0.50000000815011270     
        1899    0.42222222289209388        -0.42222222155235051        -0.49999997387497513     
        1900    0.42222222222222217        -0.36944444444444446        -0.50000000000000000     
        1901    0.42222222222222217        -0.31666666666666671        -0.50000000000000000     
        1902    0.42222222222222217        -0.26388888888888895        -0.50000000000000000     
        1903    0.42222222222222217        -0.21111111111111114        -0.50000000000000000     
        1904    0.42222222222222217        -0.15833333333333333        -0.50000000000000000     
        1905    0.42222222222222217        -0.10555555555555557        -0.50000000000000000     
        1906    0.42222222222222217         -5.2777777777777812E-002   -0.50000000000000000     
        1907    0.42222222222222217          0.0000000000000000        -0.50000000000000000     
        1908    0.42222222222222217          5.2777777777777812E-002   -0.50000000000000000     
        1909    0.42222222222222217         0.10555555555555557        -0.50000000000000000     
        1910    0.42222222222222217         0.15833333333333333        -0.50000000000000000     
        1911    0.42222222222222217         0.21111111111111108        -0.50000000000000000     
        1912    0.42222222222222217         0.26388888888888884        -0.50000000000000000     
        1913    0.42222222222222217         0.31666666666666660        -0.50000000000000000     
        1914    0.42222222222222217         0.36944444444444435        -0.50000000000000000     
        1915    0.42222218202987655         0.42222222222222217        -0.50000000815011270     
        1916   -0.47500002612502340        -0.42222219609719736         0.50000000000000000     
        1917   -0.42222226174469407        -0.42222219892554680         0.50000000174911119     
        1918   -0.36944448396691631        -0.42222219892554680         0.50000000174911119     
        1919   -0.42222222222222222        -0.36944444444444446         0.50000000000000000     
        1920   -0.47499999999999998        -0.31666666666666671         0.50000000000000000     
        1921   -0.42222222222222222        -0.31666666666666671         0.50000000000000000     
        1922   -0.36944444444444446        -0.31666666666666671         0.50000000000000000     
        1923   -0.42222222222222222        -0.26388888888888895         0.50000000000000000     
        1924   -0.47499999999999998        -0.21111111111111114         0.50000000000000000     
        1925   -0.42222222222222222        -0.21111111111111114         0.50000000000000000     
        1926   -0.36944444444444446        -0.21111111111111114         0.50000000000000000     
        1927   -0.42222222222222222        -0.15833333333333333         0.50000000000000000     
        1928   -0.47499999999999998        -0.10555555555555557         0.50000000000000000     
        1929   -0.42222222222222222        -0.10555555555555557         0.50000000000000000     
        1930   -0.36944444444444446        -0.10555555555555557         0.50000000000000000     
        1931   -0.42222222222222222         -5.2777777777777812E-002    0.50000000000000000     
        1932   -0.47499999999999998          0.0000000000000000         0.50000000000000000     
        1933   -0.42222222222222222          0.0000000000000000         0.50000000000000000     
        1934   -0.36944444444444446          0.0000000000000000         0.50000000000000000     
        1935   -0.42222222222222222          5.2777777777777812E-002    0.50000000000000000     
        1936   -0.47499999999999998         0.10555555555555557         0.50000000000000000     
        1937   -0.42222222222222222         0.10555555555555557         0.50000000000000000     
        1938   -0.36944444444444446         0.10555555555555557         0.50000000000000000     
        1939   -0.42222222222222222         0.15833333333333333         0.50000000000000000     
        1940   -0.47499999999999998         0.21111111111111108         0.50000000000000000     
        1941   -0.42222222222222222         0.21111111111111108         0.50000000000000000     
        1942   -0.36944444444444446         0.21111111111111108         0.50000000000000000     
        1943   -0.42222222222222222         0.26388888888888884         0.50000000000000000     
        1944   -0.47499999999999998         0.31666666666666660         0.50000000000000000     
        1945   -0.42222222222222222         0.31666666666666660         0.50000000000000000     
        1946   -0.36944444444444446         0.31666666666666660         0.50000000000000000     
        1947   -0.42222222222222222         0.36944444444444435         0.50000000000000000     
        1948   -0.47499998660255149         0.42222222222222217         0.50000001306251196     
        1949   -0.42222220882477374         0.42222222222222217         0.50000001306251196     
        1950   -0.36944443104699592         0.42222222222222217         0.50000001164833685     
        1951   -0.31666670618913861        -0.42222220175389702         0.50000000316328619     
        1952   -0.26388892841136086        -0.42222220175389702         0.50000000316328619     
        1953   -0.31666666666666671        -0.36944444444444446         0.50000000000000000     
        1954   -0.31666666666666671        -0.31666666666666671         0.50000000000000000     
        1955   -0.26388888888888895        -0.31666666666666671         0.50000000000000000     
        1956   -0.31666666666666671        -0.26388888888888895         0.50000000000000000     
        1957   -0.31666666666666671        -0.21111111111111114         0.50000000000000000     
        1958   -0.26388888888888895        -0.21111111111111114         0.50000000000000000     
        1959   -0.31666666666666671        -0.15833333333333333         0.50000000000000000     
        1960   -0.31666666666666671        -0.10555555555555557         0.50000000000000000     
        1961   -0.26388888888888895        -0.10555555555555557         0.50000000000000000     
        1962   -0.31666666666666671         -5.2777777777777812E-002    0.50000000000000000     
        1963   -0.31666666666666671          0.0000000000000000         0.50000000000000000     
        1964   -0.26388888888888895          0.0000000000000000         0.50000000000000000     
        1965   -0.31666666666666671          5.2777777777777812E-002    0.50000000000000000     
        1966   -0.31666666666666671         0.10555555555555557         0.50000000000000000     
        1967   -0.26388888888888895         0.10555555555555557         0.50000000000000000     
        1968   -0.31666666666666671         0.15833333333333333         0.50000000000000000     
        1969   -0.31666666666666671         0.21111111111111108         0.50000000000000000     
        1970   -0.26388888888888895         0.21111111111111108         0.50000000000000000     
        1971   -0.31666666666666671         0.26388888888888884         0.50000000000000000     
        1972   -0.31666666666666671         0.31666666666666660         0.50000000000000000     
        1973   -0.26388888888888895         0.31666666666666660         0.50000000000000000     
        1974   -0.31666666666666671         0.36944444444444435         0.50000000000000000     
        1975   -0.31666665326921817         0.42222222222222217         0.50000001164833685     
        1976   -0.26388887549144047         0.42222222222222217         0.50000001023416174     
        1977   -0.21111115063358310        -0.42222220458224718         0.50000000457746130     
        1978   -0.15833337285580529        -0.42222220458224718         0.50000000457746130     
        1979   -0.21111111111111114        -0.36944444444444446         0.50000000000000000     
        1980   -0.21111111111111114        -0.31666666666666671         0.50000000000000000     
        1981   -0.15833333333333333        -0.31666666666666671         0.50000000000000000     
        1982   -0.21111111111111114        -0.26388888888888895         0.50000000000000000     
        1983   -0.21111111111111114        -0.21111111111111114         0.50000000000000000     
        1984   -0.15833333333333333        -0.21111111111111114         0.50000000000000000     
        1985   -0.21111111111111114        -0.15833333333333333         0.50000000000000000     
        1986   -0.21111111111111114        -0.10555555555555557         0.50000000000000000     
        1987   -0.15833333333333333        -0.10555555555555557         0.50000000000000000     
        1988   -0.21111111111111114         -5.2777777777777812E-002    0.50000000000000000     
        1989   -0.21111111111111114          0.0000000000000000         0.50000000000000000     
        1990   -0.15833333333333333          0.0000000000000000         0.50000000000000000     
        1991   -0.21111111111111114          5.2777777777777812E-002    0.50000000000000000     
        1992   -0.21111111111111114         0.10555555555555557         0.50000000000000000     
        1993   -0.15833333333333333         0.10555555555555557         0.50000000000000000     
        1994   -0.21111111111111114         0.15833333333333333         0.50000000000000000     
        1995   -0.21111111111111114         0.21111111111111108         0.50000000000000000     
        1996   -0.15833333333333333         0.21111111111111108         0.50000000000000000     
        1997   -0.21111111111111114         0.26388888888888884         0.50000000000000000     
        1998   -0.21111111111111114         0.31666666666666660         0.50000000000000000     
        1999   -0.15833333333333333         0.31666666666666660         0.50000000000000000     
        2000   -0.21111111111111114         0.36944444444444435         0.50000000000000000     
        2001   -0.21111109771366265         0.42222222222222217         0.50000001023416174     
        2002   -0.15833331993588490         0.42222222222222217         0.50000000881998663     
        2003   -0.10555559507802770        -0.42222220741059741         0.50000000599163641     
        2004    -5.2777817300249941E-002   -0.42222220741059741         0.50000000599163641     
        2005   -0.10555555555555557        -0.36944444444444446         0.50000000000000000     
        2006   -0.10555555555555557        -0.31666666666666671         0.50000000000000000     
        2007    -5.2777777777777812E-002   -0.31666666666666671         0.50000000000000000     
        2008   -0.10555555555555557        -0.26388888888888895         0.50000000000000000     
        2009   -0.10555555555555557        -0.21111111111111114         0.50000000000000000     
        2010    -5.2777777777777812E-002   -0.21111111111111114         0.50000000000000000     
        2011   -0.10555555555555557        -0.15833333333333333         0.50000000000000000     
        2012   -0.10555555555555557        -0.10555555555555557         0.50000000000000000     
        2013    -5.2777777777777812E-002   -0.10555555555555557         0.50000000000000000     
        2014   -0.10555555555555557         -5.2777777777777812E-002    0.50000000000000000     
        2015   -0.10555555555555557          0.0000000000000000         0.50000000000000000     
        2016    -5.2777777777777812E-002     0.0000000000000000         0.50000000000000000     
        2017   -0.10555555555555557          5.2777777777777812E-002    0.50000000000000000     
        2018   -0.10555555555555557         0.10555555555555557         0.50000000000000000     
        2019    -5.2777777777777812E-002    0.10555555555555557         0.50000000000000000     
        2020   -0.10555555555555557         0.15833333333333333         0.50000000000000000     
        2021   -0.10555555555555557         0.21111111111111108         0.50000000000000000     
        2022    -5.2777777777777812E-002    0.21111111111111108         0.50000000000000000     
        2023   -0.10555555555555557         0.26388888888888884         0.50000000000000000     
        2024   -0.10555555555555557         0.31666666666666660         0.50000000000000000     
        2025    -5.2777777777777812E-002    0.31666666666666660         0.50000000000000000     
        2026   -0.10555555555555557         0.36944444444444435         0.50000000000000000     
        2027   -0.10555554215810714         0.42222222222222217         0.50000000881998663     
        2028    -5.2777764380329384E-002    0.42222222222222217         0.50000000740581152     
        2029    -3.9522472294883926E-008   -0.42222221023894757         0.50000000740581152     
        2030     5.2777738255305517E-002   -0.42222221023894757         0.50000000740581152     
        2031     0.0000000000000000        -0.36944444444444446         0.50000000000000000     
        2032     0.0000000000000000        -0.31666666666666671         0.50000000000000000     
        2033     5.2777777777777812E-002   -0.31666666666666671         0.50000000000000000     
        2034     0.0000000000000000        -0.26388888888888895         0.50000000000000000     
        2035     0.0000000000000000        -0.21111111111111114         0.50000000000000000     
        2036     5.2777777777777812E-002   -0.21111111111111114         0.50000000000000000     
        2037     0.0000000000000000        -0.15833333333333333         0.50000000000000000     
        2038     0.0000000000000000        -0.10555555555555557         0.50000000000000000     
        2039     5.2777777777777812E-002   -0.10555555555555557         0.50000000000000000     
        2040     0.0000000000000000         -5.2777777777777812E-002    0.50000000000000000     
        2041     0.0000000000000000          0.0000000000000000         0.50000000000000000     
        2042     5.2777777777777812E-002     0.0000000000000000         0.50000000000000000     
        2043     0.0000000000000000          5.2777777777777812E-002    0.50000000000000000     
        2044     0.0000000000000000         0.10555555555555557         0.50000000000000000     
        2045     5.2777777777777812E-002    0.10555555555555557         0.50000000000000000     
        2046     0.0000000000000000         0.15833333333333333         0.50000000000000000     
        2047     0.0000000000000000         0.21111111111111108         0.50000000000000000     
        2048     5.2777777777777812E-002    0.21111111111111108         0.50000000000000000     
        2049     0.0000000000000000         0.26388888888888884         0.50000000000000000     
        2050     0.0000000000000000         0.31666666666666660         0.50000000000000000     
        2051     5.2777777777777812E-002    0.31666666666666660         0.50000000000000000     
        2052     0.0000000000000000         0.36944444444444435         0.50000000000000000     
        2053     1.3397448428431602E-008    0.42222222222222217         0.50000000740581152     
        2054     5.2777791175226185E-002    0.42222222222222217         0.50000000599163641     
        2055    0.10555551603308322        -0.42222221306729779         0.50000000881998663     
        2056    0.15833329381086098        -0.42222221306729779         0.50000000881998663     
        2057    0.10555555555555557        -0.36944444444444446         0.50000000000000000     
        2058    0.10555555555555557        -0.31666666666666671         0.50000000000000000     
        2059    0.15833333333333333        -0.31666666666666671         0.50000000000000000     
        2060    0.10555555555555557        -0.26388888888888895         0.50000000000000000     
        2061    0.10555555555555557        -0.21111111111111114         0.50000000000000000     
        2062    0.15833333333333333        -0.21111111111111114         0.50000000000000000     
        2063    0.10555555555555557        -0.15833333333333333         0.50000000000000000     
        2064    0.10555555555555557        -0.10555555555555557         0.50000000000000000     
        2065    0.15833333333333333        -0.10555555555555557         0.50000000000000000     
        2066    0.10555555555555557         -5.2777777777777812E-002    0.50000000000000000     
        2067    0.10555555555555557          0.0000000000000000         0.50000000000000000     
        2068    0.15833333333333333          0.0000000000000000         0.50000000000000000     
        2069    0.10555555555555557          5.2777777777777812E-002    0.50000000000000000     
        2070    0.10555555555555557         0.10555555555555557         0.50000000000000000     
        2071    0.15833333333333333         0.10555555555555557         0.50000000000000000     
        2072    0.10555555555555557         0.15833333333333333         0.50000000000000000     
        2073    0.10555555555555557         0.21111111111111108         0.50000000000000000     
        2074    0.15833333333333333         0.21111111111111108         0.50000000000000000     
        2075    0.10555555555555557         0.26388888888888884         0.50000000000000000     
        2076    0.10555555555555557         0.31666666666666660         0.50000000000000000     
        2077    0.15833333333333333         0.31666666666666660         0.50000000000000000     
        2078    0.10555555555555557         0.36944444444444435         0.50000000000000000     
        2079    0.10555556895300394         0.42222222222222217         0.50000000599163641     
        2080    0.15833334673078164         0.42222222222222217         0.50000000457746130     
        2081    0.21111107158863868        -0.42222221589564796         0.50000001023416174     
        2082    0.26388884936641643        -0.42222221589564796         0.50000001023416174     
        2083    0.21111111111111108        -0.36944444444444446         0.50000000000000000     
        2084    0.21111111111111108        -0.31666666666666671         0.50000000000000000     
        2085    0.26388888888888884        -0.31666666666666671         0.50000000000000000     
        2086    0.21111111111111108        -0.26388888888888895         0.50000000000000000     
        2087    0.21111111111111108        -0.21111111111111114         0.50000000000000000     
        2088    0.26388888888888884        -0.21111111111111114         0.50000000000000000     
        2089    0.21111111111111108        -0.15833333333333333         0.50000000000000000     
        2090    0.21111111111111108        -0.10555555555555557         0.50000000000000000     
        2091    0.26388888888888884        -0.10555555555555557         0.50000000000000000     
        2092    0.21111111111111108         -5.2777777777777812E-002    0.50000000000000000     
        2093    0.21111111111111108          0.0000000000000000         0.50000000000000000     
        2094    0.26388888888888884          0.0000000000000000         0.50000000000000000     
        2095    0.21111111111111108          5.2777777777777812E-002    0.50000000000000000     
        2096    0.21111111111111108         0.10555555555555557         0.50000000000000000     
        2097    0.26388888888888884         0.10555555555555557         0.50000000000000000     
        2098    0.21111111111111108         0.15833333333333333         0.50000000000000000     
        2099    0.21111111111111108         0.21111111111111108         0.50000000000000000     
        2100    0.26388888888888884         0.21111111111111108         0.50000000000000000     
        2101    0.21111111111111108         0.26388888888888884         0.50000000000000000     
        2102    0.21111111111111108         0.31666666666666660         0.50000000000000000     
        2103    0.26388888888888884         0.31666666666666660         0.50000000000000000     
        2104    0.21111111111111108         0.36944444444444435         0.50000000000000000     
        2105    0.21111112450855940         0.42222222222222217         0.50000000457746130     
        2106    0.26388890228633721         0.42222222222222217         0.50000000316328619     
        2107    0.31666662714419402        -0.42222221872399818         0.50000001164833685     
        2108    0.36944440492197178        -0.42222221872399818         0.50000001164833685     
        2109    0.31666666666666660        -0.36944444444444446         0.50000000000000000     
        2110    0.31666666666666660        -0.31666666666666671         0.50000000000000000     
        2111    0.36944444444444435        -0.31666666666666671         0.50000000000000000     
        2112    0.31666666666666660        -0.26388888888888895         0.50000000000000000     
        2113    0.31666666666666660        -0.21111111111111114         0.50000000000000000     
        2114    0.36944444444444435        -0.21111111111111114         0.50000000000000000     
        2115    0.31666666666666660        -0.15833333333333333         0.50000000000000000     
        2116    0.31666666666666660        -0.10555555555555557         0.50000000000000000     
        2117    0.36944444444444435        -0.10555555555555557         0.50000000000000000     
        2118    0.31666666666666660         -5.2777777777777812E-002    0.50000000000000000     
        2119    0.31666666666666660          0.0000000000000000         0.50000000000000000     
        2120    0.36944444444444435          0.0000000000000000         0.50000000000000000     
        2121    0.31666666666666660          5.2777777777777812E-002    0.50000000000000000     
        2122    0.31666666666666660         0.10555555555555557         0.50000000000000000     
        2123    0.36944444444444435         0.10555555555555557         0.50000000000000000     
        2124    0.31666666666666660         0.15833333333333333         0.50000000000000000     
        2125    0.31666666666666660         0.21111111111111108         0.50000000000000000     
        2126    0.36944444444444435         0.21111111111111108         0.50000000000000000     
        2127    0.31666666666666660         0.26388888888888884         0.50000000000000000     
        2128    0.31666666666666660         0.31666666666666660         0.50000000000000000     
        2129    0.36944444444444435         0.31666666666666660         0.50000000000000000     
        2130    0.31666666666666660         0.36944444444444435         0.50000000000000000     
        2131    0.31666668006411497         0.42222222222222217         0.50000000316328619     
        2132    0.36944445784189273         0.42222222222222217         0.50000000174911119     
        2133    0.42222218269974954        -0.42222222155234834         0.50000001306251196     
        2134    0.42222222238969026        -0.36944444444444446         0.50000000016746804     
        2135    0.42222222238969026        -0.31666666666666671         0.50000000016746804     
        2136    0.42222222238969026        -0.26388888888888895         0.50000000016746804     
        2137    0.42222222238969026        -0.21111111111111114         0.50000000016746804     
        2138    0.42222222238969026        -0.15833333333333333         0.50000000016746804     
        2139    0.42222222238969026        -0.10555555555555557         0.50000000016746804     
        2140    0.42222222238969026         -5.2777777777777812E-002    0.50000000016746804     
        2141    0.42222222238969026          0.0000000000000000         0.50000000016746804     
        2142    0.42222222238969026          5.2777777777777812E-002    0.50000000016746804     
        2143    0.42222222238969026         0.10555555555555557         0.50000000016746804     
        2144    0.42222222238969026         0.15833333333333333         0.50000000016746804     
        2145    0.42222222238969026         0.21111111111111108         0.50000000016746804     
        2146    0.42222222238969026         0.26388888888888884         0.50000000016746804     
        2147    0.42222222238969026         0.31666666666666660         0.50000000016746804     
        2148    0.42222222238969026         0.36944444444444435         0.50000000016746804     
        2149    0.42222223578713863         0.42222222222222217         0.50000000191657923     
        2150   -0.49375002612502339        -0.42222219609719736         0.49374999999999997     
        2151   -0.50000002612502348        -0.42222219542732492         0.47499999999999998     
        2152   -0.49374999999999997        -0.36944444444444446         0.49374999999999997     
        2153   -0.49374999999999997        -0.31666666666666671         0.49374999999999997     
        2154   -0.50000000000000000        -0.31666666666666671         0.47499999999999998     
        2155   -0.49374999999999997        -0.26388888888888895         0.49374999999999997     
        2156   -0.49374999999999997        -0.21111111111111114         0.49374999999999997     
        2157   -0.50000000000000000        -0.21111111111111114         0.47499999999999998     
        2158   -0.49374999999999997        -0.15833333333333333         0.49374999999999997     
        2159   -0.49374999999999997        -0.10555555555555557         0.49374999999999997     
        2160   -0.50000000000000000        -0.10555555555555557         0.47499999999999998     
        2161   -0.49374999999999997         -5.2777777777777812E-002    0.49374999999999997     
        2162   -0.49374999999999997          0.0000000000000000         0.49374999999999997     
        2163   -0.50000000000000000          0.0000000000000000         0.47499999999999998     
        2164   -0.49374999999999997          5.2777777777777812E-002    0.49374999999999997     
        2165   -0.49374999999999997         0.10555555555555557         0.49374999999999997     
        2166   -0.50000000000000000         0.10555555555555557         0.47499999999999998     
        2167   -0.49374999999999997         0.15833333333333333         0.49374999999999997     
        2168   -0.49374999999999997         0.21111111111111108         0.49374999999999997     
        2169   -0.50000000000000000         0.21111111111111108         0.47499999999999998     
        2170   -0.49374999999999997         0.26388888888888884         0.49374999999999997     
        2171   -0.49374999999999997         0.31666666666666660         0.49374999999999997     
        2172   -0.50000000000000000         0.31666666666666660         0.47499999999999998     
        2173   -0.49374999999999997         0.36944444444444435         0.49374999999999997     
        2174   -0.49374998693748773         0.42222222222222217         0.49375001339744812     
        2175   -0.49999998693748776         0.42222222222222217         0.47500001339744813     
        2176   -0.49375002612502344        -0.42222219542732492        -0.49374999999999997     
        2177   -0.50000002595755544        -0.42222219542732492        -0.47499999983253188     
        2178   -0.49374999983253187        -0.36944444444444446        -0.49374999983253187     
        2179   -0.49374999983253187        -0.31666666666666671        -0.49374999983253187     
        2180   -0.49999999966506381        -0.31666666666666671        -0.47499999966506379     
        2181   -0.49374999983253187        -0.26388888888888895        -0.49374999983253187     
        2182   -0.49374999983253187        -0.21111111111111114        -0.49374999983253187     
        2183   -0.49999999966506381        -0.21111111111111114        -0.47499999966506379     
        2184   -0.49374999983253187        -0.15833333333333333        -0.49374999983253187     
        2185   -0.49374999983253187        -0.10555555555555557        -0.49374999983253187     
        2186   -0.49999999966506381        -0.10555555555555557        -0.47499999966506379     
        2187   -0.49374999983253187         -5.2777777777777812E-002   -0.49374999983253187     
        2188   -0.49374999983253187          0.0000000000000000        -0.49374999983253187     
        2189   -0.49999999966506381          0.0000000000000000        -0.47499999966506379     
        2190   -0.49374999983253187          5.2777777777777812E-002   -0.49374999983253187     
        2191   -0.49374999983253187         0.10555555555555557        -0.49374999983253187     
        2192   -0.49999999966506381         0.10555555555555557        -0.47499999966506379     
        2193   -0.49374999983253187         0.15833333333333333        -0.49374999983253187     
        2194   -0.49374999983253187         0.21111111111111108        -0.49374999983253187     
        2195   -0.49999999966506381         0.21111111111111108        -0.47499999966506379     
        2196   -0.49374999983253187         0.26388888888888884        -0.49374999983253187     
        2197   -0.49374999983253187         0.31666666666666660        -0.49374999983253187     
        2198   -0.49999999966506381         0.31666666666666660        -0.47499999966506379     
        2199   -0.49374999983253187         0.36944444444444435        -0.49374999983253187     
        2200   -0.49375002662742773         0.42222222222222217        -0.49374997370750701     
        2201   -0.50000002595755544         0.42222222222222217        -0.47499997303763458     
        2202   -0.50000002595755544        -0.42222219542732492        -0.42222222205475413     
        2203   -0.50000002612502348        -0.42222219542732492        -0.36944444444444446     
        2204   -0.49999999983253191        -0.36944444444444446        -0.42222222205475413     
        2205   -0.50000002612502348        -0.42222219542732492        -0.31666666666666671     
        2206   -0.50000002612502348        -0.42222219542732492        -0.26388888888888895     
        2207   -0.50000000000000000        -0.36944444444444446        -0.31666666666666671     
        2208   -0.50000002612502348        -0.42222219542732492        -0.21111111111111114     
        2209   -0.50000002612502348        -0.42222219542732492        -0.15833333333333333     
        2210   -0.50000000000000000        -0.36944444444444446        -0.21111111111111114     
        2211   -0.50000002612502348        -0.42222219542732492        -0.10555555555555557     
        2212   -0.50000002612502348        -0.42222219542732492         -5.2777777777777812E-002
        2213   -0.50000000000000000        -0.36944444444444446        -0.10555555555555557     
        2214   -0.50000002612502348        -0.42222219542732492          0.0000000000000000     
        2215   -0.50000002612502348        -0.42222219542732492          5.2777777777777812E-002
        2216   -0.50000000000000000        -0.36944444444444446          0.0000000000000000     
        2217   -0.50000002612502348        -0.42222219542732492         0.10555555555555557     
        2218   -0.50000002612502348        -0.42222219542732492         0.15833333333333333     
        2219   -0.50000000000000000        -0.36944444444444446         0.10555555555555557     
        2220   -0.50000002612502348        -0.42222219542732492         0.21111111111111108     
        2221   -0.50000002612502348        -0.42222219542732492         0.26388888888888884     
        2222   -0.50000000000000000        -0.36944444444444446         0.21111111111111108     
        2223   -0.50000002612502348        -0.42222219542732492         0.31666666666666660     
        2224   -0.50000002612502348        -0.42222219542732492         0.36944444444444435     
        2225   -0.50000000000000000        -0.36944444444444446         0.31666666666666660     
        2226   -0.50000002612502348        -0.42222219542732492         0.42222222222222217     
        2227   -0.50000000000000000        -0.36944444444444446         0.42222222222222217     
        2228   -0.49999999983253191        -0.31666666666666671        -0.42222222205475413     
        2229   -0.50000000000000000        -0.31666666666666671        -0.36944444444444446     
        2230   -0.49999999983253191        -0.26388888888888895        -0.42222222205475413     
        2231   -0.50000000000000000        -0.31666666666666671        -0.31666666666666671     
        2232   -0.50000000000000000        -0.31666666666666671        -0.26388888888888895     
        2233   -0.50000000000000000        -0.26388888888888895        -0.31666666666666671     
        2234   -0.50000000000000000        -0.31666666666666671        -0.21111111111111114     
        2235   -0.50000000000000000        -0.31666666666666671        -0.15833333333333333     
        2236   -0.50000000000000000        -0.26388888888888895        -0.21111111111111114     
        2237   -0.50000000000000000        -0.31666666666666671        -0.10555555555555557     
        2238   -0.50000000000000000        -0.31666666666666671         -5.2777777777777812E-002
        2239   -0.50000000000000000        -0.26388888888888895        -0.10555555555555557     
        2240   -0.50000000000000000        -0.31666666666666671          0.0000000000000000     
        2241   -0.50000000000000000        -0.31666666666666671          5.2777777777777812E-002
        2242   -0.50000000000000000        -0.26388888888888895          0.0000000000000000     
        2243   -0.50000000000000000        -0.31666666666666671         0.10555555555555557     
        2244   -0.50000000000000000        -0.31666666666666671         0.15833333333333333     
        2245   -0.50000000000000000        -0.26388888888888895         0.10555555555555557     
        2246   -0.50000000000000000        -0.31666666666666671         0.21111111111111108     
        2247   -0.50000000000000000        -0.31666666666666671         0.26388888888888884     
        2248   -0.50000000000000000        -0.26388888888888895         0.21111111111111108     
        2249   -0.50000000000000000        -0.31666666666666671         0.31666666666666660     
        2250   -0.50000000000000000        -0.31666666666666671         0.36944444444444435     
        2251   -0.50000000000000000        -0.26388888888888895         0.31666666666666660     
        2252   -0.50000000000000000        -0.31666666666666671         0.42222222222222217     
        2253   -0.50000000000000000        -0.26388888888888895         0.42222222222222217     
        2254   -0.49999999983253191        -0.21111111111111114        -0.42222222205475413     
        2255   -0.50000000000000000        -0.21111111111111114        -0.36944444444444446     
        2256   -0.49999999983253191        -0.15833333333333333        -0.42222222205475413     
        2257   -0.50000000000000000        -0.21111111111111114        -0.31666666666666671     
        2258   -0.50000000000000000        -0.21111111111111114        -0.26388888888888895     
        2259   -0.50000000000000000        -0.15833333333333333        -0.31666666666666671     
        2260   -0.50000000000000000        -0.21111111111111114        -0.21111111111111114     
        2261   -0.50000000000000000        -0.21111111111111114        -0.15833333333333333     
        2262   -0.50000000000000000        -0.15833333333333333        -0.21111111111111114     
        2263   -0.50000000000000000        -0.21111111111111114        -0.10555555555555557     
        2264   -0.50000000000000000        -0.21111111111111114         -5.2777777777777812E-002
        2265   -0.50000000000000000        -0.15833333333333333        -0.10555555555555557     
        2266   -0.50000000000000000        -0.21111111111111114          0.0000000000000000     
        2267   -0.50000000000000000        -0.21111111111111114          5.2777777777777812E-002
        2268   -0.50000000000000000        -0.15833333333333333          0.0000000000000000     
        2269   -0.50000000000000000        -0.21111111111111114         0.10555555555555557     
        2270   -0.50000000000000000        -0.21111111111111114         0.15833333333333333     
        2271   -0.50000000000000000        -0.15833333333333333         0.10555555555555557     
        2272   -0.50000000000000000        -0.21111111111111114         0.21111111111111108     
        2273   -0.50000000000000000        -0.21111111111111114         0.26388888888888884     
        2274   -0.50000000000000000        -0.15833333333333333         0.21111111111111108     
        2275   -0.50000000000000000        -0.21111111111111114         0.31666666666666660     
        2276   -0.50000000000000000        -0.21111111111111114         0.36944444444444435     
        2277   -0.50000000000000000        -0.15833333333333333         0.31666666666666660     
        2278   -0.50000000000000000        -0.21111111111111114         0.42222222222222217     
        2279   -0.50000000000000000        -0.15833333333333333         0.42222222222222217     
        2280   -0.49999999983253191        -0.10555555555555557        -0.42222222205475413     
        2281   -0.50000000000000000        -0.10555555555555557        -0.36944444444444446     
        2282   -0.49999999983253191         -5.2777777777777812E-002   -0.42222222205475413     
        2283   -0.50000000000000000        -0.10555555555555557        -0.31666666666666671     
        2284   -0.50000000000000000        -0.10555555555555557        -0.26388888888888895     
        2285   -0.50000000000000000         -5.2777777777777812E-002   -0.31666666666666671     
        2286   -0.50000000000000000        -0.10555555555555557        -0.21111111111111114     
        2287   -0.50000000000000000        -0.10555555555555557        -0.15833333333333333     
        2288   -0.50000000000000000         -5.2777777777777812E-002   -0.21111111111111114     
        2289   -0.50000000000000000        -0.10555555555555557        -0.10555555555555557     
        2290   -0.50000000000000000        -0.10555555555555557         -5.2777777777777812E-002
        2291   -0.50000000000000000         -5.2777777777777812E-002   -0.10555555555555557     
        2292   -0.50000000000000000        -0.10555555555555557          0.0000000000000000     
        2293   -0.50000000000000000        -0.10555555555555557          5.2777777777777812E-002
        2294   -0.50000000000000000         -5.2777777777777812E-002     0.0000000000000000     
        2295   -0.50000000000000000        -0.10555555555555557         0.10555555555555557     
        2296   -0.50000000000000000        -0.10555555555555557         0.15833333333333333     
        2297   -0.50000000000000000         -5.2777777777777812E-002    0.10555555555555557     
        2298   -0.50000000000000000        -0.10555555555555557         0.21111111111111108     
        2299   -0.50000000000000000        -0.10555555555555557         0.26388888888888884     
        2300   -0.50000000000000000         -5.2777777777777812E-002    0.21111111111111108     
        2301   -0.50000000000000000        -0.10555555555555557         0.31666666666666660     
        2302   -0.50000000000000000        -0.10555555555555557         0.36944444444444435     
        2303   -0.50000000000000000         -5.2777777777777812E-002    0.31666666666666660     
        2304   -0.50000000000000000        -0.10555555555555557         0.42222222222222217     
        2305   -0.50000000000000000         -5.2777777777777812E-002    0.42222222222222217     
        2306   -0.49999999983253191          0.0000000000000000        -0.42222222205475413     
        2307   -0.50000000000000000          0.0000000000000000        -0.36944444444444446     
        2308   -0.49999999983253191          5.2777777777777812E-002   -0.42222222205475413     
        2309   -0.50000000000000000          0.0000000000000000        -0.31666666666666671     
        2310   -0.50000000000000000          0.0000000000000000        -0.26388888888888895     
        2311   -0.50000000000000000          5.2777777777777812E-002   -0.31666666666666671     
        2312   -0.50000000000000000          0.0000000000000000        -0.21111111111111114     
        2313   -0.50000000000000000          0.0000000000000000        -0.15833333333333333     
        2314   -0.50000000000000000          5.2777777777777812E-002   -0.21111111111111114     
        2315   -0.50000000000000000          0.0000000000000000        -0.10555555555555557     
        2316   -0.50000000000000000          0.0000000000000000         -5.2777777777777812E-002
        2317   -0.50000000000000000          5.2777777777777812E-002   -0.10555555555555557     
        2318   -0.50000000000000000          0.0000000000000000          0.0000000000000000     
        2319   -0.50000000000000000          0.0000000000000000          5.2777777777777812E-002
        2320   -0.50000000000000000          5.2777777777777812E-002     0.0000000000000000     
        2321   -0.50000000000000000          0.0000000000000000         0.10555555555555557     
        2322   -0.50000000000000000          0.0000000000000000         0.15833333333333333     
        2323   -0.50000000000000000          5.2777777777777812E-002    0.10555555555555557     
        2324   -0.50000000000000000          0.0000000000000000         0.21111111111111108     
        2325   -0.50000000000000000          0.0000000000000000         0.26388888888888884     
        2326   -0.50000000000000000          5.2777777777777812E-002    0.21111111111111108     
        2327   -0.50000000000000000          0.0000000000000000         0.31666666666666660     
        2328   -0.50000000000000000          0.0000000000000000         0.36944444444444435     
        2329   -0.50000000000000000          5.2777777777777812E-002    0.31666666666666660     
        2330   -0.50000000000000000          0.0000000000000000         0.42222222222222217     
        2331   -0.50000000000000000          5.2777777777777812E-002    0.42222222222222217     
        2332   -0.49999999983253191         0.10555555555555557        -0.42222222205475413     
        2333   -0.50000000000000000         0.10555555555555557        -0.36944444444444446     
        2334   -0.49999999983253191         0.15833333333333333        -0.42222222205475413     
        2335   -0.50000000000000000         0.10555555555555557        -0.31666666666666671     
        2336   -0.50000000000000000         0.10555555555555557        -0.26388888888888895     
        2337   -0.50000000000000000         0.15833333333333333        -0.31666666666666671     
        2338   -0.50000000000000000         0.10555555555555557        -0.21111111111111114     
        2339   -0.50000000000000000         0.10555555555555557        -0.15833333333333333     
        2340   -0.50000000000000000         0.15833333333333333        -0.21111111111111114     
        2341   -0.50000000000000000         0.10555555555555557        -0.10555555555555557     
        2342   -0.50000000000000000         0.10555555555555557         -5.2777777777777812E-002
        2343   -0.50000000000000000         0.15833333333333333        -0.10555555555555557     
        2344   -0.50000000000000000         0.10555555555555557          0.0000000000000000     
        2345   -0.50000000000000000         0.10555555555555557          5.2777777777777812E-002
        2346   -0.50000000000000000         0.15833333333333333          0.0000000000000000     
        2347   -0.50000000000000000         0.10555555555555557         0.10555555555555557     
        2348   -0.50000000000000000         0.10555555555555557         0.15833333333333333     
        2349   -0.50000000000000000         0.15833333333333333         0.10555555555555557     
        2350   -0.50000000000000000         0.10555555555555557         0.21111111111111108     
        2351   -0.50000000000000000         0.10555555555555557         0.26388888888888884     
        2352   -0.50000000000000000         0.15833333333333333         0.21111111111111108     
        2353   -0.50000000000000000         0.10555555555555557         0.31666666666666660     
        2354   -0.50000000000000000         0.10555555555555557         0.36944444444444435     
        2355   -0.50000000000000000         0.15833333333333333         0.31666666666666660     
        2356   -0.50000000000000000         0.10555555555555557         0.42222222222222217     
        2357   -0.50000000000000000         0.15833333333333333         0.42222222222222217     
        2358   -0.49999999983253191         0.21111111111111108        -0.42222222205475413     
        2359   -0.50000000000000000         0.21111111111111108        -0.36944444444444446     
        2360   -0.49999999983253191         0.26388888888888884        -0.42222222205475413     
        2361   -0.50000000000000000         0.21111111111111108        -0.31666666666666671     
        2362   -0.50000000000000000         0.21111111111111108        -0.26388888888888895     
        2363   -0.50000000000000000         0.26388888888888884        -0.31666666666666671     
        2364   -0.50000000000000000         0.21111111111111108        -0.21111111111111114     
        2365   -0.50000000000000000         0.21111111111111108        -0.15833333333333333     
        2366   -0.50000000000000000         0.26388888888888884        -0.21111111111111114     
        2367   -0.50000000000000000         0.21111111111111108        -0.10555555555555557     
        2368   -0.50000000000000000         0.21111111111111108         -5.2777777777777812E-002
        2369   -0.50000000000000000         0.26388888888888884        -0.10555555555555557     
        2370   -0.50000000000000000         0.21111111111111108          0.0000000000000000     
        2371   -0.50000000000000000         0.21111111111111108          5.2777777777777812E-002
        2372   -0.50000000000000000         0.26388888888888884          0.0000000000000000     
        2373   -0.50000000000000000         0.21111111111111108         0.10555555555555557     
        2374   -0.50000000000000000         0.21111111111111108         0.15833333333333333     
        2375   -0.50000000000000000         0.26388888888888884         0.10555555555555557     
        2376   -0.50000000000000000         0.21111111111111108         0.21111111111111108     
        2377   -0.50000000000000000         0.21111111111111108         0.26388888888888884     
        2378   -0.50000000000000000         0.26388888888888884         0.21111111111111108     
        2379   -0.50000000000000000         0.21111111111111108         0.31666666666666660     
        2380   -0.50000000000000000         0.21111111111111108         0.36944444444444435     
        2381   -0.50000000000000000         0.26388888888888884         0.31666666666666660     
        2382   -0.50000000000000000         0.21111111111111108         0.42222222222222217     
        2383   -0.50000000000000000         0.26388888888888884         0.42222222222222217     
        2384   -0.49999999983253191         0.31666666666666660        -0.42222222205475413     
        2385   -0.50000000000000000         0.31666666666666660        -0.36944444444444446     
        2386   -0.49999999983253191         0.36944444444444435        -0.42222222205475413     
        2387   -0.50000000000000000         0.31666666666666660        -0.31666666666666671     
        2388   -0.50000000000000000         0.31666666666666660        -0.26388888888888895     
        2389   -0.50000000000000000         0.36944444444444435        -0.31666666666666671     
        2390   -0.50000000000000000         0.31666666666666660        -0.21111111111111114     
        2391   -0.50000000000000000         0.31666666666666660        -0.15833333333333333     
        2392   -0.50000000000000000         0.36944444444444435        -0.21111111111111114     
        2393   -0.50000000000000000         0.31666666666666660        -0.10555555555555557     
        2394   -0.50000000000000000         0.31666666666666660         -5.2777777777777812E-002
        2395   -0.50000000000000000         0.36944444444444435        -0.10555555555555557     
        2396   -0.50000000000000000         0.31666666666666660          0.0000000000000000     
        2397   -0.50000000000000000         0.31666666666666660          5.2777777777777812E-002
        2398   -0.50000000000000000         0.36944444444444435          0.0000000000000000     
        2399   -0.50000000000000000         0.31666666666666660         0.10555555555555557     
        2400   -0.50000000000000000         0.31666666666666660         0.15833333333333333     
        2401   -0.50000000000000000         0.36944444444444435         0.10555555555555557     
        2402   -0.50000000000000000         0.31666666666666660         0.21111111111111108     
        2403   -0.50000000000000000         0.31666666666666660         0.26388888888888884     
        2404   -0.50000000000000000         0.36944444444444435         0.21111111111111108     
        2405   -0.50000000000000000         0.31666666666666660         0.31666666666666660     
        2406   -0.50000000000000000         0.31666666666666660         0.36944444444444435     
        2407   -0.50000000000000000         0.36944444444444435         0.31666666666666660     
        2408   -0.50000000000000000         0.31666666666666660         0.42222222222222217     
        2409   -0.50000000000000000         0.36944444444444435         0.42222222222222217     
        2410   -0.50000002612502348         0.42222222222222217        -0.42222219542732492     
        2411   -0.50000002329667326         0.42222222222222217        -0.36944441764954722     
        2412   -0.50000002329667326         0.42222222222222217        -0.31666663987176946     
        2413   -0.50000002046832304         0.42222222222222217        -0.26388886209399176     
        2414   -0.50000002046832304         0.42222222222222217        -0.21111108431621395     
        2415   -0.50000001763997282         0.42222222222222217        -0.15833330653843625     
        2416   -0.50000001763997282         0.42222222222222217        -0.10555552876065849     
        2417   -0.50000001481162271         0.42222222222222217         -5.2777750982880844E-002
        2418   -0.50000001481162271         0.42222222222222217          2.6794896967885506E-008
        2419   -0.50000001198327249         0.42222222222222217          5.2777804572674725E-002
        2420   -0.50000001198327249         0.42222222222222217         0.10555558235045248     
        2421   -0.50000000915492226         0.42222222222222217         0.15833336012823013     
        2422   -0.50000000915492226         0.42222222222222217         0.21111113790600788     
        2423   -0.50000000632657204         0.42222222222222217         0.26388891568378564     
        2424   -0.50000000632657204         0.42222222222222217         0.31666669346156340     
        2425   -0.50000000349822193         0.42222222222222217         0.36944447123934110     
        2426   -0.50000000349822193         0.42222222222222217         0.42222224901711891     
 $EndNodes
 $Elements
        1212
       1        1        1        1        1        2        1       11      609      610      611 
       2        2        2        2        2        2       11       12      611      612      613 
       3        3        3        3        3        3        2       12      614      613      615 
       4        4        4        4        4        3       12       13      615      616      617 
       5        5        5        5        5        4        3       13      618      617      619 
       6        6        6        6        6        4       13       14      619      620      621 
       7        7        7        7        7        5        4       14      622      621      623 
       8        8        8        8        8        5       14       15      623      624      625 
       9        9        9        9        9        6        5       15      626      625      627 
      10       10       10       10       10        6       15       16      627      628      629 
      11       11       11       11       11        7        6       16      630      629      631 
      12       12       12       12       12        7       16       17      631      632      633 
      13       13       13       13       13        8        7       17      634      633      635 
      14       14       14       14       14        8       17       18      635      636      637 
      15       15       15       15       15        9        8       18      638      637      639 
      16       16       16       16       16        9       18       19      639      640      641 
      17       17       17       17       17       10        9       19      642      641      643 
      18       18       18       18       18       10       19       20      643      644      645 
      19       19       19       19       19       10       20       22      645      646      647 
      20       20       20       20       20       20       21       22      648      649      646 
      21       21       21       21       21       21       10       22      650      647      649 
      22       22       22       22       22       23       21       20      651      648      652 
      23       23       23       23       23       23       20       32      652      653      654 
      24       24       24       24       24       24       23       32      655      654      656 
      25       25       25       25       25       24       32       33      656      657      658 
      26       26       26       26       26       25       24       33      659      658      660 
      27       27       27       27       27       25       33       34      660      661      662 
      28       28       28       28       28       26       25       34      663      662      664 
      29       29       29       29       29       26       34       35      664      665      666 
      30       30       30       30       30       27       26       35      667      666      668 
      31       31       31       31       31       27       35       36      668      669      670 
      32       32       32       32       32       28       27       36      671      670      672 
      33       33       33       33       33       28       36       37      672      673      674 
      34       34       34       34       34       29       28       37      675      674      676 
      35       35       35       35       35       29       37       38      676      677      678 
      36       36       36       36       36       30       29       38      679      678      680 
      37       37       37       37       37       30       38       39      680      681      682 
      38       38       38       38       38       31       30       39      683      682      684 
      39       39       39       39       39       31       39       40      684      685      686 
      40       40       40       40       40       31       40       42      686      687      688 
      41       41       41       41       41       40       41       42      689      690      687 
      42       42       42       42       42       41       31       42      691      688      690 
      43       43       43       43       43       43       41       40      692      689      693 
      44       44       44       44       44       43       40       52      693      694      695 
      45       45       45       45       45       44       43       52      696      695      697 
      46       46       46       46       46       44       52       53      697      698      699 
      47       47       47       47       47       45       44       53      700      699      701 
      48       48       48       48       48       45       53       54      701      702      703 
      49       49       49       49       49       46       45       54      704      703      705 
      50       50       50       50       50       46       54       55      705      706      707 
      51       51       51       51       51       47       46       55      708      707      709 
      52       52       52       52       52       47       55       56      709      710      711 
      53       53       53       53       53       48       47       56      712      711      713 
      54       54       54       54       54       48       56       57      713      714      715 
      55       55       55       55       55       49       48       57      716      715      717 
      56       56       56       56       56       49       57       58      717      718      719 
      57       57       57       57       57       50       49       58      720      719      721 
      58       58       58       58       58       50       58       59      721      722      723 
      59       59       59       59       59       51       50       59      724      723      725 
      60       60       60       60       60       51       59       60      725      726      727 
      61       61       61       61       61       51       60       62      727      728      729 
      62       62       62       62       62       60       61       62      730      731      728 
      63       63       63       63       63       61       51       62      732      729      731 
      64       64       64       64       64       63       61       60      733      730      734 
      65       65       65       65       65       63       60       72      734      735      736 
      66       66       66       66       66       64       63       72      737      736      738 
      67       67       67       67       67       64       72       73      738      739      740 
      68       68       68       68       68       65       64       73      741      740      742 
      69       69       69       69       69       65       73       74      742      743      744 
      70       70       70       70       70       66       65       74      745      744      746 
      71       71       71       71       71       66       74       75      746      747      748 
      72       72       72       72       72       67       66       75      749      748      750 
      73       73       73       73       73       67       75       76      750      751      752 
      74       74       74       74       74       68       67       76      753      752      754 
      75       75       75       75       75       68       76       77      754      755      756 
      76       76       76       76       76       69       68       77      757      756      758 
      77       77       77       77       77       69       77       78      758      759      760 
      78       78       78       78       78       70       69       78      761      760      762 
      79       79       79       79       79       70       78       79      762      763      764 
      80       80       80       80       80       71       70       79      765      764      766 
      81       81       81       81       81       71       79       11      766      767      768 
      82       82       82       82       82       71       11       80      768      769      770 
      83       83       83       83       83       11        1       80      610      771      769 
      84       84       84       84       84        1       71       80      772      770      771 
      85       85       85       85       85       60       59       72      726      773      735 
      86       86       86       86       86       72       59       81      773      774      775 
      87       87       87       87       87       59       58       81      722      776      774 
      88       88       88       88       88       81       58       82      776      777      778 
      89       89       89       89       89       58       57       82      718      779      777 
      90       90       90       90       90       82       57       83      779      780      781 
      91       91       91       91       91       57       56       83      714      782      780 
      92       92       92       92       92       83       56       84      782      783      784 
      93       93       93       93       93       56       55       84      710      785      783 
      94       94       94       94       94       84       55       85      785      786      787 
      95       95       95       95       95       55       54       85      706      788      786 
      96       96       96       96       96       85       54       86      788      789      790 
      97       97       97       97       97       54       53       86      702      791      789 
      98       98       98       98       98       86       53       87      791      792      793 
      99       99       99       99       99       53       52       87      698      794      792 
     100      100      100      100      100       87       52       88      794      795      796 
     101      101      101      101      101       52       40       88      694      797      795 
     102      102      102      102      102       88       40       39      797      685      798 
     103      103      103      103      103       72       81       73      775      799      739 
     104      104      104      104      104       73       81       89      799      800      801 
     105      105      105      105      105       81       82       89      778      802      800 
     106      106      106      106      106       89       82       90      802      803      804 
     107      107      107      107      107       82       83       90      781      805      803 
     108      108      108      108      108       90       83       91      805      806      807 
     109      109      109      109      109       83       84       91      784      808      806 
     110      110      110      110      110       91       84       92      808      809      810 
     111      111      111      111      111       84       85       92      787      811      809 
     112      112      112      112      112       92       85       93      811      812      813 
     113      113      113      113      113       85       86       93      790      814      812 
     114      114      114      114      114       93       86       94      814      815      816 
     115      115      115      115      115       86       87       94      793      817      815 
     116      116      116      116      116       94       87       95      817      818      819 
     117      117      117      117      117       87       88       95      796      820      818 
     118      118      118      118      118       95       88       96      820      821      822 
     119      119      119      119      119       88       39       96      798      823      821 
     120      120      120      120      120       96       39       38      823      681      824 
     121      121      121      121      121       73       89       74      801      825      743 
     122      122      122      122      122       74       89       97      825      826      827 
     123      123      123      123      123       89       90       97      804      828      826 
     124      124      124      124      124       97       90       98      828      829      830 
     125      125      125      125      125       90       91       98      807      831      829 
     126      126      126      126      126       98       91       99      831      832      833 
     127      127      127      127      127       91       92       99      810      834      832 
     128      128      128      128      128       99       92      100      834      835      836 
     129      129      129      129      129       92       93      100      813      837      835 
     130      130      130      130      130      100       93      101      837      838      839 
     131      131      131      131      131       93       94      101      816      840      838 
     132      132      132      132      132      101       94      102      840      841      842 
     133      133      133      133      133       94       95      102      819      843      841 
     134      134      134      134      134      102       95      103      843      844      845 
     135      135      135      135      135       95       96      103      822      846      844 
     136      136      136      136      136      103       96      104      846      847      848 
     137      137      137      137      137       96       38      104      824      849      847 
     138      138      138      138      138      104       38       37      849      677      850 
     139      139      139      139      139       74       97       75      827      851      747 
     140      140      140      140      140       75       97      105      851      852      853 
     141      141      141      141      141       97       98      105      830      854      852 
     142      142      142      142      142      105       98      106      854      855      856 
     143      143      143      143      143       98       99      106      833      857      855 
     144      144      144      144      144      106       99      107      857      858      859 
     145      145      145      145      145       99      100      107      836      860      858 
     146      146      146      146      146      107      100      108      860      861      862 
     147      147      147      147      147      100      101      108      839      863      861 
     148      148      148      148      148      108      101      109      863      864      865 
     149      149      149      149      149      101      102      109      842      866      864 
     150      150      150      150      150      109      102      110      866      867      868 
     151      151      151      151      151      102      103      110      845      869      867 
     152      152      152      152      152      110      103      111      869      870      871 
     153      153      153      153      153      103      104      111      848      872      870 
     154      154      154      154      154      111      104      112      872      873      874 
     155      155      155      155      155      104       37      112      850      875      873 
     156      156      156      156      156      112       37       36      875      673      876 
     157      157      157      157      157       75      105       76      853      877      751 
     158      158      158      158      158       76      105      113      877      878      879 
     159      159      159      159      159      105      106      113      856      880      878 
     160      160      160      160      160      113      106      114      880      881      882 
     161      161      161      161      161      106      107      114      859      883      881 
     162      162      162      162      162      114      107      115      883      884      885 
     163      163      163      163      163      107      108      115      862      886      884 
     164      164      164      164      164      115      108      116      886      887      888 
     165      165      165      165      165      108      109      116      865      889      887 
     166      166      166      166      166      116      109      117      889      890      891 
     167      167      167      167      167      109      110      117      868      892      890 
     168      168      168      168      168      117      110      118      892      893      894 
     169      169      169      169      169      110      111      118      871      895      893 
     170      170      170      170      170      118      111      119      895      896      897 
     171      171      171      171      171      111      112      119      874      898      896 
     172      172      172      172      172      119      112      120      898      899      900 
     173      173      173      173      173      112       36      120      876      901      899 
     174      174      174      174      174      120       36       35      901      669      902 
     175      175      175      175      175       76      113       77      879      903      755 
     176      176      176      176      176       77      113      121      903      904      905 
     177      177      177      177      177      113      114      121      882      906      904 
     178      178      178      178      178      121      114      122      906      907      908 
     179      179      179      179      179      114      115      122      885      909      907 
     180      180      180      180      180      122      115      123      909      910      911 
     181      181      181      181      181      115      116      123      888      912      910 
     182      182      182      182      182      123      116      124      912      913      914 
     183      183      183      183      183      116      117      124      891      915      913 
     184      184      184      184      184      124      117      125      915      916      917 
     185      185      185      185      185      117      118      125      894      918      916 
     186      186      186      186      186      125      118      126      918      919      920 
     187      187      187      187      187      118      119      126      897      921      919 
     188      188      188      188      188      126      119      127      921      922      923 
     189      189      189      189      189      119      120      127      900      924      922 
     190      190      190      190      190      127      120      128      924      925      926 
     191      191      191      191      191      120       35      128      902      927      925 
     192      192      192      192      192      128       35       34      927      665      928 
     193      193      193      193      193       77      121       78      905      929      759 
     194      194      194      194      194       78      121      129      929      930      931 
     195      195      195      195      195      121      122      129      908      932      930 
     196      196      196      196      196      129      122      130      932      933      934 
     197      197      197      197      197      122      123      130      911      935      933 
     198      198      198      198      198      130      123      131      935      936      937 
     199      199      199      199      199      123      124      131      914      938      936 
     200      200      200      200      200      131      124      132      938      939      940 
     201      201      201      201      201      124      125      132      917      941      939 
     202      202      202      202      202      132      125      133      941      942      943 
     203      203      203      203      203      125      126      133      920      944      942 
     204      204      204      204      204      133      126      134      944      945      946 
     205      205      205      205      205      126      127      134      923      947      945 
     206      206      206      206      206      134      127      135      947      948      949 
     207      207      207      207      207      127      128      135      926      950      948 
     208      208      208      208      208      135      128      136      950      951      952 
     209      209      209      209      209      128       34      136      928      953      951 
     210      210      210      210      210      136       34       33      953      661      954 
     211      211      211      211      211       78      129       79      931      955      763 
     212      212      212      212      212       79      129      137      955      956      957 
     213      213      213      213      213      129      130      137      934      958      956 
     214      214      214      214      214      137      130      138      958      959      960 
     215      215      215      215      215      130      131      138      937      961      959 
     216      216      216      216      216      138      131      139      961      962      963 
     217      217      217      217      217      131      132      139      940      964      962 
     218      218      218      218      218      139      132      140      964      965      966 
     219      219      219      219      219      132      133      140      943      967      965 
     220      220      220      220      220      140      133      141      967      968      969 
     221      221      221      221      221      133      134      141      946      970      968 
     222      222      222      222      222      141      134      142      970      971      972 
     223      223      223      223      223      134      135      142      949      973      971 
     224      224      224      224      224      142      135      143      973      974      975 
     225      225      225      225      225      135      136      143      952      976      974 
     226      226      226      226      226      143      136      144      976      977      978 
     227      227      227      227      227      136       33      144      954      979      977 
     228      228      228      228      228      144       33       32      979      657      980 
     229      229      229      229      229       79      137       11      957      981      767 
     230      230      230      230      230       11      137       12      981      982      612 
     231      231      231      231      231      137      138       12      960      983      982 
     232      232      232      232      232       12      138       13      983      984      616 
     233      233      233      233      233      138      139       13      963      985      984 
     234      234      234      234      234       13      139       14      985      986      620 
     235      235      235      235      235      139      140       14      966      987      986 
     236      236      236      236      236       14      140       15      987      988      624 
     237      237      237      237      237      140      141       15      969      989      988 
     238      238      238      238      238       15      141       16      989      990      628 
     239      239      239      239      239      141      142       16      972      991      990 
     240      240      240      240      240       16      142       17      991      992      632 
     241      241      241      241      241      142      143       17      975      993      992 
     242      242      242      242      242       17      143       18      993      994      636 
     243      243      243      243      243      143      144       18      978      995      994 
     244      244      244      244      244       18      144       19      995      996      640 
     245      245      245      245      245      144       32       19      980      997      996 
     246      246      246      246      246       19       32       20      997      653      644 
     247      247      247      247      247      146      145      155      998      999     1000 
     248      248      248      248      248      146      155      156     1000     1001     1002 
     249      249      249      249      249      147      146      156     1003     1002     1004 
     250      250      250      250      250      147      156      157     1004     1005     1006 
     251      251      251      251      251      148      147      157     1007     1006     1008 
     252      252      252      252      252      148      157      158     1008     1009     1010 
     253      253      253      253      253      149      148      158     1011     1010     1012 
     254      254      254      254      254      149      158      159     1012     1013     1014 
     255      255      255      255      255      150      149      159     1015     1014     1016 
     256      256      256      256      256      150      159      160     1016     1017     1018 
     257      257      257      257      257      151      150      160     1019     1018     1020 
     258      258      258      258      258      151      160      161     1020     1021     1022 
     259      259      259      259      259      152      151      161     1023     1022     1024 
     260      260      260      260      260      152      161      162     1024     1025     1026 
     261      261      261      261      261      153      152      162     1027     1026     1028 
     262      262      262      262      262      153      162      163     1028     1029     1030 
     263      263      263      263      263      154      153      163     1031     1030     1032 
     264      264      264      264      264      154      163      164     1032     1033     1034 
     265      265      265      265      265      154      164      166     1034     1035     1036 
     266      266      266      266      266      164      165      166     1037     1038     1035 
     267      267      267      267      267      165      154      166     1039     1036     1038 
     268      268      268      268      268      167      165      164     1040     1037     1041 
     269      269      269      269      269      167      164      176     1041     1042     1043 
     270      270      270      270      270      168      167      176     1044     1043     1045 
     271      271      271      271      271      168      176      177     1045     1046     1047 
     272      272      272      272      272      169      168      177     1048     1047     1049 
     273      273      273      273      273      169      177      178     1049     1050     1051 
     274      274      274      274      274      170      169      178     1052     1051     1053 
     275      275      275      275      275      170      178      179     1053     1054     1055 
     276      276      276      276      276      171      170      179     1056     1055     1057 
     277      277      277      277      277      171      179      180     1057     1058     1059 
     278      278      278      278      278      172      171      180     1060     1059     1061 
     279      279      279      279      279      172      180      181     1061     1062     1063 
     280      280      280      280      280      173      172      181     1064     1063     1065 
     281      281      281      281      281      173      181      182     1065     1066     1067 
     282      282      282      282      282      174      173      182     1068     1067     1069 
     283      283      283      283      283      174      182      183     1069     1070     1071 
     284      284      284      284      284      175      174      183     1072     1071     1073 
     285      285      285      285      285      175      183      184     1073     1074     1075 
     286      286      286      286      286      175      184      186     1075     1076     1077 
     287      287      287      287      287      184      185      186     1078     1079     1076 
     288      288      288      288      288      185      175      186     1080     1077     1079 
     289      289      289      289      289      187      185      184     1081     1078     1082 
     290      290      290      290      290      187      184      196     1082     1083     1084 
     291      291      291      291      291      188      187      196     1085     1084     1086 
     292      292      292      292      292      188      196      197     1086     1087     1088 
     293      293      293      293      293      189      188      197     1089     1088     1090 
     294      294      294      294      294      189      197      198     1090     1091     1092 
     295      295      295      295      295      190      189      198     1093     1092     1094 
     296      296      296      296      296      190      198      199     1094     1095     1096 
     297      297      297      297      297      191      190      199     1097     1096     1098 
     298      298      298      298      298      191      199      200     1098     1099     1100 
     299      299      299      299      299      192      191      200     1101     1100     1102 
     300      300      300      300      300      192      200      201     1102     1103     1104 
     301      301      301      301      301      193      192      201     1105     1104     1106 
     302      302      302      302      302      193      201      202     1106     1107     1108 
     303      303      303      303      303      194      193      202     1109     1108     1110 
     304      304      304      304      304      194      202      203     1110     1111     1112 
     305      305      305      305      305      195      194      203     1113     1112     1114 
     306      306      306      306      306      195      203      204     1114     1115     1116 
     307      307      307      307      307      195      204      206     1116     1117     1118 
     308      308      308      308      308      204      205      206     1119     1120     1117 
     309      309      309      309      309      205      195      206     1121     1118     1120 
     310      310      310      310      310      207      205      204     1122     1119     1123 
     311      311      311      311      311      207      204      216     1123     1124     1125 
     312      312      312      312      312      208      207      216     1126     1125     1127 
     313      313      313      313      313      208      216      217     1127     1128     1129 
     314      314      314      314      314      209      208      217     1130     1129     1131 
     315      315      315      315      315      209      217      218     1131     1132     1133 
     316      316      316      316      316      210      209      218     1134     1133     1135 
     317      317      317      317      317      210      218      219     1135     1136     1137 
     318      318      318      318      318      211      210      219     1138     1137     1139 
     319      319      319      319      319      211      219      220     1139     1140     1141 
     320      320      320      320      320      212      211      220     1142     1141     1143 
     321      321      321      321      321      212      220      221     1143     1144     1145 
     322      322      322      322      322      213      212      221     1146     1145     1147 
     323      323      323      323      323      213      221      222     1147     1148     1149 
     324      324      324      324      324      214      213      222     1150     1149     1151 
     325      325      325      325      325      214      222      223     1151     1152     1153 
     326      326      326      326      326      215      214      223     1154     1153     1155 
     327      327      327      327      327      215      223      155     1155     1156     1157 
     328      328      328      328      328      215      155      224     1157     1158     1159 
     329      329      329      329      329      155      145      224      999     1160     1158 
     330      330      330      330      330      145      215      224     1161     1159     1160 
     331      331      331      331      331      204      203      216     1115     1162     1124 
     332      332      332      332      332      216      203      225     1162     1163     1164 
     333      333      333      333      333      203      202      225     1111     1165     1163 
     334      334      334      334      334      225      202      226     1165     1166     1167 
     335      335      335      335      335      202      201      226     1107     1168     1166 
     336      336      336      336      336      226      201      227     1168     1169     1170 
     337      337      337      337      337      201      200      227     1103     1171     1169 
     338      338      338      338      338      227      200      228     1171     1172     1173 
     339      339      339      339      339      200      199      228     1099     1174     1172 
     340      340      340      340      340      228      199      229     1174     1175     1176 
     341      341      341      341      341      199      198      229     1095     1177     1175 
     342      342      342      342      342      229      198      230     1177     1178     1179 
     343      343      343      343      343      198      197      230     1091     1180     1178 
     344      344      344      344      344      230      197      231     1180     1181     1182 
     345      345      345      345      345      197      196      231     1087     1183     1181 
     346      346      346      346      346      231      196      232     1183     1184     1185 
     347      347      347      347      347      196      184      232     1083     1186     1184 
     348      348      348      348      348      232      184      183     1186     1074     1187 
     349      349      349      349      349      216      225      217     1164     1188     1128 
     350      350      350      350      350      217      225      233     1188     1189     1190 
     351      351      351      351      351      225      226      233     1167     1191     1189 
     352      352      352      352      352      233      226      234     1191     1192     1193 
     353      353      353      353      353      226      227      234     1170     1194     1192 
     354      354      354      354      354      234      227      235     1194     1195     1196 
     355      355      355      355      355      227      228      235     1173     1197     1195 
     356      356      356      356      356      235      228      236     1197     1198     1199 
     357      357      357      357      357      228      229      236     1176     1200     1198 
     358      358      358      358      358      236      229      237     1200     1201     1202 
     359      359      359      359      359      229      230      237     1179     1203     1201 
     360      360      360      360      360      237      230      238     1203     1204     1205 
     361      361      361      361      361      230      231      238     1182     1206     1204 
     362      362      362      362      362      238      231      239     1206     1207     1208 
     363      363      363      363      363      231      232      239     1185     1209     1207 
     364      364      364      364      364      239      232      240     1209     1210     1211 
     365      365      365      365      365      232      183      240     1187     1212     1210 
     366      366      366      366      366      240      183      182     1212     1070     1213 
     367      367      367      367      367      217      233      218     1190     1214     1132 
     368      368      368      368      368      218      233      241     1214     1215     1216 
     369      369      369      369      369      233      234      241     1193     1217     1215 
     370      370      370      370      370      241      234      242     1217     1218     1219 
     371      371      371      371      371      234      235      242     1196     1220     1218 
     372      372      372      372      372      242      235      243     1220     1221     1222 
     373      373      373      373      373      235      236      243     1199     1223     1221 
     374      374      374      374      374      243      236      244     1223     1224     1225 
     375      375      375      375      375      236      237      244     1202     1226     1224 
     376      376      376      376      376      244      237      245     1226     1227     1228 
     377      377      377      377      377      237      238      245     1205     1229     1227 
     378      378      378      378      378      245      238      246     1229     1230     1231 
     379      379      379      379      379      238      239      246     1208     1232     1230 
     380      380      380      380      380      246      239      247     1232     1233     1234 
     381      381      381      381      381      239      240      247     1211     1235     1233 
     382      382      382      382      382      247      240      248     1235     1236     1237 
     383      383      383      383      383      240      182      248     1213     1238     1236 
     384      384      384      384      384      248      182      181     1238     1066     1239 
     385      385      385      385      385      218      241      219     1216     1240     1136 
     386      386      386      386      386      219      241      249     1240     1241     1242 
     387      387      387      387      387      241      242      249     1219     1243     1241 
     388      388      388      388      388      249      242      250     1243     1244     1245 
     389      389      389      389      389      242      243      250     1222     1246     1244 
     390      390      390      390      390      250      243      251     1246     1247     1248 
     391      391      391      391      391      243      244      251     1225     1249     1247 
     392      392      392      392      392      251      244      252     1249     1250     1251 
     393      393      393      393      393      244      245      252     1228     1252     1250 
     394      394      394      394      394      252      245      253     1252     1253     1254 
     395      395      395      395      395      245      246      253     1231     1255     1253 
     396      396      396      396      396      253      246      254     1255     1256     1257 
     397      397      397      397      397      246      247      254     1234     1258     1256 
     398      398      398      398      398      254      247      255     1258     1259     1260 
     399      399      399      399      399      247      248      255     1237     1261     1259 
     400      400      400      400      400      255      248      256     1261     1262     1263 
     401      401      401      401      401      248      181      256     1239     1264     1262 
     402      402      402      402      402      256      181      180     1264     1062     1265 
     403      403      403      403      403      219      249      220     1242     1266     1140 
     404      404      404      404      404      220      249      257     1266     1267     1268 
     405      405      405      405      405      249      250      257     1245     1269     1267 
     406      406      406      406      406      257      250      258     1269     1270     1271 
     407      407      407      407      407      250      251      258     1248     1272     1270 
     408      408      408      408      408      258      251      259     1272     1273     1274 
     409      409      409      409      409      251      252      259     1251     1275     1273 
     410      410      410      410      410      259      252      260     1275     1276     1277 
     411      411      411      411      411      252      253      260     1254     1278     1276 
     412      412      412      412      412      260      253      261     1278     1279     1280 
     413      413      413      413      413      253      254      261     1257     1281     1279 
     414      414      414      414      414      261      254      262     1281     1282     1283 
     415      415      415      415      415      254      255      262     1260     1284     1282 
     416      416      416      416      416      262      255      263     1284     1285     1286 
     417      417      417      417      417      255      256      263     1263     1287     1285 
     418      418      418      418      418      263      256      264     1287     1288     1289 
     419      419      419      419      419      256      180      264     1265     1290     1288 
     420      420      420      420      420      264      180      179     1290     1058     1291 
     421      421      421      421      421      220      257      221     1268     1292     1144 
     422      422      422      422      422      221      257      265     1292     1293     1294 
     423      423      423      423      423      257      258      265     1271     1295     1293 
     424      424      424      424      424      265      258      266     1295     1296     1297 
     425      425      425      425      425      258      259      266     1274     1298     1296 
     426      426      426      426      426      266      259      267     1298     1299     1300 
     427      427      427      427      427      259      260      267     1277     1301     1299 
     428      428      428      428      428      267      260      268     1301     1302     1303 
     429      429      429      429      429      260      261      268     1280     1304     1302 
     430      430      430      430      430      268      261      269     1304     1305     1306 
     431      431      431      431      431      261      262      269     1283     1307     1305 
     432      432      432      432      432      269      262      270     1307     1308     1309 
     433      433      433      433      433      262      263      270     1286     1310     1308 
     434      434      434      434      434      270      263      271     1310     1311     1312 
     435      435      435      435      435      263      264      271     1289     1313     1311 
     436      436      436      436      436      271      264      272     1313     1314     1315 
     437      437      437      437      437      264      179      272     1291     1316     1314 
     438      438      438      438      438      272      179      178     1316     1054     1317 
     439      439      439      439      439      221      265      222     1294     1318     1148 
     440      440      440      440      440      222      265      273     1318     1319     1320 
     441      441      441      441      441      265      266      273     1297     1321     1319 
     442      442      442      442      442      273      266      274     1321     1322     1323 
     443      443      443      443      443      266      267      274     1300     1324     1322 
     444      444      444      444      444      274      267      275     1324     1325     1326 
     445      445      445      445      445      267      268      275     1303     1327     1325 
     446      446      446      446      446      275      268      276     1327     1328     1329 
     447      447      447      447      447      268      269      276     1306     1330     1328 
     448      448      448      448      448      276      269      277     1330     1331     1332 
     449      449      449      449      449      269      270      277     1309     1333     1331 
     450      450      450      450      450      277      270      278     1333     1334     1335 
     451      451      451      451      451      270      271      278     1312     1336     1334 
     452      452      452      452      452      278      271      279     1336     1337     1338 
     453      453      453      453      453      271      272      279     1315     1339     1337 
     454      454      454      454      454      279      272      280     1339     1340     1341 
     455      455      455      455      455      272      178      280     1317     1342     1340 
     456      456      456      456      456      280      178      177     1342     1050     1343 
     457      457      457      457      457      222      273      223     1320     1344     1152 
     458      458      458      458      458      223      273      281     1344     1345     1346 
     459      459      459      459      459      273      274      281     1323     1347     1345 
     460      460      460      460      460      281      274      282     1347     1348     1349 
     461      461      461      461      461      274      275      282     1326     1350     1348 
     462      462      462      462      462      282      275      283     1350     1351     1352 
     463      463      463      463      463      275      276      283     1329     1353     1351 
     464      464      464      464      464      283      276      284     1353     1354     1355 
     465      465      465      465      465      276      277      284     1332     1356     1354 
     466      466      466      466      466      284      277      285     1356     1357     1358 
     467      467      467      467      467      277      278      285     1335     1359     1357 
     468      468      468      468      468      285      278      286     1359     1360     1361 
     469      469      469      469      469      278      279      286     1338     1362     1360 
     470      470      470      470      470      286      279      287     1362     1363     1364 
     471      471      471      471      471      279      280      287     1341     1365     1363 
     472      472      472      472      472      287      280      288     1365     1366     1367 
     473      473      473      473      473      280      177      288     1343     1368     1366 
     474      474      474      474      474      288      177      176     1368     1046     1369 
     475      475      475      475      475      223      281      155     1346     1370     1156 
     476      476      476      476      476      155      281      156     1370     1371     1001 
     477      477      477      477      477      281      282      156     1349     1372     1371 
     478      478      478      478      478      156      282      157     1372     1373     1005 
     479      479      479      479      479      282      283      157     1352     1374     1373 
     480      480      480      480      480      157      283      158     1374     1375     1009 
     481      481      481      481      481      283      284      158     1355     1376     1375 
     482      482      482      482      482      158      284      159     1376     1377     1013 
     483      483      483      483      483      284      285      159     1358     1378     1377 
     484      484      484      484      484      159      285      160     1378     1379     1017 
     485      485      485      485      485      285      286      160     1361     1380     1379 
     486      486      486      486      486      160      286      161     1380     1381     1021 
     487      487      487      487      487      286      287      161     1364     1382     1381 
     488      488      488      488      488      161      287      162     1382     1383     1025 
     489      489      489      489      489      287      288      162     1367     1384     1383 
     490      490      490      490      490      162      288      163     1384     1385     1029 
     491      491      491      491      491      288      176      163     1369     1386     1385 
     492      492      492      492      492      163      176      164     1386     1042     1033 
     493      493      493      493      493      194      195      289     1113     1387     1388 
     494      494      494      494      494      194      289      290     1388     1389     1390 
     495      495      495      495      495      193      194      290     1109     1390     1391 
     496      496      496      496      496      193      290      291     1391     1392     1393 
     497      497      497      497      497      192      193      291     1105     1393     1394 
     498      498      498      498      498      192      291      292     1394     1395     1396 
     499      499      499      499      499      191      192      292     1101     1396     1397 
     500      500      500      500      500      191      292      293     1397     1398     1399 
     501      501      501      501      501      190      191      293     1097     1399     1400 
     502      502      502      502      502      190      293      294     1400     1401     1402 
     503      503      503      503      503      189      190      294     1093     1402     1403 
     504      504      504      504      504      189      294      295     1403     1404     1405 
     505      505      505      505      505      188      189      295     1089     1405     1406 
     506      506      506      506      506      188      295      296     1406     1407     1408 
     507      507      507      507      507      187      188      296     1085     1408     1409 
     508      508      508      508      508      187      296      297     1409     1410     1411 
     509      509      509      509      509      185      187      297     1081     1411     1412 
     510      510      510      510      510      185      297      298     1412     1413     1414 
     511      511      511      511      511      290      289      299     1389     1415     1416 
     512      512      512      512      512      290      299      300     1416     1417     1418 
     513      513      513      513      513      291      290      300     1392     1418     1419 
     514      514      514      514      514      291      300      301     1419     1420     1421 
     515      515      515      515      515      292      291      301     1395     1421     1422 
     516      516      516      516      516      292      301      302     1422     1423     1424 
     517      517      517      517      517      293      292      302     1398     1424     1425 
     518      518      518      518      518      293      302      303     1425     1426     1427 
     519      519      519      519      519      294      293      303     1401     1427     1428 
     520      520      520      520      520      294      303      304     1428     1429     1430 
     521      521      521      521      521      295      294      304     1404     1430     1431 
     522      522      522      522      522      295      304      305     1431     1432     1433 
     523      523      523      523      523      296      295      305     1407     1433     1434 
     524      524      524      524      524      296      305      306     1434     1435     1436 
     525      525      525      525      525      297      296      306     1410     1436     1437 
     526      526      526      526      526      297      306      307     1437     1438     1439 
     527      527      527      527      527      298      297      307     1413     1439     1440 
     528      528      528      528      528      298      307      308     1440     1441     1442 
     529      529      529      529      529      300      299      309     1417     1443     1444 
     530      530      530      530      530      300      309      310     1444     1445     1446 
     531      531      531      531      531      301      300      310     1420     1446     1447 
     532      532      532      532      532      301      310      311     1447     1448     1449 
     533      533      533      533      533      302      301      311     1423     1449     1450 
     534      534      534      534      534      302      311      312     1450     1451     1452 
     535      535      535      535      535      303      302      312     1426     1452     1453 
     536      536      536      536      536      303      312      313     1453     1454     1455 
     537      537      537      537      537      304      303      313     1429     1455     1456 
     538      538      538      538      538      304      313      314     1456     1457     1458 
     539      539      539      539      539      305      304      314     1432     1458     1459 
     540      540      540      540      540      305      314      315     1459     1460     1461 
     541      541      541      541      541      306      305      315     1435     1461     1462 
     542      542      542      542      542      306      315      316     1462     1463     1464 
     543      543      543      543      543      307      306      316     1438     1464     1465 
     544      544      544      544      544      307      316      317     1465     1466     1467 
     545      545      545      545      545      308      307      317     1441     1467     1468 
     546      546      546      546      546      308      317      318     1468     1469     1470 
     547      547      547      547      547      310      309      319     1445     1471     1472 
     548      548      548      548      548      310      319      320     1472     1473     1474 
     549      549      549      549      549      311      310      320     1448     1474     1475 
     550      550      550      550      550      311      320      321     1475     1476     1477 
     551      551      551      551      551      312      311      321     1451     1477     1478 
     552      552      552      552      552      312      321      322     1478     1479     1480 
     553      553      553      553      553      313      312      322     1454     1480     1481 
     554      554      554      554      554      313      322      323     1481     1482     1483 
     555      555      555      555      555      314      313      323     1457     1483     1484 
     556      556      556      556      556      314      323      324     1484     1485     1486 
     557      557      557      557      557      315      314      324     1460     1486     1487 
     558      558      558      558      558      315      324      325     1487     1488     1489 
     559      559      559      559      559      316      315      325     1463     1489     1490 
     560      560      560      560      560      316      325      326     1490     1491     1492 
     561      561      561      561      561      317      316      326     1466     1492     1493 
     562      562      562      562      562      317      326      327     1493     1494     1495 
     563      563      563      563      563      318      317      327     1469     1495     1496 
     564      564      564      564      564      318      327      328     1496     1497     1498 
     565      565      565      565      565      320      319      329     1473     1499     1500 
     566      566      566      566      566      320      329      330     1500     1501     1502 
     567      567      567      567      567      321      320      330     1476     1502     1503 
     568      568      568      568      568      321      330      331     1503     1504     1505 
     569      569      569      569      569      322      321      331     1479     1505     1506 
     570      570      570      570      570      322      331      332     1506     1507     1508 
     571      571      571      571      571      323      322      332     1482     1508     1509 
     572      572      572      572      572      323      332      333     1509     1510     1511 
     573      573      573      573      573      324      323      333     1485     1511     1512 
     574      574      574      574      574      324      333      334     1512     1513     1514 
     575      575      575      575      575      325      324      334     1488     1514     1515 
     576      576      576      576      576      325      334      335     1515     1516     1517 
     577      577      577      577      577      326      325      335     1491     1517     1518 
     578      578      578      578      578      326      335      336     1518     1519     1520 
     579      579      579      579      579      327      326      336     1494     1520     1521 
     580      580      580      580      580      327      336      337     1521     1522     1523 
     581      581      581      581      581      328      327      337     1497     1523     1524 
     582      582      582      582      582      328      337      338     1524     1525     1526 
     583      583      583      583      583      330      329      339     1501     1527     1528 
     584      584      584      584      584      330      339      340     1528     1529     1530 
     585      585      585      585      585      331      330      340     1504     1530     1531 
     586      586      586      586      586      331      340      341     1531     1532     1533 
     587      587      587      587      587      332      331      341     1507     1533     1534 
     588      588      588      588      588      332      341      342     1534     1535     1536 
     589      589      589      589      589      333      332      342     1510     1536     1537 
     590      590      590      590      590      333      342      343     1537     1538     1539 
     591      591      591      591      591      334      333      343     1513     1539     1540 
     592      592      592      592      592      334      343      344     1540     1541     1542 
     593      593      593      593      593      335      334      344     1516     1542     1543 
     594      594      594      594      594      335      344      345     1543     1544     1545 
     595      595      595      595      595      336      335      345     1519     1545     1546 
     596      596      596      596      596      336      345      346     1546     1547     1548 
     597      597      597      597      597      337      336      346     1522     1548     1549 
     598      598      598      598      598      337      346      347     1549     1550     1551 
     599      599      599      599      599      338      337      347     1525     1551     1552 
     600      600      600      600      600      338      347      348     1552     1553     1554 
     601      601      601      601      601      340      339      349     1529     1555     1556 
     602      602      602      602      602      340      349      350     1556     1557     1558 
     603      603      603      603      603      341      340      350     1532     1558     1559 
     604      604      604      604      604      341      350      351     1559     1560     1561 
     605      605      605      605      605      342      341      351     1535     1561     1562 
     606      606      606      606      606      342      351      352     1562     1563     1564 
     607      607      607      607      607      343      342      352     1538     1564     1565 
     608      608      608      608      608      343      352      353     1565     1566     1567 
     609      609      609      609      609      344      343      353     1541     1567     1568 
     610      610      610      610      610      344      353      354     1568     1569     1570 
     611      611      611      611      611      345      344      354     1544     1570     1571 
     612      612      612      612      612      345      354      355     1571     1572     1573 
     613      613      613      613      613      346      345      355     1547     1573     1574 
     614      614      614      614      614      346      355      356     1574     1575     1576 
     615      615      615      615      615      347      346      356     1550     1576     1577 
     616      616      616      616      616      347      356      357     1577     1578     1579 
     617      617      617      617      617      348      347      357     1553     1579     1580 
     618      618      618      618      618      348      357      358     1580     1581     1582 
     619      619      619      619      619      350      349      359     1557     1583     1584 
     620      620      620      620      620      350      359      360     1584     1585     1586 
     621      621      621      621      621      351      350      360     1560     1586     1587 
     622      622      622      622      622      351      360      361     1587     1588     1589 
     623      623      623      623      623      352      351      361     1563     1589     1590 
     624      624      624      624      624      352      361      362     1590     1591     1592 
     625      625      625      625      625      353      352      362     1566     1592     1593 
     626      626      626      626      626      353      362      363     1593     1594     1595 
     627      627      627      627      627      354      353      363     1569     1595     1596 
     628      628      628      628      628      354      363      364     1596     1597     1598 
     629      629      629      629      629      355      354      364     1572     1598     1599 
     630      630      630      630      630      355      364      365     1599     1600     1601 
     631      631      631      631      631      356      355      365     1575     1601     1602 
     632      632      632      632      632      356      365      366     1602     1603     1604 
     633      633      633      633      633      357      356      366     1578     1604     1605 
     634      634      634      634      634      357      366      367     1605     1606     1607 
     635      635      635      635      635      358      357      367     1581     1607     1608 
     636      636      636      636      636      358      367      368     1608     1609     1610 
     637      637      637      637      637      360      359        1     1585     1611     1612 
     638      638      638      638      638      360        1        2     1612      609     1613 
     639      639      639      639      639      361      360        2     1588     1613     1614 
     640      640      640      640      640      361        2        3     1614      614     1615 
     641      641      641      641      641      362      361        3     1591     1615     1616 
     642      642      642      642      642      362        3        4     1616      618     1617 
     643      643      643      643      643      363      362        4     1594     1617     1618 
     644      644      644      644      644      363        4        5     1618      622     1619 
     645      645      645      645      645      364      363        5     1597     1619     1620 
     646      646      646      646      646      364        5        6     1620      626     1621 
     647      647      647      647      647      365      364        6     1600     1621     1622 
     648      648      648      648      648      365        6        7     1622      630     1623 
     649      649      649      649      649      366      365        7     1603     1623     1624 
     650      650      650      650      650      366        7        8     1624      634     1625 
     651      651      651      651      651      367      366        8     1606     1625     1626 
     652      652      652      652      652      367        8        9     1626      638     1627 
     653      653      653      653      653      368      367        9     1609     1627     1628 
     654      654      654      654      654      368        9       10     1628      642     1629 
     655      655      655      655      655      195      205      369     1121     1630     1631 
     656      656      656      656      656      195      369      289     1631     1632     1387 
     657      657      657      657      657      289      369      370     1632     1633     1634 
     658      658      658      658      658      289      370      299     1634     1635     1415 
     659      659      659      659      659      299      370      371     1635     1636     1637 
     660      660      660      660      660      299      371      309     1637     1638     1443 
     661      661      661      661      661      309      371      372     1638     1639     1640 
     662      662      662      662      662      309      372      319     1640     1641     1471 
     663      663      663      663      663      319      372      373     1641     1642     1643 
     664      664      664      664      664      319      373      329     1643     1644     1499 
     665      665      665      665      665      329      373      374     1644     1645     1646 
     666      666      666      666      666      329      374      339     1646     1647     1527 
     667      667      667      667      667      339      374      375     1647     1648     1649 
     668      668      668      668      668      339      375      349     1649     1650     1555 
     669      669      669      669      669      349      375      376     1650     1651     1652 
     670      670      670      670      670      349      376      359     1652     1653     1583 
     671      671      671      671      671      359      376       71     1653     1654     1655 
     672      672      672      672      672      359       71        1     1655      772     1611 
     673      673      673      673      673      175      185      298     1080     1414     1656 
     674      674      674      674      674      175      298      377     1656     1657     1658 
     675      675      675      675      675      377      298      308     1657     1442     1659 
     676      676      676      676      676      377      308      378     1659     1660     1661 
     677      677      677      677      677      378      308      318     1660     1470     1662 
     678      678      678      678      678      378      318      379     1662     1663     1664 
     679      679      679      679      679      379      318      328     1663     1498     1665 
     680      680      680      680      680      379      328      380     1665     1666     1667 
     681      681      681      681      681      380      328      338     1666     1526     1668 
     682      682      682      682      682      380      338      381     1668     1669     1670 
     683      683      683      683      683      381      338      348     1669     1554     1671 
     684      684      684      684      684      381      348      382     1671     1672     1673 
     685      685      685      685      685      382      348      358     1672     1582     1674 
     686      686      686      686      686      382      358      383     1674     1675     1676 
     687      687      687      687      687      383      358      368     1675     1610     1677 
     688      688      688      688      688      383      368      384     1677     1678     1679 
     689      689      689      689      689      384      368       10     1678     1629     1680 
     690      690      690      690      690      384       10       21     1680      650     1681 
     691      691      691      691      691      215      385      214     1682     1683     1154 
     692      692      692      692      692      214      385      393     1683     1684     1685 
     693      693      693      693      693      385      386      393     1686     1687     1684 
     694      694      694      694      694      393      386      394     1687     1688     1689 
     695      695      695      695      695      386      387      394     1690     1691     1688 
     696      696      696      696      696      394      387      395     1691     1692     1693 
     697      697      697      697      697      387      388      395     1694     1695     1692 
     698      698      698      698      698      395      388      396     1695     1696     1697 
     699      699      699      699      699      388      389      396     1698     1699     1696 
     700      700      700      700      700      396      389      397     1699     1700     1701 
     701      701      701      701      701      389      390      397     1702     1703     1700 
     702      702      702      702      702      397      390      398     1703     1704     1705 
     703      703      703      703      703      390      391      398     1706     1707     1704 
     704      704      704      704      704      398      391      399     1707     1708     1709 
     705      705      705      705      705      391      392      399     1710     1711     1708 
     706      706      706      706      706      399      392      400     1711     1712     1713 
     707      707      707      707      707      392       61      400     1714     1715     1712 
     708      708      708      708      708      400       61       63     1715      733     1716 
     709      709      709      709      709      214      393      213     1685     1717     1150 
     710      710      710      710      710      213      393      401     1717     1718     1719 
     711      711      711      711      711      393      394      401     1689     1720     1718 
     712      712      712      712      712      401      394      402     1720     1721     1722 
     713      713      713      713      713      394      395      402     1693     1723     1721 
     714      714      714      714      714      402      395      403     1723     1724     1725 
     715      715      715      715      715      395      396      403     1697     1726     1724 
     716      716      716      716      716      403      396      404     1726     1727     1728 
     717      717      717      717      717      396      397      404     1701     1729     1727 
     718      718      718      718      718      404      397      405     1729     1730     1731 
     719      719      719      719      719      397      398      405     1705     1732     1730 
     720      720      720      720      720      405      398      406     1732     1733     1734 
     721      721      721      721      721      398      399      406     1709     1735     1733 
     722      722      722      722      722      406      399      407     1735     1736     1737 
     723      723      723      723      723      399      400      407     1713     1738     1736 
     724      724      724      724      724      407      400      408     1738     1739     1740 
     725      725      725      725      725      400       63      408     1716     1741     1739 
     726      726      726      726      726      408       63       64     1741      737     1742 
     727      727      727      727      727      213      401      212     1719     1743     1146 
     728      728      728      728      728      212      401      409     1743     1744     1745 
     729      729      729      729      729      401      402      409     1722     1746     1744 
     730      730      730      730      730      409      402      410     1746     1747     1748 
     731      731      731      731      731      402      403      410     1725     1749     1747 
     732      732      732      732      732      410      403      411     1749     1750     1751 
     733      733      733      733      733      403      404      411     1728     1752     1750 
     734      734      734      734      734      411      404      412     1752     1753     1754 
     735      735      735      735      735      404      405      412     1731     1755     1753 
     736      736      736      736      736      412      405      413     1755     1756     1757 
     737      737      737      737      737      405      406      413     1734     1758     1756 
     738      738      738      738      738      413      406      414     1758     1759     1760 
     739      739      739      739      739      406      407      414     1737     1761     1759 
     740      740      740      740      740      414      407      415     1761     1762     1763 
     741      741      741      741      741      407      408      415     1740     1764     1762 
     742      742      742      742      742      415      408      416     1764     1765     1766 
     743      743      743      743      743      408       64      416     1742     1767     1765 
     744      744      744      744      744      416       64       65     1767      741     1768 
     745      745      745      745      745      212      409      211     1745     1769     1142 
     746      746      746      746      746      211      409      417     1769     1770     1771 
     747      747      747      747      747      409      410      417     1748     1772     1770 
     748      748      748      748      748      417      410      418     1772     1773     1774 
     749      749      749      749      749      410      411      418     1751     1775     1773 
     750      750      750      750      750      418      411      419     1775     1776     1777 
     751      751      751      751      751      411      412      419     1754     1778     1776 
     752      752      752      752      752      419      412      420     1778     1779     1780 
     753      753      753      753      753      412      413      420     1757     1781     1779 
     754      754      754      754      754      420      413      421     1781     1782     1783 
     755      755      755      755      755      413      414      421     1760     1784     1782 
     756      756      756      756      756      421      414      422     1784     1785     1786 
     757      757      757      757      757      414      415      422     1763     1787     1785 
     758      758      758      758      758      422      415      423     1787     1788     1789 
     759      759      759      759      759      415      416      423     1766     1790     1788 
     760      760      760      760      760      423      416      424     1790     1791     1792 
     761      761      761      761      761      416       65      424     1768     1793     1791 
     762      762      762      762      762      424       65       66     1793      745     1794 
     763      763      763      763      763      211      417      210     1771     1795     1138 
     764      764      764      764      764      210      417      425     1795     1796     1797 
     765      765      765      765      765      417      418      425     1774     1798     1796 
     766      766      766      766      766      425      418      426     1798     1799     1800 
     767      767      767      767      767      418      419      426     1777     1801     1799 
     768      768      768      768      768      426      419      427     1801     1802     1803 
     769      769      769      769      769      419      420      427     1780     1804     1802 
     770      770      770      770      770      427      420      428     1804     1805     1806 
     771      771      771      771      771      420      421      428     1783     1807     1805 
     772      772      772      772      772      428      421      429     1807     1808     1809 
     773      773      773      773      773      421      422      429     1786     1810     1808 
     774      774      774      774      774      429      422      430     1810     1811     1812 
     775      775      775      775      775      422      423      430     1789     1813     1811 
     776      776      776      776      776      430      423      431     1813     1814     1815 
     777      777      777      777      777      423      424      431     1792     1816     1814 
     778      778      778      778      778      431      424      432     1816     1817     1818 
     779      779      779      779      779      424       66      432     1794     1819     1817 
     780      780      780      780      780      432       66       67     1819      749     1820 
     781      781      781      781      781      210      425      209     1797     1821     1134 
     782      782      782      782      782      209      425      433     1821     1822     1823 
     783      783      783      783      783      425      426      433     1800     1824     1822 
     784      784      784      784      784      433      426      434     1824     1825     1826 
     785      785      785      785      785      426      427      434     1803     1827     1825 
     786      786      786      786      786      434      427      435     1827     1828     1829 
     787      787      787      787      787      427      428      435     1806     1830     1828 
     788      788      788      788      788      435      428      436     1830     1831     1832 
     789      789      789      789      789      428      429      436     1809     1833     1831 
     790      790      790      790      790      436      429      437     1833     1834     1835 
     791      791      791      791      791      429      430      437     1812     1836     1834 
     792      792      792      792      792      437      430      438     1836     1837     1838 
     793      793      793      793      793      430      431      438     1815     1839     1837 
     794      794      794      794      794      438      431      439     1839     1840     1841 
     795      795      795      795      795      431      432      439     1818     1842     1840 
     796      796      796      796      796      439      432      440     1842     1843     1844 
     797      797      797      797      797      432       67      440     1820     1845     1843 
     798      798      798      798      798      440       67       68     1845      753     1846 
     799      799      799      799      799      209      433      208     1823     1847     1130 
     800      800      800      800      800      208      433      441     1847     1848     1849 
     801      801      801      801      801      433      434      441     1826     1850     1848 
     802      802      802      802      802      441      434      442     1850     1851     1852 
     803      803      803      803      803      434      435      442     1829     1853     1851 
     804      804      804      804      804      442      435      443     1853     1854     1855 
     805      805      805      805      805      435      436      443     1832     1856     1854 
     806      806      806      806      806      443      436      444     1856     1857     1858 
     807      807      807      807      807      436      437      444     1835     1859     1857 
     808      808      808      808      808      444      437      445     1859     1860     1861 
     809      809      809      809      809      437      438      445     1838     1862     1860 
     810      810      810      810      810      445      438      446     1862     1863     1864 
     811      811      811      811      811      438      439      446     1841     1865     1863 
     812      812      812      812      812      446      439      447     1865     1866     1867 
     813      813      813      813      813      439      440      447     1844     1868     1866 
     814      814      814      814      814      447      440      448     1868     1869     1870 
     815      815      815      815      815      440       68      448     1846     1871     1869 
     816      816      816      816      816      448       68       69     1871      757     1872 
     817      817      817      817      817      208      441      207     1849     1873     1126 
     818      818      818      818      818      207      441      449     1873     1874     1875 
     819      819      819      819      819      441      442      449     1852     1876     1874 
     820      820      820      820      820      449      442      450     1876     1877     1878 
     821      821      821      821      821      442      443      450     1855     1879     1877 
     822      822      822      822      822      450      443      451     1879     1880     1881 
     823      823      823      823      823      443      444      451     1858     1882     1880 
     824      824      824      824      824      451      444      452     1882     1883     1884 
     825      825      825      825      825      444      445      452     1861     1885     1883 
     826      826      826      826      826      452      445      453     1885     1886     1887 
     827      827      827      827      827      445      446      453     1864     1888     1886 
     828      828      828      828      828      453      446      454     1888     1889     1890 
     829      829      829      829      829      446      447      454     1867     1891     1889 
     830      830      830      830      830      454      447      455     1891     1892     1893 
     831      831      831      831      831      447      448      455     1870     1894     1892 
     832      832      832      832      832      455      448      456     1894     1895     1896 
     833      833      833      833      833      448       69      456     1872     1897     1895 
     834      834      834      834      834      456       69       70     1897      761     1898 
     835      835      835      835      835      207      449      205     1875     1899     1122 
     836      836      836      836      836      205      449      369     1899     1900     1630 
     837      837      837      837      837      449      450      369     1878     1901     1900 
     838      838      838      838      838      369      450      370     1901     1902     1633 
     839      839      839      839      839      450      451      370     1881     1903     1902 
     840      840      840      840      840      370      451      371     1903     1904     1636 
     841      841      841      841      841      451      452      371     1884     1905     1904 
     842      842      842      842      842      371      452      372     1905     1906     1639 
     843      843      843      843      843      452      453      372     1887     1907     1906 
     844      844      844      844      844      372      453      373     1907     1908     1642 
     845      845      845      845      845      453      454      373     1890     1909     1908 
     846      846      846      846      846      373      454      374     1909     1910     1645 
     847      847      847      847      847      454      455      374     1893     1911     1910 
     848      848      848      848      848      374      455      375     1911     1912     1648 
     849      849      849      849      849      455      456      375     1896     1913     1912 
     850      850      850      850      850      375      456      376     1913     1914     1651 
     851      851      851      851      851      456       70      376     1898     1915     1914 
     852      852      852      852      852      376       70       71     1915      765     1654 
     853      853      853      853      853      457      165      167     1916     1040     1917 
     854      854      854      854      854      457      167      465     1917     1918     1919 
     855      855      855      855      855      458      457      465     1920     1919     1921 
     856      856      856      856      856      458      465      466     1921     1922     1923 
     857      857      857      857      857      459      458      466     1924     1923     1925 
     858      858      858      858      858      459      466      467     1925     1926     1927 
     859      859      859      859      859      460      459      467     1928     1927     1929 
     860      860      860      860      860      460      467      468     1929     1930     1931 
     861      861      861      861      861      461      460      468     1932     1931     1933 
     862      862      862      862      862      461      468      469     1933     1934     1935 
     863      863      863      863      863      462      461      469     1936     1935     1937 
     864      864      864      864      864      462      469      470     1937     1938     1939 
     865      865      865      865      865      463      462      470     1940     1939     1941 
     866      866      866      866      866      463      470      471     1941     1942     1943 
     867      867      867      867      867      464      463      471     1944     1943     1945 
     868      868      868      868      868      464      471      472     1945     1946     1947 
     869      869      869      869      869       31      464      472     1948     1947     1949 
     870      870      870      870      870       31      472       30     1949     1950      683 
     871      871      871      871      871      465      167      168     1918     1044     1951 
     872      872      872      872      872      465      168      473     1951     1952     1953 
     873      873      873      873      873      466      465      473     1922     1953     1954 
     874      874      874      874      874      466      473      474     1954     1955     1956 
     875      875      875      875      875      467      466      474     1926     1956     1957 
     876      876      876      876      876      467      474      475     1957     1958     1959 
     877      877      877      877      877      468      467      475     1930     1959     1960 
     878      878      878      878      878      468      475      476     1960     1961     1962 
     879      879      879      879      879      469      468      476     1934     1962     1963 
     880      880      880      880      880      469      476      477     1963     1964     1965 
     881      881      881      881      881      470      469      477     1938     1965     1966 
     882      882      882      882      882      470      477      478     1966     1967     1968 
     883      883      883      883      883      471      470      478     1942     1968     1969 
     884      884      884      884      884      471      478      479     1969     1970     1971 
     885      885      885      885      885      472      471      479     1946     1971     1972 
     886      886      886      886      886      472      479      480     1972     1973     1974 
     887      887      887      887      887       30      472      480     1950     1974     1975 
     888      888      888      888      888       30      480       29     1975     1976      679 
     889      889      889      889      889      473      168      169     1952     1048     1977 
     890      890      890      890      890      473      169      481     1977     1978     1979 
     891      891      891      891      891      474      473      481     1955     1979     1980 
     892      892      892      892      892      474      481      482     1980     1981     1982 
     893      893      893      893      893      475      474      482     1958     1982     1983 
     894      894      894      894      894      475      482      483     1983     1984     1985 
     895      895      895      895      895      476      475      483     1961     1985     1986 
     896      896      896      896      896      476      483      484     1986     1987     1988 
     897      897      897      897      897      477      476      484     1964     1988     1989 
     898      898      898      898      898      477      484      485     1989     1990     1991 
     899      899      899      899      899      478      477      485     1967     1991     1992 
     900      900      900      900      900      478      485      486     1992     1993     1994 
     901      901      901      901      901      479      478      486     1970     1994     1995 
     902      902      902      902      902      479      486      487     1995     1996     1997 
     903      903      903      903      903      480      479      487     1973     1997     1998 
     904      904      904      904      904      480      487      488     1998     1999     2000 
     905      905      905      905      905       29      480      488     1976     2000     2001 
     906      906      906      906      906       29      488       28     2001     2002      675 
     907      907      907      907      907      481      169      170     1978     1052     2003 
     908      908      908      908      908      481      170      489     2003     2004     2005 
     909      909      909      909      909      482      481      489     1981     2005     2006 
     910      910      910      910      910      482      489      490     2006     2007     2008 
     911      911      911      911      911      483      482      490     1984     2008     2009 
     912      912      912      912      912      483      490      491     2009     2010     2011 
     913      913      913      913      913      484      483      491     1987     2011     2012 
     914      914      914      914      914      484      491      492     2012     2013     2014 
     915      915      915      915      915      485      484      492     1990     2014     2015 
     916      916      916      916      916      485      492      493     2015     2016     2017 
     917      917      917      917      917      486      485      493     1993     2017     2018 
     918      918      918      918      918      486      493      494     2018     2019     2020 
     919      919      919      919      919      487      486      494     1996     2020     2021 
     920      920      920      920      920      487      494      495     2021     2022     2023 
     921      921      921      921      921      488      487      495     1999     2023     2024 
     922      922      922      922      922      488      495      496     2024     2025     2026 
     923      923      923      923      923       28      488      496     2002     2026     2027 
     924      924      924      924      924       28      496       27     2027     2028      671 
     925      925      925      925      925      489      170      171     2004     1056     2029 
     926      926      926      926      926      489      171      497     2029     2030     2031 
     927      927      927      927      927      490      489      497     2007     2031     2032 
     928      928      928      928      928      490      497      498     2032     2033     2034 
     929      929      929      929      929      491      490      498     2010     2034     2035 
     930      930      930      930      930      491      498      499     2035     2036     2037 
     931      931      931      931      931      492      491      499     2013     2037     2038 
     932      932      932      932      932      492      499      500     2038     2039     2040 
     933      933      933      933      933      493      492      500     2016     2040     2041 
     934      934      934      934      934      493      500      501     2041     2042     2043 
     935      935      935      935      935      494      493      501     2019     2043     2044 
     936      936      936      936      936      494      501      502     2044     2045     2046 
     937      937      937      937      937      495      494      502     2022     2046     2047 
     938      938      938      938      938      495      502      503     2047     2048     2049 
     939      939      939      939      939      496      495      503     2025     2049     2050 
     940      940      940      940      940      496      503      504     2050     2051     2052 
     941      941      941      941      941       27      496      504     2028     2052     2053 
     942      942      942      942      942       27      504       26     2053     2054      667 
     943      943      943      943      943      497      171      172     2030     1060     2055 
     944      944      944      944      944      497      172      505     2055     2056     2057 
     945      945      945      945      945      498      497      505     2033     2057     2058 
     946      946      946      946      946      498      505      506     2058     2059     2060 
     947      947      947      947      947      499      498      506     2036     2060     2061 
     948      948      948      948      948      499      506      507     2061     2062     2063 
     949      949      949      949      949      500      499      507     2039     2063     2064 
     950      950      950      950      950      500      507      508     2064     2065     2066 
     951      951      951      951      951      501      500      508     2042     2066     2067 
     952      952      952      952      952      501      508      509     2067     2068     2069 
     953      953      953      953      953      502      501      509     2045     2069     2070 
     954      954      954      954      954      502      509      510     2070     2071     2072 
     955      955      955      955      955      503      502      510     2048     2072     2073 
     956      956      956      956      956      503      510      511     2073     2074     2075 
     957      957      957      957      957      504      503      511     2051     2075     2076 
     958      958      958      958      958      504      511      512     2076     2077     2078 
     959      959      959      959      959       26      504      512     2054     2078     2079 
     960      960      960      960      960       26      512       25     2079     2080      663 
     961      961      961      961      961      505      172      173     2056     1064     2081 
     962      962      962      962      962      505      173      513     2081     2082     2083 
     963      963      963      963      963      506      505      513     2059     2083     2084 
     964      964      964      964      964      506      513      514     2084     2085     2086 
     965      965      965      965      965      507      506      514     2062     2086     2087 
     966      966      966      966      966      507      514      515     2087     2088     2089 
     967      967      967      967      967      508      507      515     2065     2089     2090 
     968      968      968      968      968      508      515      516     2090     2091     2092 
     969      969      969      969      969      509      508      516     2068     2092     2093 
     970      970      970      970      970      509      516      517     2093     2094     2095 
     971      971      971      971      971      510      509      517     2071     2095     2096 
     972      972      972      972      972      510      517      518     2096     2097     2098 
     973      973      973      973      973      511      510      518     2074     2098     2099 
     974      974      974      974      974      511      518      519     2099     2100     2101 
     975      975      975      975      975      512      511      519     2077     2101     2102 
     976      976      976      976      976      512      519      520     2102     2103     2104 
     977      977      977      977      977       25      512      520     2080     2104     2105 
     978      978      978      978      978       25      520       24     2105     2106      659 
     979      979      979      979      979      513      173      174     2082     1068     2107 
     980      980      980      980      980      513      174      521     2107     2108     2109 
     981      981      981      981      981      514      513      521     2085     2109     2110 
     982      982      982      982      982      514      521      522     2110     2111     2112 
     983      983      983      983      983      515      514      522     2088     2112     2113 
     984      984      984      984      984      515      522      523     2113     2114     2115 
     985      985      985      985      985      516      515      523     2091     2115     2116 
     986      986      986      986      986      516      523      524     2116     2117     2118 
     987      987      987      987      987      517      516      524     2094     2118     2119 
     988      988      988      988      988      517      524      525     2119     2120     2121 
     989      989      989      989      989      518      517      525     2097     2121     2122 
     990      990      990      990      990      518      525      526     2122     2123     2124 
     991      991      991      991      991      519      518      526     2100     2124     2125 
     992      992      992      992      992      519      526      527     2125     2126     2127 
     993      993      993      993      993      520      519      527     2103     2127     2128 
     994      994      994      994      994      520      527      528     2128     2129     2130 
     995      995      995      995      995       24      520      528     2106     2130     2131 
     996      996      996      996      996       24      528       23     2131     2132      655 
     997      997      997      997      997      521      174      175     2108     1072     2133 
     998      998      998      998      998      521      175      377     2133     1658     2134 
     999      999      999      999      999      522      521      377     2111     2134     2135 
    1000     1000     1000     1000     1000      522      377      378     2135     1661     2136 
    1001     1001     1001     1001     1001      523      522      378     2114     2136     2137 
    1002     1002     1002     1002     1002      523      378      379     2137     1664     2138 
    1003     1003     1003     1003     1003      524      523      379     2117     2138     2139 
    1004     1004     1004     1004     1004      524      379      380     2139     1667     2140 
    1005     1005     1005     1005     1005      525      524      380     2120     2140     2141 
    1006     1006     1006     1006     1006      525      380      381     2141     1670     2142 
    1007     1007     1007     1007     1007      526      525      381     2123     2142     2143 
    1008     1008     1008     1008     1008      526      381      382     2143     1673     2144 
    1009     1009     1009     1009     1009      527      526      382     2126     2144     2145 
    1010     1010     1010     1010     1010      527      382      383     2145     1676     2146 
    1011     1011     1011     1011     1011      528      527      383     2129     2146     2147 
    1012     1012     1012     1012     1012      528      383      384     2147     1679     2148 
    1013     1013     1013     1013     1013       23      528      384     2132     2148     2149 
    1014     1014     1014     1014     1014       23      384       21     2149     1681      651 
    1015     1015     1015     1015     1015      154      165      529     1039     2150     2151 
    1016     1016     1016     1016     1016      529      165      457     2150     1916     2152 
    1017     1017     1017     1017     1017      529      457      530     2152     2153     2154 
    1018     1018     1018     1018     1018      530      457      458     2153     1920     2155 
    1019     1019     1019     1019     1019      530      458      531     2155     2156     2157 
    1020     1020     1020     1020     1020      531      458      459     2156     1924     2158 
    1021     1021     1021     1021     1021      531      459      532     2158     2159     2160 
    1022     1022     1022     1022     1022      532      459      460     2159     1928     2161 
    1023     1023     1023     1023     1023      532      460      533     2161     2162     2163 
    1024     1024     1024     1024     1024      533      460      461     2162     1932     2164 
    1025     1025     1025     1025     1025      533      461      534     2164     2165     2166 
    1026     1026     1026     1026     1026      534      461      462     2165     1936     2167 
    1027     1027     1027     1027     1027      534      462      535     2167     2168     2169 
    1028     1028     1028     1028     1028      535      462      463     2168     1940     2170 
    1029     1029     1029     1029     1029      535      463      536     2170     2171     2172 
    1030     1030     1030     1030     1030      536      463      464     2171     1944     2173 
    1031     1031     1031     1031     1031      536      464       41     2173     2174     2175 
    1032     1032     1032     1032     1032       41      464       31     2174     1948      691 
    1033     1033     1033     1033     1033      215      145      385     1161     2176     1682 
    1034     1034     1034     1034     1034      385      145      537     2176     2177     2178 
    1035     1035     1035     1035     1035      385      537      386     2178     2179     1686 
    1036     1036     1036     1036     1036      386      537      538     2179     2180     2181 
    1037     1037     1037     1037     1037      386      538      387     2181     2182     1690 
    1038     1038     1038     1038     1038      387      538      539     2182     2183     2184 
    1039     1039     1039     1039     1039      387      539      388     2184     2185     1694 
    1040     1040     1040     1040     1040      388      539      540     2185     2186     2187 
    1041     1041     1041     1041     1041      388      540      389     2187     2188     1698 
    1042     1042     1042     1042     1042      389      540      541     2188     2189     2190 
    1043     1043     1043     1043     1043      389      541      390     2190     2191     1702 
    1044     1044     1044     1044     1044      390      541      542     2191     2192     2193 
    1045     1045     1045     1045     1045      390      542      391     2193     2194     1706 
    1046     1046     1046     1046     1046      391      542      543     2194     2195     2196 
    1047     1047     1047     1047     1047      391      543      392     2196     2197     1710 
    1048     1048     1048     1048     1048      392      543      544     2197     2198     2199 
    1049     1049     1049     1049     1049      392      544       61     2199     2200     1714 
    1050     1050     1050     1050     1050       61      544       51     2200     2201      732 
    1051     1051     1051     1051     1051      145      146      537      998     2202     2177 
    1052     1052     1052     1052     1052      537      146      545     2202     2203     2204 
    1053     1053     1053     1053     1053      146      147      545     1003     2205     2203 
    1054     1054     1054     1054     1054      545      147      546     2205     2206     2207 
    1055     1055     1055     1055     1055      147      148      546     1007     2208     2206 
    1056     1056     1056     1056     1056      546      148      547     2208     2209     2210 
    1057     1057     1057     1057     1057      148      149      547     1011     2211     2209 
    1058     1058     1058     1058     1058      547      149      548     2211     2212     2213 
    1059     1059     1059     1059     1059      149      150      548     1015     2214     2212 
    1060     1060     1060     1060     1060      548      150      549     2214     2215     2216 
    1061     1061     1061     1061     1061      150      151      549     1019     2217     2215 
    1062     1062     1062     1062     1062      549      151      550     2217     2218     2219 
    1063     1063     1063     1063     1063      151      152      550     1023     2220     2218 
    1064     1064     1064     1064     1064      550      152      551     2220     2221     2222 
    1065     1065     1065     1065     1065      152      153      551     1027     2223     2221 
    1066     1066     1066     1066     1066      551      153      552     2223     2224     2225 
    1067     1067     1067     1067     1067      153      154      552     1031     2226     2224 
    1068     1068     1068     1068     1068      552      154      529     2226     2151     2227 
    1069     1069     1069     1069     1069      537      545      538     2204     2228     2180 
    1070     1070     1070     1070     1070      538      545      553     2228     2229     2230 
    1071     1071     1071     1071     1071      545      546      553     2207     2231     2229 
    1072     1072     1072     1072     1072      553      546      554     2231     2232     2233 
    1073     1073     1073     1073     1073      546      547      554     2210     2234     2232 
    1074     1074     1074     1074     1074      554      547      555     2234     2235     2236 
    1075     1075     1075     1075     1075      547      548      555     2213     2237     2235 
    1076     1076     1076     1076     1076      555      548      556     2237     2238     2239 
    1077     1077     1077     1077     1077      548      549      556     2216     2240     2238 
    1078     1078     1078     1078     1078      556      549      557     2240     2241     2242 
    1079     1079     1079     1079     1079      549      550      557     2219     2243     2241 
    1080     1080     1080     1080     1080      557      550      558     2243     2244     2245 
    1081     1081     1081     1081     1081      550      551      558     2222     2246     2244 
    1082     1082     1082     1082     1082      558      551      559     2246     2247     2248 
    1083     1083     1083     1083     1083      551      552      559     2225     2249     2247 
    1084     1084     1084     1084     1084      559      552      560     2249     2250     2251 
    1085     1085     1085     1085     1085      552      529      560     2227     2252     2250 
    1086     1086     1086     1086     1086      560      529      530     2252     2154     2253 
    1087     1087     1087     1087     1087      538      553      539     2230     2254     2183 
    1088     1088     1088     1088     1088      539      553      561     2254     2255     2256 
    1089     1089     1089     1089     1089      553      554      561     2233     2257     2255 
    1090     1090     1090     1090     1090      561      554      562     2257     2258     2259 
    1091     1091     1091     1091     1091      554      555      562     2236     2260     2258 
    1092     1092     1092     1092     1092      562      555      563     2260     2261     2262 
    1093     1093     1093     1093     1093      555      556      563     2239     2263     2261 
    1094     1094     1094     1094     1094      563      556      564     2263     2264     2265 
    1095     1095     1095     1095     1095      556      557      564     2242     2266     2264 
    1096     1096     1096     1096     1096      564      557      565     2266     2267     2268 
    1097     1097     1097     1097     1097      557      558      565     2245     2269     2267 
    1098     1098     1098     1098     1098      565      558      566     2269     2270     2271 
    1099     1099     1099     1099     1099      558      559      566     2248     2272     2270 
    1100     1100     1100     1100     1100      566      559      567     2272     2273     2274 
    1101     1101     1101     1101     1101      559      560      567     2251     2275     2273 
    1102     1102     1102     1102     1102      567      560      568     2275     2276     2277 
    1103     1103     1103     1103     1103      560      530      568     2253     2278     2276 
    1104     1104     1104     1104     1104      568      530      531     2278     2157     2279 
    1105     1105     1105     1105     1105      539      561      540     2256     2280     2186 
    1106     1106     1106     1106     1106      540      561      569     2280     2281     2282 
    1107     1107     1107     1107     1107      561      562      569     2259     2283     2281 
    1108     1108     1108     1108     1108      569      562      570     2283     2284     2285 
    1109     1109     1109     1109     1109      562      563      570     2262     2286     2284 
    1110     1110     1110     1110     1110      570      563      571     2286     2287     2288 
    1111     1111     1111     1111     1111      563      564      571     2265     2289     2287 
    1112     1112     1112     1112     1112      571      564      572     2289     2290     2291 
    1113     1113     1113     1113     1113      564      565      572     2268     2292     2290 
    1114     1114     1114     1114     1114      572      565      573     2292     2293     2294 
    1115     1115     1115     1115     1115      565      566      573     2271     2295     2293 
    1116     1116     1116     1116     1116      573      566      574     2295     2296     2297 
    1117     1117     1117     1117     1117      566      567      574     2274     2298     2296 
    1118     1118     1118     1118     1118      574      567      575     2298     2299     2300 
    1119     1119     1119     1119     1119      567      568      575     2277     2301     2299 
    1120     1120     1120     1120     1120      575      568      576     2301     2302     2303 
    1121     1121     1121     1121     1121      568      531      576     2279     2304     2302 
    1122     1122     1122     1122     1122      576      531      532     2304     2160     2305 
    1123     1123     1123     1123     1123      540      569      541     2282     2306     2189 
    1124     1124     1124     1124     1124      541      569      577     2306     2307     2308 
    1125     1125     1125     1125     1125      569      570      577     2285     2309     2307 
    1126     1126     1126     1126     1126      577      570      578     2309     2310     2311 
    1127     1127     1127     1127     1127      570      571      578     2288     2312     2310 
    1128     1128     1128     1128     1128      578      571      579     2312     2313     2314 
    1129     1129     1129     1129     1129      571      572      579     2291     2315     2313 
    1130     1130     1130     1130     1130      579      572      580     2315     2316     2317 
    1131     1131     1131     1131     1131      572      573      580     2294     2318     2316 
    1132     1132     1132     1132     1132      580      573      581     2318     2319     2320 
    1133     1133     1133     1133     1133      573      574      581     2297     2321     2319 
    1134     1134     1134     1134     1134      581      574      582     2321     2322     2323 
    1135     1135     1135     1135     1135      574      575      582     2300     2324     2322 
    1136     1136     1136     1136     1136      582      575      583     2324     2325     2326 
    1137     1137     1137     1137     1137      575      576      583     2303     2327     2325 
    1138     1138     1138     1138     1138      583      576      584     2327     2328     2329 
    1139     1139     1139     1139     1139      576      532      584     2305     2330     2328 
    1140     1140     1140     1140     1140      584      532      533     2330     2163     2331 
    1141     1141     1141     1141     1141      541      577      542     2308     2332     2192 
    1142     1142     1142     1142     1142      542      577      585     2332     2333     2334 
    1143     1143     1143     1143     1143      577      578      585     2311     2335     2333 
    1144     1144     1144     1144     1144      585      578      586     2335     2336     2337 
    1145     1145     1145     1145     1145      578      579      586     2314     2338     2336 
    1146     1146     1146     1146     1146      586      579      587     2338     2339     2340 
    1147     1147     1147     1147     1147      579      580      587     2317     2341     2339 
    1148     1148     1148     1148     1148      587      580      588     2341     2342     2343 
    1149     1149     1149     1149     1149      580      581      588     2320     2344     2342 
    1150     1150     1150     1150     1150      588      581      589     2344     2345     2346 
    1151     1151     1151     1151     1151      581      582      589     2323     2347     2345 
    1152     1152     1152     1152     1152      589      582      590     2347     2348     2349 
    1153     1153     1153     1153     1153      582      583      590     2326     2350     2348 
    1154     1154     1154     1154     1154      590      583      591     2350     2351     2352 
    1155     1155     1155     1155     1155      583      584      591     2329     2353     2351 
    1156     1156     1156     1156     1156      591      584      592     2353     2354     2355 
    1157     1157     1157     1157     1157      584      533      592     2331     2356     2354 
    1158     1158     1158     1158     1158      592      533      534     2356     2166     2357 
    1159     1159     1159     1159     1159      542      585      543     2334     2358     2195 
    1160     1160     1160     1160     1160      543      585      593     2358     2359     2360 
    1161     1161     1161     1161     1161      585      586      593     2337     2361     2359 
    1162     1162     1162     1162     1162      593      586      594     2361     2362     2363 
    1163     1163     1163     1163     1163      586      587      594     2340     2364     2362 
    1164     1164     1164     1164     1164      594      587      595     2364     2365     2366 
    1165     1165     1165     1165     1165      587      588      595     2343     2367     2365 
    1166     1166     1166     1166     1166      595      588      596     2367     2368     2369 
    1167     1167     1167     1167     1167      588      589      596     2346     2370     2368 
    1168     1168     1168     1168     1168      596      589      597     2370     2371     2372 
    1169     1169     1169     1169     1169      589      590      597     2349     2373     2371 
    1170     1170     1170     1170     1170      597      590      598     2373     2374     2375 
    1171     1171     1171     1171     1171      590      591      598     2352     2376     2374 
    1172     1172     1172     1172     1172      598      591      599     2376     2377     2378 
    1173     1173     1173     1173     1173      591      592      599     2355     2379     2377 
    1174     1174     1174     1174     1174      599      592      600     2379     2380     2381 
    1175     1175     1175     1175     1175      592      534      600     2357     2382     2380 
    1176     1176     1176     1176     1176      600      534      535     2382     2169     2383 
    1177     1177     1177     1177     1177      543      593      544     2360     2384     2198 
    1178     1178     1178     1178     1178      544      593      601     2384     2385     2386 
    1179     1179     1179     1179     1179      593      594      601     2363     2387     2385 
    1180     1180     1180     1180     1180      601      594      602     2387     2388     2389 
    1181     1181     1181     1181     1181      594      595      602     2366     2390     2388 
    1182     1182     1182     1182     1182      602      595      603     2390     2391     2392 
    1183     1183     1183     1183     1183      595      596      603     2369     2393     2391 
    1184     1184     1184     1184     1184      603      596      604     2393     2394     2395 
    1185     1185     1185     1185     1185      596      597      604     2372     2396     2394 
    1186     1186     1186     1186     1186      604      597      605     2396     2397     2398 
    1187     1187     1187     1187     1187      597      598      605     2375     2399     2397 
    1188     1188     1188     1188     1188      605      598      606     2399     2400     2401 
    1189     1189     1189     1189     1189      598      599      606     2378     2402     2400 
    1190     1190     1190     1190     1190      606      599      607     2402     2403     2404 
    1191     1191     1191     1191     1191      599      600      607     2381     2405     2403 
    1192     1192     1192     1192     1192      607      600      608     2405     2406     2407 
    1193     1193     1193     1193     1193      600      535      608     2383     2408     2406 
    1194     1194     1194     1194     1194      608      535      536     2408     2172     2409 
    1195     1195     1195     1195     1195      544      601       51     2386     2410     2201 
    1196     1196     1196     1196     1196       51      601       50     2410     2411      724 
    1197     1197     1197     1197     1197      601      602       50     2389     2412     2411 
    1198     1198     1198     1198     1198       50      602       49     2412     2413      720 
    1199     1199     1199     1199     1199      602      603       49     2392     2414     2413 
    1200     1200     1200     1200     1200       49      603       48     2414     2415      716 
    1201     1201     1201     1201     1201      603      604       48     2395     2416     2415 
    1202     1202     1202     1202     1202       48      604       47     2416     2417      712 
    1203     1203     1203     1203     1203      604      605       47     2398     2418     2417 
    1204     1204     1204     1204     1204       47      605       46     2418     2419      708 
    1205     1205     1205     1205     1205      605      606       46     2401     2420     2419 
    1206     1206     1206     1206     1206       46      606       45     2420     2421      704 
    1207     1207     1207     1207     1207      606      607       45     2404     2422     2421 
    1208     1208     1208     1208     1208       45      607       44     2422     2423      700 
    1209     1209     1209     1209     1209      607      608       44     2407     2424     2423 
    1210     1210     1210     1210     1210       44      608       43     2424     2425      696 
    1211     1211     1211     1211     1211      608      536       43     2409     2426     2425 
    1212     1212     1212     1212     1212       43      536       41     2426     2175      692 
