 $MeshFormat
 $quadratic
 $EndMeshFormat
 $PhysicalNames
 $
 "three-rods gap-graded LgRd b=0.3 zoom=1 h_tip=0.005 h_side=0.08 grad=0.3 aspect=1"
 $EndPhysicalNames
 $Nodes
        3370
           1    0.00000000000000000E+00    0.00000000000000000E+00    1.00000000000000000E+00
           2    4.93784265359709616E-03    0.00000000000000000E+00    9.99940577817070242E-01
           3    1.52587729551098951E-03    4.69616743214367090E-03    9.99940577817070242E-01
           4   -3.99479862230953716E-03    2.90239108992510495E-03    9.99940577817070242E-01
           5   -3.99479862230953716E-03   -2.90239108992510365E-03    9.99940577817070242E-01
           6    1.52587729551098843E-03   -4.69616743214367176E-03    9.99940577817070242E-01
           7    9.16936713449827308E-03    6.66193517810764746E-03    9.99686789192204550E-01
           8    1.77302213972766365E-03    1.11944212202579191E-02    9.99686789192204550E-01
           9   -6.66193517810764572E-03    9.16936713449827308E-03    9.99686789192204550E-01
          10   -1.11944212202579173E-02    1.77302213972766430E-03    9.99686789192204550E-01
          11   -9.16936713449827308E-03   -6.66193517810764572E-03    9.99686789192204550E-01
          12   -1.77302213972766495E-03   -1.11944212202579173E-02    9.99686789192204550E-01
          13    6.66193517810764486E-03   -9.16936713449827481E-03    9.99686789192204550E-01
          14    1.11944212202579173E-02   -1.77302213972766582E-03    9.99686789192204550E-01
          15    1.02451351152851398E-02    1.67185410227404622E-02    9.99061510539128839E-01
          16   -4.19969575132932507E-04    1.96034699228342484E-02    9.99061510539128839E-01
          17   -1.09517368928095122E-02    1.62644356339277686E-02    9.99061510539128839E-01
          18   -1.80064051282942464E-02    7.76155795025992423E-03    9.99061510539128839E-01
          19   -1.93441669627245488E-02   -3.20555954206756463E-03    9.99061510539128839E-01
          20   -1.45402924658422448E-02   -1.31549345291900079E-02    9.99061510539128839E-01
          21   -5.11997784785224192E-03   -1.89277107516204052E-02    9.99061510539128839E-01
          22    5.92589356079606649E-03   -1.86910725472247859E-02    9.99061510539128839E-01
          23    1.50903356342547215E-02   -1.25201508738931148E-02    9.99061510539128839E-01
          24    1.94637027670540343E-02   -2.37416976125918262E-03    9.99061510539128839E-01
          25    1.76574817952657552E-02    8.52559347549264497E-03    9.99061510539128839E-01
          26    7.90770533731025536E-03    2.92334779136670976E-02    9.97756015737224833E-01
          27   -6.58354924589940951E-03    2.95598530773988205E-02    9.97756015737224833E-01
          28   -1.95665920372428068E-02    2.31144221359456323E-02    9.97756015737224833E-01
          29   -2.80671643958501117E-02    1.13737556421311791E-02    9.97756015737224833E-01
          30   -3.01378876373666303E-02   -2.97250120068114120E-03    9.97756015737224833E-01
          31   -2.53043840220812111E-02   -1.66377938409402147E-02    9.97756015737224833E-01
          32   -1.46739509782225913E-02   -2.64915684193916152E-02    9.97756015737224833E-01
          33   -6.81892605532824427E-04   -3.02764439309689513E-02    9.97756015737224833E-01
          34    1.34663791453877787E-02   -2.71253510086644258E-02    9.97756015737224833E-01
          35    2.45296657215615076E-02   -1.77601670661916185E-02    9.97756015737224833E-01
          36    2.99735014954434706E-02   -4.32634288206968504E-03    9.97756015737224833E-01
          37    2.85507692965703344E-02    1.00985943182506158E-02    9.97756015737224833E-01
          38    2.05873999259222271E-02    2.22100652615143043E-02    9.97756015737224833E-01
          39    9.90660668324015899E-04    4.39859325878621116E-02    9.95242102296425513E-01
          40   -1.69856770097328892E-02    4.05860869104764307E-02    9.95242102296425513E-01
          41   -3.20250368227756946E-02    3.01685380932450141E-02    9.95242102296425513E-01
          42   -4.15269768308346512E-02    1.45345749671270726E-02    9.95242102296425513E-01
          43   -4.38485252841013459E-02   -3.61254821327541007E-03    9.95242102296425513E-01
          44   -3.85882653644004023E-02   -2.11350289886323810E-02    9.95242102296425513E-01
          45   -2.66557437998092214E-02   -3.50030712461441920E-02    9.95242102296425513E-01
          46   -1.01142019724008957E-02   -4.28187644922783384E-02    9.95242102296425513E-01
          47    8.17617726067591463E-03   -4.32307043614341344E-02    9.95242102296425513E-01
          48    2.50528211671432709E-02   -3.61676627078783286E-02    9.95242102296425513E-01
          49    3.75976046960763699E-02   -2.28509035992297410E-02    9.95242102296425513E-01
          50    4.36414208095421072E-02   -5.58301566433226128E-03    9.95242102296425513E-01
          51    4.21392387951765798E-02    1.26502263990333277E-02    9.95242102296425513E-01
          52    3.33507995701587262E-02    2.86961293943070843E-02    9.95242102296425513E-01
          53    1.87957041169580646E-02    3.97802109211537538E-02    9.95242102296425513E-01
          54   -1.14232490269540118E-02    6.03992655475359130E-02    9.90634601574727491E-01
          55   -3.36675042228438276E-02    5.14301570716866191E-02    9.90634601574727491E-01
          56   -5.07861870974914698E-02    3.46312733972078332E-02    9.90634601574727491E-01
          57   -6.01731333644784788E-02    1.25600922812792882E-02    9.90634601574727491E-01
          58   -6.03992655475359130E-02   -1.14232490269540205E-02    9.90634601574727491E-01
          59   -5.14301570716866260E-02   -3.36675042228438276E-02    9.90634601574727491E-01
          60   -3.46312733972078332E-02   -5.07861870974914698E-02    9.90634601574727491E-01
          61   -1.25600922812792917E-02   -6.01731333644784719E-02    9.90634601574727491E-01
          62    1.14232490269540170E-02   -6.03992655475359130E-02    9.90634601574727491E-01
          63    3.36675042228438276E-02   -5.14301570716866260E-02    9.90634601574727491E-01
          64    5.07861870974914698E-02   -3.46312733972078401E-02    9.90634601574727491E-01
          65    6.01731333644784719E-02   -1.25600922812792951E-02    9.90634601574727491E-01
          66    6.03992655475359130E-02    1.14232490269540136E-02    9.90634601574727491E-01
          67    5.14301570716865983E-02    3.36675042228438692E-02    9.90634601574727491E-01
          68    3.46312733972078401E-02    5.07861870974914628E-02    9.90634601574727491E-01
          69    1.25600922812792986E-02    6.01731333644784719E-02    9.90634601574727491E-01
          70   -3.11985365186606967E-02    7.73753835097486520E-02    9.82490498909936227E-01
          71   -5.70429813626403062E-02    6.08801850477506401E-02    9.82490498909936227E-01
          72   -7.51834554875239619E-02    3.61627802463028516E-02    9.82490498909936227E-01
          73   -8.31699873429089381E-02    6.56139158770902963E-03    9.82490498909936227E-01
          74   -7.99239515468247314E-02   -2.39261493627308044E-02    9.82490498909936227E-01
          75   -6.58837432204377876E-02   -5.11823312623634619E-02    9.82490498909936227E-01
          76   -4.29455702977067297E-02   -7.15260557139258124E-02    9.82490498909936227E-01
          77   -1.42073601366504744E-02   -8.22097900017656341E-02    9.82490498909936227E-01
          78    1.64496327365607833E-02   -8.17906366096948639E-02    9.82490498909936227E-01
          79    4.48850115581378231E-02   -7.03252045259217390E-02    9.82490498909936227E-01
          80    6.72584208523533261E-02   -4.93619638855122347E-02    9.82490498909936227E-01
          81    8.05482077186828044E-02   -2.17321164982801039E-02    9.82490498909936227E-01
          82    8.29595127995773063E-02    8.83277364385949559E-03    9.82490498909936227E-01
          83    7.41666759823592370E-02    3.82047487613074999E-02    9.82490498909936227E-01
          84    5.53572186019847881E-02    6.24169608587198041E-02    9.82490498909936227E-01
          85    2.90714621044747268E-02    7.81994165278423331E-02    9.82490498909936227E-01
          86   -1.14055644077721554E-03    8.34206076769540977E-02    9.82490498909936227E-01
          87   -5.93901435568779112E-02    9.30516412377764834E-02    9.68551108411815687E-01
          88   -8.89937894893102488E-02    6.53138769411429621E-02    9.68551108411815687E-01
          89   -1.06578331019600195E-01    2.87551116469221268E-02    9.68551108411815687E-01
          90   -1.09768878374773768E-01   -1.16871908127896551E-02    9.68551108411815687E-01
          91   -9.81345304550815395E-02   -5.05510733922743191E-02    9.68551108411815687E-01
          92   -7.32465704152253233E-02   -8.25877533969647942E-02    9.68551108411815687E-01
          93   -3.84662551675350392E-02   -1.03470499670855531E-01    9.68551108411815687E-01
          94    1.50914098940887142E-03   -1.10378981614365865E-01    9.68551108411815687E-01
          95    4.12807192932942088E-02   -1.02380170459804756E-01    9.68551108411815687E-01
          96    7.54771077122581291E-02   -8.05543499765382920E-02    9.68551108411815687E-01
          97    9.94798945015897690E-02   -4.78492181618780654E-02    9.68551108411815687E-01
          98    1.10047370301356931E-01   -8.68178429278547090E-03    9.68551108411815687E-01
          99    1.05752338948396238E-01    3.16581726524754817E-02    9.68551108411815687E-01
         100    8.71748682265152813E-02    6.77225179570290770E-02    9.68551108411815687E-01
         101    5.68239484980231774E-02    9.46405619480592541E-02    9.68551108411815687E-01
         102    1.87986396525045944E-02    1.08776873626546700E-01    9.68551108411815687E-01
         103   -2.17655296449431046E-02    1.08222265768304515E-01    9.68551108411815687E-01
         104   -9.72641130119975272E-02    1.03806937457058227E-01    9.45495615294143055E-01
         105   -1.28195475350107835E-01    6.16612361535521167E-02    9.45495615294143055E-01
         106   -1.41813328386534876E-01    1.11878432308041200E-02    9.45495615294143055E-01
         107   -1.36278505609580547E-01   -4.07965299142433596E-02    9.45495615294143055E-01
         108   -1.12338515504784284E-01   -8.72711056329961293E-02    9.45495615294143055E-01
         109   -7.32265863918633575E-02   -1.21959234950122564E-01    9.45495615294143055E-01
         110   -2.42250010241989062E-02   -1.40176093787784617E-01    9.45495615294143055E-01
         111    2.80483049671484824E-02   -1.39461394416856677E-01    9.45495615294143055E-01
         112    7.65335319516592116E-02   -1.19911660947668419E-01    9.45495615294143055E-01
         113    1.14682481359157845E-01   -8.41671932140465456E-02    9.45495615294143055E-01
         114    1.37342926181535624E-01   -3.70554796503497555E-02    9.45495615294143055E-01
         115    1.41454447779670894E-01    1.50607817716275523E-02    9.45495615294143055E-01
         116    1.26461762379007858E-01    6.51430011606740494E-02    9.45495615294143055E-01
         117    9.43897152202437389E-02    1.06427297273140944E-01    9.45495615294143055E-01
         118    4.95698139895182008E-02    1.33337997154857529E-01    9.45495615294143055E-01
         119   -1.94476529631317950E-03    1.42240661669462448E-01    9.45495615294143055E-01
         120   -5.31966932525611766E-02    1.31932936642891185E-01    9.45495615294143055E-01
         121   -1.43268970483416080E-01    1.05147246356579530E-01    9.08885381890881749E-01
         122   -1.71577902779979669E-01    4.62921656155015071E-02    9.08885381890881749E-01
         123   -1.76714288560126831E-01   -1.88149286056948917E-02    9.08885381890881749E-01
         124   -1.57984430462552589E-01   -8.13809624615736416E-02    9.08885381890881749E-01
         125   -1.17917899609060781E-01   -1.32956046389536703E-01    9.08885381890881749E-01
         126   -6.19259030077273231E-02   -1.66574679517706770E-01    9.08885381890881749E-01
         127    2.42952993807398236E-03   -1.77696479154847570E-01    9.08885381890881749E-01
         128    6.64568414032482707E-02   -1.64819384631943955E-01    9.08885381890881749E-01
         129    1.21508788186843367E-01   -1.29682518918757927E-01    9.08885381890881749E-01
         130    1.60150299822366504E-01   -7.70313104299497758E-02    9.08885381890881749E-01
         131    1.77162626043432969E-01   -1.39765966223503665E-02    9.08885381890881749E-01
         132    1.70248157925333765E-01    5.09657340060926112E-02    9.08885381890881749E-01
         133    1.40340732701808635E-01    1.09024859846131791E-01    9.08885381890881749E-01
         134    9.14795138720586876E-02    1.52359574236347217E-01    9.08885381890881749E-01
         135    3.02634797884021450E-02    1.75117283872398360E-01    9.08885381890881749E-01
         136   -3.50398049364086320E-02    1.74224433963114378E-01    9.08885381890881749E-01
         137   -9.56107698422961200E-02    1.49801608836195921E-01    9.08885381890881749E-01
         138   -1.92255072774519725E-01    9.24735090040604696E-02    8.54350449541545487E-01
         139   -2.12677800795152583E-01    1.67784362798602260E-02    8.54350449541545487E-01
         140   -2.04377213330023094E-01   -6.11826572364601931E-02    8.54350449541545487E-01
         141   -1.68474350711439902E-01   -1.30880693868189291E-01    8.54350449541545487E-01
         142   -1.09818093480672341E-01   -1.82902567558058754E-01    8.54350449541545487E-01
         143   -3.63302942022770692E-02   -2.10222436001098439E-01    8.54350449541545487E-01
         144    4.20641126212456390E-02   -2.09150599579458779E-01    8.54350449541545487E-01
         145    1.14777527949974367E-01   -1.79831815741132939E-01    8.54350449541545487E-01
         146    1.71989602124821395E-01   -1.26225748704476198E-01    8.54350449541545487E-01
         147    2.05973527505426163E-01   -5.55721948642609320E-02    8.54350449541545487E-01
         148    2.12139586657706908E-01    2.25866918285348023E-02    8.54350449541545487E-01
         149    1.89655019125834934E-01    9.76951206327067584E-02    8.54350449541545487E-01
         150    1.41556490346279013E-01    1.59609282048080614E-01    8.54350449541545487E-01
         151    7.43399731538669506E-02    1.99967325497297899E-01    8.54350449541545487E-01
         152   -2.91656934498613941E-03    2.13318673580902951E-01    8.54350449541545487E-01
         153   -7.97792129925305460E-02    1.97860152757831420E-01    8.54350449541545487E-01
         154   -1.45867231853553658E-01    1.55679521923859837E-01    8.54350449541545487E-01
         155   -2.32339575145967148E-01    6.26858232757660228E-02    7.90836395015628191E-01
         156   -2.40104829646755807E-01   -1.61512042607187510E-02    7.90836395015628191E-01
         157   -2.21851000245023550E-01   -9.32379982037991190E-02    7.90836395015628191E-01
         158   -1.79556172593794194E-01   -1.60221008304893275E-01    7.90836395015628191E-01
         159   -1.17803647540947493E-01   -2.09841586071058156E-01    7.90836395015628191E-01
         160   -4.32852693651112133E-02   -2.36722571958735833E-01    7.90836395015628191E-01
         161    3.59237393865905474E-02   -2.37950994045524888E-01    7.90836395015628191E-01
         162    1.11239853561506258E-01   -2.13393733737389152E-01    7.90836395015628191E-01
         163    1.74501403538862038E-01   -1.65711951233869420E-01    7.90836395015628191E-01
         164    2.18853018774525759E-01   -1.00072707528307478E-01    7.90836395015628191E-01
         165    2.39488513571496114E-01   -2.35890331740071721E-02    7.90836395015628191E-01
         166    2.34171711875829247E-01    5.54508789462592050E-02    7.90836395015628191E-01
         167    2.03478771649929058E-01    1.28481827923660530E-01    7.90836395015628191E-01
         168    1.50735749217308979E-01    1.87589777244565270E-01    7.90836395015628191E-01
         169    8.16581694508588252E-02    2.26369463445721675E-01    7.90836395015628191E-01
         170    3.73165996735948637E-03    2.40618505798405075E-01    7.90836395015628191E-01
         171   -7.45992327762735608E-02    2.28792799467029656E-01    7.90836395015628191E-01
         172   -1.44846141122236927E-01    1.92173843227339658E-01    7.90836395015628191E-01
         173   -1.99396722558156131E-01    1.34729869189555734E-01    7.90836395015628191E-01
         174   -2.58322261928436103E-01    2.54441113493957191E-02    7.24305685798413923E-01
         175   -2.53541733324874397E-01   -5.56271810610809714E-02    7.24305685798413923E-01
         176   -2.23942773334343648E-01   -1.31253297411938558E-01    7.24305685798413923E-01
         177   -1.72422734388797794E-01   -1.94031426516618949E-01    7.24305685798413923E-01
         178   -1.04024756861445633E-01   -2.37816407697410859E-01    7.24305685798413923E-01
         179   -2.54441113493958475E-02   -2.58322261928436103E-01    7.24305685798413923E-01
         180    5.56271810610808465E-02   -2.53541733324874397E-01    7.24305685798413923E-01
         181    1.31253297411938447E-01   -2.23942773334343703E-01    7.24305685798413923E-01
         182    1.94031426516618893E-01   -1.72422734388797877E-01    7.24305685798413923E-01
         183    2.37816407697410859E-01   -1.04024756861445647E-01    7.24305685798413923E-01
         184    2.58322261928436103E-01   -2.54441113493958614E-02    7.24305685798413923E-01
         185    2.53541733324874397E-01    5.56271810610808257E-02    7.24305685798413923E-01
         186    2.23942773334343731E-01    1.31253297411938391E-01    7.24305685798413923E-01
         187    1.72422734388797905E-01    1.94031426516618866E-01    7.24305685798413923E-01
         188    1.04024756861445661E-01    2.37816407697410831E-01    7.24305685798413923E-01
         189    2.54441113493958787E-02    2.58322261928436103E-01    7.24305685798413923E-01
         190   -5.56271810610808118E-02    2.53541733324874452E-01    7.24305685798413923E-01
         191   -1.31253297411938391E-01    2.23942773334343731E-01    7.24305685798413923E-01
         192   -1.94031426516618866E-01    1.72422734388797905E-01    7.24305685798413923E-01
         193   -2.37816407697410831E-01    1.04024756861445675E-01    7.24305685798413923E-01
         194   -2.72028716608038346E-01   -1.60407096281452895E-02    6.56336630045380565E-01
         195   -2.55215161819427494E-01   -9.55099377147442946E-02    6.56336630045380565E-01
         196   -2.15724619909870158E-01   -1.66492688696930319E-01    6.56336630045380565E-01
         197   -1.57065998829419268E-01   -2.22681833647263988E-01    6.56336630045380565E-01
         198   -8.44513744801917571E-02   -2.59084720454907047E-01    6.56336630045380565E-01
         199   -4.33287489964636219E-03   -2.72466792875562913E-01    6.56336630045380565E-01
         200    7.61706196302409239E-02   -2.61638995048398826E-01    6.56336630045380565E-01
         201    1.49906020336722567E-01   -2.27563424327366398E-01    6.56336630045380565E-01
         202    2.10321613284551789E-01   -1.73267844709208363E-01    6.56336630045380565E-01
         203    2.52049207910851003E-01   -1.03576656715224660E-01    6.56336630045380565E-01
         204    2.71381124314540589E-01   -2.46822282334221640E-02    6.56336630045380565E-01
         205    2.66599636886435176E-01    5.64053245430944233E-02    6.56336630045380565E-01
         206    2.38129601767733567E-01    1.32481016703267812E-01    6.56336630045380565E-01
         207    1.88500706517423983E-01    1.96785189145989553E-01    6.56336630045380565E-01
         208    1.22122696271315917E-01    2.43604133955511559E-01    6.56336630045380565E-01
         209    4.48935485348756283E-02    2.68777782423952727E-01    6.56336630045380565E-01
         210   -3.63245880009806926E-02    2.70069345412154993E-01    6.56336630045380565E-01
         211   -1.14315125485121474E-01    2.47364061880685937E-01    6.56336630045380565E-01
         212   -1.82148262406243489E-01    2.02679395911812332E-01    6.56336630045380565E-01
         213   -2.33796726868087168E-01    1.39985776172295268E-01    6.56336630045380565E-01
         214   -2.64671326147664698E-01    6.48538059024094810E-02    6.56336630045380565E-01
         215   -2.75233958560142600E-01   -5.82321151640526960E-02    5.87705498253706660E-01
         216   -2.47679166643107462E-01   -1.33415672213355818E-01    5.87705498253706660E-01
         217   -2.00058881649368914E-01   -1.97790684953487117E-01    5.87705498253706660E-01
         218   -1.36231015860380111E-01   -2.46141872705183312E-01    5.87705498253706660E-01
         219   -6.13665233634309096E-02   -2.74552109792387644E-01    5.87705498253706660E-01
         220    1.84695198956564104E-02   -2.80719767768480732E-01    5.87705498253706660E-01
         221    9.68092724952618749E-02   -2.64145179664713792E-01    5.87705498253706660E-01
         222    1.67306113584213600E-01   -2.26171120036383122E-01    5.87705498253706660E-01
         223    2.24248808358342072E-01   -1.69874021354147559E-01    5.87705498253706660E-01
         224    2.63024198338292770E-01   -9.98147397415042187E-02    5.87705498253706660E-01
         225    2.80490932034013762E-01   -2.16690615361182885E-02    5.87705498253706660E-01
         226    2.75233958560142655E-01    5.82321151640524115E-02    5.87705498253706660E-01
         227    2.47679166643107490E-01    1.33415672213355790E-01    5.87705498253706660E-01
         228    2.00058881649368886E-01    1.97790684953487200E-01    5.87705498253706660E-01
         229    1.36231015860380139E-01    2.46141872705183284E-01    5.87705498253706660E-01
         230    6.13665233634311802E-02    2.74552109792387589E-01    5.87705498253706660E-01
         231   -1.84695198956563757E-02    2.80719767768480732E-01    5.87705498253706660E-01
         232   -9.68092724952618472E-02    2.64145179664713792E-01    5.87705498253706660E-01
         233   -1.67306113584213573E-01    2.26171120036383122E-01    5.87705498253706660E-01
         234   -2.24248808358342017E-01    1.69874021354147586E-01    5.87705498253706660E-01
         235   -2.63024198338292936E-01    9.98147397415037885E-02    5.87705498253706660E-01
         236   -2.80490932034013707E-01    2.16690615361185696E-02    5.87705498253706660E-01
         237   -2.69843126129753363E-01   -9.88975712584557187E-02    5.18772062217787266E-01
         238   -2.33154365621509124E-01   -1.68032985190202960E-01    5.18772062217787266E-01
         239   -1.79173612425367751E-01   -2.24706161310150615E-01    5.18772062217787266E-01
         240   -1.11904372060373014E-01   -2.64713909408011538E-01    5.18772062217787266E-01
         241   -3.63356963480987519E-02   -2.85089037830636494E-01    5.18772062217787266E-01
         242    4.19278317375641058E-02   -2.84320416512929719E-01    5.18772062217787266E-01
         243    1.17081764350318876E-01   -2.62465050581816961E-01    5.18772062217787266E-01
         244    1.83552278114642559E-01   -2.21143852546762498E-01    5.18772062217787266E-01
         245    2.36409559107002037E-01   -1.63421426634123568E-01    5.18772062217787266E-01
         246    2.71733424602164653E-01   -9.35787811113128892E-02    5.18772062217787266E-01
         247    2.86904065092286331E-01   -1.67958254879139388E-02    5.18772062217787266E-01
         248    2.80796343573276874E-01    6.12327996761341670E-02    5.18772062217787266E-01
         249    2.53863241809234419E-01    1.34720068209623067E-01    5.18772062217787266E-01
         250    2.08102264747256099E-01    1.98215765587307025E-01    5.18772062217787266E-01
         251    1.46907294713488401E-01    2.47010706408170883E-01    5.18772062217787266E-01
         252    7.48168826869757969E-02    2.77485993133532116E-01    5.18772062217787266E-01
         253   -2.82235526396586861E-03    2.87381413162130728E-01    5.18772062217787266E-01
         254   -8.02522720363956360E-02    2.75963068458979999E-01    5.18772062217787266E-01
         255   -1.51730244921601115E-01    2.44077805415261501E-01    5.18772062217787266E-01
         256   -2.11955079660655160E-01    1.94090408125555364E-01    5.18772062217787266E-01
         257   -2.56460175771248799E-01    1.29708213169712178E-01    5.18772062217787266E-01
         258   -2.81944793872126120E-01    5.57061534186633206E-02    5.18772062217787266E-01
         259   -2.86518856423115309E-01   -2.24273768927524715E-02    5.18772062217787266E-01
         260   -2.57587950328234727E-01   -1.36696695397413109E-01    4.49698944766231123E-01
         261   -2.11155563337486141E-01   -2.01124008408999105E-01    4.49698944766231123E-01
         262   -1.49062734186422352E-01   -2.50634873798005753E-01    4.49698944766231123E-01
         263   -7.59146039573857234E-02   -2.81557297175668242E-01    4.49698944766231123E-01
         264    2.86376516096563741E-03   -2.91597903860739582E-01    4.49698944766231123E-01
         265    8.14297419181820442E-02   -2.80012027988107204E-01    4.49698944766231123E-01
         266    1.53956447233608823E-01   -2.47658940969388952E-01    4.49698944766231123E-01
         267    2.15064907161600594E-01   -1.96938123263238146E-01    4.49698944766231123E-01
         268    2.60222986781900312E-01   -1.31611305886619068E-01    4.49698944766231123E-01
         269    2.86081517913538974E-01   -5.65234800340507423E-02    4.49698944766231123E-01
         270    2.90722691597391225E-01    2.27564337549275471E-02    4.49698944766231123E-01
         271    2.73802293213282644E-01    1.00348606956060196E-01    4.49698944766231123E-01
         272    2.36575231303690570E-01    1.70498383043592439E-01    4.49698944766231123E-01
         273    1.81802466747973152E-01    2.28003074038983899E-01    4.49698944766231123E-01
         274    1.13546244924502771E-01    2.68597820077563332E-01    4.49698944766231123E-01
         275    3.68688175544893901E-02    2.89271894554255005E-01    4.49698944766231123E-01
         276   -4.25430013499235732E-02    2.88491995942720514E-01    4.49698944766231123E-01
         277   -1.18799600465493704E-01    2.66315965755178352E-01    4.49698944766231123E-01
         278   -1.86245376686547115E-01    2.24388498702051215E-01    4.49698944766231123E-01
         279   -2.39878185334664373E-01    1.65819163209270454E-01    4.49698944766231123E-01
         280   -2.75720326346188538E-01    9.49517789534538026E-02    4.49698944766231123E-01
         281   -2.91113552089179162E-01    1.70422556281446917E-02    4.49698944766231123E-01
         282   -2.84916217429600827E-01   -6.21312138339715977E-02    4.49698944766231123E-01
         283   -2.38973778333363113E-01   -1.72227001834154791E-01    3.80559695693778732E-01
         284   -1.83645693379106467E-01   -2.30314711199724576E-01    3.80559695693778732E-01
         285   -1.14697447470066730E-01   -2.71321032055306444E-01    3.80559695693778732E-01
         286   -3.72426165880802434E-02   -2.92204713174477326E-01    3.80559695693778732E-01
         287    4.29743287926102266E-02   -2.91416907465112507E-01    3.80559695693778732E-01
         288    1.20004064801225302E-01   -2.69016042872704253E-01    3.80559695693778732E-01
         289    1.88133648305600587E-01   -2.26663489046934785E-01    3.80559695693778732E-01
         290    2.42310219769322321E-01   -1.67500341155019855E-01    3.80559695693778732E-01
         291    2.78515750728249301E-01   -9.59144592227105935E-02    3.80559695693778732E-01
         292    2.94065042580441083E-01   -1.72150406293073328E-02    3.80559695693778732E-01
         293    2.87804875482497502E-01    6.27611387740010518E-02    3.80559695693778732E-01
         294    2.60199537389714297E-01    1.38082611627547119E-01    3.80559695693778732E-01
         295    2.13296389942414399E-01    2.03163128862593662E-01    3.80559695693778732E-01
         296    1.50574025019141688E-01    2.53175966239373162E-01    3.80559695693778732E-01
         297    7.66842734905289619E-02    2.84411900403156614E-01    3.80559695693778732E-01
         298   -2.89279979566789804E-03    2.94554305011906992E-01    3.80559695693778732E-01
         299   -8.22553273546988012E-02    2.82850964314206754E-01    3.80559695693778732E-01
         300   -1.55517353576915679E-01    2.50169861550383232E-01    3.80559695693778732E-01
         301   -2.17245369128884841E-01    1.98934804606333032E-01    3.80559695693778732E-01
         302   -2.62861289483999450E-01    1.32945663270805453E-01    3.80559695693778732E-01
         303   -2.88981990508469677E-01    5.70965502764228319E-02    3.80559695693778732E-01
         304   -2.93670219301566615E-01   -2.29871526526248642E-02    3.80559695693778732E-01
         305   -2.76578271380926333E-01   -1.01366003628652432E-01    3.80559695693778732E-01
         306   -2.14801941128112850E-01   -2.04597154490650079E-01    3.11388177313246695E-01
         307   -1.51636850798631789E-01   -2.54963007155841470E-01    3.11388177313246695E-01
         308   -7.72255489378502330E-02   -2.86419419958430732E-01    3.11388177313246695E-01
         309    2.91321860427286262E-03   -2.96633414664362993E-01    3.11388177313246695E-01
         310    8.28359260496053518E-02   -2.84847466012215889E-01    3.11388177313246695E-01
         311    1.56615071808984929E-01   -2.51935683896391871E-01    3.11388177313246695E-01
         312    2.18778794158571765E-01   -2.00338984635036688E-01    3.11388177313246695E-01
         313    2.64716694191804047E-01   -1.33884059373172104E-01    3.11388177313246695E-01
         314    2.91021768015126137E-01   -5.74995659064162223E-02    3.11388177313246695E-01
         315    2.95743088640767426E-01    2.31494073206069753E-02    3.11388177313246695E-01
         316    2.78530497316528902E-01    1.02081494908153034E-01    3.11388177313246695E-01
         317    2.40660573198563765E-01    1.73442665010126368E-01    3.11388177313246695E-01
         318    1.84941955315325868E-01    2.31940386095695283E-01    3.11388177313246695E-01
         319    1.15507038659499114E-01    2.73236149801209804E-01    3.11388177313246695E-01
         320    3.75054933558391645E-02    2.94267238248180296E-01    3.11388177313246695E-01
         321   -4.32776628138085012E-02    2.93473871817322929E-01    3.11388177313246695E-01
         322   -1.20851112714689082E-01    2.70914890867404556E-01    3.11388177313246695E-01
         323   -1.89461588442575074E-01    2.28263391815009375E-01    3.11388177313246695E-01
         324   -2.44020564884769642E-01    1.68682641227229202E-01    3.11388177313246695E-01
         325   -2.80481652349265254E-01    9.65914708113614073E-02    3.11388177313246695E-01
         326   -2.96140698777196287E-01    1.73365528819912733E-02    3.11388177313246695E-01
         327   -2.89836344330373918E-01   -6.32041378651834879E-02    3.11388177313246695E-01
         328   -2.62036154137616550E-01   -1.39057266846588923E-01    3.11388177313246695E-01
         329   -1.85845136580825326E-01   -2.33073088575655507E-01    2.42200431619020634E-01
         330   -1.16071128041882646E-01   -2.74570523989786375E-01    2.42200431619020634E-01
         331   -3.76886549261521223E-02   -2.95704319716162400E-01    2.42200431619020634E-01
         332    4.34890133113272973E-02   -2.94907078806440626E-01    2.42200431619020634E-01
         333    1.21441300380503367E-01   -2.72237928971760523E-01    2.42200431619020634E-01
         334    1.90386841757440028E-01   -2.29378137350900263E-01    2.42200431619020634E-01
         335    2.45212262043074170E-01   -1.69506418617879157E-01    2.42200431619020634E-01
         336    2.81851410624429422E-01   -9.70631842562371949E-02    2.42200431619020634E-01
         337    2.97586929464178362E-01   -1.74212175528319219E-02    2.42200431619020634E-01
         338    2.91251787115185623E-01    6.35128011596996361E-02    2.42200431619020634E-01
         339    2.63315832104128122E-01    1.39736365961948439E-01    2.42200431619020634E-01
         340    2.15850946415685835E-01    2.05596323752137405E-01    2.42200431619020634E-01
         341    1.52377383483966289E-01    2.56208142750228074E-01    2.42200431619020634E-01
         342    7.76026870993867246E-02    2.87818175874797133E-01    2.42200431619020634E-01
         343   -2.92744557868324486E-03    2.98082051575274898E-01    2.42200431619020634E-01
         344   -8.32404630103549259E-02    2.86238545145063750E-01    2.42200431619020634E-01
         345   -1.57379916100327866E-01    2.53166035275656065E-01    2.42200431619020634E-01
         346   -2.19847220778349423E-01    2.01317358727400003E-01    2.42200431619020634E-01
         347   -2.66009462825353760E-01    1.34537894647967948E-01    2.42200431619020634E-01
         348   -2.92442999926920577E-01    5.77803703924101714E-02    2.42200431619020634E-01
         349   -2.97187377561612176E-01   -2.32624596075465817E-02    2.42200431619020634E-01
         350   -2.79890726944347190E-01   -1.02580019397082667E-01    2.42200431619020634E-01
         351   -2.41835861524496737E-01   -1.74289688420300432E-01    2.42200431619020634E-01
         352   -1.52876508266544670E-01   -2.57047373813402757E-01    1.73004337912782219E-01
         353   -7.78568811499759511E-02   -2.88760948228351411E-01    1.73004337912782219E-01
         354    2.93703466995497977E-03   -2.99058444106642174E-01    1.73004337912782219E-01
         355    8.35131240644549216E-02   -2.87176143286891228E-01    1.73004337912782219E-01
         356    1.57895427094215307E-01   -2.53995301662990336E-01    1.73004337912782219E-01
         357    2.20567348619913339E-01   -2.01976790465933809E-01    1.73004337912782219E-01
         358    2.66880798926951102E-01   -1.34978584702353521E-01    1.73004337912782219E-01
         359    2.93400921275993098E-01   -5.79696347973370357E-02    1.73004337912782219E-01
         360    2.98160839513897880E-01    2.33386577271647890E-02    1.73004337912782219E-01
         361    2.80807532280137051E-01    1.02916028775297583E-01    1.73004337912782219E-01
         362    2.42628014986140367E-01    1.74860588778670639E-01    1.73004337912782219E-01
         363    1.86453887769934212E-01    2.33836538846295156E-01    1.73004337912782219E-01
         364    1.16451328667611320E-01    2.75469902558675317E-01    1.73004337912782219E-01
         365    3.78121072473926456E-02    2.96672923789229215E-01    1.73004337912782219E-01
         366   -4.36314651884845486E-02    2.95873071450654612E-01    1.73004337912782219E-01
         367   -1.21839091452003348E-01    2.73129666931822834E-01    1.73004337912782219E-01
         368   -1.91010469679282979E-01    2.30129484501742726E-01    1.73004337912782219E-01
         369   -2.46015475185204974E-01    1.70061650978508117E-01    1.73004337912782219E-01
         370   -2.82774638342551621E-01    9.73811227824842029E-02    1.73004337912782219E-01
         371   -2.98561700181924738E-01    1.74782821986772738E-02    1.73004337912782219E-01
         372   -2.92205806547700286E-01   -6.37208426179854126E-02    1.73004337912782219E-01
         373   -2.64178344994449921E-01   -1.40194084041130373E-01    1.73004337912782219E-01
         374   -2.16557984128473519E-01   -2.06269771596203438E-01    1.73004337912782219E-01
         375   -1.16686271269755282E-01   -2.76025667928293583E-01    1.03803951165299183E-01
         376   -4.12695831958424103E-02   -2.96820950677240680E-01    1.03803951165299183E-01
         377    3.69595587716564991E-02   -2.97388376157347423E-01    1.03803951165299183E-01
         378    1.12669967887425518E-01   -2.77689275259859480E-01    1.03803951165299183E-01
         379    1.80702104887592085E-01   -2.39066109156637202E-01    1.03803951165299183E-01
         380    2.36419692064017195E-01   -1.84150982789815093E-01    1.03803951165299183E-01
         381    2.76025667928293583E-01   -1.16686271269755296E-01    1.03803951165299183E-01
         382    2.96820950677240680E-01   -4.12695831958424242E-02    1.03803951165299183E-01
         383    2.97388376157347478E-01    3.69595587716562146E-02    1.03803951165299183E-01
         384    2.77689275259859480E-01    1.12669967887425490E-01    1.03803951165299183E-01
         385    2.39066109156637036E-01    1.80702104887592307E-01    1.03803951165299183E-01
         386    1.84150982789815149E-01    2.36419692064017195E-01    1.03803951165299183E-01
         387    1.16686271269755309E-01    2.76025667928293528E-01    1.03803951165299183E-01
         388    4.12695831958424381E-02    2.96820950677240680E-01    1.03803951165299183E-01
         389   -3.69595587716562007E-02    2.97388376157347478E-01    1.03803951165299183E-01
         390   -1.12669967887425226E-01    2.77689275259859591E-01    1.03803951165299183E-01
         391   -1.80702104887591836E-01    2.39066109156637369E-01    1.03803951165299183E-01
         392   -2.36419692064017195E-01    1.84150982789815149E-01    1.03803951165299183E-01
         393   -2.76025667928293528E-01    1.16686271269755323E-01    1.03803951165299183E-01
         394   -2.96820950677240680E-01    4.12695831958424589E-02    1.03803951165299183E-01
         395   -2.97388376157347423E-01   -3.69595587716567073E-02    1.03803951165299183E-01
         396   -2.77689275259859591E-01   -1.12669967887425213E-01    1.03803951165299183E-01
         397   -2.39066109156637091E-01   -1.80702104887592252E-01    1.03803951165299183E-01
         398   -1.84150982789815565E-01   -2.36419692064016834E-01    1.03803951165299183E-01
         399   -7.97360643041570699E-02   -2.89172788005132353E-01    3.46015187688584192E-02
         400   -2.17569893690926870E-03   -2.99956676217606133E-01    3.46015187688584192E-02
         401    7.55329367173766530E-02   -2.90299012647695087E-01    3.46015187688584192E-02
         402    1.48094127558452915E-01   -2.60857951107645092E-01    3.46015187688584192E-02
         403    2.10562948343538003E-01   -2.13639851287755839E-01    3.46015187688584192E-02
         404    2.58682252170735927E-01   -1.51862548659153135E-01    3.46015187688584192E-02
         405    2.89172788005132353E-01   -7.97360643041570838E-02    3.46015187688584192E-02
         406    2.99956676217606133E-01   -2.17569893690928691E-03    3.46015187688584192E-02
         407    2.90299012647695143E-01    7.55329367173766392E-02    3.46015187688584192E-02
         408    2.60857951107645092E-01    1.48094127558452915E-01    3.46015187688584192E-02
         409    2.13639851287755839E-01    2.10562948343537976E-01    3.46015187688584192E-02
         410    1.51862548659153412E-01    2.58682252170735816E-01    3.46015187688584192E-02
         411    7.97360643041570977E-02    2.89172788005132353E-01    3.46015187688584192E-02
         412    2.17569893690903885E-03    2.99956676217606133E-01    3.46015187688584192E-02
         413   -7.55329367173766114E-02    2.90299012647695143E-01    3.46015187688584192E-02
         414   -1.48094127558452887E-01    2.60857951107645092E-01    3.46015187688584192E-02
         415   -2.10562948343537976E-01    2.13639851287755866E-01    3.46015187688584192E-02
         416   -2.58682252170736038E-01    1.51862548659152941E-01    3.46015187688584192E-02
         417   -2.89172788005132242E-01    7.97360643041573752E-02    3.46015187688584192E-02
         418   -2.99956676217606133E-01    2.17569893690905750E-03    3.46015187688584192E-02
         419   -2.90299012647695143E-01   -7.55329367173765975E-02    3.46015187688584192E-02
         420   -2.60857951107645092E-01   -1.48094127558452859E-01    3.46015187688584192E-02
         421   -2.13639851287755866E-01   -2.10562948343537976E-01    3.46015187688584192E-02
         422   -1.51862548659153440E-01   -2.58682252170735760E-01    3.46015187688584192E-02
         423   -4.13092883085620644E-02   -2.97106519573060890E-01   -3.46015187691533915E-02
         424    3.69951172467717637E-02   -2.97674490968364847E-01   -3.46015187691533915E-02
         425    1.12778366699060259E-01   -2.77956437734530271E-01   -3.46015187691533915E-02
         426    1.80875956835870655E-01   -2.39296112613819473E-01   -3.46015187691533915E-02
         427    2.36647149425968206E-01   -1.84328152874000784E-01   -3.46015187691533915E-02
         428    2.76291229860591347E-01   -1.16798534132494095E-01   -3.46015187691533915E-02
         429    2.97106519573060890E-01   -4.13092883085620852E-02   -3.46015187691533915E-02
         430    2.97674490968364847E-01    3.69951172467717429E-02   -3.46015187691533915E-02
         431    2.77956437734530382E-01    1.12778366699059995E-01   -3.46015187691533915E-02
         432    2.39296112613819473E-01    1.80875956835870627E-01   -3.46015187691533915E-02
         433    1.84328152874000589E-01    2.36647149425968317E-01   -3.46015187691533915E-02
         434    1.16798534132494122E-01    2.76291229860591292E-01   -3.46015187691533915E-02
         435    4.13092883085620990E-02    2.97106519573060890E-01   -3.46015187691533915E-02
         436   -3.69951172467717221E-02    2.97674490968364847E-01   -3.46015187691533915E-02
         437   -1.12778366699059981E-01    2.77956437734530382E-01   -3.46015187691533915E-02
         438   -1.80875956835870405E-01    2.39296112613819639E-01   -3.46015187691533915E-02
         439   -2.36647149425968317E-01    1.84328152874000589E-01   -3.46015187691533915E-02
         440   -2.76291229860591292E-01    1.16798534132494136E-01   -3.46015187691533915E-02
         441   -2.97106519573060890E-01    4.13092883085621199E-02   -3.46015187691533915E-02
         442   -2.97674490968364847E-01   -3.69951172467717082E-02   -3.46015187691533915E-02
         443   -2.77956437734530382E-01   -1.12778366699059954E-01   -3.46015187691533915E-02
         444   -2.39296112613819334E-01   -1.80875956835870821E-01   -3.46015187691533915E-02
         445   -1.84328152874001006E-01   -2.36647149425967956E-01   -3.46015187691533915E-02
         446   -1.16798534132494150E-01   -2.76291229860591292E-01   -3.46015187691533915E-02
         447   -2.17360772752097113E-03   -2.99668367846099570E-01   -1.03803951165595112E-01
         448    7.54603369731243478E-02   -2.90019986900904692E-01   -1.03803951165595112E-01
         449    1.47951784413154541E-01   -2.60607223129102561E-01   -1.03803951165595112E-01
         450    2.10360562247312227E-01   -2.13434507774851373E-01   -1.03803951165595112E-01
         451    2.58433615401581551E-01   -1.51716583432945223E-01   -1.03803951165595112E-01
         452    2.88894844747975832E-01   -7.96594246535923672E-02   -1.03803951165595112E-01
         453    2.99668367846099570E-01   -2.17360772752098934E-03   -1.03803951165595112E-01
         454    2.90019986900904692E-01    7.54603369731243340E-02   -1.03803951165595112E-01
         455    2.60607223129102561E-01    1.47951784413154541E-01   -1.03803951165595112E-01
         456    2.13434507774851373E-01    2.10360562247312199E-01   -1.03803951165595112E-01
         457    1.51716583432945251E-01    2.58433615401581551E-01   -1.03803951165595112E-01
         458    7.96594246535926448E-02    2.88894844747975721E-01   -1.03803951165595112E-01
         459    2.17360772752100756E-03    2.99668367846099570E-01   -1.03803951165595112E-01
         460   -7.54603369731245699E-02    2.90019986900904636E-01   -1.03803951165595112E-01
         461   -1.47951784413154513E-01    2.60607223129102561E-01   -1.03803951165595112E-01
         462   -2.10360562247312199E-01    2.13434507774851401E-01   -1.03803951165595112E-01
         463   -2.58433615401581551E-01    1.51716583432945251E-01   -1.03803951165595112E-01
         464   -2.88894844747975721E-01    7.96594246535926587E-02   -1.03803951165595112E-01
         465   -2.99668367846099570E-01    2.17360772752075992E-03   -1.03803951165595112E-01
         466   -2.90019986900904747E-01   -7.54603369731240287E-02   -1.03803951165595112E-01
         467   -2.60607223129102561E-01   -1.47951784413154513E-01   -1.03803951165595112E-01
         468   -2.13434507774851401E-01   -2.10360562247312199E-01   -1.03803951165595112E-01
         469   -1.51716583432945279E-01   -2.58433615401581551E-01   -1.03803951165595112E-01
         470   -7.96594246535926725E-02   -2.88894844747975721E-01   -1.03803951165595112E-01
         471    3.68851423487346688E-02   -2.96789597927639426E-01   -1.73004337913054973E-01
         472    1.15590216447749569E-01   -2.75832342240170780E-01   -1.73004337913054973E-01
         473    1.85722492982889315E-01   -2.34417863577750657E-01   -1.73004337913054973E-01
         474    2.42080581837359365E-01   -1.75617684364137550E-01   -1.73004337913054973E-01
         475    2.80484661381924738E-01   -1.03792744898684064E-01   -1.73004337913054973E-01
         476    2.98086476723738669E-01   -2.42699723643081712E-02   -1.73004337913054973E-01
         477    2.93580581741845925E-01    5.70527929925924576E-02   -1.73004337913054973E-01
         478    2.67301158053955601E-01    1.34144213692393488E-01   -1.73004337913054973E-01
         479    2.21197230294634672E-01    2.01286771731573666E-01   -1.73004337913054973E-01
         480    1.58688115874356522E-01    2.53500810737131710E-01   -1.73004337913054973E-01
         481    8.44098298495023769E-02    2.86913854299359949E-01   -1.73004337913054973E-01
         482    3.87125289398821066E-03    2.99047809831750944E-01   -1.73004337913054973E-01
         483   -7.69544371788700027E-02    2.89002757361620399E-01   -1.73004337913054973E-01
         484   -1.52072768689296006E-01    2.57523692477620691E-01   -1.73004337913054973E-01
         485   -2.15912558632662954E-01    2.06945273415058167E-01   -1.73004337913054973E-01
         486   -2.63739101836476864E-01    1.41018670134932106E-01   -1.73004337913054973E-01
         487   -2.92005322383187327E-01    6.46333572083881980E-02   -1.73004337913054973E-01
         488   -2.98614844004200075E-01   -1.65455161443676391E-02   -1.73004337913054973E-01
         489   -2.83077468717433889E-01   -9.64972842553950966E-02   -1.73004337913054973E-01
         490   -2.46545532569145687E-01   -1.69292290238901966E-01   -1.73004337913054973E-01
         491   -1.91728442140966543E-01   -2.29531661516084395E-01   -1.73004337913054973E-01
         492   -1.22691730258452675E-01   -2.72747719496100216E-01   -1.73004337913054973E-01
         493   -4.45555340199878525E-02   -2.95735326858882375E-01   -1.73004337913054973E-01
         494    7.67031895073938125E-02   -2.88059195528161227E-01   -2.42200431619250839E-01
         495    1.51576268026971606E-01   -2.56682906287026169E-01   -2.42200431619250839E-01
         496    2.15207628162275150E-01   -2.06269620132743969E-01   -2.42200431619250839E-01
         497    2.62878023026172081E-01   -1.40558259873939578E-01   -2.42200431619250839E-01
         498    2.91051957509152748E-01   -6.44223364915378349E-02   -2.42200431619250839E-01
         499    2.97639899777788541E-01    1.64914968758623111E-02   -2.42200431619250839E-01
         500    2.82153252291845236E-01    9.61822313635576631E-02   -2.42200431619250839E-01
         501    2.45740588848657127E-01    1.68739569755448460E-01   -2.42200431619250839E-01
         502    1.91102470118954343E-01    2.28782266190744682E-01   -2.42200431619250839E-01
         503    1.22291155416157662E-01    2.71857228551899532E-01   -2.42200431619250839E-01
         504    4.44100651609547620E-02    2.94769783935427077E-01   -2.42200431619250839E-01
         505   -3.67647164647060334E-02    2.95820612926496973E-01   -2.42200431619250839E-01
         506   -1.15212827257566680E-01    2.74931780346064525E-01   -2.42200431619250839E-01
         507   -1.85116129716347333E-01    2.33652515346569833E-01   -2.42200431619250839E-01
         508   -2.41290215684009934E-01    1.75044312172953964E-01   -2.42200431619250839E-01
         509   -2.79568910183677299E-01    1.03453873139914609E-01   -2.42200431619250839E-01
         510   -2.97113257557684474E-01    2.41907336060654399E-02   -2.42200431619250839E-01
         511   -2.92622073821349693E-01   -5.68665219741030584E-02   -2.42200431619250839E-01
         512   -2.66428449526598721E-01   -1.33706247766479630E-01   -2.42200431619250839E-01
         513   -2.20475045959515392E-01   -2.00629592827399644E-01   -2.42200431619250839E-01
         514   -1.58170016839836863E-01   -2.52673158807627030E-01   -2.42200431619250839E-01
         515   -8.41342411508274185E-02   -2.85977112501880126E-01   -2.42200431619250839E-01
         516   -3.85861368420428947E-03   -2.98071452020106487E-01   -2.42200431619250839E-01
         517    1.14652909096463487E-01   -2.73595650502327092E-01   -3.11388177313432601E-01
         518    1.84216491321833958E-01   -2.32516996933871706E-01   -3.11388177313432601E-01
         519    2.40117579120236041E-01   -1.74193621397313564E-01   -3.11388177313432601E-01
         520    2.78210244540122553E-01   -1.02951101844509785E-01   -3.11388177313432601E-01
         521    2.95669328849649415E-01   -2.40731700378512027E-02   -3.11388177313432601E-01
         522    2.91199971635575039E-01    5.65901586630900427E-02   -3.11388177313432601E-01
         523    2.65133644676518676E-01    1.33056454178739403E-01   -3.11388177313432601E-01
         524    2.19403568197522214E-01    1.99654561180726942E-01   -3.11388177313432601E-01
         525    1.57401332769853297E-01    2.51445202738782292E-01   -3.11388177313432601E-01
         526    8.37253605538286483E-02    2.84587303894964394E-01   -3.11388177313432601E-01
         527    3.83986136356465882E-03    2.96622866621543579E-01   -3.11388177313432601E-01
         528   -7.63304227778375255E-02    2.86659268290125224E-01   -3.11388177313432601E-01
         529   -1.50839628650257102E-01    2.55435463408521135E-01   -3.11388177313432601E-01
         530   -2.14161749311072014E-01    2.05267178745397516E-01   -3.11388177313432601E-01
         531   -2.61600472750297020E-01    1.39875166469586532E-01   -3.11388177313432601E-01
         532   -2.89637485868163624E-01    6.41092529830346591E-02   -3.11388177313432601E-01
         533   -2.96193411662520278E-01   -1.64113505169509594E-02   -3.11388177313432601E-01
         534   -2.80782027108564425E-01   -9.57147992260277969E-02   -3.11388177313432601E-01
         535   -2.44546324096270140E-01   -1.67919519142580437E-01   -3.11388177313432601E-01
         536   -1.90173738950747712E-01   -2.27670416505013434E-01   -3.11388177313432601E-01
         537   -1.21696837574214775E-01   -2.70536040598121807E-01   -3.11388177313432601E-01
         538   -4.41942384807900365E-02   -2.93337244180101486E-01   -3.11388177313432601E-01
         539    3.65860451055666225E-02   -2.94382966289843062E-01   -3.11388177313432601E-01
         540    1.49782390617062111E-01   -2.53645111036543025E-01   -3.80559695693918121E-01
         541    2.12660685242874126E-01   -2.03828456903675848E-01   -3.80559695693918121E-01
         542    2.59766909702122906E-01   -1.38894778575407746E-01   -3.80559695693918121E-01
         543    2.87607410823303711E-01   -6.36599099215338360E-02   -3.80559695693918121E-01
         544    2.94117386000076586E-01    1.62963230265104966E-02   -3.80559695693918121E-01
         545    2.78814020154734887E-01    9.50439322463960123E-02   -3.80559695693918121E-01
         546    2.42832293923787329E-01    1.66742567808624592E-01   -3.80559695693918121E-01
         547    1.88840807336338734E-01    2.26074669912978587E-01   -3.80559695693918121E-01
         548    1.20843861957964038E-01    2.68639847972684365E-01   -3.80559695693918121E-01
         549    4.38844801620505778E-02    2.91281237453786257E-01   -3.80559695693918121E-01
         550   -3.63296127693441828E-02    2.92319630075935755E-01   -3.80559695693918121E-01
         551   -1.13849304518555822E-01    2.71678013008678276E-01   -3.80559695693918121E-01
         552   -1.82925314177538961E-01    2.30887280560777286E-01   -3.80559695693918121E-01
         553   -2.38434590111603562E-01    1.72972694752709544E-01   -3.80559695693918121E-01
         554   -2.76260263262760208E-01    1.02229515472259072E-01   -3.80559695693918121E-01
         555   -2.93596976494328421E-01    2.39044406981456896E-02   -3.80559695693918121E-01
         556   -2.89158945096108566E-01   -5.61935170870100087E-02   -3.80559695693918121E-01
         557   -2.63275317554263644E-01   -1.32123858778057435E-01   -3.80559695693918121E-01
         558   -2.17865764113855637E-01   -1.98255178289971107E-01   -3.80559695693918121E-01
         559   -1.56298103618675244E-01   -2.49682818185209265E-01   -3.80559695693918121E-01
         560   -8.31385277943439971E-02   -2.82592625678540155E-01   -3.80559695693918121E-01
         561   -3.81294769696339598E-03   -2.94543830900534431E-01   -3.80559695693918121E-01
         562    7.57954212880254385E-02   -2.84650067633002934E-01   -3.80559695693918121E-01
         563    1.81089317893627116E-01   -2.28569896599907479E-01   -4.49698944766323494E-01
         564    2.36041454840144660E-01   -1.71236591544621369E-01   -4.49698944766323494E-01
         565    2.73487476898973181E-01   -1.01203451849752379E-01   -4.49698944766323494E-01
         566    2.90650183918161775E-01   -2.36645151061729807E-02   -4.49698944766323494E-01
         567    2.86256696432257374E-01    5.56295104648781569E-02   -4.49698944766323494E-01
         568    2.60632859309221587E-01    1.30797749732826207E-01   -4.49698944766323494E-01
         569    2.15679075327215281E-01    1.96265318262980271E-01   -4.49698944766323494E-01
         570    1.54729360994306009E-01    2.47176785991656767E-01   -4.49698944766323494E-01
         571    8.23040777961757675E-02    2.79756282261886979E-01   -4.49698944766323494E-01
         572    3.77467766400564446E-03    2.91587534876586285E-01   -4.49698944766323494E-01
         573   -7.50346730425027475E-02    2.81793073953701456E-01   -4.49698944766323494E-01
         574   -1.48279045310236723E-01    2.51099309853205888E-01   -4.49698944766323494E-01
         575   -2.10526239118806829E-01    2.01782658643805429E-01   -4.49698944766323494E-01
         576   -2.57159664865394211E-01    1.37500710737034626E-01   -4.49698944766323494E-01
         577   -2.84720734696102540E-01    6.30209641387937808E-02   -4.49698944766323494E-01
         578   -2.91165370145092639E-01   -1.61327590678941764E-02   -4.49698944766323494E-01
         579   -2.76015602083358569E-01   -9.40899893369778195E-02   -4.49698944766323494E-01
         580   -2.40395019502461643E-01   -1.65068995529998402E-01   -4.49698944766323494E-01
         581   -1.86945438059105074E-01   -2.23805589464965898E-01   -4.49698944766323494E-01
         582   -1.19630968693376943E-01   -2.65943546671762288E-01   -4.49698944766323494E-01
         583   -4.34440176549269544E-02   -2.88357687632686377E-01   -4.49698944766323494E-01
         584    3.59649774298321165E-02   -2.89385658050538508E-01   -4.49698944766323494E-01
         585    1.12706614667444513E-01   -2.68951218062078556E-01   -4.49698944766323494E-01
         586    2.07482040524425954E-01   -1.98864891773580410E-01   -5.18772062217833008E-01
         587    2.53441149332169435E-01   -1.35512457528768782E-01   -5.18772062217833008E-01
         588    2.80603687510056321E-01   -6.21096842372913863E-02   -5.18772062217833008E-01
         589    2.86955133861776512E-01    1.58994802011667817E-02   -5.18772062217833008E-01
         590    2.72024430667356654E-01    9.27294529283865104E-02   -5.18772062217833008E-01
         591    2.36918919879304496E-01    1.62682106340928223E-01   -5.18772062217833008E-01
         592    1.84242216635744444E-01    2.20569372147278869E-01   -5.18772062217833008E-01
         593    1.17901111036368716E-01    2.62098016659201793E-01   -5.18772062217833008E-01
         594    4.28158193931192713E-02    2.84188050294155004E-01   -5.18772062217833008E-01
         595   -3.54449257051772937E-02    2.85201156312613557E-01   -5.18772062217833008E-01
         596   -1.11076882813666719E-01    2.65062197275840017E-01   -5.18772062217833008E-01
         597   -1.78470775666792952E-01    2.25264787645984815E-01   -5.18772062217833008E-01
         598   -2.32628307538185475E-01    1.68760519234259249E-01   -5.18772062217833008E-01
         599   -2.69532862043165233E-01    9.97400551389331230E-02   -5.18772062217833008E-01
         600   -2.86447397201201048E-01    2.33223274343440576E-02   -5.18772062217833008E-01
         601   -2.82117439318471053E-01   -5.48251106035016408E-02   -5.18772062217833008E-01
         602   -2.56864121562897951E-01   -1.28906420996078269E-01   -5.18772062217833008E-01
         603   -2.12560366986170923E-01   -1.93427331851012491E-01   -5.18772062217833008E-01
         604   -1.52491982389055286E-01   -2.43602622373720434E-01   -5.18772062217833008E-01
         605   -8.11139650625441050E-02   -2.75711020802814066E-01   -5.18772062217833008E-01
         606   -3.72009601904254314E-03   -2.87371194112956418E-01   -5.18772062217833008E-01
         607    7.39496755278845341E-02   -2.77718360591477587E-01   -5.18772062217833008E-01
         608    1.46134937938163068E-01   -2.47468426741890873E-01   -5.18772062217833008E-01
         609    2.27716180771737220E-01   -1.65197010251096316E-01   -5.87705498253681236E-01
         610    2.65033451509411822E-01   -9.43503087550623121E-02   -5.87705498253681236E-01
         611    2.80879288220421297E-01   -1.58599063665850644E-02   -5.87705498253681236E-01
         612    2.73969955453259140E-01    6.39153713132178947E-02   -5.87705498253681236E-01
         613    2.44865206257336682E-01    1.38512605728573657E-01   -5.87705498253681236E-01
         614    1.95922934319899322E-01    2.01888372593985094E-01   -5.87705498253681236E-01
         615    1.31108151442419468E-01    2.48908344188215058E-01   -5.87705498253681236E-01
         616    5.56717658652745029E-02    2.75763242051237478E-01   -5.87705498253681236E-01
         617   -2.42748150895350893E-02    2.80277442070417437E-01   -5.87705498253681236E-01
         618   -1.02254794893674450E-01    2.62085230607182251E-01   -5.87705498253681236E-01
         619   -1.71950699348209390E-01    2.22660432441035727E-01   -5.87705498253681236E-01
         620   -2.27716180771737220E-01    1.65197010251096343E-01   -5.87705498253681236E-01
         621   -2.65033451509411822E-01    9.43503087550623398E-02   -5.87705498253681236E-01
         622   -2.80879288220421297E-01    1.58599063665850991E-02   -5.87705498253681236E-01
         623   -2.73969955453259140E-01   -6.39153713132178669E-02   -5.87705498253681236E-01
         624   -2.44865206257336793E-01   -1.38512605728573435E-01   -5.87705498253681236E-01
         625   -1.95922934319899156E-01   -2.01888372593985260E-01   -5.87705498253681236E-01
         626   -1.31108151442419718E-01   -2.48908344188214947E-01   -5.87705498253681236E-01
         627   -5.56717658652742878E-02   -2.75763242051237478E-01   -5.87705498253681236E-01
         628    2.42748150895345585E-02   -2.80277442070417493E-01   -5.87705498253681236E-01
         629    1.02254794893674422E-01   -2.62085230607182251E-01   -5.87705498253681236E-01
         630    1.71950699348209363E-01   -2.22660432441035755E-01   -5.87705498253681236E-01
         631    2.41099879265380124E-01   -1.26995178030560901E-01   -6.56336630045334601E-01
         632    2.67820973954060904E-01   -5.02877016286583933E-02   -6.56336630045334601E-01
         633    2.70744999793937624E-01    3.08880577468939078E-02   -6.56336630045334601E-01
         634    2.49612144257261248E-01    1.09319277641626134E-01   -6.56336630045334601E-01
         635    2.06300154298474397E-01    1.78036999978151700E-01   -6.56336630045334601E-01
         636    1.44657490296952851E-01    2.30935353564112683E-01   -6.56336630045334601E-01
         637    7.01613734636067354E-02    2.63314087542795616E-01   -6.56336630045334601E-01
         638   -1.05688893000969453E-02    2.72296209308460713E-01   -6.56336630045334601E-01
         639   -9.03600598686800094E-02    2.57083617924836472E-01   -6.56336630045334601E-01
         640   -1.62122342579339912E-01    2.19028018895715465E-01   -6.56336630045334601E-01
         641   -2.19479343689643086E-01    1.61510819199081113E-01   -6.56336630045334601E-01
         642   -2.57334641943886056E-01    8.96426744380526414E-02   -6.56336630045334601E-01
         643   -2.72324627966939237E-01    9.80938466280546935E-03   -6.56336630045334601E-01
         644   -2.63117375718183943E-01   -7.08955119875070428E-02   -6.56336630045334601E-01
         645   -2.30530989965283317E-01   -1.45301031277899673E-01   -6.56336630045334601E-01
         646   -1.77460914085380617E-01   -2.06795916296178106E-01   -6.56336630045334601E-01
         647   -1.08622657214597851E-01   -2.49916076642609591E-01   -6.56336630045334601E-01
         648   -3.01328005676183182E-02   -2.70830096840707302E-01   -6.56336630045334601E-01
         649    5.10344876454118176E-02   -2.67679674416204105E-01   -6.56336630045334601E-01
         650    1.27667137669986025E-01   -2.40744738226918636E-01   -6.56336630045334601E-01
         651    1.92956002254577152E-01   -1.92418575555288740E-01   -6.56336630045334601E-01
         652    2.45125312846897536E-01   -8.53895474393679688E-02   -7.24305685798368515E-01
         653    2.59514847392680492E-01   -5.46239809453808855E-03   -7.24305685798368515E-01
         654    2.48501260529404716E-01    7.49994488345506055E-02   -7.24305685798368515E-01
         655    2.13162638875419530E-01    1.48119827159826717E-01   -7.24305685798368515E-01
         656    1.56958172936872031E-01    2.06741204791179523E-01   -7.24305685798368515E-01
         657    8.53895474393679826E-02    2.45125312846897536E-01   -7.24305685798368515E-01
         658    5.46239809453810416E-03    2.59514847392680492E-01   -7.24305685798368515E-01
         659   -7.49994488345505916E-02    2.48501260529404716E-01   -7.24305685798368515E-01
         660   -1.48119827159826717E-01    2.13162638875419530E-01   -7.24305685798368515E-01
         661   -2.06741204791179523E-01    1.56958172936872031E-01   -7.24305685798368515E-01
         662   -2.45125312846897536E-01    8.53895474393679965E-02   -7.24305685798368515E-01
         663   -2.59514847392680492E-01    5.46239809453811977E-03   -7.24305685798368515E-01
         664   -2.48501260529404716E-01   -7.49994488345505778E-02   -7.24305685798368515E-01
         665   -2.13162638875419530E-01   -1.48119827159826689E-01   -7.24305685798368515E-01
         666   -1.56958172936872059E-01   -2.06741204791179523E-01   -7.24305685798368515E-01
         667   -8.53895474393680104E-02   -2.45125312846897536E-01   -7.24305685798368515E-01
         668   -5.46239809453813625E-03   -2.59514847392680492E-01   -7.24305685798368515E-01
         669    7.49994488345505500E-02   -2.48501260529404716E-01   -7.24305685798368515E-01
         670    1.48119827159826689E-01   -2.13162638875419558E-01   -7.24305685798368515E-01
         671    2.06741204791179495E-01   -1.56958172936872059E-01   -7.24305685798368515E-01
         672    2.36839829895054588E-01   -4.26390149283198197E-02   -7.90836395015587668E-01
         673    2.37852060150824052E-01    3.65730515651161228E-02   -7.90836395015587668E-01
         674    2.13089329034277131E-01    1.11821860432106235E-01   -7.90836395015587668E-01
         675    1.65235062695253843E-01    1.74953035626339987E-01   -7.90836395015587668E-01
         676    9.94750134270357550E-02    2.19125334734409288E-01   -7.90836395015587668E-01
         677    2.29353029401312587E-02    2.39552003744114561E-01   -7.90836395015587668E-01
         678   -5.60898034982287436E-02    2.34019496115827813E-01   -7.90836395015587668E-01
         679   -1.29036709404582284E-01    2.03127344896774670E-01   -7.90836395015587668E-01
         680   -1.88000485636107634E-01    1.50223194012654215E-01   -7.90836395015587668E-01
         681   -2.26591492120864185E-01    8.10400291042408238E-02   -7.90836395015587668E-01
         682   -2.40627794505065967E-01    3.07491957677058676E-03   -7.90836395015587668E-01
         683   -2.28588341629713060E-01   -7.52234051991363395E-02   -7.90836395015587668E-01
         684   -1.91777795025209308E-01   -1.45370106810322836E-01   -7.90836395015587668E-01
         685   -1.34185148590633019E-01   -1.99763701698996377E-01   -7.90836395015587668E-01
         686   -6.20514592091556683E-02   -2.32509799855383198E-01   -7.90836395015587668E-01
         687    1.68064686052272864E-02   -2.40059853436174059E-01   -7.90836395015587668E-01
         688    9.38431547670040278E-02   -2.21595696984738383E-01   -7.90836395015587668E-01
         689    1.60710478983200122E-01   -1.79118208353495595E-01   -7.90836395015587668E-01
         690    2.10162329121552000E-01   -1.17230482541787431E-01   -7.90836395015587668E-01
         691    2.13321194286090615E-01   -2.72597568289878424E-03   -8.54350449541510737E-01
         692    1.99900825612826682E-01    7.45186070346060270E-02   -8.54350449541510737E-01
         693    1.59482742751837103E-01    1.41699038950231171E-01   -8.54350449541510737E-01
         694    9.75256317578269694E-02    1.89742230474147511E-01   -8.54350449541510737E-01
         695    2.23971437867413643E-02    2.12159682374535558E-01   -8.54350449541510737E-01
         696   -5.57562025596016961E-02    2.05923793552858864E-01   -8.54350449541510737E-01
         697   -1.26379364794486804E-01    1.71876755348737614E-01   -8.54350449541510737E-01
         698   -1.79934293521640976E-01    1.14616808932790165E-01   -8.54350449541510737E-01
         699   -2.09188098858358013E-01    4.18772273568059419E-02   -8.54350449541510737E-01
         700   -2.10189892292982711E-01   -3.65181058234419764E-02   -8.54350449541510737E-01
         701   -1.82804376071039970E-01   -1.09981466458424548E-01   -8.54350449541510737E-01
         702   -1.30730115906687344E-01   -1.68591220619852766E-01   -8.54350449541510737E-01
         703   -6.10000291885569174E-02   -2.04431796240367142E-01   -8.54350449541510737E-01
         704    1.69684494843184708E-02   -2.12662724982931400E-01   -8.54350449541510737E-01
         705    9.26452450289118462E-02   -1.92172374311711774E-01   -8.54350449541510737E-01
         706    1.55809786867326078E-01   -1.45728079625809248E-01   -8.54350449541510737E-01
         707    1.97931353617474687E-01   -7.96024002792752733E-02   -8.54350449541510737E-01
         708    1.75090174654733560E-01    3.04199286508697771E-02   -9.08885381890881972E-01
         709    1.52277779795962964E-01    9.16156051126735260E-02   -9.08885381890881972E-01
         710    1.08899426975440736E-01    1.40438086444417798E-01   -9.08885381890881972E-01
         711    5.08136031093291973E-02    1.70293626007542304E-01   -9.08885381890881972E-01
         712   -1.41348794245922879E-02    1.77150067748791301E-01   -9.08885381890881972E-01
         713   -7.71743681681515553E-02    1.60081411218153974E-01   -9.08885381890881972E-01
         714   -1.29791030852665662E-01    1.21392873060783529E-01   -9.08885381890881972E-01
         715   -1.64878695623597721E-01    6.63095547354235482E-02   -9.08885381890881972E-01
         716   -1.77698578926170997E-01    2.27076360911786842E-03   -9.08885381890881972E-01
         717   -1.66519284482947394E-01   -6.20747067253350146E-02   -9.08885381890881972E-01
         718   -1.32850637955093109E-01   -1.18036643948707234E-01   -9.08885381890881972E-01
         719   -8.12397766206060662E-02   -1.58057078343183166E-01   -9.08885381890881972E-01
         720   -1.86570332883637252E-02   -1.76731028482906755E-01   -9.08885381890881972E-01
         721    4.64454457716630548E-02   -1.71536473925578359E-01   -9.08885381890881972E-01
         722    1.05275210017126641E-01   -1.43174968048185691E-01   -9.08885381890881972E-01
         723    1.49886973799700729E-01   -9.54768893760000043E-02   -9.08885381890881972E-01
         724    1.74255671218231961E-01   -3.48841277378776071E-02   -9.08885381890881972E-01
         725    1.33293655103537356E-01    4.96889268686916824E-02   -9.45495615294146940E-01
         726    1.06342921006752994E-01    9.44847664757364480E-02   -9.45495615294146940E-01
         727    6.50299861615392105E-02    1.26519914812068118E-01   -9.45495615294146940E-01
         728    1.49343913416166256E-02    1.41467847581980277E-01   -9.45495615294146940E-01
         729   -3.71781757833102439E-02    1.37309763635541371E-01   -9.45495615294146940E-01
         730   -8.42696242573175297E-02    1.14607235250456491E-01   -9.45495615294146940E-01
         731   -1.19979993021266079E-01    7.64263646841840671E-02   -9.45495615294146940E-01
         732   -1.39486398895600688E-01    2.79236900742061943E-02   -9.45495615294146940E-01
         733   -1.40154393678265932E-01   -2.43502336108014153E-02   -9.45495615294146940E-01
         734   -1.21893760972376156E-01   -7.33355233173677151E-02   -9.45495615294146940E-01
         735   -8.71707004105204547E-02   -1.12416444233760779E-01   -9.45495615294146940E-01
         736   -4.06747537286984429E-02   -1.36314901435362845E-01   -9.45495615294146940E-01
         737    1.13145438307755298E-02   -1.41803275851174942E-01   -9.45495615294146940E-01
         738    6.17757495498515580E-02   -1.28140332104208970E-01   -9.45495615294146940E-01
         739    1.03893797980974673E-01   -9.71713264564777607E-02   -9.45495615294146940E-01
         740    1.31980413299359084E-01   -5.30787947258914219E-02   -9.45495615294146940E-01
         741    1.42242342472948535E-01   -1.81767764781874176E-03   -9.45495615294146940E-01
         742    9.45897540363038192E-02    5.69084837269520499E-02   -9.68551108411819017E-01
         743    6.76446033433332622E-02    8.72353410451998379E-02   -9.68551108411819017E-01
         744    3.15636741371588120E-02    1.05780582167581558E-01   -9.68551108411819017E-01
         745   -8.78010416159510226E-03    1.10039569517791008E-01   -9.68551108411819017E-01
         746   -4.79380807410889898E-02    9.94371032543187872E-02   -9.68551108411819017E-01
         747   -8.06217538824234026E-02    7.54051051963404440E-02   -9.68551108411819017E-01
         748   -1.02417012421376144E-01    4.11892298474844515E-02   -9.68551108411819017E-01
         749   -1.10380285920565119E-01    1.41052077032412303E-03   -9.68551108411819017E-01
         750   -1.03436090167903019E-01   -3.85586869528340703E-02   -9.68551108411819017E-01
         751   -8.25222772789038217E-02   -7.33203303419517755E-02   -9.68551108411819017E-01
         752   -5.04633735716648532E-02   -9.81796568364129985E-02   -9.68551108411819017E-01
         753   -1.15891116363665576E-02   -1.09779276642857568E-01   -9.68551108411819017E-01
         754    2.88503240429078545E-02   -1.06552596830712831E-01   -9.68551108411819017E-01
         755    6.53933635950229297E-02   -8.89353983882590488E-02   -9.68551108411819017E-01
         756    9.31046670364935464E-02   -5.93069815854161755E-02   -9.68551108411819017E-01
         757    1.08241669283915931E-01   -2.16688282881329908E-02   -9.68551108411819017E-01
         758    1.08760034306750519E-01    1.88958203405851025E-02   -9.68551108411819017E-01
         759    6.23674762786218112E-02    5.54129637974907704E-02   -9.82490498909937116E-01
         760    3.81384682772758152E-02    7.42007809369261556E-02   -9.82490498909937116E-01
         761    8.75864880253555793E-03    8.29673714501087539E-02   -9.82490498909937116E-01
         762   -2.18040747263356441E-02    8.05287587108782510E-02   -9.82490498909937116E-01
         763   -4.94220371428661584E-02    6.72142908824874541E-02   -9.82490498909937116E-01
         764   -7.03652795862910463E-02    4.48221606231735542E-02   -9.82490498909937116E-01
         765   -8.18053011141130493E-02    1.63765492035340791E-02   -9.82490498909937116E-01
         766   -8.21970634276521783E-02   -1.42808059316343189E-02   -9.82490498909937116E-01
         767   -7.14876568556350733E-02   -4.30094590930582207E-02   -9.82490498909937116E-01
         768   -5.11234460984831482E-02   -6.59294464803244634E-02   -9.82490498909937116E-01
         769   -2.38547306609368064E-02   -7.99452967927484770E-02   -9.82490498909937116E-01
         770    6.63569833599463900E-03   -8.31640917811296565E-02   -9.82490498909937116E-01
         771    3.62299395029763369E-02   -7.51511153463283732E-02   -9.82490498909937116E-01
         772    6.09311265830559043E-02   -5.69885643572997577E-02   -9.82490498909937116E-01
         773    7.74032273870658705E-02   -3.11293919672815458E-02   -9.82490498909937116E-01
         774    8.34215934263633635E-02   -1.06602269816641316E-03   -9.82490498909937116E-01
         775    7.81734110184236913E-02    2.91413188433720625E-02   -9.82490498909937116E-01
         776    3.76677304372538824E-02    4.85767843801888644E-02   -9.90634601574728935E-01
         777    1.62109146072617546E-02    5.92939132172017325E-02   -9.90634601574728935E-01
         778   -7.71386601937916732E-03    6.09840812675574440E-02   -9.90634601574728935E-01
         779   -3.04642804709392076E-02    5.33899757670008232E-02   -9.90634601574728935E-01
         780   -4.85767843801888297E-02    3.76677304372539240E-02   -9.90634601574728935E-01
         781   -5.92939132172017325E-02    1.62109146072617581E-02   -9.90634601574728935E-01
         782   -6.09840812675574509E-02   -7.71386601937916385E-03   -9.90634601574728935E-01
         783   -5.33899757670008301E-02   -3.04642804709392007E-02   -9.90634601574728935E-01
         784   -3.76677304372538407E-02   -4.85767843801888921E-02   -9.90634601574728935E-01
         785   -1.62109146072617616E-02   -5.92939132172017325E-02   -9.90634601574728935E-01
         786    7.71386601937915865E-03   -6.09840812675574509E-02   -9.90634601574728935E-01
         787    3.04642804709392007E-02   -5.33899757670008301E-02   -9.90634601574728935E-01
         788    4.85767843801888227E-02   -3.76677304372539309E-02   -9.90634601574728935E-01
         789    5.92939132172017602E-02   -1.62109146072616644E-02   -9.90634601574728935E-01
         790    6.09840812675574509E-02    7.71386601937915518E-03   -9.90634601574728935E-01
         791    5.33899757670008857E-02    3.04642804709391000E-02   -9.90634601574728935E-01
         792    1.96595414710468847E-02    3.93604637082930406E-02   -9.95242102296425624E-01
         793    1.95054193159325813E-03    4.39538287337606359E-02   -9.95242102296425624E-01
         794   -1.60957240279499918E-02    4.09471774631626900E-02   -9.95242102296425624E-01
         795   -3.13588930779984537E-02    3.08603872157548649E-02   -9.95242102296425624E-01
         796   -4.11998246282609740E-02    1.54375556609265829E-02   -9.95242102296425624E-01
         797   -4.39169322116406691E-02   -2.65456951346619433E-03   -9.95242102296425624E-01
         798   -3.90404032428237416E-02   -2.02876955029737960E-02   -9.95242102296425624E-01
         799   -2.74134338823935064E-02   -3.44128946320896648E-02   -9.95242102296425624E-01
         800   -1.10464327604690351E-02   -4.25877916479840760E-02   -9.95242102296425624E-01
         801    7.23059693943176648E-03   -4.33988725900010600E-02   -9.95242102296425624E-01
         802    2.42573907405937289E-02   -3.67058941948268450E-02   -9.95242102296425624E-01
         803    3.70898613112304737E-02   -2.36661332307868642E-02   -9.95242102296425624E-01
         804    4.35091579103435364E-02   -6.53428283107304522E-03   -9.95242102296425624E-01
         805    4.24053258384674558E-02    1.17274044322292371E-02   -9.95242102296425624E-01
         806    3.39692276888291650E-02    2.79613169290744909E-02   -9.95242102296425624E-01
         807    7.60349235386860185E-03    2.93140740712613639E-02   -9.97756015737224500E-01
         808   -6.89037136718152060E-03    2.94898426081432498E-02   -9.97756015737224500E-01
         809   -1.98057340459870251E-02    2.29098435946290674E-02   -9.97756015737224500E-01
         810   -2.81838417398267670E-02    1.10814755071305601E-02   -9.97756015737224500E-01
         811   -3.01053709431851023E-02   -3.28552507279463194E-03   -9.97756015737224500E-01
         812   -2.51301224725098277E-02   -1.68998514534120237E-02   -9.97756015737224500E-01
         813   -1.43978657941888546E-02   -2.66426255313409847E-02   -9.97756015737224500E-01
         814   -3.67231575511695084E-04   -3.02818951784838454E-02   -9.97756015737224500E-01
         815    1.37475309714949496E-02   -2.69839475766338391E-02   -9.97756015737224500E-01
         816    2.47128998486403594E-02   -1.75043027767976880E-02   -9.97756015737224500E-01
         817    3.00168411931908789E-02   -4.01463316051357041E-03   -9.97756015737224500E-01
         818    2.84442859625323417E-02    1.03947405312697291E-02   -9.97756015737224500E-01
         819    2.03554876086636492E-02    2.24228044375425276E-02   -9.97756015737224500E-01
         820    2.37770307750408106E-04    1.96065262792863397E-02   -9.99061510539128617E-01
         821   -1.04000632837006283E-02    1.66226078325458805E-02   -9.99061510539128617E-01
         822   -1.77359502659124313E-02    8.36112884870663688E-03   -9.99061510539128617E-01
         823   -1.94407983549332967E-02   -2.55494946768354807E-03   -9.99061510539128617E-01
         824   -1.49733303283800540E-02   -1.26598493804945256E-02   -9.99061510539128617E-01
         825   -5.75193571906269623E-03   -1.87453365652197439E-02   -9.99061510539128617E-01
         826    5.29565783982134490E-03   -1.88793118387067353E-02   -9.99061510539128617E-01
         827    1.46619174518923950E-02   -1.30192389982474333E-02   -9.99061510539128617E-01
         828    1.93731218691459185E-02   -3.02564976539151714E-03   -9.99061510539128617E-01
         829    1.79334969768836297E-02    7.92856188975650869E-03   -9.99061510539128617E-01
         830    1.08001135064954082E-02    1.63655111654481787E-02   -9.99061510539128617E-01
         831   -3.06104028850895729E-03    1.09127772045701180E-02   -9.99686789192204661E-01
         832   -9.88098110841940935E-03    5.55201641743960621E-03   -9.99686789192204661E-01
         833   -1.09127772045701180E-02   -3.06104028850895599E-03   -9.99686789192204661E-01
         834   -5.55201641743958887E-03   -9.88098110841941976E-03   -9.99686789192204661E-01
         835    3.06104028850895556E-03   -1.09127772045701180E-02   -9.99686789192204661E-01
         836    9.88098110841940935E-03   -5.55201641743960708E-03   -9.99686789192204661E-01
         837    1.09127772045701180E-02    3.06104028850895469E-03   -9.99686789192204661E-01
         838    5.55201641743959060E-03    9.88098110841941803E-03   -9.99686789192204661E-01
         839   -3.05149246183132562E-03    3.88209786417873220E-03   -9.99940577817070242E-01
         840   -4.63505749953560617E-03   -1.70250757639230739E-03   -9.99940577817070242E-01
         841    1.86869387308220315E-04   -4.93430541249338661E-03   -9.99940577817070242E-01
         842    4.75054913234895446E-03   -1.34706087940117576E-03   -9.99940577817070242E-01
         843    2.74913144170975702E-03    4.10177600410813626E-03   -9.99940577817070242E-01
         844    1.22464679914735321E-16    0.00000000000000000E+00   -1.00000000000000000E+00
         845    2.46910008582839745E-03    0.00000000000000000E+00    9.99985143499510509E-01
         846    3.99479862230953716E-03    2.90239108992510408E-03    9.99940577817070242E-01
         847    7.62993887333616202E-04    2.34825372601202027E-03    9.99985143499510509E-01
         848   -1.52587729551098886E-03    4.69616743214367176E-03    9.99940577817070242E-01
         849   -1.99754393024781460E-03    1.45130061688401196E-03    9.99985143499510509E-01
         850   -4.93784265359709616E-03    6.04711320042095651E-19    9.99940577817070242E-01
         851   -1.99754393024781504E-03   -1.45130061688401131E-03    9.99985143499510509E-01
         852   -1.52587729551098995E-03   -4.69616743214367090E-03    9.99940577817070242E-01
         853    7.62993887333615660E-04   -2.34825372601202070E-03    9.99985143499510509E-01
         854    3.99479862230953716E-03   -2.90239108992510538E-03    9.99940577817070242E-01
         855    8.11180766416694579E-03   -6.38413108602963538E-04    9.99838612040250596E-01
         856    1.10208028417965939E-02    2.64586067032513425E-03    9.99686789192204550E-01
         857    7.73864319225907836E-03    2.51443759528366785E-03    9.99838612040250596E-01
         858    4.78274451962409745E-03    6.58288308704319588E-03    9.99838612040250596E-01
         859    5.92197840149265211E-03    9.66379044561603562E-03    9.99686789192204550E-01
         860    1.89951947630344234E-03    7.91206803792899628E-03    9.99838612040250596E-01
         861   -2.64586067032514119E-03    1.10208028417965922E-02    9.99686789192204550E-01
         862   -1.27289018809748100E-03    8.03671235311547404E-03    9.99838612040250596E-01
         863   -5.75365079222199972E-03    5.75365079222200058E-03    9.99838612040250596E-01
         864   -9.66379044561603562E-03    5.92197840149265211E-03    9.99686789192204550E-01
         865   -7.51750703794888848E-03    3.11385337035362426E-03    9.99838612040250596E-01
         866   -1.10208028417965922E-02   -2.64586067032514076E-03    9.99686789192204550E-01
         867   -8.13689098351905518E-03    9.96481749797757043E-19    9.99838612040250596E-01
         868   -6.58288308704319588E-03   -4.78274451962409659E-03    9.99838612040250596E-01
         869   -5.92197840149264777E-03   -9.66379044561603735E-03    9.99686789192204550E-01
         870   -4.25151386013884920E-03   -6.93784006551901970E-03    9.99838612040250596E-01
         871    6.38413108602962128E-04   -8.11180766416694579E-03    9.99838612040250596E-01
         872    2.64586067032513512E-03   -1.10208028417965939E-02    9.99686789192204550E-01
         873    3.69407120393402694E-03   -7.25002295292498378E-03    9.99838612040250596E-01
         874    9.66379044561603735E-03   -5.92197840149264951E-03    9.99686789192204550E-01
         875    6.18734044530498857E-03   -5.28448796872192390E-03    9.99838612040250596E-01
         876    1.32796889251467695E-02    7.94343784548920406E-03    9.99415885742207077E-01
         877    1.45402924658422431E-02    1.31549345291900131E-02    9.99061510539128839E-01
         878    1.05038431611439356E-02    1.13629935140307833E-02    9.99415885742207077E-01
         879    5.35585634939798275E-03    1.45176838896026814E-02    9.99415885742207077E-01
         880    5.11997784785224366E-03    1.89277107516204052E-02    9.99061510539128839E-01
         881    1.04880233330256040E-03    1.54385347886214584E-02    9.99415885742207077E-01
         882   -5.92589356079606822E-03    1.86910725472247859E-02    9.99061510539128839E-01
         883   -3.34321941036938531E-03    1.51086474155678573E-02    9.99415885742207077E-01
         884   -8.87056103731817709E-03    1.26791754320629453E-02    9.99415885742207077E-01
         885   -1.50903356342547215E-02    1.25201508738931131E-02    9.99061510539128839E-01
         886   -1.20833775004414480E-02    9.66645389662834295E-03    9.99415885742207077E-01
         887   -1.48627769122258793E-02    4.30653053062685868E-03    9.99415885742207077E-01
         888   -1.94637027670540377E-02    2.37416976125916310E-03    9.99061510539128839E-01
         889   -1.54740198731896910E-02   -5.52423564523794986E-05    9.99415885742207077E-01
         890   -1.42749899119337196E-02   -5.97268832001188795E-03    9.99415885742207077E-01
         891   -1.76574817952657621E-02   -8.52559347549263109E-03    9.99061510539128839E-01
         892   -1.20140517673043411E-02   -9.75248188341548868E-03    9.99415885742207077E-01
         893   -1.02451351152851346E-02   -1.67185410227404657E-02    9.99061510539128839E-01
         894   -8.77980659880498587E-03   -1.27421873648677891E-02    9.99415885742207077E-01
         895   -3.23525961941677036E-03   -1.51321326305576351E-02    9.99415885742207077E-01
         896    4.19969575132930067E-04   -1.96034699228342484E-02    9.99061510539128839E-01
         897    1.15900554382152607E-03   -1.54306528994468291E-02    9.99415885742207077E-01
         898    6.97583671519845256E-03   -1.38125321674450827E-02    9.99415885742207077E-01
         899    1.09517368928095087E-02   -1.62644356339277686E-02    9.99061510539128839E-01
         900    1.05847063173037468E-02   -1.12877072486066033E-02    9.99415885742207077E-01
         901    1.40986120776289241E-02   -6.37788995188469116E-03    9.99415885742207077E-01
         902    1.80064051282942429E-02   -7.76155795025993463E-03    9.99061510539128839E-01
         903    1.53243784695991803E-02   -2.14750256677401089E-03    9.99415885742207077E-01
         904    1.93441669627245488E-02    3.20555954206756203E-03    9.99061510539128839E-01
         905    1.53086548555504704E-02    2.25686270460719604E-03    9.99415885742207077E-01
         906    1.50751236657597504E-02    1.98864337257810136E-02    9.98478325430966929E-01
         907    1.46739509782225948E-02    2.64915684193916152E-02    9.97756015737224833E-01
         908    9.87793287255948546E-03    2.29162833381209297E-02    9.98478325430966929E-01
         909    3.02154408690503496E-03    2.47709481287802027E-02    9.98478325430966929E-01
         910    6.81892605532820632E-04    3.02764439309689513E-02    9.97756015737224833E-01
         911   -2.99433239929916073E-03    2.47742522258561325E-02    9.98478325430966929E-01
         912   -9.85275432121870964E-03    2.29271200143745975E-02    9.98478325430966929E-01
         913   -1.34663791453877822E-02    2.71253510086644258E-02    9.97756015737224833E-01
         914   -1.50532701437370905E-02    1.99029811296575314E-02    9.98478325430966929E-01
         915   -2.00508246952617805E-02    1.48557742614685191E-02    9.98478325430966929E-01
         916   -2.45296657215615110E-02    1.77601670661916150E-02    9.97756015737224833E-01
         917   -2.30234036563979824E-02    9.62561602924146519E-03    9.98478325430966929E-01
         918   -2.99735014954434671E-02    4.32634288206970759E-03    9.97756015737224833E-01
         919   -2.46579460836915537E-02    3.83605198108558131E-03    9.98478325430966929E-01
         920   -2.47398667438750303E-02   -3.26628127434494715E-03    9.98478325430966929E-01
         921   -2.85507692965703240E-02   -1.00985943182506453E-02    9.97756015737224833E-01
         922   -2.32392989062564954E-02   -9.09200672093328152E-03    9.98478325430966929E-01
         923   -1.97364297119721789E-02   -1.52709836648531570E-02    9.98478325430966929E-01
         924   -2.05873999259222340E-02   -2.22100652615143009E-02    9.97756015737224833E-01
         925   -1.55083393339650270E-02   -1.95504734206213872E-02    9.98478325430966929E-01
         926   -9.37213775911668531E-03   -2.31277459708457006E-02    9.98478325430966929E-01
         927   -7.90770533731025189E-03   -2.92334779136670976E-02    9.97756015737224833E-01
         928   -3.56496857851728265E-03   -2.46985950795184823E-02    9.98478325430966929E-01
         929    3.53783603990009791E-03   -2.47024961496326162E-02    9.98478325430966929E-01
         930    6.58354924589939824E-03   -2.95598530773988205E-02    9.97756015737224833E-01
         931    9.34672722994617060E-03   -2.31380269244551851E-02    9.98478325430966929E-01
         932    1.54868545891172441E-02   -1.95674968967256627E-02    9.98478325430966929E-01
         933    1.95665920372427929E-02   -2.31144221359456427E-02    9.97756015737224833E-01
         934    1.97196432592551124E-02   -1.52926541056660446E-02    9.98478325430966929E-01
         935    2.80671643958501187E-02   -1.13737556421311583E-02    9.97756015737224833E-01
         936    2.28063979411518743E-02   -1.01290578445210749E-02    9.98478325430966929E-01
         937    2.47362639429230223E-02   -3.29345502684894606E-03    9.98478325430966929E-01
         938    3.01378876373666268E-02    2.97250120068115074E-03    9.97756015737224833E-01
         939    2.48056484466237515E-02    2.72202222811329837E-03    9.98478325430966929E-01
         940    2.30339631083812911E-02    9.60031996287415319E-03    9.98478325430966929E-01
         941    2.53043840220812145E-02    1.66377938409402112E-02    9.97756015737224833E-01
         942    2.00671310536880247E-02    1.48337402950820211E-02    9.98478325430966929E-01
         943    1.28399506610936704E-02    3.48730067616473266E-02    9.96614065823454687E-01
         944    1.01142019724008991E-02    4.28187644922783384E-02    9.95242102296425513E-01
         945    5.30886113297596336E-03    3.67805237462437012E-02    9.96614065823454687E-01
         946   -3.64756019626238546E-03    3.69822422007084692E-02    9.96614065823454687E-01
         947   -8.17617726067590075E-03    4.32307043614341413E-02    9.95242102296425513E-01
         948   -1.12568927606873734E-02    3.54157210706150111E-02    9.96614065823454687E-01
         949   -1.94053247298690418E-02    3.16926538129193719E-02    9.96614065823454687E-01
         950   -2.50528211671432778E-02    3.61676627078783217E-02    9.95242102296425513E-01
         951   -2.55705450667277727E-02    2.69654994125394232E-02    9.96614065823454687E-01
         952   -3.12807779044210477E-02    2.00624990285732836E-02    9.96614065823454687E-01
         953   -3.75976046960763699E-02    2.28509035992297375E-02    9.95242102296425513E-01
         954   -3.47684459513568148E-02    1.31204458653202665E-02    9.96614065823454687E-01
         955   -4.36414208095421141E-02    5.58301566433223699E-03    9.95242102296425513E-01
         956   -3.67365660727042853E-02    5.60496625886832984E-03    9.96614065823454687E-01
         957   -3.70104244521741593E-02   -3.34953958733567479E-03    9.96614065823454687E-01
         958   -4.21392387951765729E-02   -1.26502263990333329E-02    9.95242102296425513E-01
         959   -3.55052494409699507E-02   -1.09712440366497611E-02    9.96614065823454687E-01
         960   -3.18479408656889285E-02   -1.91494019800306225E-02    9.96614065823454687E-01
         961   -3.33507995701587470E-02   -2.86961293943070531E-02    9.95242102296425513E-01
         962   -2.71706024022686371E-02   -2.53525008367035398E-02    9.96614065823454687E-01
         963   -2.03138234979327904E-02   -3.11181540016764735E-02    9.96614065823454687E-01
         964   -1.87957041169580612E-02   -3.97802109211537538E-02    9.95242102296425513E-01
         965   -1.34000897026170032E-02   -3.46616290664336427E-02    9.96614065823454687E-01
         966   -4.71563666420856363E-03   -3.68612764894054035E-02    9.96614065823454687E-01
         967   -9.90660668324021536E-04   -4.39859325878621116E-02    9.95242102296425513E-01
         968    3.05130163158520273E-03   -3.70362051502351602E-02    9.96614065823454687E-01
         969    1.18259803899052347E-02   -3.52297760622289069E-02    9.96614065823454687E-01
         970    1.69856770097328753E-02   -4.05860869104764377E-02    9.95242102296425513E-01
         971    1.88922366529398582E-02   -3.20011613512156123E-02    9.96614065823454687E-01
         972    2.60016417777879996E-02   -2.65500575976175546E-02    9.96614065823454687E-01
         973    3.20250368227757015E-02   -3.01685380932450037E-02    9.95242102296425513E-01
         974    3.09535108865127660E-02   -2.05638298323963832E-02    9.96614065823454687E-01
         975    3.49753047125040406E-02   -1.25586222908690356E-02    9.96614065823454687E-01
         976    4.15269768308346304E-02   -1.45345749671271160E-02    9.95242102296425513E-01
         977    3.68220947843057728E-02   -5.01241152269259714E-03    9.96614065823454687E-01
         978    4.38485252841013459E-02    3.61254821327540486E-03    9.95242102296425513E-01
         979    3.70595826220189092E-02    2.75286568124457611E-03    9.96614065823454687E-01
         980    3.53238946248725094E-02    1.15418110410854934E-02    9.96614065823454687E-01
         981    3.85882653644003884E-02    2.11350289886323948E-02    9.95242102296425513E-01
         982    3.21523053272416565E-02    1.86338454356863061E-02    9.96614065823454687E-01
         983    2.67586466701963885E-02    2.57869300607266455E-02    9.96614065823454687E-01
         984    2.66557437998091971E-02    3.50030712461442198E-02    9.95242102296425513E-01
         985    2.08125018094112470E-02    3.07868592423857605E-02    9.96614065823454687E-01
         986    6.01200505317601736E-03    5.24394678469095460E-02    9.93125801915322404E-01
         987    5.79557665189417296E-04    6.14672759273280703E-02    9.90634601574727491E-01
         988   -4.33394660674313228E-03    5.26047421782140714E-02    9.93125801915322404E-01
         989   -1.51763803663990046E-02    5.05541241819186596E-02    9.93125801915322404E-01
         990   -2.29870666652234289E-02    5.70101452650503063E-02    9.90634601574727491E-01
         991   -2.47473908390585667E-02    4.66219759285828039E-02    9.93125801915322404E-01
         992   -3.38998548182234197E-02    4.04579020233359274E-02    9.93125801915322404E-01
         993   -4.30541184741342411E-02    4.38737367844223777E-02    9.90634601574727491E-01
         994   -4.11414237473496369E-02    3.30669811876967354E-02    9.93125801915322404E-01
         995   -4.71173968982159380E-02    2.37906053382940554E-02    9.93125801915322404E-01
         996   -5.65665710319139467E-02    2.40579495947804804E-02    9.90634601574727491E-01
         997   -5.08533661850934238E-02    1.41413273942466670E-02    9.93125801915322404E-01
         998   -5.26822454121320949E-02    3.25929611455618318E-03    9.93125801915322404E-01
         999   -6.14672759273280703E-02    5.79557665189405912E-04    9.90634601574727491E-01
        1000   -5.23058279673444607E-02   -7.08112656835341216E-03    9.93125801915322404E-01
        1001   -4.96905711329322514E-02   -1.78013800956407404E-02    9.93125801915322404E-01
        1002   -5.70101452650502993E-02   -2.29870666652234393E-02    9.90634601574727491E-01
        1003   -4.52629037668195941E-02   -2.71534810921565430E-02    9.93125801915322404E-01
        1004   -3.86282745563013841E-02   -3.59707992353446790E-02    9.93125801915322404E-01
        1005   -4.38737367844223777E-02   -4.30541184741342342E-02    9.90634601574727491E-01
        1006   -3.08684882861941269E-02   -4.28156329364820995E-02    9.93125801915322404E-01
        1007   -2.12920671181638134E-02   -4.82979282232900917E-02    9.93125801915322404E-01
        1008   -2.40579495947804596E-02   -5.65665710319139536E-02    9.90634601574727491E-01
        1009   -1.14604876490592214E-02   -5.15237733058462530E-02    9.93125801915322404E-01
        1010   -5.79557665189409706E-04   -6.14672759273280703E-02    9.90634601574727491E-01
        1011   -1.18848806671675573E-03   -5.27695886751237270E-02    9.93125801915322404E-01
        1012    9.80889765424291897E-03   -5.18635471177498822E-02    9.93125801915322404E-01
        1013    2.29870666652234081E-02   -5.70101452650503132E-02    9.90634601574727491E-01
        1014    1.97384985443636619E-02   -4.89533826005989908E-02    9.93125801915322404E-01
        1015    2.94851455409962659E-02   -4.37797691320173862E-02    9.93125801915322404E-01
        1016    4.30541184741342342E-02   -4.38737367844223847E-02    9.90634601574727491E-01
        1017    3.74596059949131102E-02   -3.71862866058489880E-02    9.93125801915322404E-01
        1018    4.43724874518137830E-02   -2.85853870039414135E-02    9.93125801915322404E-01
        1019    5.65665710319139536E-02   -2.40579495947804631E-02    9.90634601574727491E-01
        1020    4.90966149031705906E-02   -1.93794839424645607E-02    9.93125801915322404E-01
        1021    5.20529573453413427E-02   -8.74823550383441000E-03    9.93125801915322404E-01
        1022    6.14672759273280703E-02   -5.79557665189413501E-04    9.90634601574727491E-01
        1023    5.27594704472839904E-02    1.57488759873266855E-03    9.93125801915322404E-01
        1024    5.12791118904965121E-02    1.25097832334702640E-02    9.93125801915322404E-01
        1025    5.70101452650502924E-02    2.29870666652234566E-02    9.90634601574727491E-01
        1026    4.78532604949795867E-02    2.22734697078407692E-02    9.93125801915322404E-01
        1027    4.21766371931187323E-02    3.17359932553954865E-02    9.93125801915322404E-01
        1028    4.38737367844223847E-02    4.30541184741342342E-02    9.90634601574727491E-01
        1029    3.51748397922215170E-02    3.93544487754310182E-02    9.93125801915322404E-01
        1030    2.62239351628567423E-02    4.58077200633338691E-02    9.93125801915322404E-01
        1031    2.40579495947804665E-02    5.65665710319139536E-02    9.90634601574727491E-01
        1032    1.67834067439981104E-02    5.00435735224013870E-02    9.93125801915322404E-01
        1033   -7.26527865699052103E-03    7.21950929113076428E-02    9.86860637605380231E-01
        1034   -1.64496327365607764E-02    8.17906366096948639E-02    9.82490498909936227E-01
        1035   -2.04073869927045189E-02    6.96308428109703448E-02    9.86860637605380231E-01
        1036   -3.35995683201835704E-02    6.43116219911563231E-02    9.86860637605380231E-01
        1037   -4.48850115581378301E-02    7.03252045259217390E-02    9.82490498909936227E-01
        1038   -4.48447013506083556E-02    5.70426899366676954E-02    9.86860637605380231E-01
        1039   -5.51114997371662113E-02    4.71978634172818615E-02    9.86860637605380231E-01
        1040   -6.72584208523533400E-02    4.93619638855122209E-02    9.82490498909936227E-01
        1041   -6.28457063697687029E-02    3.62675185988906301E-02    9.86860637605380231E-01
        1042   -6.87135856261961719E-02    2.33100593055331137E-02    9.86860637605380231E-01
        1043   -8.05482077186828321E-02    2.17321164982799894E-02    9.82490498909936227E-01
        1044   -7.18268184110446295E-02    1.02870730231143046E-02    9.86860637605380231E-01
        1045   -7.24535946244311141E-02   -3.92330733370101128E-03    9.86860637605380231E-01
        1046   -8.29595127995773063E-02   -8.83277364385954417E-03    9.82490498909936227E-01
        1047   -7.04990286604041533E-02   -1.71698186471371285E-02    9.86860637605380231E-01
        1048   -6.57947441440213804E-02   -3.05935835994874915E-02    9.86860637605380231E-01
        1049   -7.41666759823592370E-02   -3.82047487613075068E-02    9.82490498909936227E-01
        1050   -5.90529073594711559E-02   -4.21624222125553602E-02    9.86860637605380231E-01
        1051   -4.96927417767575180E-02   -5.28729338049683389E-02    9.86860637605380231E-01
        1052   -5.53572186019847187E-02   -6.24169608587198596E-02    9.82490498909936227E-01
        1053   -3.91312523238807122E-02   -6.11036889721139967E-02    9.86860637605380231E-01
        1054   -2.64586179250638313E-02   -6.75637273389468607E-02    9.86860637605380231E-01
        1055   -2.90714621044747164E-02   -7.81994165278423331E-02    9.82490498909936227E-01
        1056   -1.35933073547303603E-02   -7.12750847743859051E-02    9.86860637605380231E-01
        1057    5.72963474845293087E-04   -7.25574767153086553E-02    9.86860637605380231E-01
        1058    1.14055644077715158E-03   -8.34206076769540977E-02    9.82490498909936227E-01
        1059    1.38956090432993586E-02   -7.12167660298601568E-02    9.86860637605380231E-01
        1060    3.11985365186606516E-02   -7.73753835097486797E-02    9.82490498909936227E-01
        1061    2.67450563117299575E-02   -6.74508537923609874E-02    9.86860637605380231E-01
        1062    3.93901663407147107E-02   -6.09371029019832172E-02    9.86860637605380231E-01
        1063    5.70429813626403270E-02   -6.08801850477506193E-02    9.82490498909936227E-01
        1064    4.99166371803749440E-02   -5.26616088534985274E-02    9.86860637605380231E-01
        1065    5.92312732228568242E-02   -4.19114779843821478E-02    9.86860637605380231E-01
        1066    7.51834554875239341E-02   -3.61627802463029349E-02    9.82490498909936227E-01
        1067    6.59239621087056721E-02   -3.03141375322802838E-02    9.86860637605380231E-01
        1068    7.05712465148925772E-02   -1.68705328834132286E-02    9.86860637605380231E-01
        1069    8.31699873429089243E-02   -6.56139158770911377E-03    9.82490498909936227E-01
        1070    7.24695892179364892E-02   -3.61584748290203753E-03    9.86860637605380231E-01
        1071    7.17825232316213202E-02    1.05917455094903922E-02    9.86860637605380231E-01
        1072    7.99239515468247314E-02    2.39261493627307975E-02    9.82490498909936227E-01
        1073    6.86140612339138228E-02    2.36014049459940187E-02    9.86860637605380231E-01
        1074    6.26912555959615592E-02    3.65338498688255325E-02    9.86860637605380231E-01
        1075    6.58837432204378154E-02    5.11823312623634202E-02    9.82490498909936227E-01
        1076    5.49107405388584505E-02    4.74312796360190150E-02    9.86860637605380231E-01
        1077    4.46022624387253791E-02    5.72324549515668829E-02    9.86860637605380231E-01
        1078    4.29455702977068060E-02    7.15260557139257708E-02    9.82490498909936227E-01
        1079    3.33263881614996663E-02    6.44536078629049242E-02    9.86860637605380231E-01
        1080    2.01117558447280222E-02    6.97168056588805124E-02    9.86860637605380231E-01
        1081    1.42073601366504102E-02    8.22097900017656480E-02    9.82490498909936227E-01
        1082    6.95888555924727148E-03    7.22252699974833268E-02    9.86860637605380231E-01
        1083   -2.78595445975017807E-02    9.30632363265157525E-02    9.75975426898049836E-01
        1084   -4.12807192932942019E-02    1.02380170459804770E-01    9.68551108411815687E-01
        1085   -4.44855077102350172E-02    8.63594799921104800E-02    9.75975426898049836E-01
        1086   -5.95965702123818497E-02    7.67148551433537718E-02    9.75975426898049836E-01
        1087   -7.54771077122581013E-02    8.05543499765383197E-02    9.68551108411815687E-01
        1088   -7.26781429941535800E-02    6.44577979120173894E-02    9.75975426898049836E-01
        1089   -8.32847487840841227E-02    5.00057076813948120E-02    9.75975426898049836E-01
        1090   -9.94798945015897690E-02    4.78492181618780585E-02    9.68551108411815687E-01
        1091   -9.10551923432189048E-02    3.38507330509181109E-02    9.75975426898049836E-01
        1092   -9.57248605357714083E-02    1.65430123058717023E-02    9.75975426898049836E-01
        1093   -1.10047370301356945E-01    8.68178429278535987E-03    9.68551108411815687E-01
        1094   -9.71347334120939432E-02   -1.32806088209475146E-03    9.75975426898049836E-01
        1095   -9.52367994423394815E-02   -1.91539085495550133E-02    9.75975426898049836E-01
        1096   -1.05752338948396238E-01   -3.16581726524754956E-02    9.68551108411815687E-01
        1097   -9.00956904915271029E-02   -3.63274928339413633E-02    9.75975426898049836E-01
        1098   -8.18864808588962156E-02   -5.22639879198931318E-02    9.75975426898049836E-01
        1099   -8.71748682265153091E-02   -6.77225179570290631E-02    9.68551108411815687E-01
        1100   -7.08887253326242472E-02   -6.64206955809773653E-02    9.75975426898049836E-01
        1101   -5.74769392868046333E-02   -7.83155261168951289E-02    9.75975426898049836E-01
        1102   -5.68239484980230802E-02   -9.46405619480593097E-02    9.68551108411815687E-01
        1103   -4.21078450095632509E-02   -8.75434153400226345E-02    9.75975426898049836E-01
        1104   -2.53048185733148502E-02   -9.37901185504993878E-02    9.75975426898049836E-01
        1105   -1.87986396525045805E-02   -1.08776873626546713E-01    9.68551108411815687E-01
        1106   -7.64006689033680172E-03   -9.68429117625873997E-02    9.75975426898049836E-01
        1107    1.02848581073413364E-02   -9.65978357648708680E-02    9.75975426898049836E-01
        1108    2.17655296449431185E-02   -1.08222265768304515E-01    9.68551108411815687E-01
        1109    2.78595445975017321E-02   -9.30632363265157525E-02    9.75975426898049836E-01
        1110    4.44855077102350102E-02   -8.63594799921104939E-02    9.75975426898049836E-01
        1111    5.93901435568778974E-02   -9.30516412377764973E-02    9.68551108411815687E-01
        1112    5.95965702123818289E-02   -7.67148551433537718E-02    9.75975426898049836E-01
        1113    7.26781429941535800E-02   -6.44577979120174033E-02    9.75975426898049836E-01
        1114    8.89937894893102349E-02   -6.53138769411429759E-02    9.68551108411815687E-01
        1115    8.32847487840841366E-02   -5.00057076813947773E-02    9.75975426898049836E-01
        1116    9.10551923432189048E-02   -3.38507330509181179E-02    9.75975426898049836E-01
        1117    1.06578331019600181E-01   -2.87551116469221858E-02    9.68551108411815687E-01
        1118    9.57248605357713944E-02   -1.65430123058717959E-02    9.75975426898049836E-01
        1119    9.71347334120939432E-02    1.32806088209465323E-03    9.75975426898049836E-01
        1120    1.09768878374773782E-01    1.16871908127895909E-02    9.68551108411815687E-01
        1121    9.52367994423394815E-02    1.91539085495550029E-02    9.75975426898049836E-01
        1122    9.00956904915271306E-02    3.63274928339413147E-02    9.75975426898049836E-01
        1123    9.81345304550815395E-02    5.05510733922743052E-02    9.68551108411815687E-01
        1124    8.18864808588961601E-02    5.22639879198932011E-02    9.75975426898049836E-01
        1125    7.08887253326242611E-02    6.64206955809773653E-02    9.75975426898049836E-01
        1126    7.32465704152253233E-02    8.25877533969647804E-02    9.68551108411815687E-01
        1127    5.74769392868046472E-02    7.83155261168951289E-02    9.75975426898049836E-01
        1128    4.21078450095633411E-02    8.75434153400225928E-02    9.75975426898049836E-01
        1129    3.84662551675350531E-02    1.03470499670855531E-01    9.68551108411815687E-01
        1130    2.53048185733148606E-02    9.37901185504993878E-02    9.75975426898049836E-01
        1131    7.64006689033681213E-03    9.68429117625873997E-02    9.75975426898049836E-01
        1132   -1.50914098940885797E-03    1.10378981614365865E-01    9.68551108411815687E-01
        1133   -1.02848581073414110E-02    9.65978357648708541E-02    9.75975426898049836E-01
        1134   -7.77837739036327802E-02    1.00126079844118671E-01    9.57670277831263794E-01
        1135   -9.48574762313859482E-02    8.41285121148254850E-02    9.57670277831263794E-01
        1136   -1.14682481359157859E-01    8.41671932140465318E-02    9.45495615294143055E-01
        1137   -1.08700920975082133E-01    6.52660488064907979E-02    9.57670277831263794E-01
        1138   -1.18842686227356789E-01    4.41810284840485831E-02    9.57670277831263794E-01
        1139   -1.37342926181535596E-01    3.70554796503498665E-02    9.45495615294143055E-01
        1140   -1.24937406336250334E-01    2.15914762258851735E-02    9.57670277831263794E-01
        1141   -1.26777532918265490E-01   -1.73334785902923001E-03    9.57670277831263794E-01
        1142   -1.41454447779670867E-01   -1.50607817716276321E-02    9.45495615294143055E-01
        1143   -1.24300402669640306E-01   -2.49991448615261153E-02    9.57670277831263794E-01
        1144   -1.17590371290001452E-01   -4.74136259689331430E-02    9.57670277831263794E-01
        1145   -1.26461762379007886E-01   -6.51430011606740078E-02    9.45495615294143055E-01
        1146   -1.06875940850186951E-01   -6.82134929103445781E-02    9.57670277831263794E-01
        1147   -9.25219784282817620E-02   -8.66904311637614056E-02    9.57670277831263794E-01
        1148   -9.43897152202438083E-02   -1.06427297273140875E-01    9.45495615294143055E-01
        1149   -7.50172909988834763E-02   -1.02215230757608355E-01    9.57670277831263794E-01
        1150   -5.49579796978417121E-02   -1.14259213261661788E-01    9.57670277831263794E-01
        1151   -4.95698139895181800E-02   -1.33337997154857529E-01    9.45495615294143055E-01
        1152   -3.30271403130214455E-02   -1.22412235296910921E-01    9.57670277831263794E-01
        1153   -9.97160127652986505E-03   -1.26396655476417569E-01    9.57670277831263794E-01
        1154    1.94476529631332305E-03   -1.42240661669462448E-01    9.45495615294143055E-01
        1155    1.34235086818163124E-02   -1.26076789149753871E-01    9.57670277831263794E-01
        1156    3.63614971517274704E-02   -1.21463528981036961E-01    9.57670277831263794E-01
        1157    5.31966932525611974E-02   -1.31932936642891185E-01    9.45495615294143055E-01
        1158    5.80612384469455164E-02   -1.12713974012316795E-01    9.57670277831263794E-01
        1159    7.77837739036327525E-02   -1.00126079844118698E-01    9.57670277831263794E-01
        1160    9.72641130119975689E-02   -1.03806937457058199E-01    9.45495615294143055E-01
        1161    9.48574762313859343E-02   -8.41285121148254988E-02    9.57670277831263794E-01
        1162    1.08700920975082174E-01   -6.52660488064907146E-02    9.57670277831263794E-01
        1163    1.28195475350107863E-01   -6.16612361535520750E-02    9.45495615294143055E-01
        1164    1.18842686227356789E-01   -4.41810284840485970E-02    9.57670277831263794E-01
        1165    1.24937406336250306E-01   -2.15914762258852984E-02    9.57670277831263794E-01
        1166    1.41813328386534876E-01   -1.11878432308041374E-02    9.45495615294143055E-01
        1167    1.26777532918265490E-01    1.73334785902910186E-03    9.57670277831263794E-01
        1168    1.24300402669640306E-01    2.49991448615261014E-02    9.57670277831263794E-01
        1169    1.36278505609580547E-01    4.07965299142433457E-02    9.45495615294143055E-01
        1170    1.17590371290001480E-01    4.74136259689330736E-02    9.57670277831263794E-01
        1171    1.06875940850186896E-01    6.82134929103446613E-02    9.57670277831263794E-01
        1172    1.12338515504784228E-01    8.72711056329961987E-02    9.45495615294143055E-01
        1173    9.25219784282817342E-02    8.66904311637614472E-02    9.57670277831263794E-01
        1174    7.50172909988834902E-02    1.02215230757608355E-01    9.57670277831263794E-01
        1175    7.32265863918633714E-02    1.21959234950122564E-01    9.45495615294143055E-01
        1176    5.49579796978418300E-02    1.14259213261661732E-01    9.57670277831263794E-01
        1177    3.30271403130214594E-02    1.22412235296910921E-01    9.57670277831263794E-01
        1178    2.42250010241989201E-02    1.40176093787784617E-01    9.45495615294143055E-01
        1179    9.97160127652999169E-03    1.26396655476417569E-01    9.57670277831263794E-01
        1180   -1.34235086818162968E-02    1.26076789149753871E-01    9.57670277831263794E-01
        1181   -2.80483049671482153E-02    1.39461394416856732E-01    9.45495615294143055E-01
        1182   -3.63614971517275606E-02    1.21463528981036933E-01    9.57670277831263794E-01
        1183   -5.80612384469454956E-02    1.12713974012316795E-01    9.57670277831263794E-01
        1184   -7.65335319516592949E-02    1.19911660947668350E-01    9.45495615294143055E-01
        1185   -9.86687664744733545E-02    1.27009995714317092E-01    9.28013718225016437E-01
        1186   -1.21508788186843353E-01    1.29682518918757927E-01    9.08885381890881749E-01
        1187   -1.20326768693790526E-01    1.06717070914901110E-01    9.28013718225016437E-01
        1188   -1.37887187121292942E-01    8.27900242584971718E-02    9.28013718225016437E-01
        1189   -1.60150299822366532E-01    7.70313104299496787E-02    9.08885381890881749E-01
        1190   -1.50752022768832539E-01    5.60436626216595513E-02    9.28013718225016437E-01
        1191   -1.58483179088101916E-01    2.73888012712059231E-02    9.28013718225016437E-01
        1192   -1.77162626043432997E-01    1.39765966223503440E-02    9.08885381890881749E-01
        1193   -1.60817380823148448E-01   -2.19875285729220424E-03    9.28013718225016437E-01
        1194   -1.57675139533451442E-01   -3.17114310943487007E-02    9.28013718225016437E-01
        1195   -1.70248157925333737E-01   -5.09657340060927846E-02    9.08885381890881749E-01
        1196   -1.49163460477428539E-01   -6.01442145791564672E-02    9.28013718225016437E-01
        1197   -1.35572198676698730E-01   -8.65288589715057371E-02    9.28013718225016437E-01
        1198   -1.40340732701808607E-01   -1.09024859846131805E-01    9.08885381890881749E-01
        1199   -1.17364188250964133E-01   -1.09966866851507847E-01    9.28013718225016437E-01
        1200   -9.51594811571716270E-02   -1.29660084971601419E-01    9.28013718225016437E-01
        1201   -9.14795138720586598E-02   -1.52359574236347217E-01    9.08885381890881749E-01
        1202   -6.97142320637894886E-02   -1.44937884408118473E-01    9.28013718225016437E-01
        1203   -4.18949484104805189E-02   -1.55279998024949045E-01    9.28013718225016437E-01
        1204   -3.02634797884021242E-02   -1.75117283872398360E-01    9.08885381890881749E-01
        1205   -1.26489825365047517E-02   -1.60334237546870179E-01    9.28013718225016437E-01
        1206    1.70277292669691431E-02   -1.59928486908855000E-01    9.28013718225016437E-01
        1207    3.50398049364089650E-02   -1.74224433963114322E-01    9.08885381890881749E-01
        1208    4.61245821727667982E-02   -1.54076563462236804E-01    9.28013718225016437E-01
        1209    7.36507177530096729E-02   -1.42977747441381614E-01    9.28013718225016437E-01
        1210    9.56107698422960228E-02   -1.49801608836196004E-01    9.08885381890881749E-01
        1211    9.86687664744732573E-02   -1.27009995714317175E-01    9.28013718225016437E-01
        1212    1.20326768693790512E-01   -1.06717070914901124E-01    9.28013718225016437E-01
        1213    1.43268970483416080E-01   -1.05147246356579543E-01    9.08885381890881749E-01
        1214    1.37887187121292915E-01   -8.27900242584971857E-02    9.28013718225016437E-01
        1215    1.50752022768832539E-01   -5.60436626216595721E-02    9.28013718225016437E-01
        1216    1.71577902779979669E-01   -4.62921656155015279E-02    9.08885381890881749E-01
        1217    1.58483179088101944E-01   -2.73888012712058711E-02    9.28013718225016437E-01
        1218    1.60817380823148448E-01    2.19875285729218429E-03    9.28013718225016437E-01
        1219    1.76714288560126859E-01    1.88149286056947911E-02    9.08885381890881749E-01
        1220    1.57675139533451469E-01    3.17114310943485411E-02    9.28013718225016437E-01
        1221    1.49163460477428539E-01    6.01442145791564534E-02    9.28013718225016437E-01
        1222    1.57984430462552644E-01    8.13809624615735444E-02    9.08885381890881749E-01
        1223    1.35572198676698730E-01    8.65288589715057233E-02    9.28013718225016437E-01
        1224    1.17364188250964091E-01    1.09966866851507902E-01    9.28013718225016437E-01
        1225    1.17917899609060808E-01    1.32956046389536675E-01    9.08885381890881749E-01
        1226    9.51594811571715299E-02    1.29660084971601475E-01    9.28013718225016437E-01
        1227    6.97142320637895024E-02    1.44937884408118445E-01    9.28013718225016437E-01
        1228    6.19259030077273440E-02    1.66574679517706770E-01    9.08885381890881749E-01
        1229    4.18949484104805328E-02    1.55279998024949045E-01    9.28013718225016437E-01
        1230    1.26489825365049113E-02    1.60334237546870179E-01    9.28013718225016437E-01
        1231   -2.42952993807380281E-03    1.77696479154847570E-01    9.08885381890881749E-01
        1232   -1.70277292669689800E-02    1.59928486908855028E-01    9.28013718225016437E-01
        1233   -4.61245821727666386E-02    1.54076563462236860E-01    9.28013718225016437E-01
        1234   -6.64568414032482430E-02    1.64819384631943955E-01    9.08885381890881749E-01
        1235   -7.36507177530096591E-02    1.42977747441381614E-01    9.28013718225016437E-01
        1236   -1.47265518147471602E-01    1.30608882080570615E-01    8.82478067630982355E-01
        1237   -1.71989602124821367E-01    1.26225748704476198E-01    8.54350449541545487E-01
        1238   -1.68757361954842144E-01    1.01325049714382498E-01    8.82478067630982355E-01
        1239   -1.84502376202987151E-01    6.85907143061732782E-02    8.82478067630982355E-01
        1240   -2.05973527505426163E-01    5.55721948642609112E-02    8.54350449541545487E-01
        1241   -1.93964383315749112E-01    3.35206043877618459E-02    8.82478067630982355E-01
        1242   -1.96821165989329638E-01   -2.69100950954132825E-03    8.82478067630982355E-01
        1243   -2.12139586657706908E-01   -2.25866918285348300E-02    8.54350449541545487E-01
        1244   -1.92975439916113045E-01   -3.88109843055072373E-02    8.82478067630982355E-01
        1245   -1.82558166685082790E-01   -7.36092975795939186E-02    8.82478067630982355E-01
        1246   -1.89655019125834795E-01   -9.76951206327070359E-02    8.54350449541545487E-01
        1247   -1.65924094041979386E-01   -1.05900934509229272E-01    8.82478067630982355E-01
        1248   -1.43639675380292653E-01   -1.34586242128323930E-01    8.82478067630982355E-01
        1249   -1.41556490346278929E-01   -1.59609282048080697E-01    8.54350449541545487E-01
        1250   -1.16463779850331989E-01   -1.58688376690144156E-01    8.82478067630982355E-01
        1251   -8.53218499804762054E-02   -1.77386568909511294E-01    8.82478067630982355E-01
        1252   -7.43399731538669228E-02   -1.99967325497297899E-01    8.54350449541545487E-01
        1253   -5.12743868418149562E-02   -1.90044074276404629E-01    8.82478067630982355E-01
        1254   -1.54808359561044179E-02   -1.96229856626558924E-01    8.82478067630982355E-01
        1255    2.91656934498635495E-03   -2.13318673580902951E-01    8.54350449541545487E-01
        1256    2.08398962308748679E-02   -1.95733266561067903E-01    8.82478067630982355E-01
        1257    5.64509507464124594E-02   -1.88571214859017650E-01    8.82478067630982355E-01
        1258    7.97792129925305737E-02   -1.97860152757831392E-01    8.54350449541545487E-01
        1259    9.01396358397336117E-02   -1.74987596601187428E-01    8.82478067630982355E-01
        1260    1.20758723745109819E-01   -1.55444985615593084E-01    8.82478067630982355E-01
        1261    1.45867231853553547E-01   -1.55679521923859976E-01    8.54350449541545487E-01
        1262    1.47265518147471575E-01   -1.30608882080570643E-01    8.82478067630982355E-01
        1263    1.68757361954842117E-01   -1.01325049714382526E-01    8.82478067630982355E-01
        1264    1.92255072774519697E-01   -9.24735090040605945E-02    8.54350449541545487E-01
        1265    1.84502376202987151E-01   -6.85907143061732921E-02    8.82478067630982355E-01
        1266    1.93964383315749084E-01   -3.35206043877618667E-02    8.82478067630982355E-01
        1267    2.12677800795152583E-01   -1.67784362798601566E-02    8.54350449541545487E-01
        1268    1.96821165989329638E-01    2.69100950954130396E-03    8.82478067630982355E-01
        1269    1.92975439916113101E-01    3.88109843055070361E-02    8.82478067630982355E-01
        1270    2.04377213330023122E-01    6.11826572364599780E-02    8.54350449541545487E-01
        1271    1.82558166685082873E-01    7.36092975795937521E-02    8.82478067630982355E-01
        1272    1.65924094041979497E-01    1.05900934509229092E-01    8.82478067630982355E-01
        1273    1.68474350711440068E-01    1.30880693868189124E-01    8.54350449541545487E-01
        1274    1.43639675380292708E-01    1.34586242128323874E-01    8.82478067630982355E-01
        1275    1.16463779850332017E-01    1.58688376690144156E-01    8.82478067630982355E-01
        1276    1.09818093480672369E-01    1.82902567558058754E-01    8.54350449541545487E-01
        1277    8.53218499804760666E-02    1.77386568909511350E-01    8.82478067630982355E-01
        1278    5.12743868418149770E-02    1.90044074276404629E-01    8.82478067630982355E-01
        1279    3.63302942022770969E-02    2.10222436001098439E-01    8.54350449541545487E-01
        1280    1.54808359561046140E-02    1.96229856626558924E-01    8.82478067630982355E-01
        1281   -2.08398962308746737E-02    1.95733266561067903E-01    8.82478067630982355E-01
        1282   -4.20641126212452435E-02    2.09150599579458835E-01    8.54350449541545487E-01
        1283   -5.64509507464122581E-02    1.88571214859017733E-01    8.82478067630982355E-01
        1284   -9.01396358397337366E-02    1.74987596601187345E-01    8.82478067630982355E-01
        1285   -1.14777527949974659E-01    1.79831815741132744E-01    8.54350449541545487E-01
        1286   -1.20758723745109819E-01    1.55444985615593084E-01    8.82478067630982355E-01
        1287   -1.97892923999800158E-01    1.13641105989173694E-01    8.23114514678192188E-01
        1288   -2.18853018774525732E-01    1.00072707528307492E-01    7.90836395015628191E-01
        1289   -2.13898633729956239E-01    7.95190846784047667E-02    8.23114514678192188E-01
        1290   -2.24868196482558569E-01    3.88613503408556660E-02    8.23114514678192188E-01
        1291   -2.39488513571496142E-01    2.35890331740070368E-02    7.90836395015628191E-01
        1292   -2.28197655413465122E-01    1.31924350698182447E-03    8.23114514678192188E-01
        1293   -2.24554567040663289E-01   -4.06344282698002865E-02    8.23114514678192188E-01
        1294   -2.34171711875829219E-01   -5.54508789462593368E-02    7.90836395015628191E-01
        1295   -2.14803728358902990E-01   -7.70406945889502009E-02    8.23114514678192188E-01
        1296   -1.96990096205636456E-01   -1.15199011873051135E-01    8.23114514678192188E-01
        1297   -2.03478771649928974E-01   -1.28481827923660641E-01    7.90836395015628191E-01
        1298   -1.75342273890828987E-01   -1.46051351676137503E-01    8.23114514678192188E-01
        1299   -1.45519873025143326E-01   -1.75783608150417270E-01    8.23114514678192188E-01
        1300   -1.50735749217308951E-01   -1.87589777244565298E-01    7.90836395015628191E-01
        1301   -1.14602140666491950E-01   -1.97337932730356935E-01    8.23114514678192188E-01
        1302   -8.16581694508587974E-02   -2.26369463445721675E-01    7.90836395015628191E-01
        1303   -8.05583606559429205E-02   -2.13509392927009933E-01    8.23114514678192188E-01
        1304   -3.99544534797792797E-02   -2.24676549703713924E-01    8.23114514678192188E-01
        1305   -3.73165996735924351E-03   -2.40618505798405102E-01    7.90836395015628191E-01
        1306   -2.42898216688668123E-03   -2.28188541310176712E-01    8.23114514678192188E-01
        1307    3.95419103073498743E-02   -2.24749522065962964E-01    8.23114514678192188E-01
        1308    7.45992327762735885E-02   -2.28792799467029656E-01    7.90836395015628191E-01
        1309    7.59951656900291900E-02   -2.15175846998166331E-01    8.23114514678192188E-01
        1310    1.14239661711004775E-01   -1.97547994248963382E-01    8.23114514678192188E-01
        1311    1.44846141122236788E-01   -1.92173843227339741E-01    7.90836395015628191E-01
        1312    1.45196912799741590E-01   -1.76050466778868597E-01    8.23114514678192188E-01
        1313    1.75073847821294482E-01   -1.46373010315015067E-01    8.23114514678192188E-01
        1314    1.99396722558156159E-01   -1.34729869189555707E-01    7.90836395015628191E-01
        1315    1.96778274389699498E-01   -1.15560464986280795E-01    8.23114514678192188E-01
        1316    2.14661930047179955E-01   -7.74349154325934957E-02    8.23114514678192188E-01
        1317    2.32339575145967148E-01   -6.26858232757660505E-02    7.90836395015628191E-01
        1318    2.24479589291331466E-01   -4.10466116899852462E-02    8.23114514678192188E-01
        1319    2.28199692807508070E-01    9.00301167517503285E-04    8.23114514678192188E-01
        1320    2.40104829646755807E-01    1.61512042607187198E-02    7.90836395015628191E-01
        1321    2.24939161731917664E-01    3.84484571728887850E-02    8.23114514678192188E-01
        1322    2.14044259581612301E-01    7.91262616316015244E-02    8.23114514678192188E-01
        1323    2.21851000245023661E-01    9.32379982037988969E-02    7.90836395015628191E-01
        1324    1.98101220253090182E-01    1.13277609764109749E-01    8.23114514678192188E-01
        1325    1.73913464349774560E-01    1.47749846894989961E-01    8.23114514678192188E-01
        1326    1.79556172593794222E-01    1.60221008304893248E-01    7.90836395015628191E-01
        1327    1.47222685861604419E-01    1.74359946969849217E-01    8.23114514678192188E-01
        1328    1.12677383682937990E-01    1.98443235072403690E-01    8.23114514678192188E-01
        1329    1.17803647540947506E-01    2.09841586071058156E-01    7.90836395015628191E-01
        1330    7.84779280627858067E-02    2.14282815798667120E-01    8.23114514678192188E-01
        1331    4.32852693651112411E-02    2.36722571958735806E-01    7.90836395015628191E-01
        1332    4.21377991417708139E-02    2.24277319903553929E-01    8.23114514678192188E-01
        1333    2.09473646773509212E-04    2.28201372608546310E-01    8.23114514678192188E-01
        1334   -3.59237393865903115E-02    2.37950994045524916E-01    7.90836395015628191E-01
        1335   -3.73540947267448353E-02    2.25123481553521326E-01    8.23114514678192188E-01
        1336   -7.80844014640814515E-02    2.14426529579782726E-01    8.23114514678192188E-01
        1337   -1.11239853561506230E-01    2.13393733737389152E-01    7.90836395015628191E-01
        1338   -1.12312878785036929E-01    1.98649761134140013E-01    8.23114514678192188E-01
        1339   -1.46902336416525392E-01    1.74629934132150666E-01    8.23114514678192188E-01
        1340   -1.74501403538862010E-01    1.65711951233869448E-01    7.90836395015628191E-01
        1341   -1.73641922479941896E-01    1.48068879569959400E-01    8.23114514678192188E-01
        1342   -2.36803461416902089E-01    8.32160609855973898E-02    7.57824919117334517E-01
        1343   -2.51161550275512846E-01    6.55413569693598097E-02    7.24305685798413923E-01
        1344   -2.46905877837081900E-01    4.51473103793004413E-02    7.57824919117334517E-01
        1345   -2.50969406535335504E-01    3.89218811035471277E-03    7.57824919117334517E-01
        1346   -2.59122222170246386E-01   -1.52796527361547356E-02    7.24305685798413923E-01
        1347   -2.48488429045911341E-01   -3.54159960368190599E-02    7.57824919117334517E-01
        1348   -2.39270089397155661E-01   -7.58328191804975987E-02    7.57824919117334517E-01
        1349   -2.41718205548273862E-01   -9.46049835722539284E-02    7.24305685798413923E-01
        1350   -2.24461411049733217E-01   -1.12329279774009069E-01    7.57824919117334517E-01
        1351   -2.02911258185696192E-01   -1.47742388793746793E-01    7.57824919117334517E-01
        1352   -2.00653126817467997E-01   -1.64669719464621389E-01    7.24305685798413923E-01
        1353   -1.77301082330786258E-01   -1.77665748948176994E-01    7.57824919117334517E-01
        1354   -1.45640105507462703E-01   -2.04425418705111217E-01    7.57824919117334517E-01
        1355   -1.39946722001227819E-01   -2.18615435894392141E-01    7.24305685798413923E-01
        1356   -1.11867853117007338E-01   -2.24691734569780227E-01    7.57824919117334517E-01
        1357   -7.33590774183753708E-02   -2.40040075623446064E-01    7.57824919117334517E-01
        1358   -6.55413569693600040E-02   -2.51161550275512790E-01    7.24305685798413923E-01
        1359   -3.49053646245750665E-02   -2.48560672000641247E-01    7.57824919117334517E-01
        1360    6.48244102100640433E-03   -2.50915862598190598E-01    7.57824919117334517E-01
        1361    1.52796527361546055E-02   -2.59122222170246386E-01    7.24305685798413923E-01
        1362    4.56545201506994708E-02   -2.46812594765328519E-01    7.57824919117334517E-01
        1363    8.56558699135939461E-02   -2.35931905630269445E-01    7.57824919117334517E-01
        1364    9.46049835722538174E-02   -2.41718205548273918E-01    7.24305685798413923E-01
        1365    1.21509185460384014E-01   -2.19627662177920790E-01    7.57824919117334517E-01
        1366    1.56001483616597714E-01   -1.96632472532909192E-01    7.57824919117334517E-01
        1367    1.64669719464621278E-01   -2.00653126817468108E-01    7.24305685798413923E-01
        1368    1.84840942133880498E-01   -1.69807591868103264E-01    7.57824919117334517E-01
        1369    2.10269363615450150E-01   -1.37067818505068884E-01    7.57824919117334517E-01
        1370    2.18615435894392113E-01   -1.39946722001227819E-01    7.24305685798413923E-01
        1371    2.29122729689411525E-01   -1.02486910796734249E-01    7.57824919117334517E-01
        1372    2.42866585387364137E-01   -6.33767610979534129E-02    7.57824919117334517E-01
        1373    2.51161550275512790E-01   -6.55413569693600179E-02    7.24305685798413923E-01
        1374    2.49790804425593843E-01   -2.46037836399122176E-02    7.57824919117334517E-01
        1375    2.59122222170246386E-01    1.52796527361545899E-02    7.24305685798413923E-01
        1376    2.50564344850714660E-01    1.47750206266200126E-02    7.57824919117334517E-01
        1377    2.44715085306772218E-01    5.58150442827388057E-02    7.57824919117334517E-01
        1378    2.41718205548273918E-01    9.46049835722538035E-02    7.24305685798413923E-01
        1379    2.32970839931676305E-01    9.34097419251019995E-02    7.57824919117334517E-01
        1380    2.14418683129444038E-01    1.30481494741668147E-01    7.57824919117334517E-01
        1381    2.00653126817468108E-01    1.64669719464621278E-01    7.24305685798413923E-01
        1382    1.91367030505152691E-01    1.62417523009756759E-01    7.57824919117334517E-01
        1383    1.62023987983168249E-01    1.91700337670581700E-01    7.57824919117334517E-01
        1384    1.39946722001227819E-01    2.18615435894392113E-01    7.24305685798413923E-01
        1385    1.30040664056172928E-01    2.14686324289216135E-01    7.57824919117334517E-01
        1386    9.29308713085420790E-02    2.33162272468811049E-01    7.57824919117334517E-01
        1387    6.55413569693600317E-02    2.51161550275512790E-01    7.24305685798413923E-01
        1388    5.53121227115712169E-02    2.44829249122985704E-01    7.57824919117334517E-01
        1389    1.42601675036192563E-02    2.50594173451326729E-01    7.57824919117334517E-01
        1390   -1.52796527361545743E-02    2.59122222170246386E-01    7.24305685798413923E-01
        1391   -2.51169642877989291E-02    2.49739725013763736E-01    7.57824919117334517E-01
        1392   -6.58802093478962486E-02    2.42199484229967482E-01    7.57824919117334517E-01
        1393   -9.46049835722535676E-02    2.41718205548274001E-01    7.24305685798413923E-01
        1394   -1.02957461397418931E-01    2.28911671366018143E-01    7.57824919117334517E-01
        1395   -1.39230878577961459E-01    2.08843373357628592E-01    7.57824919117334517E-01
        1396   -1.64669719464621445E-01    2.00653126817467969E-01    7.24305685798413923E-01
        1397   -1.70187016810667530E-01    1.84491656868462389E-01    7.57824919117334517E-01
        1398   -1.98232216396069416E-01    1.53963568832652109E-01    7.57824919117334517E-01
        1399   -2.18615435894391946E-01    1.39946722001228041E-01    7.24305685798413923E-01
        1400   -2.19876857390750663E-01    1.21057671086769195E-01    7.57824919117334517E-01
        1401   -2.62844859087899729E-01    4.49136803739659182E-02    6.90439057471561091E-01
        1402   -2.71381124314540589E-01    2.46822282334221953E-02    6.56336630045380565E-01
        1403   -2.66603135886163634E-01    5.23703822178219879E-03    6.90439057471561091E-01
        1404   -2.64140062153484734E-01   -3.65333573494946093E-02    6.90439057471561091E-01
        1405   -2.66599636886435121E-01   -5.64053245430946940E-02    6.56336630045380565E-01
        1406   -2.55744821527994437E-01   -7.54933433839494877E-02    6.90439057471561091E-01
        1407   -2.40786417604417907E-01   -1.14571199395413117E-01    6.90439057471561091E-01
        1408   -2.38129601767733595E-01   -1.32481016703267729E-01    6.56336630045380565E-01
        1409   -2.21021081067150599E-01   -1.49178887103975560E-01    6.90439057471561091E-01
        1410   -1.94963225396349971E-01   -1.81917562034908220E-01    6.90439057471561091E-01
        1411   -1.88500706517423872E-01   -1.96785189145989692E-01    6.56336630045380565E-01
        1412   -1.65672241549261218E-01   -2.08943454105927628E-01    6.90439057471561091E-01
        1413   -1.30946583871747846E-01   -2.32287861942874568E-01    6.90439057471561091E-01
        1414   -1.22122696271315681E-01   -2.43604133955511698E-01    6.56336630045380565E-01
        1415   -9.48633093720742254E-02   -2.49209974055315003E-01    6.90439057471561091E-01
        1416   -5.47103556430341489E-02   -2.60981676788017758E-01    6.90439057471561091E-01
        1417   -4.48935485348755936E-02   -2.68777782423952727E-01    6.56336630045380565E-01
        1418   -1.52019856346278532E-02   -2.66220882476257303E-01    6.90439057471561091E-01
        1419    2.66312973674945434E-02   -2.65321376135050080E-01    6.90439057471561091E-01
        1420    3.63245880009807273E-02   -2.70069345412154993E-01    6.56336630045380565E-01
        1421    6.58779469434959131E-02   -2.58388766667946634E-01    6.90439057471561091E-01
        1422    1.05487788584541262E-01   -2.44901990790633961E-01    6.90439057471561091E-01
        1423    1.14315125485121294E-01   -2.47364061880686048E-01    6.56336630045380565E-01
        1424    1.40810324841206230E-01   -2.26444498833128227E-01    6.90439057471561091E-01
        1425    1.74500440117336897E-01   -2.01629003450714800E-01    6.90439057471561091E-01
        1426    1.82148262406243489E-01   -2.02679395911812305E-01    6.56336630045380565E-01
        1427    2.02602657979013001E-01   -1.73369033029291963E-01    6.90439057471561091E-01
        1428    2.27229174995935118E-01   -1.39540534126609050E-01    6.90439057471561091E-01
        1429    2.33796726868087168E-01   -1.39985776172295240E-01    6.56336630045380565E-01
        1430    2.45488650283348403E-01   -1.04115230469573966E-01    6.90439057471561091E-01
        1431    2.58753488014348609E-01   -6.44305135326498912E-02    6.90439057471561091E-01
        1432    2.64671326147664754E-01   -6.48538059024092034E-02    6.56336630045380565E-01
        1433    2.65466295089663074E-01   -2.51456716959514853E-02    6.90439057471561091E-01
        1434    2.72028716608038346E-01    1.60407096281451368E-02    6.56336630045380565E-01
        1435    2.66249023802522022E-01    1.47008828944628165E-02    6.90439057471561091E-01
        1436    2.60671331753373925E-01    5.61704142373466511E-02    6.90439057471561091E-01
        1437    2.55215161819427494E-01    9.55099377147442530E-02    6.56336630045380565E-01
        1438    2.49388082520904664E-01    9.43940831314075829E-02    6.90439057471561091E-01
        1439    2.31551213491650781E-01    1.32244826606626120E-01    6.90439057471561091E-01
        1440    2.15724619909870186E-01    1.66492688696930263E-01    6.56336630045380565E-01
        1441    2.09254909102853409E-01    1.65278678752067726E-01    6.90439057471561091E-01
        1442    1.80823352240047780E-01    1.95978503714933611E-01    6.90439057471561091E-01
        1443    1.57065998829419490E-01    2.22681833647263849E-01    6.56336630045380565E-01
        1444    1.49594624480834437E-01    2.20739907946231523E-01    6.90439057471561091E-01
        1445    1.13221537002829595E-01    2.41423988436090448E-01    6.90439057471561091E-01
        1446    8.44513744801917848E-02    2.59084720454906992E-01    6.56336630045380565E-01
        1447    7.59745676351813448E-02    2.55602276410676565E-01    6.90439057471561091E-01
        1448    3.50541892616559186E-02    2.64340429085073270E-01    6.90439057471561091E-01
        1449    4.33287489964639515E-03    2.72466792875562913E-01    6.56336630045380565E-01
        1450   -4.73523366256632227E-03    2.66612520703423728E-01    6.90439057471561091E-01
        1451   -4.63843221277781687E-02    2.62589324410607283E-01    6.90439057471561091E-01
        1452   -7.61706196302408822E-02    2.61638995048398826E-01    6.56336630045380565E-01
        1453   -8.50031555573306508E-02    2.52743194129869453E-01    6.90439057471561091E-01
        1454   -1.23494372024035834E-01    2.36334082840502863E-01    6.90439057471561091E-01
        1455   -1.49906020336722540E-01    2.27563424327366426E-01    6.56336630045380565E-01
        1456   -1.57338809203896784E-01    2.15288545333866765E-01    6.90439057471561091E-01
        1457   -1.89080255792404894E-01    1.88024773642069237E-01    6.90439057471561091E-01
        1458   -2.10321613284551928E-01    1.73267844709208196E-01    6.56336630045380565E-01
        1459   -2.14992023918938430E-01    1.57743742458809594E-01    6.90439057471561091E-01
        1460   -2.37021673310674391E-01    1.22169492978732558E-01    6.90439057471561091E-01
        1461   -2.52049207910850837E-01    1.03576656715225146E-01    6.56336630045380565E-01
        1462   -2.52582755144201088E-01    8.54787133585736547E-02    6.90439057471561091E-01
        1463   -2.77319361034965850E-01    2.52397311292468663E-03    6.22074846191343678E-01
        1464   -2.80719767768480732E-01   -1.84695198956563583E-02    5.87705498253706660E-01
        1465   -2.74855848626500809E-01   -3.69683773098382143E-02    6.22074846191343678E-01
        1466   -2.66276085159037501E-01   -7.75206096305589010E-02    6.22074846191343678E-01
        1467   -2.64145179664713792E-01   -9.68092724952619027E-02    5.87705498253706660E-01
        1468   -2.52533445528109080E-01   -1.14626599595460635E-01    6.22074846191343678E-01
        1469   -2.32628647423262142E-01   -1.50984472192143226E-01    6.22074846191343678E-01
        1470   -2.26171120036383094E-01   -1.67306113584213600E-01    5.87705498253706660E-01
        1471   -2.08773492473502326E-01   -1.82554176302633431E-01    6.22074846191343678E-01
        1472   -1.79233376920409443E-01   -2.11631271419946171E-01    6.22074846191343678E-01
        1473   -1.69874021354147337E-01   -2.24248808358342211E-01    5.87705498253706660E-01
        1474   -1.47290769410849037E-01   -2.34984739273588983E-01    6.22074846191343678E-01
        1475   -1.10622995153711615E-01   -2.54312703946024676E-01    6.22074846191343678E-01
        1476   -9.98147397415039689E-02   -2.63024198338292881E-01    5.87705498253706660E-01
        1477   -7.33045412353139497E-02   -2.67467460973099758E-01    6.22074846191343678E-01
        1478   -3.26218335639510554E-02   -2.75405545369083571E-01    6.22074846191343678E-01
        1479   -2.16690615361182712E-02   -2.80490932034013762E-01    5.87705498253706660E-01
        1480    6.90450531369691395E-03   -2.77244884987062679E-01    6.22074846191343678E-01
        1481    4.81485936382435378E-02   -2.73119225569669055E-01    6.22074846191343678E-01
        1482    5.82321151640526752E-02   -2.75233958560142600E-01    5.87705498253706660E-01
        1483    8.65274287958176375E-02   -2.63487006342060792E-01    6.22074846191343678E-01
        1484    1.24831689440501048E-01   -2.47647830106679484E-01    6.22074846191343678E-01
        1485    1.33415672213355818E-01   -2.47679166643107462E-01    5.87705498253706660E-01
        1486    1.58805043724791622E-01   -2.27361730580771887E-01    6.22074846191343678E-01
        1487    1.90917830162598390E-01   -2.01153624305210388E-01    6.22074846191343678E-01
        1488    1.97790684953487034E-01   -2.00058881649369025E-01    5.87705498253706660E-01
        1489    2.17601707443403458E-01   -1.71935730326281899E-01    6.22074846191343678E-01
        1490    2.40796967043743981E-01   -1.37583498674988508E-01    6.22074846191343678E-01
        1491    2.46141872705183201E-01   -1.36231015860380333E-01    5.87705498253706660E-01
        1492    2.57926174482797810E-01   -1.01914115615972564E-01    6.22074846191343678E-01
        1493    2.70234862965656797E-01   -6.23339175974779378E-02    6.22074846191343678E-01
        1494    2.74552109792387644E-01   -6.13665233634309235E-02    5.87705498253706660E-01
        1495    2.76355303108988037E-01   -2.32410173756620632E-02    6.22074846191343678E-01
        1496    2.76732536602865009E-01    1.82071862312788435E-02    6.22074846191343678E-01
        1497    2.80719767768480732E-01    1.84695198956563965E-02    5.87705498253706660E-01
        1498    2.71324645631699835E-01    5.74050095196315113E-02    6.22074846191343678E-01
        1499    2.64145179664713792E-01    9.68092724952618611E-02    5.87705498253706660E-01
        1500    2.60393367311139434E-01    9.54342323565423034E-02    6.22074846191343678E-01
        1501    2.43261254280614625E-01    1.33177928392577971E-01    6.22074846191343678E-01
        1502    2.26171120036383122E-01    1.67306113584213573E-01    5.87705498253706660E-01
        1503    2.21832010125041335E-01    1.66442055169359282E-01    6.22074846191343678E-01
        1504    1.94547428765664610E-01    1.97645380431178158E-01    6.22074846191343678E-01
        1505    1.69874021354147364E-01    2.24248808358342211E-01    5.87705498253706660E-01
        1506    1.64439346103533168E-01    2.23320621300763245E-01    6.22074846191343678E-01
        1507    1.29318482988939637E-01    2.45334727265741598E-01    6.22074846191343678E-01
        1508    9.98147397415042326E-02    2.63024198338292770E-01    5.87705498253706660E-01
        1509    9.30874352603228289E-02    2.61241512477959181E-01    6.22074846191343678E-01
        1510    5.31116984806366474E-02    2.72197622931609040E-01    6.22074846191343678E-01
        1511    2.16690615361185557E-02    2.80490932034013707E-01    5.87705498253706660E-01
        1512    1.38333372849642946E-02    2.76985626386418993E-01    6.22074846191343678E-01
        1513   -2.76037351179168680E-02    2.75953677729897928E-01    6.22074846191343678E-01
        1514   -5.82321151640523976E-02    2.75233958560142655E-01    5.87705498253706660E-01
        1515   -6.65950719127644669E-02    2.69216446083908878E-01    6.22074846191343678E-01
        1516   -1.05975889198262535E-01    2.56284040380500622E-01    6.22074846191343678E-01
        1517   -1.33415672213356012E-01    2.47679166643107351E-01    5.87705498253706660E-01
        1518   -1.41370229209613008E-01    2.38593496848380132E-01    6.22074846191343678E-01
        1519   -1.75351756018158056E-01    2.14858465289280293E-01    6.22074846191343678E-01
        1520   -1.97790684953486812E-01    2.00058881649369219E-01    5.87705498253706660E-01
        1521   -2.04144475717536716E-01    1.87716359114299208E-01    6.22074846191343678E-01
        1522   -2.29842022153803338E-01    1.55193567190676618E-01    6.22074846191343678E-01
        1523   -2.46141872705183284E-01    1.36231015860380139E-01    5.87705498253706660E-01
        1524   -2.49588909188902364E-01    1.20903990236097408E-01    6.22074846191343678E-01
        1525   -2.64821011984420984E-01    8.23542959211214926E-02    6.22074846191343678E-01
        1526   -2.74552109792387644E-01    6.13665233634309512E-02    5.87705498253706660E-01
        1527   -2.73845754227911853E-01    4.38280884418036712E-02    6.22074846191343678E-01
        1528   -2.81722424380649039E-01   -4.06515390853219999E-02    5.53263441975864523E-01
        1529   -2.80796343573276874E-01   -6.12327996761341323E-02    5.18772062217787266E-01
        1530   -2.73563062659338552E-01   -7.86341069597587816E-02    5.53263441975864523E-01
        1531   -2.59587784912088171E-01   -1.16765808151836237E-01    5.53263441975864523E-01
        1532   -2.53863241809234474E-01   -1.34720068209622984E-01    5.18772062217787266E-01
        1533   -2.41270361450056869E-01   -1.51025443931394832E-01    5.53263441975864523E-01
        1534   -2.17321415425381553E-01   -1.83824575142783053E-01    5.53263441975864523E-01
        1535   -2.08102264747256155E-01   -1.98215765587306997E-01    5.18772062217787266E-01
        1536   -1.90266495615914549E-01   -2.11704352045382210E-01    5.53263441975864523E-01
        1537   -1.58201186409087535E-01   -2.36627252546432409E-01    5.53263441975864523E-01
        1538   -1.46907294713488373E-01   -2.47010706408170910E-01    5.18772062217787266E-01
        1539   -1.24506951957657944E-01   -2.55965018983316195E-01    5.53263441975864523E-01
        1540   -8.68120304306997798E-02   -2.71078850892900236E-01    5.53263441975864523E-01
        1541   -7.48168826869760051E-02   -2.77485993133532061E-01    5.18772062217787266E-01
        1542   -4.90915597276253904E-02   -2.80374911132264037E-01    5.53263441975864523E-01
        1543   -8.69036830010727103E-03   -2.84507556187396315E-01    5.53263441975864523E-01
        1544    2.82235526396590330E-03   -2.87381413162130728E-01    5.18772062217787266E-01
        1545    3.01310148278040486E-02   -2.83040975786833071E-01    5.53263441975864523E-01
        1546    7.01052552360087039E-02   -2.75871936262480411E-01    5.53263441975864523E-01
        1547    8.02522720363956638E-02   -2.75963068458979999E-01    5.18772062217787266E-01
        1548    1.07016848246158841E-01   -2.63756452471545388E-01    5.53263441975864523E-01
        1549    1.43464027913589531E-01   -2.45841706640115842E-01    5.53263441975864523E-01
        1550    1.51730244921601171E-01   -2.44077805415261501E-01    5.18772062217787266E-01
        1551    1.75603237617043939E-01   -2.24016907771105472E-01    5.53263441975864523E-01
        1552    2.05696779856988754E-01   -1.96745792293968685E-01    5.53263441975864523E-01
        1553    2.11955079660655549E-01   -1.94090408125554947E-01    5.18772062217787266E-01
        1554    2.30571124209703687E-01   -1.66904250124403242E-01    5.53263441975864523E-01
        1555    2.51977193984934789E-01   -1.32391713261799410E-01    5.53263441975864523E-01
        1556    2.56460175771248799E-01   -1.29708213169712178E-01    5.18772062217787266E-01
        1557    2.67657600765515535E-01   -9.68477195465327900E-02    5.53263441975864523E-01
        1558    2.78716099864514955E-01   -5.77703012388691983E-02    5.53263441975864523E-01
        1559    2.81944793872126120E-01   -5.57061534186632859E-02    5.18772062217787266E-01
        1560    2.83986511406811026E-01   -1.92803881679070033E-02    5.53263441975864523E-01
        1561    2.83839823519387524E-01    2.13313528262726940E-02    5.53263441975864523E-01
        1562    2.86518856423115253E-01    2.24273768927527629E-02    5.18772062217787266E-01
        1563    2.78291505251046289E-01    5.97821891036355788E-02    5.53263441975864523E-01
        1564    2.69843126129753363E-01    9.88975712584556910E-02    5.18772062217787266E-01
        1565    2.67559142787627047E-01    9.71193963102436331E-02    5.53263441975864523E-01
        1566    2.51014245323383955E-01    1.34208497024771028E-01    5.53263441975864523E-01
        1567    2.33154365621509013E-01    1.68032985190203127E-01    5.18772062217787266E-01
        1568    2.30401563776685581E-01    1.67138240502207797E-01    5.53263441975864523E-01
        1569    2.04270156402707292E-01    1.98226575494128615E-01    5.53263441975864523E-01
        1570    1.79173612425367806E-01    2.24706161310150587E-01    5.18772062217787266E-01
        1571    1.75375724595945803E-01    2.24195065180665704E-01    5.53263441975864523E-01
        1572    1.41684368147617368E-01    2.46871650562648426E-01    5.53263441975864523E-01
        1573    1.11904372060372820E-01    2.64713909408011594E-01    5.18772062217787266E-01
        1574    1.06749026882906620E-01    2.63864960327187925E-01    5.53263441975864523E-01
        1575    6.81105765536748065E-02    2.76371165989583611E-01    5.53263441975864523E-01
        1576    3.63356963480987796E-02    2.85089037830636494E-01    5.18772062217787266E-01
        1577    2.98436553885329942E-02    2.83071419012881742E-01    5.53263441975864523E-01
        1578   -1.07453732089321709E-02    2.84437355112714951E-01    5.53263441975864523E-01
        1579   -4.19278317375640711E-02    2.84320416512929719E-01    5.18772062217787266E-01
        1580   -4.93761717465023078E-02    2.80324928774762894E-01    5.53263441975864523E-01
        1581   -8.87679904152337829E-02    2.70444663298348209E-01    5.53263441975864523E-01
        1582   -1.17081764350318626E-01    2.62465050581817072E-01    5.18772062217787266E-01
        1583   -1.24766744129558668E-01    2.55838487308350848E-01    5.53263441975864523E-01
        1584   -1.59906411518478786E-01    2.35478261383506221E-01    5.53263441975864523E-01
        1585   -1.83552278114642559E-01    2.21143852546762498E-01    5.18772062217787266E-01
        1586   -1.90481320360061185E-01    2.11511083924232457E-01    5.53263441975864523E-01
        1587   -2.18643660871863849E-01    1.82249887762559071E-01    5.53263441975864523E-01
        1588   -2.36409559107001871E-01    1.63421426634123845E-01    5.18772062217787266E-01
        1589   -2.41423558530483862E-01    1.50780427826007979E-01    5.53263441975864523E-01
        1590   -2.60424507009504480E-01    1.14887545790536130E-01    5.53263441975864523E-01
        1591   -2.71733424602164653E-01    9.35787811113129170E-02    5.18772062217787266E-01
        1592   -2.73642751230944892E-01    7.83563445272632553E-02    5.53263441975864523E-01
        1593   -2.82008733082762475E-01    3.86153660344063995E-02    5.53263441975864523E-01
        1594   -2.86904065092286276E-01    1.67958254879144800E-02    5.18772062217787266E-01
        1595   -2.84640213521133778E-01   -1.44483768422094258E-04    5.53263441975864523E-01
        1596   -2.64562694823688493E-01   -1.18017492319712106E-01    4.84247046729165465E-01
        1597   -2.46028497143409769E-01   -1.52942886657603833E-01    4.84247046729165465E-01
        1598   -2.36575231303690542E-01   -1.70498383043592494E-01    4.49698944766231123E-01
        1599   -2.22911254065142561E-01   -1.85019244396119248E-01    4.84247046729165465E-01
        1600   -1.95641596087931718E-01   -2.13649043681388900E-01    4.84247046729165465E-01
        1601   -1.81802466747973124E-01   -2.28003074038983955E-01    4.49698944766231123E-01
        1602   -1.64727505343717884E-01   -2.38298965522389189E-01    4.84247046729165465E-01
        1603   -1.30744852851360283E-01   -2.58509828514665141E-01    4.84247046729165465E-01
        1604   -1.13546244924502729E-01   -2.68597820077563387E-01    4.49698944766231123E-01
        1605   -9.43266711291433219E-02   -2.73905142521092271E-01    4.84247046729165465E-01
        1606   -5.61513619967061034E-02   -2.84198121970783424E-01    4.84247046729165465E-01
        1607   -3.68688175544893554E-02   -2.89271894554255005E-01    4.49698944766231123E-01
        1608   -1.69300592327274492E-02   -2.89197028131655931E-01    4.84247046729165465E-01
        1609    2.26066185018549450E-02   -2.88808740840226341E-01    4.84247046729165465E-01
        1610    4.25430013499236079E-02   -2.88491995942720458E-01    4.49698944766231123E-01
        1611    6.17221777071123578E-02   -2.83040493154066319E-01    4.84247046729165465E-01
        1612    9.96879695245315722E-02   -2.71999736613625198E-01    4.84247046729165465E-01
        1613    1.18799600465493274E-01   -2.66315965755178519E-01    4.49698944766231123E-01
        1614    1.35796763086590583E-01   -2.55892139623337844E-01    4.84247046729165465E-01
        1615    1.69375919889689114E-01   -2.35017756238389469E-01    4.84247046729165465E-01
        1616    1.86245376686547115E-01   -2.24388498702051215E-01    4.49698944766231123E-01
        1617    1.99799923776790511E-01   -2.09765436725391302E-01    4.84247046729165465E-01
        1618    2.26502033119903690E-01   -1.80605584017647397E-01    4.84247046729165465E-01
        1619    2.39878185334664540E-01   -1.65819163209270204E-01    4.49698944766231123E-01
        1620    2.48984838144297810E-01   -1.48081390998542617E-01    4.84247046729165465E-01
        1621    2.66829526731468925E-01   -1.12798721845886754E-01    4.84247046729165465E-01
        1622    2.75720326346188538E-01   -9.49517789534537610E-02    4.49698944766231123E-01
        1623    2.79703686096485771E-01   -7.54148259286196582E-02    4.84247046729165465E-01
        1624    2.87367495009222762E-01   -3.66260944946327771E-02    4.84247046729165465E-01
        1625    2.91113552089179162E-01   -1.70422556281446536E-02    4.49698944766231123E-01
        1626    2.89678191210119063E-01    2.84491178055676234E-03    4.84247046729165465E-01
        1627    2.86592730800957041E-01    4.22629227320545919E-02    4.84247046729165465E-01
        1628    2.84916217429600771E-01    6.21312138339716324E-02    4.49698944766231123E-01
        1629    2.78168590071244115E-01    8.08936553975746903E-02    4.84247046729165465E-01
        1630    2.64562694823688493E-01    1.18017492319712064E-01    4.84247046729165465E-01
        1631    2.57587950328234672E-01    1.36696695397413193E-01    4.49698944766231123E-01
        1632    2.46028497143409769E-01    1.52942886657603805E-01    4.84247046729165465E-01
        1633    2.22911254065142589E-01    1.85019244396119192E-01    4.84247046729165465E-01
        1634    2.11155563337486279E-01    2.01124008408998967E-01    4.49698944766231123E-01
        1635    1.95641596087931552E-01    2.13649043681389067E-01    4.84247046729165465E-01
        1636    1.64727505343717912E-01    2.38298965522389189E-01    4.84247046729165465E-01
        1637    1.49062734186422380E-01    2.50634873798005697E-01    4.49698944766231123E-01
        1638    1.30744852851360088E-01    2.58509828514665252E-01    4.84247046729165465E-01
        1639    9.43266711291433496E-02    2.73905142521092271E-01    4.84247046729165465E-01
        1640    7.59146039573857512E-02    2.81557297175668186E-01    4.49698944766231123E-01
        1641    5.61513619967061381E-02    2.84198121970783424E-01    4.84247046729165465E-01
        1642    1.69300592327274839E-02    2.89197028131655931E-01    4.84247046729165465E-01
        1643   -2.86376516096560185E-03    2.91597903860739582E-01    4.49698944766231123E-01
        1644   -2.26066185018549068E-02    2.88808740840226341E-01    4.84247046729165465E-01
        1645   -6.17221777071128297E-02    2.83040493154066208E-01    4.84247046729165465E-01
        1646   -8.14297419181822524E-02    2.80012027988107148E-01    4.49698944766231123E-01
        1647   -9.96879695245315306E-02    2.71999736613625254E-01    4.84247046729165465E-01
        1648   -1.35796763086590555E-01    2.55892139623337844E-01    4.84247046729165465E-01
        1649   -1.53956447233609239E-01    2.47658940969388702E-01    4.49698944766231123E-01
        1650   -1.69375919889689308E-01    2.35017756238389330E-01    4.84247046729165465E-01
        1651   -1.99799923776790289E-01    2.09765436725391469E-01    4.84247046729165465E-01
        1652   -2.15064907161600205E-01    1.96938123263238563E-01    4.49698944766231123E-01
        1653   -2.26502033119903329E-01    1.80605584017647841E-01    4.84247046729165465E-01
        1654   -2.48984838144297810E-01    1.48081390998542617E-01    4.84247046729165465E-01
        1655   -2.60222986781900312E-01    1.31611305886619068E-01    4.49698944766231123E-01
        1656   -2.66829526731468869E-01    1.12798721845887018E-01    4.84247046729165465E-01
        1657   -2.79703686096485771E-01    7.54148259286194361E-02    4.84247046729165465E-01
        1658   -2.86081517913538974E-01    5.65234800340507840E-02    4.49698944766231123E-01
        1659   -2.87367495009222707E-01    3.66260944946330685E-02    4.84247046729165465E-01
        1660   -2.89678191210119063E-01   -2.84491178055672677E-03    4.84247046729165465E-01
        1661   -2.90722691597391225E-01   -2.27564337549277691E-02    4.49698944766231123E-01
        1662   -2.86592730800957041E-01   -4.22629227320545503E-02    4.84247046729165465E-01
        1663   -2.78168590071244226E-01   -8.08936553975743988E-02    4.84247046729165465E-01
        1664   -2.73802293213282699E-01   -1.00348606956060155E-01    4.49698944766231123E-01
        1665   -2.49024548419194081E-01   -1.54805373060654755E-01    4.15134881044997683E-01
        1666   -2.25625791425175526E-01   -1.87272345763049602E-01    4.15134881044997683E-01
        1667   -2.13296389942414288E-01   -2.03163128862593773E-01    3.80559695693778732E-01
        1668   -1.98024052837297876E-01   -2.16250788996764337E-01    4.15134881044997683E-01
        1669   -1.66733500820957808E-01   -2.41200889193675411E-01    4.15134881044997683E-01
        1670   -1.50574025019141661E-01   -2.53175966239373218E-01    3.80559695693778732E-01
        1671   -1.32337019156222202E-01   -2.61657873194516555E-01    4.15134881044997683E-01
        1672   -9.54753492158619682E-02   -2.77240666093452492E-01    4.15134881044997683E-01
        1673   -7.66842734905291701E-02   -2.84411900403156559E-01    3.80559695693778732E-01
        1674   -5.68351541659083415E-02   -2.87658989942552401E-01    4.15134881044997683E-01
        1675   -1.71362277300855029E-02   -2.92718771080733187E-01    4.15134881044997683E-01
        1676    2.89279979566793360E-03   -2.94554305011906992E-01    3.80559695693778732E-01
        1677    2.28819142053610786E-02   -2.92325755358864181E-01    4.15134881044997683E-01
        1678    6.24738093734058322E-02   -2.86487263916229529E-01    4.15134881044997683E-01
        1679    8.22553273546988289E-02   -2.82850964314206754E-01    3.80559695693778732E-01
        1680    1.00901935677811069E-01   -2.75312056801555460E-01    4.15134881044997683E-01
        1681    1.37450449834332661E-01   -2.59008306979084391E-01    4.15134881044997683E-01
        1682    1.55517353576915263E-01   -2.50169861550383510E-01    3.80559695693778732E-01
        1683    1.71438522176678848E-01   -2.37879722460129867E-01    4.15134881044997683E-01
        1684    2.02233019225014687E-01   -2.12319888797462553E-01    4.15134881044997683E-01
        1685    2.17245369128885230E-01   -1.98934804606332588E-01    3.80559695693778732E-01
        1686    2.29260297764755233E-01   -1.82804937331155770E-01    4.15134881044997683E-01
        1687    2.52016890734280297E-01   -1.49884675762593705E-01    4.15134881044997683E-01
        1688    2.62861289483999450E-01   -1.32945663270805425E-01    3.80559695693778732E-01
        1689    2.70078885863694829E-01   -1.14172346277272102E-01    4.15134881044997683E-01
        1690    2.83109822358345198E-01   -7.63332020031797925E-02    4.15134881044997683E-01
        1691    2.88981990508469677E-01   -5.70965502764227903E-02    3.80559695693778732E-01
        1692    2.90866958526814601E-01   -3.70721146037331570E-02    4.15134881044997683E-01
        1693    2.93205793599349895E-01    2.87955614764673611E-03    4.15134881044997683E-01
        1694    2.93670219301566726E-01    2.29871526526243784E-02    3.80559695693778732E-01
        1695    2.90082759503795529E-01    4.27775862163254361E-02    4.15134881044997683E-01
        1696    2.81556032456344307E-01    8.18787507920951396E-02    4.15134881044997683E-01
        1697    2.76578271380926166E-01    1.01366003628652959E-01    3.80559695693778732E-01
        1698    2.67784449248703094E-01    1.19454669161154048E-01    4.15134881044997683E-01
        1699    2.49024548419194081E-01    1.54805373060654727E-01    4.15134881044997683E-01
        1700    2.38973778333363279E-01    1.72227001834154542E-01    3.80559695693778732E-01
        1701    2.25625791425175581E-01    1.87272345763049575E-01    4.15134881044997683E-01
        1702    1.98024052837297876E-01    2.16250788996764309E-01    4.15134881044997683E-01
        1703    1.83645693379106523E-01    2.30314711199724548E-01    3.80559695693778732E-01
        1704    1.66733500820957836E-01    2.41200889193675411E-01    4.15134881044997683E-01
        1705    1.32337019156221980E-01    2.61657873194516666E-01    4.15134881044997683E-01
        1706    1.14697447470066521E-01    2.71321032055306499E-01    3.80559695693778732E-01
        1707    9.54753492158620098E-02    2.77240666093452492E-01    4.15134881044997683E-01
        1708    5.68351541659083762E-02    2.87658989942552401E-01    4.15134881044997683E-01
        1709    3.72426165880802781E-02    2.92204713174477326E-01    3.80559695693778732E-01
        1710    1.71362277300855410E-02    2.92718771080733187E-01    4.15134881044997683E-01
        1711   -2.28819142053610404E-02    2.92325755358864181E-01    4.15134881044997683E-01
        1712   -4.29743287926101919E-02    2.91416907465112562E-01    3.80559695693778732E-01
        1713   -6.24738093734063041E-02    2.86487263916229473E-01    4.15134881044997683E-01
        1714   -1.00901935677811028E-01    2.75312056801555460E-01    4.15134881044997683E-01
        1715   -1.20004064801225524E-01    2.69016042872704142E-01    3.80559695693778732E-01
        1716   -1.37450449834333105E-01    2.59008306979084169E-01    4.15134881044997683E-01
        1717   -1.71438522176679042E-01    2.37879722460129756E-01    4.15134881044997683E-01
        1718   -1.88133648305600587E-01    2.26663489046934785E-01    3.80559695693778732E-01
        1719   -2.02233019225014465E-01    2.12319888797462747E-01    4.15134881044997683E-01
        1720   -2.29260297764754872E-01    1.82804937331156214E-01    4.15134881044997683E-01
        1721   -2.42310219769322183E-01    1.67500341155020105E-01    3.80559695693778732E-01
        1722   -2.52016890734280297E-01    1.49884675762593705E-01    4.15134881044997683E-01
        1723   -2.70078885863694718E-01    1.14172346277272380E-01    4.15134881044997683E-01
        1724   -2.78515750728249301E-01    9.59144592227106213E-02    3.80559695693778732E-01
        1725   -2.83109822358345253E-01    7.63332020031795566E-02    4.15134881044997683E-01
        1726   -2.90866958526814601E-01    3.70721146037331847E-02    4.15134881044997683E-01
        1727   -2.94065042580441083E-01    1.72150406293071073E-02    3.80559695693778732E-01
        1728   -2.93205793599349895E-01   -2.87955614764722140E-03    4.15134881044997683E-01
        1729   -2.90082759503795529E-01   -4.27775862163253945E-02    4.15134881044997683E-01
        1730   -2.87804875482497557E-01   -6.27611387740010240E-02    3.80559695693778732E-01
        1731   -2.81556032456344363E-01   -8.18787507920948482E-02    4.15134881044997683E-01
        1732   -2.67784449248703149E-01   -1.19454669161154020E-01    4.15134881044997683E-01
        1733   -2.60199537389714408E-01   -1.38082611627546842E-01    3.80559695693778732E-01
        1734   -2.27534011241519896E-01   -1.88856193066059996E-01    3.45976699988421066E-01
        1735   -1.99698832211367194E-01   -2.18079720158654927E-01    3.45976699988421066E-01
        1736   -1.84941955315325840E-01   -2.31940386095695311E-01    3.11388177313246695E-01
        1737   -1.68143641781817482E-01   -2.43240834687370844E-01    3.45976699988421066E-01
        1738   -1.33456253445860540E-01   -2.63870832695194402E-01    3.45976699988421066E-01
        1739   -1.15507038659499087E-01   -2.73236149801209804E-01    3.11388177313246695E-01
        1740   -9.62828276171356356E-02   -2.79585416352695293E-01    3.45976699988421066E-01
        1741   -5.73158348840094034E-02   -2.90091852699468300E-01    3.45976699988421066E-01
        1742   -3.75054933558391368E-02   -2.94267238248180296E-01    3.11388177313246695E-01
        1743   -1.72811565927185815E-02   -2.95194426705313928E-01    3.45976699988421066E-01
        1744    2.30754369486908979E-02   -2.94798087070944237E-01    3.45976699988421066E-01
        1745    4.32776628138085359E-02   -2.93473871817322929E-01    3.11388177313246695E-01
        1746    6.30021787601494077E-02   -2.88910216853844048E-01    3.45976699988421066E-01
        1747    1.01755309186006629E-01   -2.77640495935879694E-01    3.45976699988421066E-01
        1748    1.20851112714689110E-01   -2.70914890867404501E-01    3.11388177313246695E-01
        1749    1.38612930730167228E-01   -2.61198857894621939E-01    3.45976699988421066E-01
        1750    1.72888455640561350E-01   -2.39891579338005700E-01    3.45976699988421066E-01
        1751    1.89461588442575074E-01   -2.28263391815009375E-01    3.11388177313246695E-01
        1752    2.03943395739892230E-01   -2.14115574550621496E-01    3.45976699988421066E-01
        1753    2.31199256252312718E-01   -1.84351001731583974E-01    3.45976699988421066E-01
        1754    2.44020564884769670E-01   -1.68682641227229174E-01    3.11388177313246695E-01
        1755    2.54148312066544646E-01   -1.51152318555777598E-01    3.45976699988421066E-01
        1756    2.72363065694049999E-01   -1.15137953676446914E-01    3.45976699988421066E-01
        1757    2.80481652349265254E-01   -9.65914708113613657E-02    3.11388177313246695E-01
        1758    2.85504210738385888E-01   -7.69787865694982754E-02    3.45976699988421066E-01
        1759    2.93326952531377472E-01   -3.73856503182176947E-02    3.45976699988421066E-01
        1760    2.96140698777196287E-01   -1.73365528819914988E-02    3.11388177313246695E-01
        1761    2.95685568194617332E-01    2.90390986212462222E-03    3.45976699988421066E-01
        1762    2.92536121180971442E-01    4.31393756961437613E-02    3.45976699988421066E-01
        1763    2.89836344330373863E-01    6.32041378651835156E-02    3.11388177313246695E-01
        1764    2.83937279729321368E-01    8.25712365837773937E-02    3.45976699988421066E-01
        1765    2.70049223986278675E-01    1.20464951564634368E-01    3.45976699988421066E-01
        1766    2.62036154137616439E-01    1.39057266846589200E-01    3.11388177313246695E-01
        1767    2.51130662153125517E-01    1.56114632426283984E-01    3.45976699988421066E-01
        1768    2.27534011241520090E-01    1.88856193066059747E-01    3.45976699988421066E-01
        1769    2.14801941128112989E-01    2.04597154490649941E-01    3.11388177313246695E-01
        1770    1.99698832211367194E-01    2.18079720158654899E-01    3.45976699988421066E-01
        1771    1.68143641781817510E-01    2.43240834687370844E-01    3.45976699988421066E-01
        1772    1.51636850798631817E-01    2.54963007155841470E-01    3.11388177313246695E-01
        1773    1.33456253445860346E-01    2.63870832695194457E-01    3.45976699988421066E-01
        1774    9.62828276171356773E-02    2.79585416352695293E-01    3.45976699988421066E-01
        1775    7.72255489378502608E-02    2.86419419958430677E-01    3.11388177313246695E-01
        1776    5.73158348840094381E-02    2.90091852699468300E-01    3.45976699988421066E-01
        1777    1.72811565927186196E-02    2.95194426705313928E-01    3.45976699988421066E-01
        1778   -2.91321860427282663E-03    2.96633414664362993E-01    3.11388177313246695E-01
        1779   -2.30754369486908598E-02    2.94798087070944237E-01    3.45976699988421066E-01
        1780   -6.30021787601498795E-02    2.88910216853843937E-01    3.45976699988421066E-01
        1781   -8.28359260496055738E-02    2.84847466012215833E-01    3.11388177313246695E-01
        1782   -1.01755309186006601E-01    2.77640495935879694E-01    3.45976699988421066E-01
        1783   -1.38612930730167200E-01    2.61198857894621939E-01    3.45976699988421066E-01
        1784   -1.56615071808984901E-01    2.51935683896391871E-01    3.11388177313246695E-01
        1785   -1.72888455640561545E-01    2.39891579338005589E-01    3.45976699988421066E-01
        1786   -2.03943395739892203E-01    2.14115574550621496E-01    3.45976699988421066E-01
        1787   -2.18778794158571571E-01    2.00338984635036937E-01    3.11388177313246695E-01
        1788   -2.31199256252312357E-01    1.84351001731584418E-01    3.45976699988421066E-01
        1789   -2.54148312066544646E-01    1.51152318555777598E-01    3.45976699988421066E-01
        1790   -2.64716694191804047E-01    1.33884059373172132E-01    3.11388177313246695E-01
        1791   -2.72363065694049888E-01    1.15137953676447191E-01    3.45976699988421066E-01
        1792   -2.85504210738385944E-01    7.69787865694980394E-02    3.45976699988421066E-01
        1793   -2.91021768015126137E-01    5.74995659064162640E-02    3.11388177313246695E-01
        1794   -2.93326952531377472E-01    3.73856503182177294E-02    3.45976699988421066E-01
        1795   -2.95685568194617276E-01   -2.90390986212511141E-03    3.45976699988421066E-01
        1796   -2.95743088640767371E-01   -2.31494073206074645E-02    3.11388177313246695E-01
        1797   -2.92536121180971387E-01   -4.31393756961439834E-02    3.45976699988421066E-01
        1798   -2.83937279729321479E-01   -8.25712365837771023E-02    3.45976699988421066E-01
        1799   -2.78530497316529069E-01   -1.02081494908152506E-01    3.11388177313246695E-01
        1800   -2.70049223986278952E-01   -1.20464951564633854E-01    3.45976699988421066E-01
        1801   -2.51130662153125572E-01   -1.56114632426283928E-01    3.45976699988421066E-01
        1802   -2.40660573198563793E-01   -1.73442665010126340E-01    3.11388177313246695E-01
        1803   -2.00873597376531043E-01   -2.19362614282942570E-01    2.76795716027675720E-01
        1804   -1.69132777726788835E-01   -2.44671743702570527E-01    2.76795716027675720E-01
        1805   -1.52377383483966261E-01   -2.56208142750228129E-01    2.42200431619020634E-01
        1806   -1.34241334439501675E-01   -2.65423101473736822E-01    2.76795716027675720E-01
        1807   -9.68492290859652993E-02   -2.81230129064241496E-01    2.76795716027675720E-01
        1808   -7.76026870993869466E-02   -2.87818175874797078E-01    2.42200431619020634E-01
        1809   -5.76530058403360232E-02   -2.91798371458118155E-01    2.76795716027675720E-01
        1810   -1.73828161795777543E-02   -2.96930962295451295E-01    2.76795716027675720E-01
        1811    2.92744557868328086E-03   -2.98082051575274898E-01    2.42200431619020634E-01
        1812    2.32111824570547694E-02   -2.96532291120176372E-01    2.76795716027675720E-01
        1813    6.33728006817563944E-02   -2.90609784421973827E-01    2.76795716027675720E-01
        1814    8.32404630103544679E-02   -2.86238545145063861E-01    2.42200431619020634E-01
        1815    1.02353903535700536E-01   -2.79273767294818120E-01    2.76795716027675720E-01
        1816    1.39428346827797034E-01   -2.62735408289220262E-01    2.76795716027675720E-01
        1817    1.57379916100327893E-01   -2.53166035275656065E-01    2.42200431619020634E-01
        1818    1.73905503827055163E-01   -2.41302785741677323E-01    2.76795716027675720E-01
        1819    2.05143130331864515E-01   -2.15375148858171134E-01    2.76795716027675720E-01
        1820    2.19847220778349450E-01   -2.01317358727399975E-01    2.42200431619020634E-01
        1821    2.32559328464300052E-01   -1.85435480456868140E-01    2.76795716027675720E-01
        1822    2.55643386326593169E-01   -1.52041499912056788E-01    2.76795716027675720E-01
        1823    2.66009462825353760E-01   -1.34537894647967921E-01    2.42200431619020634E-01
        1824    2.73965291597484117E-01   -1.15815273897449375E-01    2.76795716027675720E-01
        1825    2.87183741848152485E-01   -7.74316284610458011E-02    2.76795716027675720E-01
        1826    2.92442999926920577E-01   -5.77803703924101297E-02    2.42200431619020634E-01
        1827    2.95052502360696467E-01   -3.76055782926805263E-02    2.76795716027675720E-01
        1828    2.97424993015034167E-01    2.92099264679102901E-03    2.76795716027675720E-01
        1829    2.97187377561612232E-01    2.32624596075460890E-02    2.42200431619020634E-01
        1830    2.94257018799199910E-01    4.33931510199829368E-02    2.76795716027675720E-01
        1831    2.85607593078797184E-01    8.30569770926675582E-02    2.76795716027675720E-01
        1832    2.79890726944347135E-01    1.02580019397082708E-01    2.42200431619020634E-01
        1833    2.71637838289655320E-01    1.21173608831951482E-01    2.76795716027675720E-01
        1834    2.52607984531704910E-01    1.57033005507968504E-01    2.76795716027675720E-01
        1835    2.41835861524496570E-01    1.74289688420300709E-01    2.42200431619020634E-01
        1836    2.28872521974590459E-01    1.89967174409228723E-01    2.76795716027675720E-01
        1837    2.00873597376531043E-01    2.19362614282942514E-01    2.76795716027675720E-01
        1838    1.85845136580825354E-01    2.33073088575655452E-01    2.42200431619020634E-01
        1839    1.69132777726788863E-01    2.44671743702570527E-01    2.76795716027675720E-01
        1840    1.34241334439501453E-01    2.65423101473736878E-01    2.76795716027675720E-01
        1841    1.16071128041882438E-01    2.74570523989786430E-01    2.42200431619020634E-01
        1842    9.68492290859653271E-02    2.81230129064241496E-01    2.76795716027675720E-01
        1843    5.76530058403360579E-02    2.91798371458118155E-01    2.76795716027675720E-01
        1844    3.76886549261521570E-02    2.95704319716162400E-01    2.42200431619020634E-01
        1845    1.73828161795777925E-02    2.96930962295451295E-01    2.76795716027675720E-01
        1846   -2.32111824570549949E-02    2.96532291120176372E-01    2.76795716027675720E-01
        1847   -4.34890133113275262E-02    2.94907078806440570E-01    2.42200431619020634E-01
        1848   -6.33728006817568662E-02    2.90609784421973716E-01    2.76795716027675720E-01
        1849   -1.02353903535700508E-01    2.79273767294818176E-01    2.76795716027675720E-01
        1850   -1.21441300380503325E-01    2.72237928971760523E-01    2.42200431619020634E-01
        1851   -1.39428346827796756E-01    2.62735408289220373E-01    2.76795716027675720E-01
        1852   -1.73905503827055358E-01    2.41302785741677184E-01    2.76795716027675720E-01
        1853   -1.90386841757440028E-01    2.29378137350900263E-01    2.42200431619020634E-01
        1854   -2.05143130331864487E-01    2.15375148858171134E-01    2.76795716027675720E-01
        1855   -2.32559328464300025E-01    1.85435480456868168E-01    2.76795716027675720E-01
        1856   -2.45212262043074308E-01    1.69506418617878990E-01    2.42200431619020634E-01
        1857   -2.55643386326593169E-01    1.52041499912056788E-01    2.76795716027675720E-01
        1858   -2.73965291597484006E-01    1.15815273897449653E-01    2.76795716027675720E-01
        1859   -2.81851410624429422E-01    9.70631842562372366E-02    2.42200431619020634E-01
        1860   -2.87183741848152541E-01    7.74316284610455652E-02    2.76795716027675720E-01
        1861   -2.95052502360696467E-01    3.76055782926805610E-02    2.76795716027675720E-01
        1862   -2.97586929464178362E-01    1.74212175528316929E-02    2.42200431619020634E-01
        1863   -2.97424993015034111E-01   -2.92099264679152124E-03    2.76795716027675720E-01
        1864   -2.94257018799199854E-01   -4.33931510199831588E-02    2.76795716027675720E-01
        1865   -2.91251787115185679E-01   -6.35128011596996084E-02    2.42200431619020634E-01
        1866   -2.85607593078797295E-01   -8.30569770926672668E-02    2.76795716027675720E-01
        1867   -2.71637838289655431E-01   -1.21173608831951218E-01    2.76795716027675720E-01
        1868   -2.63315832104128122E-01   -1.39736365961948411E-01    2.42200431619020634E-01
        1869   -2.52607984531704910E-01   -1.57033005507968448E-01    2.76795716027675720E-01
        1870   -2.28872521974590654E-01   -1.89967174409228501E-01    2.76795716027675720E-01
        1871   -2.15850946415685863E-01   -2.05596323752137378E-01    2.42200431619020634E-01
        1872   -1.69813434968958427E-01   -2.45656399642972811E-01    2.07603115884906292E-01
        1873   -1.34781574703469659E-01   -2.66491269091423844E-01    2.07603115884906292E-01
        1874   -1.16451328667611292E-01   -2.75469902558675372E-01    1.73004337912782219E-01
        1875   -9.72389887177877721E-02   -2.82361910417546547E-01    2.07603115884906292E-01
        1876   -5.78850243555256785E-02   -2.92972683601841699E-01    2.07603115884906292E-01
        1877   -3.78121072473928746E-02   -2.96672923789229159E-01    1.73004337912782219E-01
        1878   -1.74527715121924991E-02   -2.98125930016239715E-01    2.07603115884906292E-01
        1879    2.33045934425009822E-02   -2.97725654430357034E-01    2.07603115884906292E-01
        1880    4.36314651884845764E-02   -2.95873071450654612E-01    1.73004337912782219E-01
        1881    6.36278379153450702E-02   -2.91779313221008252E-01    2.07603115884906292E-01
        1882    1.02765816156318898E-01   -2.80397675474013730E-01    2.07603115884906292E-01
        1883    1.21839091452003390E-01   -2.73129666931822834E-01    1.73004337912782219E-01
        1884    1.39989461682691579E-01   -2.63792759565714574E-01    2.07603115884906292E-01
        1885    1.74605368408149247E-01   -2.42273883661774686E-01    2.07603115884906292E-01
        1886    1.91010469679282979E-01   -2.30129484501742726E-01    1.73004337912782219E-01
        1887    2.05968707486207242E-01   -2.16241903705007787E-01    2.07603115884906292E-01
        1888    2.33495239251557546E-01   -1.86181746227611050E-01    2.07603115884906292E-01
        1889    2.46015475185204974E-01   -1.70061650978508089E-01    1.73004337912782219E-01
        1890    2.56672196499610261E-01   -1.52653375087385856E-01    2.07603115884906292E-01
        1891    2.75067836369321195E-01   -1.16281360400560280E-01    2.07603115884906292E-01
        1892    2.82774638342551621E-01   -9.73811227824841613E-02    1.73004337912782219E-01
        1893    2.88339482895804855E-01   -7.77432439822556137E-02    2.07603115884906292E-01
        1894    2.96239910415192487E-01   -3.77569180244280711E-02    2.07603115884906292E-01
        1895    2.98561700181924738E-01   -1.74782821986767083E-02    1.73004337912782219E-01
        1896    2.98621948910980928E-01    2.93274787736244515E-03    2.07603115884906292E-01
        1897    2.95441225512983352E-01    4.35677822351697788E-02    2.07603115884906292E-01
        1898    2.92205806547700286E-01    6.37208426179854542E-02    1.73004337912782219E-01
        1899    2.86756991079944845E-01    8.33912312433453401E-02    2.07603115884906292E-01
        1900    2.72731016468150178E-01    1.21661259395726445E-01    2.07603115884906292E-01
        1901    2.64178344994449865E-01    1.40194084041130401E-01    1.73004337912782219E-01
        1902    2.53624579046454079E-01    1.57664968477508050E-01    2.07603115884906292E-01
        1903    2.29793595593255018E-01    1.90731677510129982E-01    2.07603115884906292E-01
        1904    2.16557984128473296E-01    2.06269771596203633E-01    1.73004337912782219E-01
        1905    2.01681992240333618E-01    2.20245416268930932E-01    2.07603115884906292E-01
        1906    1.69813434968958482E-01    2.45656399642972811E-01    2.07603115884906292E-01
        1907    1.52876508266544697E-01    2.57047373813402757E-01    1.73004337912782219E-01
        1908    1.34781574703469437E-01    2.66491269091423955E-01    2.07603115884906292E-01
        1909    9.72389887177877998E-02    2.82361910417546547E-01    2.07603115884906292E-01
        1910    7.78568811499757152E-02    2.88760948228351466E-01    1.73004337912782219E-01
        1911    5.78850243555257132E-02    2.92972683601841699E-01    2.07603115884906292E-01
        1912    1.74527715121922701E-02    2.98125930016239715E-01    2.07603115884906292E-01
        1913   -2.93703466995494334E-03    2.99058444106642174E-01    1.73004337912782219E-01
        1914   -2.33045934425012112E-02    2.97725654430357034E-01    2.07603115884906292E-01
        1915   -6.36278379153455559E-02    2.91779313221008141E-01    2.07603115884906292E-01
        1916   -8.35131240644551298E-02    2.87176143286891172E-01    1.73004337912782219E-01
        1917   -1.02765816156318870E-01    2.80397675474013730E-01    2.07603115884906292E-01
        1918   -1.39989461682691302E-01    2.63792759565714685E-01    2.07603115884906292E-01
        1919   -1.57895427094215279E-01    2.53995301662990336E-01    1.73004337912782219E-01
        1920   -1.74605368408149442E-01    2.42273883661774547E-01    2.07603115884906292E-01
        1921   -2.05968707486206992E-01    2.16241903705007982E-01    2.07603115884906292E-01
        1922   -2.20567348619913284E-01    2.01976790465933864E-01    1.73004337912782219E-01
        1923   -2.33495239251557851E-01    1.86181746227610662E-01    2.07603115884906292E-01
        1924   -2.56672196499610261E-01    1.52653375087385856E-01    2.07603115884906292E-01
        1925   -2.66880798926950935E-01    1.34978584702353799E-01    1.73004337912782219E-01
        1926   -2.75067836369320973E-01    1.16281360400560821E-01    2.07603115884906292E-01
        1927   -2.88339482895804911E-01    7.77432439822553778E-02    2.07603115884906292E-01
        1928   -2.93400921275993098E-01    5.79696347973370774E-02    1.73004337912782219E-01
        1929   -2.96239910415192487E-01    3.77569180244281058E-02    2.07603115884906292E-01
        1930   -2.98621948910980928E-01   -2.93274787736240872E-03    2.07603115884906292E-01
        1931   -2.98160839513897935E-01   -2.33386577271644871E-02    1.73004337912782219E-01
        1932   -2.95441225512983352E-01   -4.35677822351697372E-02    2.07603115884906292E-01
        1933   -2.86756991079944901E-01   -8.33912312433450348E-02    2.07603115884906292E-01
        1934   -2.80807532280137107E-01   -1.02916028775297541E-01    1.73004337912782219E-01
        1935   -2.72731016468150123E-01   -1.21661259395726667E-01    2.07603115884906292E-01
        1936   -2.53624579046454246E-01   -1.57664968477507800E-01    2.07603115884906292E-01
        1937   -2.42628014986140700E-01   -1.74860588778670167E-01    1.73004337912782219E-01
        1938   -2.29793595593255379E-01   -1.90731677510129566E-01    2.07603115884906292E-01
        1939   -2.01681992240333452E-01   -2.20245416268931099E-01    2.07603115884906292E-01
        1940   -1.86453887769934240E-01   -2.33836538846295156E-01    1.73004337912782219E-01
        1941   -1.68852686997833179E-01   -2.47263339453132031E-01    1.38404513131183071E-01
        1942   -1.51716583432946195E-01   -2.58433615401583106E-01    1.03803951165299183E-01
        1943   -1.35133786678730550E-01   -2.67187665586887391E-01    1.38404513131183071E-01
        1944   -9.74930941944750495E-02   -2.83099780162913983E-01    1.38404513131183071E-01
        1945   -7.96594246535928391E-02   -2.88894844747977553E-01    1.03803951165299183E-01
        1946   -5.97070909355460686E-02   -2.93403224651532180E-01    1.38404513131183071E-01
        1947   -1.91992419337264526E-02   -2.98800565683991437E-01    1.38404513131183071E-01
        1948   -2.17360772752071786E-03   -2.99668367846101402E-01    1.03803951165299183E-01
        1949    1.99663103144630920E-02   -2.98750289366101818E-01    1.38404513131183071E-01
        1950    6.04601688422550451E-02   -2.93248967478947908E-01    1.38404513131183071E-01
        1951    7.54603369731250556E-02   -2.90019986900906357E-01    1.03803951165299183E-01
        1952    9.82195948139354957E-02   -2.82848546290217606E-01    1.38404513131183071E-01
        1953    1.35819310957632139E-01   -2.66839846565120442E-01    1.38404513131183071E-01
        1954    1.47951784413155457E-01   -2.60607223129104115E-01    1.03803951165299183E-01
        1955    1.69486947029004215E-01   -2.46829017197513739E-01    1.38404513131183071E-01
        1956    2.01518216629743896E-01   -2.21451568769044010E-01    1.38404513131183071E-01
        1957    2.10360562247313504E-01   -2.13434507774852678E-01    1.03803951165299183E-01
        1958    2.28699430383354108E-01   -1.93253614419581776E-01    1.38404513131183071E-01
        1959    2.52884008648555592E-01   -1.60312404740682118E-01    1.38404513131183071E-01
        1960    2.58433615401583272E-01   -1.51716583432945917E-01    1.03803951165299183E-01
        1961    2.71645518654661744E-01   -1.25932923172389050E-01    1.38404513131183071E-01
        1962    2.86263261794202528E-01   -8.77709171129417015E-02    1.38404513131183071E-01
        1963    2.88894844747977553E-01   -7.96594246535928530E-02    1.03803951165299183E-01
        1964    2.95270643504381924E-01   -4.96551712152037070E-02    1.38404513131183071E-01
        1965    2.99281855071569514E-01   -8.98666616844584834E-03    1.38404513131183071E-01
        1966    2.99668367846101402E-01   -2.17360772752100235E-03    1.03803951165299183E-01
        1967    2.97894452628849060E-01    3.01543369494574887E-02    1.38404513131183071E-01
        1968    2.91013832603459477E-01    7.04367672267026262E-02    1.38404513131183071E-01
        1969    2.90019986900906412E-01    7.54603369731250417E-02    1.03803951165299183E-01
        1970    2.79330325905006449E-01    1.07819098371790809E-01    1.38404513131183071E-01
        1971    2.62047262841972495E-01    1.44850339940689105E-01    1.38404513131183071E-01
        1972    2.60607223129104115E-01    1.47951784413155429E-01    1.03803951165299183E-01
        1973    2.40898648867507725E-01    1.77815156602895458E-01    1.38404513131183071E-01
        1974    2.14442411819040224E-01    2.08961338426839532E-01    1.38404513131183071E-01
        1975    2.13434507774852456E-01    2.10360562247313670E-01    1.03803951165299183E-01
        1976    1.85332899432533060E-01    2.35163996674307291E-01    1.38404513131183071E-01
        1977    1.51585205390753763E-01    2.58209826401990417E-01    1.38404513131183071E-01
        1978    1.51716583432945945E-01    2.58433615401583272E-01    1.03803951165299183E-01
        1979    1.16585227510904110E-01    2.75786645199026514E-01    1.38404513131183071E-01
        1980    7.96594246535928668E-02    2.88894844747977553E-01    1.03803951165299183E-01
        1981    7.95904440648112221E-02    2.88644678034203794E-01    1.38404513131183071E-01
        1982    3.95453557864168109E-02    2.96793789995054902E-01    1.38404513131183071E-01
        1983    2.17360772752102100E-03    2.99668367846101402E-01    1.03803951165299183E-01
        1984    4.67676503029654646E-04    2.99416382689043137E-01    1.38404513131183071E-01
        1985   -4.03072049764433768E-02    2.96691284285349355E-01    1.38404513131183071E-01
        1986   -7.54603369731250279E-02    2.90019986900906412E-01    1.03803951165299183E-01
        1987   -7.86883548528790888E-02    2.88891903234497704E-01    1.38404513131183071E-01
        1988   -1.17292889683945328E-01    2.75486418854891724E-01    1.38404513131183071E-01
        1989   -1.47951784413154958E-01    2.60607223129104448E-01    1.03803951165299183E-01
        1990   -1.52247626014300252E-01    2.57819800087023543E-01    1.38404513131183071E-01
        1991   -1.85936041658276791E-01    2.34687403488884699E-01    1.38404513131183071E-01
        1992   -2.10360562247313476E-01    2.13434507774852705E-01    1.03803951165299183E-01
        1993   -2.14978186185700387E-01    2.08410096704092912E-01    1.38404513131183071E-01
        1994   -2.41354372264576150E-01    1.77196094575121532E-01    1.38404513131183071E-01
        1995   -2.58433615401583383E-01    1.51716583432945695E-01    1.03803951165299183E-01
        1996   -2.62418283652970596E-01    1.44177090234655803E-01    1.38404513131183071E-01
        1997   -2.79606216851673473E-01    1.07101598689272479E-01    1.38404513131183071E-01
        1998   -2.88894844747977497E-01    7.96594246535931444E-02    1.03803951165299183E-01
        1999   -2.91193710763353819E-01    6.96893948586960466E-02    1.38404513131183071E-01
        2000   -2.97970888202876649E-01    2.93894322417395833E-02    1.38404513131183071E-01
        2001   -2.99668367846101402E-01    2.17360772752077337E-03    1.03803951165299183E-01
        2002   -2.99257796629755657E-01   -9.75500385478190665E-03    1.38404513131183071E-01
        2003   -2.95142187176070714E-01   -5.04130766054626464E-02    1.38404513131183071E-01
        2004   -2.90019986900906412E-01   -7.54603369731250140E-02    1.03803951165299183E-01
        2005   -2.86036977922933977E-01   -8.85055716021201505E-02    1.38404513131183071E-01
        2006   -2.71321306963546227E-01   -1.26629922733515698E-01    1.38404513131183071E-01
        2007   -2.60607223129104171E-01   -1.47951784413155402E-01    1.03803951165299183E-01
        2008   -2.52471593934708860E-01   -1.60961123256426447E-01    1.38404513131183071E-01
        2009   -2.28202523095911769E-01   -1.93840133606440895E-01    1.38404513131183071E-01
        2010   -2.13434507774852705E-01   -2.10360562247313476E-01    1.03803951165299183E-01
        2011   -2.00949004336905879E-01   -2.21968210786835873E-01    1.38404513131183071E-01
        2012   -9.84429867463964686E-02   -2.83237492325110252E-01    6.92028896430571805E-02
        2013   -6.06308819808524940E-02   -2.93663744524910675E-01    6.92028896430571805E-02
        2014   -4.13092883085621546E-02   -2.97106519573061501E-01    3.46015187688584192E-02
        2015   -2.17813660145593189E-02   -2.99065328636918148E-01    6.92028896430571805E-02
        2016    1.74408351631782470E-02   -2.99349822059374104E-01    6.92028896430571805E-02
        2017    3.69951172467718331E-02   -2.97674490968365457E-01    3.46015187688584192E-02
        2018    5.63646188157607905E-02   -2.94512357030943694E-01    6.92028896430571805E-02
        2019    9.43239882131812479E-02   -2.84635703919462135E-01    6.92028896430571805E-02
        2020    1.12778366699060495E-01   -2.77956437734530826E-01    3.46015187688584192E-02
        2021    1.30669448020723528E-01   -2.69888854997992644E-01    6.92028896430571805E-02
        2022    1.64779117344216380E-01   -2.50524132940180111E-01    6.92028896430571805E-02
        2023    1.80875956835871043E-01   -2.39296112613819972E-01    3.46015187688584192E-02
        2024    1.96069370284546907E-01   -2.26872873509349510E-01    6.92028896430571805E-02
        2025    2.24004821938609877E-01   -1.99339756311729649E-01    6.92028896430571805E-02
        2026    2.36647149425968817E-01   -1.84328152874000922E-01    3.46015187688584192E-02
        2027    2.48107488983433350E-01   -1.68395880616194343E-01    6.92028896430571805E-02
        2028    2.67964968103358403E-01   -1.34570704715157835E-01    6.92028896430571805E-02
        2029    2.76291229860591903E-01   -1.16798534132494344E-01    3.46015187688584192E-02
        2030    2.83237492325110252E-01   -9.84429867463964825E-02    6.92028896430571805E-02
        2031    2.93663744524910675E-01   -6.06308819808525079E-02    6.92028896430571805E-02
        2032    2.97106519573061501E-01   -4.13092883085621684E-02    3.46015187688584192E-02
        2033    2.99065328636918148E-01   -2.17813660145593398E-02    6.92028896430571805E-02
        2034    2.99349822059374104E-01    1.74408351631779625E-02    6.92028896430571805E-02
        2035    2.97674490968365457E-01    3.69951172467718123E-02    3.46015187688584192E-02
        2036    2.94512357030943694E-01    5.63646188157607697E-02    6.92028896430571805E-02
        2037    2.84635703919462135E-01    9.43239882131812341E-02    6.92028896430571805E-02
        2038    2.77956437734530826E-01    1.12778366699060467E-01    3.46015187688584192E-02
        2039    2.69888854997992644E-01    1.30669448020723528E-01    6.92028896430571805E-02
        2040    2.50524132940180111E-01    1.64779117344216353E-01    6.92028896430571805E-02
        2041    2.39296112613819972E-01    1.80875956835870988E-01    3.46015187688584192E-02
        2042    2.26872873509349343E-01    1.96069370284547101E-01    6.92028896430571805E-02
        2043    1.99339756311729649E-01    2.24004821938609877E-01    6.92028896430571805E-02
        2044    1.84328152874001172E-01    2.36647149425968650E-01    3.46015187688584192E-02
        2045    1.68395880616194593E-01    2.48107488983433183E-01    6.92028896430571805E-02
        2046    1.34570704715157863E-01    2.67964968103358347E-01    6.92028896430571805E-02
        2047    1.16798534132494358E-01    2.76291229860591903E-01    3.46015187688584192E-02
        2048    9.84429867463964964E-02    2.83237492325110252E-01    6.92028896430571805E-02
        2049    6.06308819808525218E-02    2.93663744524910675E-01    6.92028896430571805E-02
        2050    4.13092883085621823E-02    2.97106519573061501E-01    3.46015187688584192E-02
        2051    2.17813660145593571E-02    2.99065328636918148E-01    6.92028896430571805E-02
        2052   -1.74408351631782088E-02    2.99349822059374104E-01    6.92028896430571805E-02
        2053   -3.69951172467720621E-02    2.97674490968365402E-01    3.46015187688584192E-02
        2054   -5.63646188157607558E-02    2.94512357030943750E-01    6.92028896430571805E-02
        2055   -9.43239882131807067E-02    2.84635703919462302E-01    6.92028896430571805E-02
        2056   -1.12778366699060703E-01    2.77956437734530715E-01    3.46015187688584192E-02
        2057   -1.30669448020723500E-01    2.69888854997992644E-01    6.92028896430571805E-02
        2058   -1.64779117344216353E-01    2.50524132940180111E-01    6.92028896430571805E-02
        2059   -1.80875956835870766E-01    2.39296112613820139E-01    3.46015187688584192E-02
        2060   -1.96069370284546879E-01    2.26872873509349510E-01    6.92028896430571805E-02
        2061   -2.24004821938609877E-01    1.99339756311729677E-01    6.92028896430571805E-02
        2062   -2.36647149425968817E-01    1.84328152874000950E-01    3.46015187688584192E-02
        2063   -2.48107488983433350E-01    1.68395880616194371E-01    6.92028896430571805E-02
        2064   -2.67964968103358347E-01    1.34570704715157863E-01    6.92028896430571805E-02
        2065   -2.76291229860591903E-01    1.16798534132494372E-01    3.46015187688584192E-02
        2066   -2.83237492325110252E-01    9.84429867463965241E-02    6.92028896430571805E-02
        2067   -2.93663744524910675E-01    6.06308819808525426E-02    6.92028896430571805E-02
        2068   -2.97106519573061501E-01    4.13092883085622031E-02    3.46015187688584192E-02
        2069   -2.99065328636918148E-01    2.17813660145593745E-02    6.92028896430571805E-02
        2070   -2.99349822059374049E-01   -1.74408351631784586E-02    6.92028896430571805E-02
        2071   -2.97674490968365402E-01   -3.69951172467723119E-02    3.46015187688584192E-02
        2072   -2.94512357030943750E-01   -5.63646188157607350E-02    6.92028896430571805E-02
        2073   -2.84635703919462135E-01   -9.43239882131811924E-02    6.92028896430571805E-02
        2074   -2.77956437734530992E-01   -1.12778366699060190E-01    3.46015187688584192E-02
        2075   -2.69888854997992700E-01   -1.30669448020723472E-01    6.92028896430571805E-02
        2076   -2.50524132940180111E-01   -1.64779117344216325E-01    6.92028896430571805E-02
        2077   -2.39296112613819834E-01   -1.80875956835871210E-01    3.46015187688584192E-02
        2078   -2.26872873509349537E-01   -1.96069370284546879E-01    6.92028896430571805E-02
        2079   -1.99339756311729677E-01   -2.24004821938609822E-01    6.92028896430571805E-02
        2080   -1.84328152874001394E-01   -2.36647149425968428E-01    3.46015187688584192E-02
        2081   -1.68395880616194815E-01   -2.48107488983433017E-01    6.92028896430571805E-02
        2082   -1.34570704715157891E-01   -2.67964968103358347E-01    6.92028896430571805E-02
        2083   -1.16798534132494386E-01   -2.76291229860591903E-01    3.46015187688584192E-02
        2084   -6.06597026249482280E-02   -2.93803336396053993E-01   -1.47796723796606133E-13
        2085   -2.17917196986443171E-02   -2.99207488129183852E-01   -1.47796723796606133E-13
        2086   -2.17569893690926393E-03   -2.99956676217605522E-01   -3.46015187691533915E-02
        2087    1.74491255935089982E-02   -2.99492116784435491E-01   -1.47796723796606133E-13
        2088    5.63914115089463180E-02   -2.94652352286603469E-01   -1.47796723796606133E-13
        2089    7.55329367173765004E-02   -2.90299012647694532E-01   -3.46015187691533915E-02
        2090    9.43688247388125429E-02   -2.84771004348081891E-01   -1.47796723796606133E-13
        2091    1.30731561213416003E-01   -2.70017145571726347E-01   -1.47796723796606133E-13
        2092    1.48094127558452610E-01   -2.60857951107644537E-01   -3.46015187691533915E-02
        2093    1.64857444430022065E-01   -2.50643218571742266E-01   -1.47796723796606133E-13
        2094    1.96162571065311264E-01   -2.26980716610567401E-01   -1.47796723796606133E-13
        2095    2.10562948343537587E-01   -2.13639851287755395E-01   -3.46015187691533915E-02
        2096    2.24111301723133871E-01   -1.99434511657241603E-01   -1.47796723796606133E-13
        2097    2.48225425873081884E-01   -1.68475926915767765E-01   -1.47796723796606133E-13
        2098    2.58682252170735261E-01   -1.51862548659153079E-01   -3.46015187691533915E-02
        2099    2.68092344165251573E-01   -1.34634672354413565E-01   -1.47796723796606133E-13
        2100    2.83372128119513622E-01   -9.84897812212918861E-02   -1.47796723796606133E-13
        2101    2.89172788005131742E-01   -7.97360643041569173E-02   -3.46015187691533915E-02
        2102    2.93803336396053938E-01   -6.06597026249482418E-02   -1.47796723796606133E-13
        2103    2.99207488129183852E-01   -2.17917196986443379E-02   -1.47796723796606133E-13
        2104    2.99956676217605522E-01   -2.17569893690928214E-03   -3.46015187691533915E-02
        2105    2.99492116784435491E-01    1.74491255935089774E-02   -1.47796723796606133E-13
        2106    2.94652352286603469E-01    5.63914115089462972E-02   -1.47796723796606133E-13
        2107    2.90299012647694588E-01    7.55329367173762228E-02   -3.46015187691533915E-02
        2108    2.84771004348081946E-01    9.43688247388122792E-02   -1.47796723796606133E-13
        2109    2.70017145571726347E-01    1.30731561213416003E-01   -1.47796723796606133E-13
        2110    2.60857951107644537E-01    1.48094127558452610E-01   -3.46015187691533915E-02
        2111    2.50643218571742321E-01    1.64857444430022010E-01   -1.47796723796606133E-13
        2112    2.26980716610567401E-01    1.96162571065311264E-01   -1.47796723796606133E-13
        2113    2.13639851287755395E-01    2.10562948343537532E-01   -3.46015187691533915E-02
        2114    1.99434511657241603E-01    2.24111301723133871E-01   -1.47796723796606133E-13
        2115    1.68475926915767793E-01    2.48225425873081856E-01   -1.47796723796606133E-13
        2116    1.51862548659152857E-01    2.58682252170735427E-01   -3.46015187691533915E-02
        2117    1.34634672354413593E-01    2.68092344165251573E-01   -1.47796723796606133E-13
        2118    9.84897812212919138E-02    2.83372128119513622E-01   -1.47796723796606133E-13
        2119    7.97360643041569311E-02    2.89172788005131742E-01   -3.46015187691533915E-02
        2120    6.06597026249482627E-02    2.93803336396053938E-01   -1.47796723796606133E-13
        2121    2.17917196986443552E-02    2.99207488129183852E-01   -1.47796723796606133E-13
        2122    2.17569893690930079E-03    2.99956676217605522E-01   -3.46015187691533915E-02
        2123   -1.74491255935092272E-02    2.99492116784435491E-01   -1.47796723796606133E-13
        2124   -5.63914115089462833E-02    2.94652352286603469E-01   -1.47796723796606133E-13
        2125   -7.55329367173764588E-02    2.90299012647694532E-01   -3.46015187691533915E-02
        2126   -9.43688247388120155E-02    2.84771004348082057E-01   -1.47796723796606133E-13
        2127   -1.30731561213415975E-01    2.70017145571726347E-01   -1.47796723796606133E-13
        2128   -1.48094127558452110E-01    2.60857951107644814E-01   -3.46015187691533915E-02
        2129   -1.64857444430022010E-01    2.50643218571742321E-01   -1.47796723796606133E-13
        2130   -1.96162571065311236E-01    2.26980716610567401E-01   -1.47796723796606133E-13
        2131   -2.10562948343537532E-01    2.13639851287755422E-01   -3.46015187691533915E-02
        2132   -2.24111301723133871E-01    1.99434511657241659E-01   -1.47796723796606133E-13
        2133   -2.48225425873082023E-01    1.68475926915767599E-01   -1.47796723796606133E-13
        2134   -2.58682252170735538E-01    1.51862548659152635E-01   -3.46015187691533915E-02
        2135   -2.68092344165251573E-01    1.34634672354413620E-01   -1.47796723796606133E-13
        2136   -2.83372128119513622E-01    9.84897812212919277E-02   -1.47796723796606133E-13
        2137   -2.89172788005131687E-01    7.97360643041572226E-02   -3.46015187691533915E-02
        2138   -2.93803336396053938E-01    6.06597026249482765E-02   -1.47796723796606133E-13
        2139   -2.99207488129183852E-01    2.17917196986443726E-02   -1.47796723796606133E-13
        2140   -2.99956676217605522E-01    2.17569893690905273E-03   -3.46015187691533915E-02
        2141   -2.99492116784435491E-01   -1.74491255935089427E-02   -1.47796723796606133E-13
        2142   -2.94652352286603469E-01   -5.63914115089462625E-02   -1.47796723796606133E-13
        2143   -2.90299012647694699E-01   -7.55329367173759314E-02   -3.46015187691533915E-02
        2144   -2.84771004348081891E-01   -9.43688247388124873E-02   -1.47796723796606133E-13
        2145   -2.70017145571726402E-01   -1.30731561213415975E-01   -1.47796723796606133E-13
        2146   -2.60857951107644592E-01   -1.48094127558452554E-01   -3.46015187691533915E-02
        2147   -2.50643218571742321E-01   -1.64857444430021982E-01   -1.47796723796606133E-13
        2148   -2.26980716610567429E-01   -1.96162571065311236E-01   -1.47796723796606133E-13
        2149   -2.13639851287755422E-01   -2.10562948343537532E-01   -3.46015187691533915E-02
        2150   -1.99434511657241659E-01   -2.24111301723133843E-01   -1.47796723796606133E-13
        2151   -1.68475926915768043E-01   -2.48225425873081690E-01   -1.47796723796606133E-13
        2152   -1.51862548659153135E-01   -2.58682252170735261E-01   -3.46015187691533915E-02
        2153   -1.34634672354413620E-01   -2.68092344165251573E-01   -1.47796723796606133E-13
        2154   -9.84897812212919554E-02   -2.83372128119513622E-01   -1.47796723796606133E-13
        2155   -7.97360643041567230E-02   -2.89172788005131798E-01   -3.46015187691533915E-02
        2156   -2.17813660145592287E-02   -2.99065328636916927E-01   -6.92028896433535684E-02
        2157    1.74408351631779104E-02   -2.99349822059372883E-01   -6.92028896433535684E-02
        2158    3.69595587716560064E-02   -2.97388376157345646E-01   -1.03803951165595112E-01
        2159    5.63646188157605615E-02   -2.94512357030942473E-01   -6.92028896433535684E-02
        2160    9.43239882131806096E-02   -2.84635703919461081E-01   -6.92028896433535684E-02
        2161    1.12669967887424574E-01   -2.77689275259857871E-01   -1.03803951165595112E-01
        2162    1.30669448020723000E-01   -2.69888854997991534E-01   -6.92028896433535684E-02
        2163    1.64779117344215714E-01   -2.50524132940179056E-01   -6.92028896433535684E-02
        2164    1.80702104887591003E-01   -2.39066109156635759E-01   -1.03803951165595112E-01
        2165    1.96069370284546102E-01   -2.26872873509348594E-01   -6.92028896433535684E-02
        2166    2.24004821938608961E-01   -1.99339756311728816E-01   -6.92028896433535684E-02
        2167    2.36419692064015613E-01   -1.84150982789814205E-01   -1.03803951165595112E-01
        2168    2.48107488983432017E-01   -1.68395880616194094E-01   -6.92028896433535684E-02
        2169    2.67964968103357293E-01   -1.34570704715157308E-01   -6.92028896433535684E-02
        2170    2.76025667928291862E-01   -1.16686271269754588E-01   -1.03803951165595112E-01
        2171    2.83237492325109086E-01   -9.84429867463960800E-02   -6.92028896433535684E-02
        2172    2.93663744524909454E-01   -6.06308819808522581E-02   -6.92028896433535684E-02
        2173    2.96820950677238848E-01   -4.12695831958421744E-02   -1.03803951165595112E-01
        2174    2.99065328636916927E-01   -2.17813660145592496E-02   -6.92028896433535684E-02
        2175    2.99349822059372883E-01    1.74408351631778896E-02   -6.92028896433535684E-02
        2176    2.97388376157345646E-01    3.69595587716559856E-02   -1.03803951165595112E-01
        2177    2.94512357030942473E-01    5.63646188157605407E-02   -6.92028896433535684E-02
        2178    2.84635703919461192E-01    9.43239882131803459E-02   -6.92028896433535684E-02
        2179    2.77689275259857871E-01    1.12669967887424560E-01   -1.03803951165595112E-01
        2180    2.69888854997991534E-01    1.30669448020722972E-01   -6.92028896433535684E-02
        2181    2.50524132940179112E-01    1.64779117344215686E-01   -6.92028896433535684E-02
        2182    2.39066109156635759E-01    1.80702104887590947E-01   -1.03803951165595112E-01
        2183    2.26872873509348594E-01    1.96069370284546102E-01   -6.92028896433535684E-02
        2184    1.99339756311728816E-01    2.24004821938608961E-01   -6.92028896433535684E-02
        2185    1.84150982789814205E-01    2.36419692064015585E-01   -1.03803951165595112E-01
        2186    1.68395880616193899E-01    2.48107488983432156E-01   -6.92028896433535684E-02
        2187    1.34570704715157308E-01    2.67964968103357237E-01   -6.92028896433535684E-02
        2188    1.16686271269754852E-01    2.76025667928291751E-01   -1.03803951165595112E-01
        2189    9.84429867463963715E-02    2.83237492325108975E-01   -6.92028896433535684E-02
        2190    6.06308819808522789E-02    2.93663744524909454E-01   -6.92028896433535684E-02
        2191    4.12695831958421883E-02    2.96820950677238848E-01   -1.03803951165595112E-01
        2192    2.17813660145592669E-02    2.99065328636916927E-01   -6.92028896433535684E-02
        2193   -1.74408351631778723E-02    2.99349822059372883E-01   -6.92028896433535684E-02
        2194   -3.69595587716559718E-02    2.97388376157345646E-01   -1.03803951165595112E-01
        2195   -5.63646188157605268E-02    2.94512357030942529E-01   -6.92028896433535684E-02
        2196   -9.43239882131803320E-02    2.84635703919461192E-01   -6.92028896433535684E-02
        2197   -1.12669967887425032E-01    2.77689275259857704E-01   -1.03803951165595112E-01
        2198   -1.30669448020722972E-01    2.69888854997991534E-01   -6.92028896433535684E-02
        2199   -1.64779117344215686E-01    2.50524132940179112E-01   -6.92028896433535684E-02
        2200   -1.80702104887590725E-01    2.39066109156635925E-01   -1.03803951165595112E-01
        2201   -1.96069370284546074E-01    2.26872873509348594E-01   -6.92028896433535684E-02
        2202   -2.24004821938608961E-01    1.99339756311728872E-01   -6.92028896433535684E-02
        2203   -2.36419692064015752E-01    1.84150982789814011E-01   -1.03803951165595112E-01
        2204   -2.48107488983432017E-01    1.68395880616194121E-01   -6.92028896433535684E-02
        2205   -2.67964968103357237E-01    1.34570704715157335E-01   -6.92028896433535684E-02
        2206   -2.76025667928291640E-01    1.16686271269755115E-01   -1.03803951165595112E-01
        2207   -2.83237492325109086E-01    9.84429867463961217E-02   -6.92028896433535684E-02
        2208   -2.93663744524909454E-01    6.06308819808522928E-02   -6.92028896433535684E-02
        2209   -2.96820950677238848E-01    4.12695831958422021E-02   -1.03803951165595112E-01
        2210   -2.99065328636916927E-01    2.17813660145592843E-02   -6.92028896433535684E-02
        2211   -2.99349822059372883E-01   -1.74408351631778549E-02   -6.92028896433535684E-02
        2212   -2.97388376157345646E-01   -3.69595587716559579E-02   -1.03803951165595112E-01
        2213   -2.94512357030942529E-01   -5.63646188157605060E-02   -6.92028896433535684E-02
        2214   -2.84635703919461192E-01   -9.43239882131803181E-02   -6.92028896433535684E-02
        2215   -2.77689275259857926E-01   -1.12669967887424519E-01   -1.03803951165595112E-01
        2216   -2.69888854997991590E-01   -1.30669448020722945E-01   -6.92028896433535684E-02
        2217   -2.50524132940179112E-01   -1.64779117344215659E-01   -6.92028896433535684E-02
        2218   -2.39066109156635620E-01   -1.80702104887591170E-01   -1.03803951165595112E-01
        2219   -2.26872873509348622E-01   -1.96069370284546074E-01   -6.92028896433535684E-02
        2220   -1.99339756311728872E-01   -2.24004821938608933E-01   -6.92028896433535684E-02
        2221   -1.84150982789814455E-01   -2.36419692064015391E-01   -1.03803951165595112E-01
        2222   -1.68395880616194121E-01   -2.48107488983431990E-01   -6.92028896433535684E-02
        2223   -1.34570704715157335E-01   -2.67964968103357237E-01   -6.92028896433535684E-02
        2224   -1.16686271269754629E-01   -2.76025667928291862E-01   -1.03803951165595112E-01
        2225   -9.84429867463966490E-02   -2.83237492325108864E-01   -6.92028896433535684E-02
        2226   -6.06308819808523136E-02   -2.93663744524909454E-01   -6.92028896433535684E-02
        2227   -4.12695831958422230E-02   -2.96820950677238848E-01   -1.03803951165595112E-01
        2228    1.74152014650526890E-02   -2.98909852132433318E-01   -1.38404513131466622E-01
        2229    5.62817768182215447E-02   -2.94079496976728083E-01   -1.38404513131466622E-01
        2230    7.69544371788700304E-02   -2.89002757361620399E-01   -1.73004337913054973E-01
        2231    9.58013849829961461E-02   -2.83676723717758150E-01   -1.38404513131466622E-01
        2232    1.32009033422224170E-01   -2.68745240030091759E-01   -1.38404513131466622E-01
        2233    1.52072768689296034E-01   -2.57523692477620691E-01   -1.73004337913054973E-01
        2234    1.67373632956701934E-01   -2.48266904630433466E-01   -1.38404513131466622E-01
        2235    1.98347062040057504E-01   -2.24296303857150298E-01   -1.38404513131466622E-01
        2236    2.15912558632662954E-01   -2.06945273415058140E-01   -1.73004337913054973E-01
        2237    2.27041322901582743E-01   -1.95198941183093416E-01   -1.38404513131466622E-01
        2238    2.50577527428301361E-01   -1.63894147826639636E-01   -1.38404513131466622E-01
        2239    2.63739101836476586E-01   -1.41018670134932550E-01   -1.73004337913054973E-01
        2240    2.70560551731789667E-01   -1.28247326640718251E-01   -1.38404513131466622E-01
        2241    2.84985503913759985E-01   -9.18349144003619416E-02   -1.38404513131466622E-01
        2242    2.92005322383187382E-01   -6.46333572083881563E-02   -1.73004337913054973E-01
        2243    2.94835986115381699E-01   -5.21740379429459500E-02   -1.38404513131466622E-01
        2244    2.99123701887612559E-01   -1.32438632185709771E-02   -1.38404513131466622E-01
        2245    2.98614844004200075E-01    1.65455161443676738E-02   -1.73004337913054973E-01
        2246    2.98141020061980677E-01    2.76101629894349096E-02   -1.38404513131466622E-01
        2247    2.91986532863610926E-01    6.62891663108609031E-02   -1.38404513131466622E-01
        2248    2.83077468717433889E-01    9.64972842553951243E-02   -1.73004337913054973E-01
        2249    2.80240580891920832E-01    1.05430573199903996E-01   -1.38404513131466622E-01
        2250    2.64081632610345673E-01    1.41107335960097918E-01   -1.38404513131466622E-01
        2251    2.46545532569145687E-01    1.69292290238901993E-01   -1.73004337913054973E-01
        2252    2.42407848932814279E-01    1.75752165618712680E-01   -1.38404513131466622E-01
        2253    2.17393755228479035E-01    2.05889154963445481E-01   -1.38404513131466622E-01
        2254    1.91728442140966904E-01    2.29531661516084090E-01   -1.73004337913054973E-01
        2255    1.87333701744286207E-01    2.33573271447493236E-01   -1.38404513131466622E-01
        2256    1.55243606230084819E-01    2.56026974494055815E-01   -1.38404513131466622E-01
        2257    1.22691730258452633E-01    2.72747719496100216E-01   -1.73004337913054973E-01
        2258    1.18935323709037311E-01    2.74781327091431049E-01   -1.38404513131466622E-01
        2259    8.20516552087388190E-02    2.87954709670475373E-01   -1.38404513131466622E-01
        2260    4.45555340199875541E-02    2.95735326858882430E-01   -1.73004337913054973E-01
        2261    4.20775937570051980E-02    2.96445382908086363E-01   -1.38404513131466622E-01
        2262    3.02372707714962819E-03    2.99401479653097990E-01   -1.38404513131466622E-01
        2263   -3.60818764113312318E-02    2.97234734071472440E-01   -1.38404513131466622E-01
        2264   -3.68851423487346342E-02    2.96789597927639426E-01   -1.73004337913054973E-01
        2265   -7.62192656008523761E-02    2.89553125514417864E-01   -1.38404513131466622E-01
        2266   -1.13361466136462072E-01    2.77127347873307672E-01   -1.38404513131466622E-01
        2267   -1.15590216447749763E-01    2.75832342240170669E-01   -1.73004337913054973E-01
        2268   -1.50041113656304625E-01    2.59110117819967400E-01   -1.38404513131466622E-01
        2269   -1.82578148174076110E-01    2.37309099600556017E-01   -1.38404513131466622E-01
        2270   -1.85722492982889287E-01    2.34417863577750657E-01   -1.73004337913054973E-01
        2271   -2.13191190342051196E-01    2.10237735205744680E-01   -1.38404513131466622E-01
        2272   -2.38808841192166055E-01    1.80612087946395050E-01   -1.38404513131466622E-01
        2273   -2.42080581837359504E-01    1.75617684364137383E-01   -1.73004337913054973E-01
        2274   -2.61177905560237900E-01    1.46412057533076734E-01   -1.38404513131466622E-01
        2275   -2.78054100736967902E-01    1.11068924579549325E-01   -1.38404513131466622E-01
        2276   -2.80484661381924738E-01    1.03792744898684092E-01   -1.73004337913054973E-01
        2277   -2.90588173116605175E-01    7.21727274575059974E-02   -1.38404513131466622E-01
        2278   -2.97522582309625250E-01    3.36259120279849832E-02   -1.38404513131466622E-01
        2279   -2.98086476723738669E-01    2.42699723643082059E-02   -1.73004337913054973E-01
        2280   -2.99330168686239073E-01   -7.19993459478579512E-03   -1.38404513131466622E-01
        2281   -2.95829577551236900E-01   -4.62087652914275823E-02   -1.38404513131466622E-01
        2282   -2.93580581741845870E-01   -5.70527929925926797E-02   -1.73004337913054973E-01
        2283   -2.86782112173266546E-01   -8.60604966366189383E-02   -1.38404513131466622E-01
        2284   -2.73095502521568223E-01   -1.22756814256454336E-01   -1.38404513131466622E-01
        2285   -2.67301158053955601E-01   -1.34144213692393460E-01   -1.73004337913054973E-01
        2286   -2.53836492222815180E-01   -1.58799950125679185E-01   -1.38404513131466622E-01
        2287   -2.30937333028824160E-01   -1.90573705314861008E-01   -1.38404513131466622E-01
        2288   -2.21197230294634506E-01   -2.01286771731573833E-01   -1.73004337913054973E-01
        2289   -2.02836587388187967E-01   -2.20244654329260603E-01   -1.38404513131466622E-01
        2290   -1.72353596178198704E-01   -2.44835918174486661E-01   -1.38404513131466622E-01
        2291   -1.58688115874356578E-01   -2.53500810737131710E-01   -1.73004337913054973E-01
        2292   -1.37409798926340226E-01   -2.66024314871637746E-01   -1.38404513131466622E-01
        2293   -1.01511098189785431E-01   -2.81684017807551978E-01   -1.38404513131466622E-01
        2294   -8.44098298495024185E-02   -2.86913854299359949E-01   -1.73004337913054973E-01
        2295   -6.22096495345130507E-02   -2.92882823751572319E-01   -1.38404513131466622E-01
        2296   -2.34485576079091727E-02   -2.98497159266231715E-01   -1.38404513131466622E-01
        2297   -3.87125289398824709E-03   -2.99047809831750944E-01   -1.73004337913054973E-01
        2298    5.69695207408600773E-02   -2.93152081841591694E-01   -2.07603115885156758E-01
        2299    9.63564402103533613E-02   -2.82664298791855173E-01   -2.07603115885156758E-01
        2300    1.15212827257566708E-01   -2.74931780346064525E-01   -2.42200431619250839E-01
        2301    1.33948421512114307E-01   -2.66911014677018388E-01   -2.07603115885156758E-01
        2302    1.69045197161250937E-01   -2.46185683373782660E-01   -2.07603115885156758E-01
        2303    1.85116129716346944E-01   -2.33652515346570167E-01   -2.42200431619250839E-01
        2304    2.00992980633069362E-01   -2.20874378590494663E-01   -2.07603115885156758E-01
        2305    2.29196645169017554E-01   -1.91448602044439198E-01   -2.07603115885156758E-01
        2306    2.41290215684009962E-01   -1.75044312172953936E-01   -2.42200431619250839E-01
        2307    2.53130809862173511E-01   -1.58456500276961593E-01   -2.07603115885156758E-01
        2308    2.72349626509482301E-01   -1.22512653720536380E-01   -2.07603115885156758E-01
        2309    2.79568910183677355E-01   -1.03453873139914582E-01   -2.42200431619250839E-01
        2310    2.86495084920202037E-01   -8.42866282281406337E-02   -2.07603115885156758E-01
        2311    2.95303681968376308E-01   -4.44905023282793771E-02   -2.07603115885156758E-01
        2312    2.97113257557684474E-01   -2.41907336060654052E-02   -2.42200431619250839E-01
        2313    2.98611330157503185E-01   -3.86560254930541809E-03   -2.07603115885156758E-01
        2314    2.96356414260129986E-01    3.68313060911609341E-02   -2.07603115885156758E-01
        2315    2.92622073821349693E-01    5.68665219741030931E-02   -2.42200431619250839E-01
        2316    2.88580939092960065E-01    7.68421171866565667E-02   -2.07603115885156758E-01
        2317    2.75429747046593676E-01    1.15421505029833948E-01   -2.07603115885156758E-01
        2318    2.66428449526598721E-01    1.33706247766479658E-01   -2.42200431619250839E-01
        2319    2.57147819945843958E-01    1.51850808620179523E-01   -2.07603115885156758E-01
        2320    2.34075715501863263E-01    1.85451418958694741E-01   -2.07603115885156758E-01
        2321    2.20475045959515004E-01    2.00629592827400033E-01   -2.42200431619250839E-01
        2322    2.06643223366344775E-01    2.15597420249569599E-01   -2.07603115885156758E-01
        2323    1.75361358963504799E-01    2.41727249527179666E-01   -2.07603115885156758E-01
        2324    1.58170016839836808E-01    2.52673158807627085E-01   -2.42200431619250839E-01
        2325    1.40812844239608159E-01    2.63354157511618614E-01   -2.07603115885156758E-01
        2326    1.03641252655660390E-01    2.80075275826817904E-01   -2.07603115885156758E-01
        2327    8.41342411508273907E-02    2.85977112501880126E-01   -2.42200431619250839E-01
        2328    6.45390206315183956E-02    2.91579121676136144E-01   -2.07603115885156758E-01
        2329    2.42345487655279933E-02    2.97651400177512682E-01   -2.07603115885156758E-01
        2330    3.85861368420398849E-03    2.98071452020106487E-01   -2.42200431619250839E-01
        2331   -1.65213668904370010E-02    2.98178996271659169E-01   -2.07603115885156758E-01
        2332   -5.69695207408597790E-02    2.93152081841591750E-01   -2.07603115885156758E-01
        2333   -7.67031895073937847E-02    2.88059195528161227E-01   -2.42200431619250839E-01
        2334   -9.63564402103538331E-02    2.82664298791855007E-01   -2.07603115885156758E-01
        2335   -1.33948421512114280E-01    2.66911014677018388E-01   -2.07603115885156758E-01
        2336   -1.51576268026971800E-01    2.56682906287026003E-01   -2.42200431619250839E-01
        2337   -1.69045197161250910E-01    2.46185683373782688E-01   -2.07603115885156758E-01
        2338   -2.00992980633069529E-01    2.20874378590494524E-01   -2.07603115885156758E-01
        2339   -2.15207628162275150E-01    2.06269620132744025E-01   -2.42200431619250839E-01
        2340   -2.29196645169017499E-01    1.91448602044439226E-01   -2.07603115885156758E-01
        2341   -2.53130809862173789E-01    1.58456500276961149E-01   -2.07603115885156758E-01
        2342   -2.62878023026172192E-01    1.40558259873939356E-01   -2.42200431619250839E-01
        2343   -2.72349626509482301E-01    1.22512653720536421E-01   -2.07603115885156758E-01
        2344   -2.86495084920201926E-01    8.42866282281409251E-02   -2.07603115885156758E-01
        2345   -2.91051957509152748E-01    6.44223364915378766E-02   -2.42200431619250839E-01
        2346   -2.95303681968376364E-01    4.44905023282791481E-02   -2.07603115885156758E-01
        2347   -2.98611330157503185E-01    3.86560254930572037E-03   -2.07603115885156758E-01
        2348   -2.97639899777788541E-01   -1.64914968758622729E-02   -2.42200431619250839E-01
        2349   -2.96356414260129930E-01   -3.68313060911614268E-02   -2.07603115885156758E-01
        2350   -2.88580939092960065E-01   -7.68421171866565250E-02   -2.07603115885156758E-01
        2351   -2.82153252291845291E-01   -9.61822313635573717E-02   -2.42200431619250839E-01
        2352   -2.75429747046593898E-01   -1.15421505029833435E-01   -2.07603115885156758E-01
        2353   -2.57147819945843847E-01   -1.51850808620179717E-01   -2.07603115885156758E-01
        2354   -2.45740588848657127E-01   -1.68739569755448404E-01   -2.42200431619250839E-01
        2355   -2.34075715501863318E-01   -1.85451418958694714E-01   -2.07603115885156758E-01
        2356   -2.06643223366344803E-01   -2.15597420249569571E-01   -2.07603115885156758E-01
        2357   -1.91102470118954565E-01   -2.28782266190744488E-01   -2.42200431619250839E-01
        2358   -1.75361358963504854E-01   -2.41727249527179638E-01   -2.07603115885156758E-01
        2359   -1.40812844239608465E-01   -2.63354157511618447E-01   -2.07603115885156758E-01
        2360   -1.22291155416157690E-01   -2.71857228551899532E-01   -2.42200431619250839E-01
        2361   -1.03641252655660168E-01   -2.80075275826818015E-01   -2.07603115885156758E-01
        2362   -6.45390206315186871E-02   -2.91579121676136088E-01   -2.07603115885156758E-01
        2363   -4.44100651609553171E-02   -2.94769783935426966E-01   -2.42200431619250839E-01
        2364   -2.42345487655285588E-02   -2.97651400177512682E-01   -2.07603115885156758E-01
        2365    1.65213668904372266E-02   -2.98178996271659169E-01   -2.07603115885156758E-01
        2366    3.67647164647059987E-02   -2.95820612926496973E-01   -2.42200431619250839E-01
        2367    9.59702180667941218E-02   -2.81531305385822217E-01   -2.76795716027883554E-01
        2368    1.33411520746894274E-01   -2.65841164607805047E-01   -2.76795716027883554E-01
        2369    1.50839628650257157E-01   -2.55435463408521135E-01   -3.11388177313432601E-01
        2370    1.68367619219771114E-01   -2.45198905923944249E-01   -2.76795716027883554E-01
        2371    2.00187347510353053E-01   -2.19989055556866875E-01   -2.76795716027883554E-01
        2372    2.14161749311072014E-01   -2.05267178745397488E-01   -3.11388177313432601E-01
        2373    2.28277964285824309E-01   -1.90681225320043085E-01   -2.76795716027883554E-01
        2374    2.52116194505146107E-01   -1.57821364638240397E-01   -2.76795716027883554E-01
        2375    2.61600472750297020E-01   -1.39875166469586504E-01   -3.11388177313432601E-01
        2376    2.71257977042996368E-01   -1.22021590542716510E-01   -2.76795716027883554E-01
        2377    2.85346736708338156E-01   -8.39487850890974080E-02   -2.76795716027883554E-01
        2378    2.89637485868163513E-01   -6.41092529830351310E-02   -3.11388177313432601E-01
        2379    2.94120026565563075E-01   -4.43121726064698712E-02   -2.76795716027883554E-01
        2380    2.97414416824333061E-01   -3.85010819003392098E-03   -2.76795716027883554E-01
        2381    2.96193411662520278E-01    1.64113505169509941E-02   -3.11388177313432601E-01
        2382    2.95168539227352977E-01    3.66836764572979132E-02   -2.76795716027883554E-01
        2383    2.87424230224890886E-01    7.65341136204113759E-02   -2.76795716027883554E-01
        2384    2.80782027108564425E-01    9.57147992260278246E-02   -3.11388177313432601E-01
        2385    2.74325751640867310E-01    1.14958865054880885E-01   -2.76795716027883554E-01
        2386    2.56117103348029340E-01    1.51242150343903731E-01   -2.76795716027883554E-01
        2387    2.44546324096270140E-01    1.67919519142580465E-01   -3.11388177313432601E-01
        2388    2.33137478011987115E-01    1.84708080533157348E-01   -2.76795716027883554E-01
        2389    2.05814942573630144E-01    2.14733248663187798E-01   -2.76795716027883554E-01
        2390    1.90173738950747684E-01    2.27670416505013462E-01   -3.11388177313432601E-01
        2391    1.74658464171952410E-01    2.40758342661532565E-01   -2.76795716027883554E-01
        2392    1.40248429049256329E-01    2.62298564268371115E-01   -2.76795716027883554E-01
        2393    1.21696837574215219E-01    2.70536040598121585E-01   -3.11388177313432601E-01
        2394    1.03225831053591302E-01    2.78952659910832401E-01   -2.76795716027883554E-01
        2395    6.42803311361705154E-02    2.90410395297856672E-01   -2.76795716027883554E-01
        2396    4.41942384807900018E-02    2.93337244180101486E-01   -3.11388177313432601E-01
        2397    2.41374102727400612E-02    2.96458334498051423E-01   -2.76795716027883554E-01
        2398   -1.64551448743371735E-02    2.96983815847257360E-01   -2.76795716027883554E-01
        2399   -3.65860451055669209E-02    2.94382966289843007E-01   -3.11388177313432601E-01
        2400   -5.67411718067350052E-02    2.91977050622187928E-01   -2.76795716027883554E-01
        2401   -9.59702180667943439E-02    2.81531305385822161E-01   -2.76795716027883554E-01
        2402   -1.14652909096463460E-01    2.73595650502327092E-01   -3.11388177313432601E-01
        2403   -1.33411520746894247E-01    2.65841164607805103E-01   -2.76795716027883554E-01
        2404   -1.68367619219771530E-01    2.45198905923943999E-01   -2.76795716027883554E-01
        2405   -1.84216491321834153E-01    2.32516996933871539E-01   -3.11388177313432601E-01
        2406   -2.00187347510353025E-01    2.19989055556866903E-01   -2.76795716027883554E-01
        2407   -2.28277964285824114E-01    1.90681225320043335E-01   -2.76795716027883554E-01
        2408   -2.40117579120235985E-01    1.74193621397313592E-01   -3.11388177313432601E-01
        2409   -2.52116194505146385E-01    1.57821364638239980E-01   -2.76795716027883554E-01
        2410   -2.71257977042996368E-01    1.22021590542716551E-01   -2.76795716027883554E-01
        2411   -2.78210244540122664E-01    1.02951101844509563E-01   -3.11388177313432601E-01
        2412   -2.85346736708338156E-01    8.39487850890974358E-02   -2.76795716027883554E-01
        2413   -2.94120026565563131E-01    4.43121726064696492E-02   -2.76795716027883554E-01
        2414   -2.95669328849649415E-01    2.40731700378512339E-02   -3.11388177313432601E-01
        2415   -2.97414416824333061E-01    3.85010819003422195E-03   -2.76795716027883554E-01
        2416   -2.95168539227352922E-01   -3.66836764572981422E-02   -2.76795716027883554E-01
        2417   -2.91199971635575039E-01   -5.65901586630900080E-02   -3.11388177313432601E-01
        2418   -2.87424230224890886E-01   -7.65341136204113481E-02   -2.76795716027883554E-01
        2419   -2.74325751640867310E-01   -1.14958865054880843E-01   -2.76795716027883554E-01
        2420   -2.65133644676518565E-01   -1.33056454178739597E-01   -3.11388177313432601E-01
        2421   -2.56117103348029340E-01   -1.51242150343903703E-01   -2.76795716027883554E-01
        2422   -2.33137478011987309E-01   -1.84708080533157099E-01   -2.76795716027883554E-01
        2423   -2.19403568197522242E-01   -1.99654561180726914E-01   -3.11388177313432601E-01
        2424   -2.05814942573630172E-01   -2.14733248663187770E-01   -2.76795716027883554E-01
        2425   -1.74658464171952438E-01   -2.40758342661532537E-01   -2.76795716027883554E-01
        2426   -1.57401332769853131E-01   -2.51445202738782403E-01   -3.11388177313432601E-01
        2427   -1.40248429049256385E-01   -2.62298564268371115E-01   -2.76795716027883554E-01
        2428   -1.03225831053591094E-01   -2.78952659910832512E-01   -2.76795716027883554E-01
        2429   -8.37253605538286760E-02   -2.84587303894964394E-01   -3.11388177313432601E-01
        2430   -6.42803311361707930E-02   -2.90410395297856616E-01   -2.76795716027883554E-01
        2431   -2.41374102727403596E-02   -2.96458334498051368E-01   -2.76795716027883554E-01
        2432   -3.83986136356469481E-03   -2.96622866621543579E-01   -3.11388177313432601E-01
        2433    1.64551448743371388E-02   -2.96983815847257360E-01   -2.76795716027883554E-01
        2434    5.67411718067349705E-02   -2.91977050622187928E-01   -2.76795716027883554E-01
        2435    7.63304227778374977E-02   -2.86659268290125224E-01   -3.11388177313432601E-01
        2436    1.32631292736583889E-01   -2.64286450878740198E-01   -3.45976699988583269E-01
        2437    1.67382958136461840E-01   -2.43764913916145104E-01   -3.45976699988583269E-01
        2438    1.82925314177538961E-01   -2.30887280560777286E-01   -3.80559695693918121E-01
        2439    1.99016595726976830E-01   -2.18702497828221543E-01   -3.45976699988583269E-01
        2440    2.26942930692958150E-01   -1.89566068006775335E-01   -3.45976699988583269E-01
        2441    2.38434590111603256E-01   -1.72972694752709932E-01   -3.80559695693918121E-01
        2442    2.50641748252644403E-01   -1.56898381011137900E-01   -3.45976699988583269E-01
        2443    2.69671584274783660E-01   -1.21307974040400349E-01   -3.45976699988583269E-01
        2444    2.76260263262760208E-01   -1.02229515472259044E-01   -3.80559695693918121E-01
        2445    2.83677948920115941E-01   -8.34578290367912201E-02   -3.45976699988583269E-01
        2446    2.92399930116358286E-01   -4.40530225865033639E-02   -3.45976699988583269E-01
        2447    2.93596976494328421E-01   -2.39044406981456584E-02   -3.80559695693918121E-01
        2448    2.95675053856446823E-01   -3.82759167694889449E-03   -3.45976699988583269E-01
        2449    2.93442310781875881E-01    3.64691400234658167E-02   -3.45976699988583269E-01
        2450    2.89158945096108566E-01    5.61935170870100364E-02   -3.80559695693918121E-01
        2451    2.85743292671612470E-01    7.60865206475061784E-02   -3.45976699988583269E-01
        2452    2.72721417665949317E-01    1.14286553353108875E-01   -3.45976699988583269E-01
        2453    2.63275317554263588E-01    1.32123858778057462E-01   -3.80559695693918121E-01
        2454    2.54619258657907965E-01    1.50357643808206598E-01   -3.45976699988583269E-01
        2455    2.31774024619208180E-01    1.83627855846744681E-01   -3.45976699988583269E-01
        2456    2.17865764113855581E-01    1.98255178289971135E-01   -3.80559695693918121E-01
        2457    2.04611279035148363E-01    2.13477428368103683E-01   -3.45976699988583269E-01
        2458    1.73637012462071028E-01    2.39350320313770987E-01   -3.45976699988583269E-01
        2459    1.56298103618674772E-01    2.49682818185209598E-01   -3.80559695693918121E-01
        2460    1.39428216880669420E-01    2.60764568660190488E-01   -3.45976699988583269E-01
        2461    1.02622137427098331E-01    2.77321266477982054E-01   -3.45976699988583269E-01
        2462    8.31385277943439693E-02    2.82592625678540155E-01   -3.80559695693918121E-01
        2463    6.39044017218013266E-02    2.88711993813275447E-01   -3.45976699988583269E-01
        2464    2.39962479241983655E-02    2.94724562967898174E-01   -3.45976699988583269E-01
        2465    3.81294769696336041E-03    2.94543830900534487E-01   -3.80559695693918121E-01
        2466   -1.63589105695877389E-02    2.95246971154717208E-01   -3.45976699988583269E-01
        2467   -5.64093335117096320E-02    2.90269486897646367E-01   -3.45976699988583269E-01
        2468   -7.57954212880259659E-02    2.84650067633002823E-01   -3.80559695693918121E-01
        2469   -9.54089573010664105E-02    2.79884831310632909E-01   -3.45976699988583269E-01
        2470   -1.32631292736583639E-01    2.64286450878740364E-01   -3.45976699988583269E-01
        2471   -1.49782390617062083E-01    2.53645111036543025E-01   -3.80559695693918121E-01
        2472   -1.67382958136462229E-01    2.43764913916144854E-01   -3.45976699988583269E-01
        2473   -1.99016595726976803E-01    2.18702497828221570E-01   -3.45976699988583269E-01
        2474   -2.12660685242874237E-01    2.03828456903675709E-01   -3.80559695693918121E-01
        2475   -2.26942930692958122E-01    1.89566068006775335E-01   -3.45976699988583269E-01
        2476   -2.50641748252644514E-01    1.56898381011137705E-01   -3.45976699988583269E-01
        2477   -2.59766909702122906E-01    1.38894778575407746E-01   -3.80559695693918121E-01
        2478   -2.69671584274783604E-01    1.21307974040400376E-01   -3.45976699988583269E-01
        2479   -2.83677948920116052E-01    8.34578290367907483E-02   -3.45976699988583269E-01
        2480   -2.87607410823303822E-01    6.36599099215336139E-02   -3.80559695693918121E-01
        2481   -2.92399930116358286E-01    4.40530225865033986E-02   -3.45976699988583269E-01
        2482   -2.95675053856446823E-01    3.82759167694919373E-03   -3.45976699988583269E-01
        2483   -2.94117386000076586E-01   -1.62963230265104619E-02   -3.80559695693918121E-01
        2484   -2.93442310781875826E-01   -3.64691400234660457E-02   -3.45976699988583269E-01
        2485   -2.85743292671612581E-01   -7.60865206475059008E-02   -3.45976699988583269E-01
        2486   -2.78814020154734887E-01   -9.50439322463959707E-02   -3.80559695693918121E-01
        2487   -2.72721417665949095E-01   -1.14286553353109332E-01   -3.45976699988583269E-01
        2488   -2.54619258657908021E-01   -1.50357643808206570E-01   -3.45976699988583269E-01
        2489   -2.42832293923787496E-01   -1.66742567808624370E-01   -3.80559695693918121E-01
        2490   -2.31774024619208541E-01   -1.83627855846744237E-01   -3.45976699988583269E-01
        2491   -2.04611279035148197E-01   -2.13477428368103822E-01   -3.45976699988583269E-01
        2492   -1.88840807336338762E-01   -2.26074669912978560E-01   -3.80559695693918121E-01
        2493   -1.73637012462071055E-01   -2.39350320313770931E-01   -3.45976699988583269E-01
        2494   -1.39428216880669448E-01   -2.60764568660190432E-01   -3.45976699988583269E-01
        2495   -1.20843861957964302E-01   -2.68639847972684198E-01   -3.80559695693918121E-01
        2496   -1.02622137427098359E-01   -2.77321266477982054E-01   -3.45976699988583269E-01
        2497   -6.39044017218016180E-02   -2.88711993813275392E-01   -3.45976699988583269E-01
        2498   -4.38844801620506125E-02   -2.91281237453786257E-01   -3.80559695693918121E-01
        2499   -2.39962479241981365E-02   -2.94724562967898229E-01   -3.45976699988583269E-01
        2500    1.63589105695874440E-02   -2.95246971154717208E-01   -3.45976699988583269E-01
        2501    3.63296127693436277E-02   -2.92319630075935810E-01   -3.80559695693918121E-01
        2502    5.64093335117090769E-02   -2.90269486897646478E-01   -3.45976699988583269E-01
        2503    9.54089573010663689E-02   -2.79884831310632964E-01   -3.45976699988583269E-01
        2504    1.13849304518555794E-01   -2.71678013008678332E-01   -3.80559695693918121E-01
        2505    1.65979196668488344E-01   -2.41720573218566631E-01   -4.15134881045112092E-01
        2506    1.97347537946667595E-01   -2.16868343725445001E-01   -4.15134881045112092E-01
        2507    2.10526239118806857E-01   -2.01782658643805402E-01   -4.49698944766323494E-01
        2508    2.25039667988782000E-01   -1.87976267319382467E-01   -4.15134881045112092E-01
        2509    2.48539734807668916E-01   -1.55582548717916186E-01   -4.15134881045112092E-01
        2510    2.57159664865394211E-01   -1.37500710737034626E-01   -4.49698944766323494E-01
        2511    2.67409976622326351E-01   -1.20290621607322415E-01   -4.15134881045112092E-01
        2512    2.81298876531616115E-01   -8.27579078147808317E-02   -4.15134881045112092E-01
        2513    2.84720734696102540E-01   -6.30209641387937392E-02   -4.49698944766323494E-01
        2514    2.89947710609035902E-01   -4.36835707836245174E-02   -4.15134881045112092E-01
        2515    2.93195367439945842E-01   -3.79549148125931345E-03   -4.15134881045112092E-01
        2516    2.91165370145092695E-01    1.61327590678936976E-02   -4.49698944766323494E-01
        2517    2.90981349322388783E-01    3.61632906460558207E-02   -4.15134881045112092E-01
        2518    2.83346899224811710E-01    7.54484190922087711E-02   -4.15134881045112092E-01
        2519    2.76015602083358569E-01    9.40899893369778473E-02   -4.49698944766323494E-01
        2520    2.70434232507598071E-01    1.13328086244564988E-01   -4.15134881045112092E-01
        2521    2.52483887719986033E-01    1.49096665575158493E-01   -4.15134881045112092E-01
        2522    2.40395019502461615E-01    1.65068995529998430E-01   -4.49698944766323494E-01
        2523    2.29830245822011947E-01    1.82087856127811865E-01   -4.15134881045112092E-01
        2524    2.02895301299898689E-01    2.11687094444258650E-01   -4.15134881045112092E-01
        2525    1.86945438059105046E-01    2.23805589464965954E-01   -4.49698944766323494E-01
        2526    1.72180801207221262E-01    2.37343002718572921E-01   -4.15134881045112092E-01
        2527    1.38258898566640087E-01    2.58577659922447078E-01   -4.15134881045112092E-01
        2528    1.19630968693376916E-01    2.65943546671762288E-01   -4.49698944766323494E-01
        2529    1.01761494241644407E-01    2.74995504569687355E-01   -4.15134881045112092E-01
        2530    6.33684658190681038E-02    2.86290703278270553E-01   -4.15134881045112092E-01
        2531    4.34440176549274332E-02    2.88357687632686321E-01   -4.49698944766323494E-01
        2532    2.37950027760246048E-02    2.92252847867592425E-01   -4.15134881045112092E-01
        2533   -1.62217161468622591E-02    2.92770874864764830E-01   -4.15134881045112092E-01
        2534   -3.59649774298321581E-02    2.89385658050538508E-01   -4.49698944766323494E-01
        2535   -5.59362551905989783E-02    2.87835134406974946E-01   -4.15134881045112092E-01
        2536   -9.46088076355933033E-02    2.77537570000172151E-01   -4.15134881045112092E-01
        2537   -1.12706614667444541E-01    2.68951218062078501E-01   -4.49698944766323494E-01
        2538   -1.31518977001075038E-01    2.62070005785514981E-01   -4.15134881045112092E-01
        2539   -1.65979196668488482E-01    2.41720573218566520E-01   -4.15134881045112092E-01
        2540   -1.81089317893627116E-01    2.28569896599907479E-01   -4.49698944766323494E-01
        2541   -1.97347537946667567E-01    2.16868343725445029E-01   -4.15134881045112092E-01
        2542   -2.25039667988782277E-01    1.87976267319382079E-01   -4.15134881045112092E-01
        2543   -2.36041454840144799E-01    1.71236591544621203E-01   -4.49698944766323494E-01
        2544   -2.48539734807668888E-01    1.55582548717916214E-01   -4.15134881045112092E-01
        2545   -2.67409976622326240E-01    1.20290621607322679E-01   -4.15134881045112092E-01
        2546   -2.73487476898973181E-01    1.01203451849752407E-01   -4.49698944766323494E-01
        2547   -2.81298876531616227E-01    8.27579078147803598E-02   -4.15134881045112092E-01
        2548   -2.89947710609035902E-01    4.36835707836245521E-02   -4.15134881045112092E-01
        2549   -2.90650183918161775E-01    2.36645151061727586E-02   -4.49698944766323494E-01
        2550   -2.93195367439945787E-01    3.79549148125934944E-03   -4.15134881045112092E-01
        2551   -2.90981349322388783E-01   -3.61632906460560427E-02   -4.15134881045112092E-01
        2552   -2.86256696432257374E-01   -5.56295104648781291E-02   -4.49698944766323494E-01
        2553   -2.83346899224811766E-01   -7.54484190922084935E-02   -4.15134881045112092E-01
        2554   -2.70434232507597960E-01   -1.13328086244565196E-01   -4.15134881045112092E-01
        2555   -2.60632859309221643E-01   -1.30797749732826152E-01   -4.49698944766323494E-01
        2556   -2.52483887719986033E-01   -1.49096665575158466E-01   -4.15134881045112092E-01
        2557   -2.29830245822011975E-01   -1.82087856127811837E-01   -4.15134881045112092E-01
        2558   -2.15679075327215114E-01   -1.96265318262980437E-01   -4.49698944766323494E-01
        2559   -2.02895301299898717E-01   -2.11687094444258622E-01   -4.15134881045112092E-01
        2560   -1.72180801207221484E-01   -2.37343002718572754E-01   -4.15134881045112092E-01
        2561   -1.54729360994306037E-01   -2.47176785991656739E-01   -4.49698944766323494E-01
        2562   -1.38258898566640115E-01   -2.58577659922447023E-01   -4.15134881045112092E-01
        2563   -1.01761494241644435E-01   -2.74995504569687355E-01   -4.15134881045112092E-01
        2564   -8.23040777961755593E-02   -2.79756282261887035E-01   -4.49698944766323494E-01
        2565   -6.33684658190681455E-02   -2.86290703278270553E-01   -4.15134881045112092E-01
        2566   -2.37950027760243793E-02   -2.92252847867592480E-01   -4.15134881045112092E-01
        2567   -3.77467766400568002E-03   -2.91587534876586230E-01   -4.49698944766323494E-01
        2568    1.62217161468619642E-02   -2.92770874864764830E-01   -4.15134881045112092E-01
        2569    5.59362551905984301E-02   -2.87835134406975057E-01   -4.15134881045112092E-01
        2570    7.50346730425027197E-02   -2.81793073953701456E-01   -4.49698944766323494E-01
        2571    9.46088076355932756E-02   -2.77537570000172151E-01   -4.15134881045112092E-01
        2572    1.31518977001075010E-01   -2.62070005785514981E-01   -4.15134881045112092E-01
        2573    1.48279045310236696E-01   -2.51099309853205943E-01   -4.49698944766323494E-01
        2574    1.94973220448287604E-01   -2.14259168517537180E-01   -4.84247046729235298E-01
        2575    2.22332182366742820E-01   -1.85714696967806986E-01   -4.84247046729235298E-01
        2576    2.32628307538185475E-01   -1.68760519234259221E-01   -5.18772062217833008E-01
        2577    2.45549516396349837E-01   -1.53710711999267252E-01   -4.84247046729235298E-01
        2578    2.64192727533019811E-01   -1.18843387298017147E-01   -4.84247046729235298E-01
        2579    2.69532862043165067E-01   -9.97400551389335810E-02   -5.18772062217833008E-01
        2580    2.77914528027586705E-01   -8.17622351517293122E-02   -4.84247046729235298E-01
        2581    2.86459306699480387E-01   -4.31580072646546575E-02   -4.84247046729235298E-01
        2582    2.86447397201201048E-01   -2.33223274343440194E-02   -5.18772062217833008E-01
        2583    2.89667890489385682E-01   -3.74982736032489217E-03   -4.84247046729235298E-01
        2584    2.87480509552170138E-01    3.57282047327818833E-02   -4.84247046729235298E-01
        2585    2.82117439318471053E-01    5.48251106035016755E-02   -5.18772062217833008E-01
        2586    2.79937910656010536E-01    7.45406879720760945E-02   -4.84247046729235298E-01
        2587    2.67180598147197135E-01    1.11964619230848675E-01   -4.84247046729235298E-01
        2588    2.56864121562897896E-01    1.28906420996078297E-01   -5.18772062217833008E-01
        2589    2.49446216620006794E-01    1.47302861478545655E-01   -4.84247046729235298E-01
        2590    2.27065124047552858E-01    1.79897130124614224E-01   -4.84247046729235298E-01
        2591    2.12560366986170896E-01    1.93427331851012518E-01   -5.18772062217833008E-01
        2592    2.00454237837806470E-01    2.09140255614903264E-01   -4.84247046729235298E-01
        2593    1.70109268451125006E-01    2.34487493851646661E-01   -4.84247046729235298E-01
        2594    1.52491982389055258E-01    2.43602622373720462E-01   -5.18772062217833008E-01
        2595    1.36595485252295618E-01    2.55466673745310402E-01   -4.84247046729235298E-01
        2596    1.00537186611799306E-01    2.71686992868608257E-01   -4.84247046729235298E-01
        2597    8.11139650625435915E-02    2.75711020802814177E-01   -5.18772062217833008E-01
        2598    6.26060704083871711E-02    2.82846297366295796E-01   -4.84247046729235298E-01
        2599    2.35087215685010620E-02    2.88736710509795880E-01   -4.84247046729235298E-01
        2600    3.72009601904250801E-03    2.87371194112956418E-01   -5.18772062217833008E-01
        2601   -1.60265502739965933E-02    2.89248505047334736E-01   -4.84247046729235298E-01
        2602   -5.52632778082878320E-02    2.84372147215030457E-01   -4.84247046729235298E-01
        2603   -7.39496755278845619E-02    2.77718360591477587E-01   -5.18772062217833008E-01
        2604   -9.34705550391470297E-02    2.74198474332875752E-01   -4.84247046729235298E-01
        2605   -1.29936652682709264E-01    2.58917002677336638E-01   -4.84247046729235298E-01
        2606   -1.46134937938163539E-01    2.47468426741890568E-01   -5.18772062217833008E-01
        2607   -1.63982276336380878E-01    2.38812397151701022E-01   -4.84247046729235298E-01
        2608   -1.94973220448287382E-01    2.14259168517537402E-01   -4.84247046729235298E-01
        2609   -2.07482040524425898E-01    1.98864891773580438E-01   -5.18772062217833008E-01
        2610   -2.22332182366743125E-01    1.85714696967806597E-01   -4.84247046729235298E-01
        2611   -2.45549516396349810E-01    1.53710711999267280E-01   -4.84247046729235298E-01
        2612   -2.53441149332169546E-01    1.35512457528768587E-01   -5.18772062217833008E-01
        2613   -2.64192727533019811E-01    1.18843387298017175E-01   -4.84247046729235298E-01
        2614   -2.77914528027586760E-01    8.17622351517291041E-02   -4.84247046729235298E-01
        2615   -2.80603687510056321E-01    6.21096842372914279E-02   -5.18772062217833008E-01
        2616   -2.86459306699480387E-01    4.31580072646546853E-02   -4.84247046729235298E-01
        2617   -2.89667890489385682E-01    3.74982736032441338E-03   -4.84247046729235298E-01
        2618   -2.86955133861776512E-01   -1.58994802011670038E-02   -5.18772062217833008E-01
        2619   -2.87480509552170138E-01   -3.57282047327818555E-02   -4.84247046729235298E-01
        2620   -2.79937910656010647E-01   -7.45406879720758309E-02   -4.84247046729235298E-01
        2621   -2.72024430667356709E-01   -9.27294529283864827E-02   -5.18772062217833008E-01
        2622   -2.67180598147197024E-01   -1.11964619230848883E-01   -4.84247046729235298E-01
        2623   -2.49446216620006961E-01   -1.47302861478545377E-01   -4.84247046729235298E-01
        2624   -2.36918919879304524E-01   -1.62682106340928168E-01   -5.18772062217833008E-01
        2625   -2.27065124047552580E-01   -1.79897130124614613E-01   -4.84247046729235298E-01
        2626   -2.00454237837806498E-01   -2.09140255614903237E-01   -4.84247046729235298E-01
        2627   -1.84242216635744666E-01   -2.20569372147278675E-01   -5.18772062217833008E-01
        2628   -1.70109268451125478E-01   -2.34487493851646356E-01   -4.84247046729235298E-01
        2629   -1.36595485252295423E-01   -2.55466673745310457E-01   -4.84247046729235298E-01
        2630   -1.17901111036368744E-01   -2.62098016659201793E-01   -5.18772062217833008E-01
        2631   -1.00537186611799334E-01   -2.71686992868608257E-01   -4.84247046729235298E-01
        2632   -6.26060704083872127E-02   -2.82846297366295796E-01   -4.84247046729235298E-01
        2633   -4.28158193931195627E-02   -2.84188050294154948E-01   -5.18772062217833008E-01
        2634   -2.35087215685010932E-02   -2.88736710509795880E-01   -4.84247046729235298E-01
        2635    1.60265502739963019E-02   -2.89248505047334736E-01   -4.84247046729235298E-01
        2636    3.54449257051772590E-02   -2.85201156312613557E-01   -5.18772062217833008E-01
        2637    5.52632778082877973E-02   -2.84372147215030457E-01   -4.84247046729235298E-01
        2638    9.34705550391470019E-02   -2.74198474332875808E-01   -4.84247046729235298E-01
        2639    1.11076882813666206E-01   -2.65062197275840239E-01   -5.18772062217833008E-01
        2640    1.29936652682708792E-01   -2.58917002677336860E-01   -4.84247046729235298E-01
        2641    1.63982276336380850E-01   -2.38812397151701022E-01   -4.84247046729235298E-01
        2642    1.78470775666792925E-01   -2.25264787645984843E-01   -5.18772062217833008E-01
        2643    2.18454955273697848E-01   -1.82476038277035263E-01   -5.53263441975877179E-01
        2644    2.41267404704189947E-01   -1.51030167371356633E-01   -5.53263441975877179E-01
        2645    2.48908344188215058E-01   -1.31108151442419441E-01   -5.87705498253681236E-01
        2646    2.60305484247013719E-01   -1.15156966353942597E-01   -5.53263441975877179E-01
        2647    2.73561523148203478E-01   -7.86394626237380129E-02   -5.53263441975877179E-01
        2648    2.75763242051237478E-01   -5.56717658652744821E-02   -5.87705498253681236E-01
        2649    2.81968623690894260E-01   -3.89071623583399709E-02   -5.53263441975877179E-01
        2650    2.84640210637954527E-01   -1.50056310291441251E-04   -5.53263441975877179E-01
        2651    2.80277442070417493E-01    2.42748150895348604E-02   -5.87705498253681236E-01
        2652    2.81764338950483584E-01    4.03599965895980253E-02   -5.53263441975877179E-01
        2653    2.73644285199319659E-01    7.83509872730955015E-02   -5.53263441975877179E-01
        2654    2.62085230607182251E-01    1.02254794893674464E-01   -5.87705498253681236E-01
        2655    2.59708472856144901E-01    1.16497129388000095E-01   -5.53263441975877179E-01
        2656    2.41426510387044713E-01    1.50775701328992567E-01   -5.53263441975877179E-01
        2657    2.22660432441035727E-01    1.71950699348209390E-01   -5.87705498253681236E-01
        2658    2.17511517069410049E-01    1.83599596870687914E-01   -5.53263441975877179E-01
        2659    1.90485461180402604E-01    2.11507354736909098E-01   -5.53263441975877179E-01
        2660    1.65197010251096316E-01    2.27716180771737220E-01   -5.87705498253681236E-01
        2661    1.58445958859947000E-01    2.36463422435410436E-01   -5.53263441975877179E-01
        2662    1.24771752781940207E-01    2.55836044639213722E-01   -5.53263441975877179E-01
        2663    9.43503087550623259E-02    2.65033451509411822E-01   -5.87705498253681236E-01
        2664    8.70924909273244618E-02    2.70988874408137403E-01   -5.53263441975877179E-01
        2665    4.93816597964774340E-02    2.80323962059365051E-01   -5.53263441975877179E-01
        2666    1.58599063665850817E-02    2.80879288220421297E-01   -5.87705498253681236E-01
        2667    8.98476637761795420E-03    2.84498411246978666E-01   -5.53263441975877179E-01
        2668   -2.98381135539812492E-02    2.83072003222599011E-01   -5.53263441975877179E-01
        2669   -6.39153713132178808E-02    2.73969955453259140E-01   -5.87705498253681236E-01
        2670   -6.98197509393274768E-02    2.75944332081102306E-01   -5.53263441975877179E-01
        2671   -1.06743861047934804E-01    2.63867050154987237E-01   -5.53263441975877179E-01
        2672   -1.38512605728573851E-01    2.44865206257336543E-01   -5.87705498253681236E-01
        2673   -1.43209559022860339E-01    2.45990028727575138E-01   -5.53263441975877179E-01
        2674   -1.75371335384931576E-01    2.24198498554787878E-01   -5.53263441975877179E-01
        2675   -2.04266275584090468E-01    1.98230574553775074E-01   -5.53263441975877179E-01
        2676   -2.01888372593984899E-01    1.95922934319899489E-01   -5.87705498253681236E-01
        2677   -2.30398291584733406E-01    1.67142751155267083E-01   -5.53263441975877179E-01
        2678   -2.51011617809316578E-01    1.34213411228777585E-01   -5.53263441975877179E-01
        2679   -2.48908344188215142E-01    1.31108151442419274E-01   -5.87705498253681236E-01
        2680   -2.67557241382012645E-01    9.71246344289789093E-02   -5.53263441975877179E-01
        2681   -2.78290334812302143E-01    5.97876373422813814E-02   -5.53263441975877179E-01
        2682   -2.75763242051237423E-01    5.56717658652747666E-02   -5.87705498253681236E-01
        2683   -2.83966408404549009E-01    1.95742414089603856E-02   -5.53263441975877179E-01
        2684   -2.83986888814058813E-01   -1.92748284201643416E-02   -5.53263441975877179E-01
        2685   -2.80277442070417493E-01   -2.42748150895350755E-02   -5.87705498253681236E-01
        2686   -2.78353217671850839E-01   -5.94941866121605628E-02   -5.53263441975877179E-01
        2687   -2.67659496749809378E-01   -9.68424794630649288E-02   -5.53263441975877179E-01
        2688   -2.62085230607182418E-01   -1.02254794893673964E-01   -5.87705498253681236E-01
        2689   -2.51152987203251243E-01   -1.33948680649713298E-01   -5.53263441975877179E-01
        2690   -2.30574391732368655E-01   -1.66899736087758904E-01   -5.53263441975877179E-01
        2691   -2.22660432441035755E-01   -1.71950699348209363E-01   -5.87705498253681236E-01
        2692   -2.04475167936168628E-01   -1.98015094693285959E-01   -5.53263441975877179E-01
        2693   -1.75607623272920427E-01   -2.24013469856951752E-01   -5.53263441975877179E-01
        2694   -1.65197010251096343E-01   -2.27716180771737192E-01   -5.87705498253681236E-01
        2695   -1.41939750139556009E-01   -2.46724906240200603E-01   -5.53263441975877179E-01
        2696   -1.07022011915853102E-01   -2.63754357299359810E-01   -5.53263441975877179E-01
        2697   -9.43503087550623537E-02   -2.65033451509411822E-01   -5.87705498253681236E-01
        2698   -6.83965234446152065E-02   -2.76300538561917330E-01   -5.53263441975877179E-01
        2699   -3.01365560548600281E-02   -2.83040385842846909E-01   -5.53263441975877179E-01
        2700   -1.58599063665851164E-02   -2.80879288220421297E-01   -5.87705498253681236E-01
        2701    1.04510373684855995E-02   -2.84448321926563441E-01   -5.53263441975877179E-01
        2702    4.90860706802498589E-02   -2.80375872168217910E-01   -5.53263441975877179E-01
        2703    6.39153713132178530E-02   -2.73969955453259195E-01   -5.87705498253681236E-01
        2704    8.84880921603457132E-02   -2.70536373847838685E-01   -5.53263441975877179E-01
        2705    1.24501940780331846E-01   -2.55967456468290333E-01   -5.53263441975877179E-01
        2706    1.38512605728573823E-01   -2.44865206257336571E-01   -5.87705498253681236E-01
        2707    1.59662657710671230E-01   -2.35643603269175134E-01   -5.53263441975877179E-01
        2708    1.90262350938900204E-01   -2.11708076945869406E-01   -5.53263441975877179E-01
        2709    2.01888372593984872E-01   -1.95922934319899544E-01   -5.87705498253681236E-01
        2710    2.35527467530567358E-01   -1.46421345724441709E-01   -6.22074846191308928E-01
        2711    2.53968067650201357E-01   -1.11411934096584578E-01   -6.22074846191308928E-01
        2712    2.57334641943886056E-01   -8.96426744380525997E-02   -6.56336630045334601E-01
        2713    2.67736541306173526E-01   -7.23155785050951516E-02   -6.22074846191308928E-01
        2714    2.75302949219482229E-01   -3.34766276105302810E-02   -6.22074846191308928E-01
        2715    2.72324627966939237E-01   -9.80938466280567925E-03   -6.56336630045334601E-01
        2716    2.77217475181924577E-01    7.92905409730421985E-03   -6.22074846191308928E-01
        2717    2.73267378947646300E-01    4.73005079063895939E-02   -6.22074846191308928E-01
        2718    2.63117375718183943E-01    7.08955119875070983E-02   -6.56336630045334601E-01
        2719    2.63165433215524047E-01    8.75005897443239949E-02   -6.22074846191308928E-01
        2720    2.48034156280329682E-01    1.24062305973345249E-01   -6.22074846191308928E-01
        2721    2.30530989965283289E-01    1.45301031277899700E-01   -6.56336630045334601E-01
        2722    2.26773292457421671E-01    1.59644205260133565E-01   -6.22074846191308928E-01
        2723    2.01745328067428703E-01    1.90292461879299157E-01   -6.22074846191308928E-01
        2724    1.77460914085380783E-01    2.06795916296177940E-01   -6.56336630045334601E-01
        2725    1.71130379685240946E-01    2.18235633190146577E-01   -6.22074846191308928E-01
        2726    1.38330350326753226E-01    2.40368701422620068E-01   -6.22074846191308928E-01
        2727    1.08622657214597823E-01    2.49916076642609591E-01   -6.56336630045334601E-01
        2728    1.00960218627763165E-01    2.58301050520034103E-01   -6.22074846191308928E-01
        2729    6.31725169441684636E-02    2.70040055451145455E-01   -6.22074846191308928E-01
        2730    3.01328005676182870E-02    2.70830096840707302E-01   -6.56336630045334601E-01
        2731    2.22195503018445990E-02    2.76439306231047288E-01   -6.22074846191308928E-01
        2732   -1.73480278409331307E-02    2.76787724393892043E-01   -6.22074846191308928E-01
        2733   -5.10344876454118454E-02    2.67679674416204105E-01   -6.56336630045334601E-01
        2734   -5.84073343967386749E-02    2.71110644818285396E-01   -6.22074846191308928E-01
        2735   -9.63958995204817620E-02    2.60038899014659208E-01   -6.22074846191308928E-01
        2736   -1.27667137669986497E-01    2.40744738226918359E-01   -6.56336630045334601E-01
        2737   -1.34076023770654779E-01    2.42767416048714740E-01   -6.22074846191308928E-01
        2738   -1.67260728723328062E-01    2.21215386155801108E-01   -6.22074846191308928E-01
        2739   -1.92956002254577180E-01    1.92418575555288712E-01   -6.56336630045334601E-01
        2740   -1.98363007044203454E-01    1.93815675014948757E-01   -6.22074846191308928E-01
        2741   -2.23926804092911241E-01    1.63612911635524327E-01   -6.22074846191308928E-01
        2742   -2.44932097161865397E-01    1.30079461195876295E-01   -6.22074846191308928E-01
        2743   -2.41099879265380207E-01    1.26995178030560735E-01   -6.56336630045334601E-01
        2744   -2.61583745685230018E-01    9.21213462689503826E-02   -6.22074846191308928E-01
        2745   -2.72031434822552487E-01    5.39564353298317562E-02   -6.22074846191308928E-01
        2746   -2.67820973954060904E-01    5.02877016286584280E-02   -6.56336630045334601E-01
        2747   -2.77034857851138128E-01    1.28096050102505746E-02   -6.22074846191308928E-01
        2748   -2.76038039314871253E-01   -2.67469492899760387E-02   -6.22074846191308928E-01
        2749   -2.70744999793937624E-01   -3.08880577468938766E-02   -6.56336630045334601E-01
        2750   -2.68968496549811475E-01   -6.75895428957246497E-02   -6.22074846191308928E-01
        2751   -2.56611790209310686E-01   -1.05179786892214605E-01   -6.22074846191308928E-01
        2752   -2.49612144257261165E-01   -1.09319277641626328E-01   -6.56336630045334601E-01
        2753   -2.38069414737439422E-01   -1.42251018315131927E-01   -6.22074846191308928E-01
        2754   -2.15401780697433820E-01   -1.74683918313889380E-01   -6.22074846191308928E-01
        2755   -2.06300154298474425E-01   -1.78036999978151672E-01   -6.56336630045334601E-01
        2756   -1.86960633727371484E-01   -2.04836812808095070E-01   -6.22074846191308928E-01
        2757   -1.55906326163800762E-01   -2.29359141756384999E-01   -6.22074846191308928E-01
        2758   -1.44657490296952879E-01   -2.30935353564112655E-01   -6.56336630045334601E-01
        2759   -1.19980775058681738E-01   -2.50034021807907125E-01   -6.22074846191308928E-01
        2760   -8.31759923901646409E-02   -2.64564080583570949E-01   -6.22074846191308928E-01
        2761   -7.01613734636065134E-02   -2.63314087542795672E-01   -6.56336630045334601E-01
        2762   -4.28157551582699011E-02   -2.74005856790226376E-01   -6.22074846191308928E-01
        2763   -3.38485331094597226E-03   -2.77310189522819939E-01   -6.22074846191308928E-01
        2764    1.05688893000969123E-02   -2.72296209308460713E-01   -6.56336630045334601E-01
        2765    3.79838917841121074E-02   -2.74717350034634322E-01   -6.22074846191308928E-01
        2766    7.66936257750438222E-02   -2.66515452104744754E-01   -6.22074846191308928E-01
        2767    9.03600598686799816E-02   -2.57083617924836472E-01   -6.56336630045334601E-01
        2768    1.15559088293995943E-01   -2.52108102919718524E-01   -6.22074846191308928E-01
        2769    1.50261587292013332E-01   -2.33096232980294249E-01   -6.22074846191308928E-01
        2770    1.62122342579339496E-01   -2.19028018895715770E-01   -6.56336630045334601E-01
        2771    1.83324480312373889E-01   -2.08097413158638278E-01   -6.22074846191308928E-01
        2772    2.11073851133627005E-01   -1.79889487777186191E-01   -6.22074846191308928E-01
        2773    2.19479343689643058E-01   -1.61510819199081140E-01   -6.56336630045334601E-01
        2774    2.44553980391957693E-01   -1.06292094287991190E-01   -6.90439057471515238E-01
        2775    2.57664529096917228E-01   -6.86560199759725653E-02   -6.90439057471515238E-01
        2776    2.55465281657321186E-01   -4.59922132315354962E-02   -7.24305685798368515E-01
        2777    2.65232418930694380E-01   -2.75031376728157272E-02   -6.90439057471515238E-01
        2778    2.66369121918639762E-01    1.23348904320252483E-02   -6.90439057471515238E-01
        2779    2.57174296304832850E-01    3.52019194122067600E-02   -7.24305685798368515E-01
        2780    2.61160074027541489E-01    5.38523385528082987E-02   -6.90439057471515238E-01
        2781    2.50216857200872389E-01    9.21747416931311819E-02   -6.90439057471515238E-01
        2782    2.33709298991342657E-01    1.12950242917687682E-01   -7.24305685798368515E-01
        2783    2.32716966070673881E-01    1.30182457867940304E-01   -6.90439057471515238E-01
        2784    2.10715021299247407E-01    1.63413091374390640E-01   -6.90439057471515238E-01
        2785    1.87367207144144787E-01    1.79642209675768022E-01   -7.24305685798368515E-01
        2786    1.82557330195799616E-01    1.94364296683982141E-01   -6.90439057471515238E-01
        2787    1.51549820409447172E-01    2.19402166278142158E-01   -6.90439057471515238E-01
        2788    1.22684307597582795E-01    2.28749545309911262E-01   -7.24305685798368515E-01
        2789    1.15361930127309067E-01    2.40408576616931657E-01   -6.90439057471515238E-01
        2790    7.82423936155366984E-02    2.54917214944359261E-01   -6.90439057471515238E-01
        2791    4.59922132315355101E-02    2.55465281657321186E-01   -7.24305685798368515E-01
        2792    3.74012617649544313E-02    2.64018568006241905E-01   -6.90439057471515238E-01
        2793   -2.36640511533644377E-03    2.66644067551684627E-01   -6.90439057471515238E-01
        2794   -3.52019194122067391E-02    2.57174296304832850E-01   -7.24305685798368515E-01
        2795   -4.40495928051414590E-02    2.62991049291375067E-01   -6.90439057471515238E-01
        2796   -8.27543772188251842E-02    2.53488405424787844E-01   -6.90439057471515238E-01
        2797   -1.12950242917687474E-01    2.33709298991342768E-01   -7.24305685798368515E-01
        2798   -1.21389856608773161E-01    2.37421905784151926E-01   -6.90439057471515238E-01
        2799   -1.55419931083739332E-01    2.16677879940715079E-01   -6.90439057471515238E-01
        2800   -1.79642209675768189E-01    1.87367207144144621E-01   -7.24305685798368515E-01
        2801   -1.87402342062086474E-01    1.89697181906642892E-01   -6.90439057471515238E-01
        2802   -2.13582110616377024E-01    1.59647551369668461E-01   -6.90439057471515238E-01
        2803   -2.34990807753311326E-01    1.26031658344733011E-01   -6.90439057471515238E-01
        2804   -2.28749545309911151E-01    1.22684307597583017E-01   -7.24305685798368515E-01
        2805   -2.51813376016270629E-01    8.77193381927014598E-02   -6.90439057471515238E-01
        2806   -2.62074717612422348E-01    4.92087494460721891E-02   -6.90439057471515238E-01
        2807   -2.55465281657321186E-01    4.59922132315353019E-02   -7.24305685798368515E-01
        2808   -2.66546087345447824E-01    7.60538983288432460E-03   -6.90439057471515238E-01
        2809   -2.64702512312720739E-01   -3.22061889861430320E-02   -6.90439057471515238E-01
        2810   -2.57174296304832906E-01   -3.52019194122064963E-02   -7.24305685798368515E-01
        2811   -2.56405427192483382E-01   -7.32182732650623613E-02   -6.90439057471515238E-01
        2812   -2.42628973046419005E-01   -1.10615731576106838E-01   -6.90439057471515238E-01
        2813   -2.33709298991342573E-01   -1.12950242917687876E-01   -7.24305685798368515E-01
        2814   -2.22337694974378081E-01   -1.47209401965899073E-01   -6.90439057471515238E-01
        2815   -1.97913943751067467E-01   -1.78702908489415863E-01   -6.90439057471515238E-01
        2816   -1.87367207144144954E-01   -1.79642209675767828E-01   -7.24305685798368515E-01
        2817   -1.67522000793456305E-01   -2.07463341060136336E-01   -6.90439057471515238E-01
        2818   -1.34730111955396609E-01   -2.30114005584543951E-01   -6.90439057471515238E-01
        2819   -1.22684307597582629E-01   -2.28749545309911373E-01   -7.24305685798368515E-01
        2820   -9.70735993435402067E-02   -2.48357353312051277E-01   -6.90439057471515238E-01
        2821   -5.89736246843748646E-02   -2.60051476106681057E-01   -6.90439057471515238E-01
        2822   -4.59922132315357668E-02   -2.55465281657321130E-01   -7.24305685798368515E-01
        2823   -1.75665479557198627E-02   -2.66075318334107469E-01   -6.90439057471515238E-01
        2824    2.22861242890847362E-02   -2.65721634982642507E-01   -6.90439057471515238E-01
        2825    3.52019194122069404E-02   -2.57174296304832850E-01   -7.24305685798368515E-01
        2826    6.35797669355084999E-02   -2.58963842785249976E-01   -6.90439057471515238E-01
        2827    1.01466191456443894E-01   -2.46595358076751925E-01   -6.90439057471515238E-01
        2828    1.12950242917687446E-01   -2.33709298991342768E-01   -7.24305685798368515E-01
        2829    1.38792987188264272E-01   -2.27686550637132584E-01   -6.90439057471515238E-01
        2830    1.71177703680419707E-01   -2.04457458646965601E-01   -6.90439057471515238E-01
        2831    1.79642209675768189E-01   -1.87367207144144649E-01   -7.24305685798368515E-01
        2832    2.01054415261923303E-01   -1.75162155551258691E-01   -6.90439057471515238E-01
        2833    2.24915368171320684E-01   -1.43240133321763191E-01   -6.90439057471515238E-01
        2834    2.28749545309911151E-01   -1.22684307597583045E-01   -7.24305685798368515E-01
        2835    2.42777343119378458E-01   -6.37177668542055070E-02   -7.57824919117289109E-01
        2836    2.49756005931071057E-01   -2.49545516158897820E-02   -7.57824919117289109E-01
        2837    2.40627794505065967E-01   -3.07491957677055727E-03   -7.90836395015587668E-01
        2838    2.50457043741686092E-01    1.64942834086977443E-02   -7.57824919117289109E-01
        2839    2.44793227522328183E-01    5.54713250625309545E-02   -7.57824919117289109E-01
        2840    2.28588341629713032E-01    7.52234051991363672E-02   -7.90836395015587668E-01
        2841    2.32324286942086150E-01    9.50064094776901097E-02   -7.57824919117289109E-01
        2842    2.14601712607741996E-01    1.30180248466560455E-01   -7.57824919117289109E-01
        2843    1.91777795025209280E-01    1.45370106810322863E-01   -7.90836395015587668E-01
        2844    1.90247860301231281E-01    1.63727040514981825E-01   -7.57824919117289109E-01
        2845    1.62293041447117314E-01    1.91472611208066967E-01   -7.57824919117289109E-01
        2846    1.34185148590632991E-01    1.99763701698996377E-01   -7.90836395015587668E-01
        2847    1.28564219903196525E-01    2.15573731019514131E-01   -7.57824919117289109E-01
        2848    9.32582197273324476E-02    2.33031535630437547E-01   -7.57824919117289109E-01
        2849    6.20514592091556266E-02    2.32509799855383198E-01   -7.90836395015587668E-01
        2850    5.36305690336868826E-02    2.45203087684707277E-01   -7.57824919117289109E-01
        2851    1.46120738858851670E-02    2.50573900160700580E-01   -7.57824919117289109E-01
        2852   -1.68064686052271026E-02    2.40059853436174059E-01   -7.90836395015587668E-01
        2853   -2.68303241884973488E-02    2.49561467075611332E-01   -7.57824919117289109E-01
        2854   -6.55400129719947711E-02    2.42291763881115174E-01   -7.57824919117289109E-01
        2855   -9.38431547670040694E-02    2.21595696984738383E-01   -7.90836395015587668E-01
        2856   -1.04526046224497071E-01    2.28199688443401716E-01   -7.57824919117289109E-01
        2857   -1.38937453328434879E-01    2.09038695479091347E-01   -7.57824919117289109E-01
        2858   -1.60710478983199817E-01    1.79118208353495845E-01   -7.90836395015587668E-01
        2859   -1.71449165991690189E-01    1.83319326929118925E-01   -7.57824919117289109E-01
        2860   -1.98015803094444554E-01    1.54241803250135395E-01   -7.57824919117289109E-01
        2861   -2.10162329121552000E-01    1.17230482541787417E-01   -7.90836395015587668E-01
        2862   -2.20702492044690807E-01    1.19545816113549114E-01   -7.57824919117289109E-01
        2863   -2.36686363924353216E-01    8.35485324662255668E-02   -7.57824919117289109E-01
        2864   -2.46842232007191603E-01    4.54940066679019525E-02   -7.57824919117289109E-01
        2865   -2.36839829895054588E-01    4.26390149283196393E-02   -7.90836395015587668E-01
        2866   -2.50963693085183015E-01    4.24463167275824366E-03   -7.57824919117289109E-01
        2867   -2.48537920257952599E-01   -3.50669978589969109E-02   -7.57824919117289109E-01
        2868   -2.37852060150824052E-01   -3.65730515651160881E-02   -7.90836395015587668E-01
        2869   -2.39376348825659002E-01   -7.54967268687042059E-02   -7.57824919117289109E-01
        2870   -2.24618938669343737E-01   -1.12013947953140666E-01   -7.57824919117289109E-01
        2871   -2.13089329034277242E-01   -1.11821860432106013E-01   -7.90836395015587668E-01
        2872   -2.03118539245755625E-01   -1.47457285881918199E-01   -7.57824919117289109E-01
        2873   -1.77550411338526309E-01   -1.77416582028037673E-01   -7.57824919117289109E-01
        2874   -1.65235062695253870E-01   -1.74953035626339959E-01   -7.90836395015587668E-01
        2875   -1.45927045519645499E-01   -2.04220688302871545E-01   -7.57824919117289109E-01
        2876   -1.12183287312442120E-01   -2.24534412045827331E-01   -7.57824919117289109E-01
        2877   -9.94750134270355885E-02   -2.19125334734409372E-01   -7.90836395015587668E-01
        2878   -7.36961039388943778E-02   -2.39936817535823355E-01   -7.57824919117289109E-01
        2879   -3.52543949130611559E-02   -2.48511407754865910E-01   -7.57824919117289109E-01
        2880   -2.29353029401312900E-02   -2.39552003744114561E-01   -7.90836395015587668E-01
        2881    6.13006242237935841E-03   -2.50924718749845455E-01   -7.57824919117289109E-01
        2882    4.53078653247067226E-02   -2.46876466040628406E-01   -7.57824919117289109E-01
        2883    5.60898034982287089E-02   -2.34019496115827813E-01   -7.90836395015587668E-01
        2884    8.53244558739855857E-02   -2.36051963293677336E-01   -7.57824919117289109E-01
        2885    1.21200632833902311E-01   -2.19798086310260932E-01   -7.57824919117289109E-01
        2886    1.29036709404582256E-01   -2.03127344896774698E-01   -7.90836395015587668E-01
        2887    1.55725190136009883E-01   -1.96851358395350895E-01   -7.57824919117289109E-01
        2888    1.84602291577317251E-01   -1.70067004705188068E-01   -7.57824919117289109E-01
        2889    1.88000485636107884E-01   -1.50223194012653882E-01   -7.90836395015587668E-01
        2890    2.10076665891054171E-01   -1.37362973879753020E-01   -7.57824919117289109E-01
        2891    2.28978576866908728E-01   -1.02808576884404326E-01   -7.57824919117289109E-01
        2892    2.26591492120864185E-01   -8.10400291042408516E-02   -7.90836395015587668E-01
        2893    2.27162686555165833E-01   -2.17491189862978156E-02   -8.23114514678154441E-01
        2894    2.27644270923534064E-01    1.59372599694325920E-02   -8.23114514678154441E-01
        2895    2.10189892292982711E-01    3.65181058234419972E-02   -8.54350449541510737E-01
        2896    2.20839730780287596E-01    5.74954228485254903E-02   -8.23114514678154441E-01
        2897    2.08364329128780251E-01    9.30602852260511842E-02   -8.23114514678154441E-01
        2898    1.82804376071039970E-01    1.09981466458424576E-01   -8.54350449541510737E-01
        2899    1.87716747929114358E-01    1.29762602033706154E-01   -8.23114514678154441E-01
        2900    1.63798313842381804E-01    1.58889970489119459E-01   -8.23114514678154441E-01
        2901    1.30730115906687150E-01    1.68591220619852905E-01   -8.54350449541510737E-01
        2902    1.31813380817377729E-01    1.86282427988078397E-01   -8.23114514678154441E-01
        2903    9.93545381977499337E-02    2.05437547880499449E-01   -8.23114514678154441E-01
        2904    6.10000291885568965E-02    2.04431796240367142E-01   -8.54350449541510737E-01
        2905    5.99137880154446412E-02    2.20195931718279059E-01   -8.23114514678154441E-01
        2906    2.28535828760536713E-02    2.27054231604187445E-01   -8.23114514678154441E-01
        2907   -1.48300084293513639E-02    2.27719083938140804E-01   -8.23114514678154441E-01
        2908   -1.69684494843184985E-02    2.12662724982931373E-01   -8.54350449541510737E-01
        2909   -5.64207712254022609E-02    2.21116726897743920E-01   -8.23114514678154441E-01
        2910   -9.20458825128261521E-02    2.08814429223834197E-01   -8.23114514678154441E-01
        2911   -9.26452450289118601E-02    1.92172374311711774E-01   -8.54350449541510737E-01
        2912   -1.28848177129794766E-01    1.88345580224144604E-01   -8.23114514678154441E-01
        2913   -1.58091519542989445E-01    1.64569079076931218E-01   -8.23114514678154441E-01
        2914   -1.55809786867326355E-01    1.45728079625808943E-01   -8.54350449541510737E-01
        2915   -1.85639199926813325E-01    1.32717737285463433E-01   -8.23114514678154441E-01
        2916   -2.04951944793937330E-01    1.00352432281552245E-01   -8.23114514678154441E-01
        2917   -1.97931353617474687E-01    7.96024002792752455E-02   -8.54350449541510737E-01
        2918   -2.19901959503795680E-01    6.09839203891620676E-02   -8.23114514678154441E-01
        2919   -2.26940406787143639E-01    2.39575062752038527E-02   -8.23114514678154441E-01
        2920   -2.13321194286090615E-01    2.72597568289881069E-03   -8.54350449541510737E-01
        2921   -2.27478495329240360E-01   -1.81506061161997856E-02   -8.23114514678154441E-01
        2922   -2.21388493571996608E-01   -5.53447852427188941E-02   -8.23114514678154441E-01
        2923   -1.99900825612826766E-01   -7.45186070346058188E-02   -8.54350449541510737E-01
        2924   -2.07449356158803888E-01   -9.50824640453664105E-02   -8.23114514678154441E-01
        2925   -1.88969958118423625E-01   -1.27930704947490537E-01   -8.23114514678154441E-01
        2926   -1.59482742751837103E-01   -1.41699038950231143E-01   -8.54350449541510737E-01
        2927   -1.62245180130768996E-01   -1.60475580273058915E-01   -8.23114514678154441E-01
        2928   -1.33618954959487224E-01   -1.84991581471090683E-01   -8.23114514678154441E-01
        2929   -9.75256317578269971E-02   -1.89742230474147483E-01   -8.54350449541510737E-01
        2930   -9.73517244376132379E-02   -2.06394166799024809E-01   -8.23114514678154441E-01
        2931   -6.20526104841678111E-02   -2.19602786575536890E-01   -8.23114514678154441E-01
        2932   -2.50608630757975549E-02   -2.26821214796007975E-01   -8.23114514678154441E-01
        2933   -2.23971437867415794E-02   -2.12159682374535530E-01   -8.54350449541510737E-01
        2934    1.70441345909649149E-02   -2.27564074088344920E-01   -8.23114514678154441E-01
        2935    5.42674903477009876E-02   -2.21655024375724069E-01   -8.23114514678154441E-01
        2936    5.57562025596016753E-02   -2.05923793552858864E-01   -8.54350449541510737E-01
        2937    9.40724870498055588E-02   -2.07909301186610745E-01   -8.23114514678154441E-01
        2938    1.27010207185145579E-01   -1.89589866845322336E-01   -8.23114514678154441E-01
        2939    1.26379364794486471E-01   -1.71876755348737836E-01   -8.54350449541510737E-01
        2940    1.59684663664013071E-01   -1.63023674753551284E-01   -8.23114514678154441E-01
        2941    1.84339587937181526E-01   -1.34517012525519536E-01   -8.23114514678154441E-01
        2942    1.79934293521640976E-01   -1.14616808932790193E-01   -8.54350449541510737E-01
        2943    2.05918292338754388E-01   -9.83542943644655776E-02   -8.23114514678154441E-01
        2944    2.19298420008986528E-01   -6.31198330257835283E-02   -8.23114514678154441E-01
        2945    2.09188098858358013E-01   -4.18772273568059697E-02   -8.54350449541510737E-01
        2946    1.95751808127775928E-01   -2.06650073382586494E-02   -8.82478067630966145E-01
        2947    1.77698578926170997E-01   -2.27076360911789010E-03   -9.08885381890881972E-01
        2948    1.96215946738169195E-01    1.56561540369220056E-02   -8.82478067630966145E-01
        2949    1.89998186617483217E-01    5.14441638638621912E-02   -8.82478067630966145E-01
        2950    1.66519284482947394E-01    6.20747067253350354E-02   -9.08885381890881972E-01
        2951    1.77310266129246635E-01    8.54803043908923810E-02   -8.82478067630966145E-01
        2952    1.58584257188202932E-01    1.16605515674215815E-01   -8.82478067630966145E-01
        2953    1.32850637955093331E-01    1.18036643948707012E-01   -9.08885381890881972E-01
        2954    1.34457851569467185E-01    1.43759865974155049E-01   -8.82478067630966145E-01
        2955    1.05752645079951441E-01    1.66018646459298980E-01   -8.82478067630966145E-01
        2956    8.12397766206060523E-02    1.58057078343183194E-01   -9.08885381890881972E-01
        2957    7.34461590985554941E-02    1.82623861056690956E-01   -8.82478067630966145E-01
        2958    3.86385522580167326E-02    1.93010039098976377E-01   -8.82478067630966145E-01
        2959    1.86570332883635483E-02    1.76731028482906782E-01   -9.08885381890881972E-01
        2960    2.51515586216693662E-03    1.96823491749772816E-01   -8.82478067630966145E-01
        2961   -3.36938911499719898E-02    1.93934356452789780E-01   -8.82478067630966145E-01
        2962   -4.64454457716627633E-02    1.71536473925578414E-01   -9.08885381890881972E-01
        2963   -6.87555331103671813E-02    1.84441019245430021E-01   -8.82478067630966145E-01
        2964   -1.01475787853861202E-01    1.68666764340287378E-01   -8.82478067630966145E-01
        2965   -1.05275210017126669E-01    1.43174968048185663E-01   -9.08885381890881972E-01
        2966   -1.30740406348784838E-01    1.47148765069022969E-01   -8.82478067630966145E-01
        2967   -1.55552817111334785E-01    1.20619791088823869E-01   -8.82478067630966145E-01
        2968   -1.49886973799700729E-01    9.54768893759999765E-02   -9.08885381890881972E-01
        2969   -1.75068063252198619E-01    8.99832547905890512E-02   -8.82478067630966145E-01
        2970   -1.88621576470007352E-01    5.62824466734793902E-02   -8.82478067630966145E-01
        2971   -1.74255671218231961E-01    3.48841277378775863E-02   -9.08885381890881972E-01
        2972   -1.95751808127775956E-01    2.06650073382585037E-02   -8.82478067630966145E-01
        2973   -1.96215946738169250E-01   -1.56561540369216344E-02   -8.82478067630966145E-01
        2974   -1.75090174654733560E-01   -3.04199286508699089E-02   -9.08885381890881972E-01
        2975   -1.89998186617483217E-01   -5.14441638638621704E-02   -8.82478067630966145E-01
        2976   -1.77310266129246497E-01   -8.54803043908926724E-02   -8.82478067630966145E-01
        2977   -1.52277779795962964E-01   -9.16156051126735121E-02   -9.08885381890881972E-01
        2978   -1.58584257188202848E-01   -1.16605515674215926E-01   -8.82478067630966145E-01
        2979   -1.34457851569467213E-01   -1.43759865974155021E-01   -8.82478067630966145E-01
        2980   -1.08899426975440639E-01   -1.40438086444417881E-01   -9.08885381890881972E-01
        2981   -1.05752645079951468E-01   -1.66018646459298952E-01   -8.82478067630966145E-01
        2982   -7.34461590985556745E-02   -1.82623861056690873E-01   -8.82478067630966145E-01
        2983   -5.08136031093292112E-02   -1.70293626007542304E-01   -9.08885381890881972E-01
        2984   -3.86385522580167534E-02   -1.93010039098976377E-01   -8.82478067630966145E-01
        2985   -2.51515586216696048E-03   -1.96823491749772816E-01   -8.82478067630966145E-01
        2986    1.41348794245922654E-02   -1.77150067748791329E-01   -9.08885381890881972E-01
        2987    3.36938911499723159E-02   -1.93934356452789725E-01   -8.82478067630966145E-01
        2988    6.87555331103671674E-02   -1.84441019245430021E-01   -8.82478067630966145E-01
        2989    7.71743681681518190E-02   -1.60081411218153835E-01   -9.08885381890881972E-01
        2990    1.01475787853861188E-01   -1.68666764340287406E-01   -8.82478067630966145E-01
        2991    1.30740406348784810E-01   -1.47148765069022969E-01   -8.82478067630966145E-01
        2992    1.29791030852665634E-01   -1.21392873060783557E-01   -9.08885381890881972E-01
        2993    1.55552817111334563E-01   -1.20619791088824174E-01   -8.82478067630966145E-01
        2994    1.75068063252198619E-01   -8.99832547905890789E-02   -8.82478067630966145E-01
        2995    1.64878695623597721E-01   -6.63095547354235759E-02   -9.08885381890881972E-01
        2996    1.88621576470007352E-01   -5.62824466734794110E-02   -8.82478067630966145E-01
        2997    1.55242504429760841E-01    4.20336687349524701E-02   -9.28013718225019435E-01
        2998    1.44875539419904886E-01    6.98437009810879417E-02   -9.28013718225019435E-01
        2999    1.21893760972376156E-01    7.33355233173677290E-02   -9.45495615294146940E-01
        3000    1.29575011674161550E-01    9.52752897585986691E-02   -9.28013718225019435E-01
        3001    1.09861962313951872E-01    1.17462392813495242E-01   -9.28013718225019435E-01
        3002    8.71707004105204408E-02    1.12416444233760779E-01   -9.45495615294146940E-01
        3003    8.64076955920410061E-02    1.35649454961740329E-01   -9.28013718225019435E-01
        3004    6.00109184313511596E-02    1.49217137614852252E-01   -9.28013718225019435E-01
        3005    4.06747537286983110E-02    1.36314901435362873E-01   -9.45495615294146940E-01
        3006    3.15705414186450706E-02    1.57703409612720974E-01   -9.28013718225019435E-01
        3007    2.05506748261792766E-03    1.60819281140620468E-01   -9.28013718225019435E-01
        3008   -1.13145438307755471E-02    1.41803275851174942E-01   -9.45495615294146940E-01
        3009   -2.75303893117477098E-02    1.58458644930744130E-01   -9.28013718225019435E-01
        3010   -5.61783317171647562E-02    1.50701889617948198E-01   -9.28013718225019435E-01
        3011   -6.17757495498513429E-02    1.28140332104209081E-01   -9.45495615294146940E-01
        3012   -8.29131884144358039E-02    1.37813162201207429E-01   -9.28013718225019435E-01
        3013   -1.06824535923661937E-01    1.20231372834374226E-01   -9.28013718225019435E-01
        3014   -1.03893797980974700E-01    9.71713264564777468E-02   -9.45495615294146940E-01
        3015   -1.27098101983916967E-01    9.85552482673037467E-02   -9.28013718225019435E-01
        3016   -1.43043494618480926E-01    7.35229429244821236E-02   -9.28013718225019435E-01
        3017   -1.31980413299359084E-01    5.30787947258914081E-02   -9.45495615294146940E-01
        3018   -1.54117712605574525E-01    4.59869019414178154E-02   -9.28013718225019435E-01
        3019   -1.59943636733707761E-01    1.68848321679478316E-02   -9.28013718225019435E-01
        3020   -1.42242342472948535E-01    1.81767764781872463E-03   -9.45495615294146940E-01
        3021   -1.60322872144122830E-01   -1.27922303138772661E-02   -9.28013718225019435E-01
        3022   -1.55242504429760841E-01   -4.20336687349524563E-02   -9.28013718225019435E-01
        3023   -1.33293655103537356E-01   -4.96889268686916685E-02   -9.45495615294146940E-01
        3024   -1.44875539419904831E-01   -6.98437009810880388E-02   -9.28013718225019435E-01
        3025   -1.29575011674161550E-01   -9.52752897585986552E-02   -9.28013718225019435E-01
        3026   -1.06342921006752911E-01   -9.44847664757365174E-02   -9.45495615294146940E-01
        3027   -1.09861962313951886E-01   -1.17462392813495228E-01   -9.28013718225019435E-01
        3028   -8.64076955920407980E-02   -1.35649454961740468E-01   -9.28013718225019435E-01
        3029   -6.50299861615392244E-02   -1.26519914812068118E-01   -9.45495615294146940E-01
        3030   -6.00109184313513122E-02   -1.49217137614852197E-01   -9.28013718225019435E-01
        3031   -3.15705414186450845E-02   -1.57703409612720974E-01   -9.28013718225019435E-01
        3032   -1.49343913416168927E-02   -1.41467847581980249E-01   -9.45495615294146940E-01
        3033   -2.05506748261808985E-03   -1.60819281140620468E-01   -9.28013718225019435E-01
        3034    2.75303893117479735E-02   -1.58458644930744103E-01   -9.28013718225019435E-01
        3035    3.71781757833104728E-02   -1.37309763635541315E-01   -9.45495615294146940E-01
        3036    5.61783317171647423E-02   -1.50701889617948198E-01   -9.28013718225019435E-01
        3037    8.29131884144360259E-02   -1.37813162201207290E-01   -9.28013718225019435E-01
        3038    8.42696242573175158E-02   -1.14607235250456505E-01   -9.45495615294146940E-01
        3039    1.06824535923661923E-01   -1.20231372834374239E-01   -9.28013718225019435E-01
        3040    1.27098101983916967E-01   -9.85552482673037605E-02   -9.28013718225019435E-01
        3041    1.19979993021266079E-01   -7.64263646841840810E-02   -9.45495615294146940E-01
        3042    1.43043494618480926E-01   -7.35229429244821375E-02   -9.28013718225019435E-01
        3043    1.54117712605574497E-01   -4.59869019414178293E-02   -9.28013718225019435E-01
        3044    1.39486398895600688E-01   -2.79236900742062116E-02   -9.45495615294146940E-01
        3045    1.59943636733707761E-01   -1.68848321679478490E-02   -9.28013718225019435E-01
        3046    1.60322872144122830E-01    1.27922303138772470E-02   -9.28013718225019435E-01
        3047    1.40154393678265932E-01    2.43502336108013979E-02   -9.45495615294146940E-01
        3048    1.22382677885428864E-01    3.31364980230656331E-02   -9.57670277831266792E-01
        3049    1.03436090167903019E-01    3.85586869528340634E-02   -9.68551108411819017E-01
        3050    1.14210064694788435E-01    5.50600442249505467E-02   -9.57670277831266792E-01
        3051    1.02148164730841484E-01    7.51085866579989797E-02   -9.57670277831266792E-01
        3052    8.25222772789038217E-02    7.33203303419517755E-02   -9.68551108411819017E-01
        3053    8.66077315302057199E-02    9.25993962552298794E-02   -9.57670277831266792E-01
        3054    6.81179759068334528E-02    1.06936844473723494E-01   -9.57670277831266792E-01
        3055    5.04633735716648463E-02    9.81796568364130123E-02   -9.68551108411819017E-01
        3056    4.73085443124610996E-02    1.17632686710272716E-01   -9.57670277831266792E-01
        3057    2.48880769818728836E-02    1.24322688885760660E-01   -9.57670277831266792E-01
        3058    1.15891116363663494E-02    1.09779276642857596E-01   -9.68551108411819017E-01
        3059    1.62007603962510053E-03    1.26779030999874365E-01   -9.57670277831266792E-01
        3060   -2.17030946490848545E-02    1.24918065267975290E-01   -9.57670277831266792E-01
        3061   -2.88503240429078649E-02    1.06552596830712831E-01   -9.68551108411819017E-01
        3062   -4.42871924795135083E-02    1.18803164646080844E-01   -9.57670277831266792E-01
        3063   -6.53631430866850882E-02    1.08642564740854694E-01   -9.57670277831266792E-01
        3064   -6.53933635950229436E-02    8.89353983882590349E-02   -9.68551108411819017E-01
        3065   -8.42132302504887686E-02    9.47822725957730705E-02   -9.57670277831266792E-01
        3066   -1.00195536860749043E-01    7.76942838362485177E-02   -9.57670277831266792E-01
        3067   -9.31046670364936574E-02    5.93069815854159882E-02   -9.68551108411819017E-01
        3068   -1.12765804634517505E-01    5.79605094247031064E-02   -9.57670277831266792E-01
        3069   -1.21495968179132940E-01    3.62529593806683106E-02   -9.57670277831266792E-01
        3070   -1.08241669283915931E-01    2.16688282881329769E-02   -9.68551108411819017E-01
        3071   -1.26088732245760532E-01    1.33108582855569098E-02   -9.57670277831266792E-01
        3072   -1.26387695762524566E-01   -1.00845281238540509E-02   -9.57670277831266792E-01
        3073   -1.08760034306750519E-01   -1.88958203405851163E-02   -9.68551108411819017E-01
        3074   -1.22382677885428892E-01   -3.31364980230655082E-02   -9.57670277831266792E-01
        3075   -1.14210064694788449E-01   -5.50600442249505329E-02   -9.57670277831266792E-01
        3076   -9.45897540363038747E-02   -5.69084837269519528E-02   -9.68551108411819017E-01
        3077   -1.02148164730841498E-01   -7.51085866579989658E-02   -9.57670277831266792E-01
        3078   -8.66077315302057338E-02   -9.25993962552298655E-02   -9.57670277831266792E-01
        3079   -6.76446033433332761E-02   -8.72353410451998379E-02   -9.68551108411819017E-01
        3080   -6.81179759068333696E-02   -1.06936844473723550E-01   -9.57670277831266792E-01
        3081   -4.73085443124613286E-02   -1.17632686710272633E-01   -9.57670277831266792E-01
        3082   -3.15636741371589161E-02   -1.05780582167581530E-01   -9.68551108411819017E-01
        3083   -2.48880769818728975E-02   -1.24322688885760660E-01   -9.57670277831266792E-01
        3084   -1.62007603962522847E-03   -1.26779030999874365E-01   -9.57670277831266792E-01
        3085    8.78010416159508839E-03   -1.10039569517791022E-01   -9.68551108411819017E-01
        3086    2.17030946490850626E-02   -1.24918065267975248E-01   -9.57670277831266792E-01
        3087    4.42871924795134944E-02   -1.18803164646080844E-01   -9.57670277831266792E-01
        3088    4.79380807410889759E-02   -9.94371032543187872E-02   -9.68551108411819017E-01
        3089    6.53631430866850743E-02   -1.08642564740854708E-01   -9.57670277831266792E-01
        3090    8.42132302504885744E-02   -9.47822725957732370E-02   -9.57670277831266792E-01
        3091    8.06217538824232499E-02   -7.54051051963405966E-02   -9.68551108411819017E-01
        3092    1.00195536860749029E-01   -7.76942838362485316E-02   -9.57670277831266792E-01
        3093    1.12765804634517505E-01   -5.79605094247031202E-02   -9.57670277831266792E-01
        3094    1.02417012421376144E-01   -4.11892298474844654E-02   -9.68551108411819017E-01
        3095    1.21495968179132927E-01   -3.62529593806683245E-02   -9.57670277831266792E-01
        3096    1.26088732245760532E-01   -1.33108582855569237E-02   -9.57670277831266792E-01
        3097    1.10380285920565119E-01   -1.41052077032413647E-03   -9.68551108411819017E-01
        3098    1.26387695762524566E-01    1.00845281238540353E-02   -9.57670277831266792E-01
        3099    8.75057585657413040E-02    4.21860450691735542E-02   -9.75975426898052389E-01
        3100    7.14876568556350872E-02    4.30094590930582138E-02   -9.82490498909937116E-01
        3101    7.82641412975092071E-02    5.75468884276783763E-02   -9.75975426898052389E-01
        3102    6.63573325648815909E-02    7.09480415206639459E-02   -9.75975426898052389E-01
        3103    5.11234460984831413E-02    6.59294464803244634E-02   -9.82490498909937116E-01
        3104    5.21908044586051334E-02    8.19331441524600163E-02   -9.75975426898052389E-01
        3105    3.62469811024614535E-02    9.01281118281191534E-02   -9.75975426898052389E-01
        3106    2.38547306609367994E-02    7.99452967927484770E-02   -9.82490498909937116E-01
        3107    1.90688102783355788E-02    9.52538747522272411E-02   -9.75975426898052389E-01
        3108    1.24127399069799693E-03    9.71358812160787871E-02   -9.75975426898052389E-01
        3109   -6.63569833599472227E-03    8.31640917811296426E-02   -9.82490498909937116E-01
        3110   -1.66285323939487466E-02    9.57100417467652564E-02   -9.75975426898052389E-01
        3111   -3.39320740516458538E-02    9.10249115973082029E-02   -9.75975426898052389E-01
        3112   -3.62299395029763438E-02    7.51511153463283732E-02   -9.82490498909937116E-01
        3113   -5.00800996245514413E-02    8.32400372557530327E-02   -9.75975426898052389E-01
        3114   -6.45227074692018704E-02    7.26205232808739137E-02   -9.75975426898052389E-01
        3115   -6.09311265830559112E-02    5.69885643572997508E-02   -9.82490498909937116E-01
        3116   -7.67680718974465826E-02    5.95280044843821687E-02   -9.75975426898052389E-01
        3117   -8.63991917103776041E-02    4.44083308911466246E-02   -9.75975426898052389E-01
        3118   -7.74032273870658705E-02    3.11293919672815354E-02   -9.82490498909937116E-01
        3119   -9.30880906740204211E-02    2.77763848513355137E-02   -9.75975426898052389E-01
        3120   -9.66069863566183518E-02    1.01985473395138620E-02   -9.75975426898052389E-01
        3121   -8.34215934263633635E-02    1.06602269816625486E-03   -9.82490498909937116E-01
        3122   -9.68360469861506978E-02   -7.72658947014560893E-03   -9.75975426898052389E-01
        3123   -9.37674721776066700E-02   -2.53886065424219140E-02   -9.75975426898052389E-01
        3124   -7.81734110184236775E-02   -2.91413188433720730E-02   -9.82490498909937116E-01
        3125   -8.75057585657413456E-02   -4.21860450691734640E-02   -9.75975426898052389E-01
        3126   -7.82641412975091100E-02   -5.75468884276785081E-02   -9.75975426898052389E-01
        3127   -6.23674762786218112E-02   -5.54129637974907635E-02   -9.82490498909937116E-01
        3128   -6.63573325648816603E-02   -7.09480415206638765E-02   -9.75975426898052389E-01
        3129   -5.21908044586051473E-02   -8.19331441524600163E-02   -9.75975426898052389E-01
        3130   -3.81384682772758984E-02   -7.42007809369261140E-02   -9.82490498909937116E-01
        3131   -3.62469811024614674E-02   -9.01281118281191534E-02   -9.75975426898052389E-01
        3132   -1.90688102783355892E-02   -9.52538747522272411E-02   -9.75975426898052389E-01
        3133   -8.75864880253556834E-03   -8.29673714501087539E-02   -9.82490498909937116E-01
        3134   -1.24127399069809494E-03   -9.71358812160787871E-02   -9.75975426898052389E-01
        3135    1.66285323939487327E-02   -9.57100417467652564E-02   -9.75975426898052389E-01
        3136    2.18040747263356337E-02   -8.05287587108782510E-02   -9.82490498909937116E-01
        3137    3.39320740516458469E-02   -9.10249115973082029E-02   -9.75975426898052389E-01
        3138    5.00800996245514274E-02   -8.32400372557530466E-02   -9.75975426898052389E-01
        3139    4.94220371428661515E-02   -6.72142908824874541E-02   -9.82490498909937116E-01
        3140    6.45227074692018565E-02   -7.26205232808739276E-02   -9.75975426898052389E-01
        3141    7.67680718974465687E-02   -5.95280044843821757E-02   -9.75975426898052389E-01
        3142    7.03652795862910324E-02   -4.48221606231735611E-02   -9.82490498909937116E-01
        3143    8.63991917103775209E-02   -4.44083308911467911E-02   -9.75975426898052389E-01
        3144    9.30880906740203656E-02   -2.77763848513356872E-02   -9.75975426898052389E-01
        3145    8.18053011141130215E-02   -1.63765492035342353E-02   -9.82490498909937116E-01
        3146    9.66069863566183518E-02   -1.01985473395138724E-02   -9.75975426898052389E-01
        3147    9.68360469861506978E-02    7.72658947014559679E-03   -9.75975426898052389E-01
        3148    8.21970634276521783E-02    1.42808059316343102E-02   -9.82490498909937116E-01
        3149    9.37674721776066283E-02    2.53886065424220736E-02   -9.75975426898052389E-01
        3150    4.95643586111426809E-02    5.29933021230192605E-02   -9.86860637605381563E-01
        3151    3.89829375052268209E-02    6.11984174460347558E-02   -9.86860637605381563E-01
        3152    2.74670950518162600E-02    5.49920047500313813E-02   -9.90634601574728935E-01
        3153    2.62946723255811782E-02    6.76277008460724471E-02   -9.86860637605381563E-01
        3154    1.34203981395399404E-02    7.13078440861297097E-02   -9.86860637605381563E-01
        3155    4.33175780553578336E-03    6.13171898518446723E-02   -9.90634601574728935E-01
        3156   -7.48941312627257887E-04    7.25558736515920649E-02   -9.86860637605381563E-01
        3157   -1.40682959617946766E-02    7.11828544185107992E-02   -9.86860637605381563E-01
        3158   -1.94630502991553316E-02    5.83073886404247496E-02   -9.90634601574728935E-01
        3159   -2.76850635902188315E-02    6.70705074413567581E-02   -9.86860637605381563E-01
        3160   -3.95378461742853030E-02    6.08413875115788663E-02   -9.86860637605381563E-01
        3161   -4.02947854287902113E-02    4.64208160662944319E-02   -9.90634601574728935E-01
        3162   -5.06477034281281324E-02    5.19588861687000497E-02   -9.86860637605381563E-01
        3163   -5.93327503104027626E-02    4.17676963099349319E-02   -9.86860637605381563E-01
        3164   -5.49920047500313328E-02    2.74670950518163606E-02   -9.90634601574728935E-01
        3165   -6.63411614732603294E-02    2.93898963729774254E-02   -9.86860637605381563E-01
        3166   -7.06119564172145026E-02    1.66993211050315005E-02   -9.86860637605381563E-01
        3167   -6.13171898518446723E-02    4.33175780553573218E-03   -9.90634601574728935E-01
        3168   -7.25130434063097351E-02    2.60273901691863117E-03   -9.86860637605381563E-01
        3169   -7.17566230839747909E-02   -1.07658143221926739E-02   -9.86860637605381563E-01
        3170   -5.83073886404247843E-02   -1.94630502991552205E-02   -9.90634601574728935E-01
        3171   -6.82775335093227242E-02   -2.45579749230033922E-02   -9.86860637605381563E-01
        3172   -6.26024627017770924E-02   -3.66857925920670291E-02   -9.86860637605381563E-01
        3173   -5.47955401103006751E-02   -4.75643195941661892E-02   -9.86860637605381563E-01
        3174   -4.64208160662943625E-02   -4.02947854287902876E-02   -9.90634601574728935E-01
        3175   -4.44633207458237228E-02   -5.73404640955194334E-02   -9.86860637605381563E-01
        3176   -3.31699655868318566E-02   -6.45342474768548224E-02   -9.86860637605381563E-01
        3177   -2.74670950518162670E-02   -5.49920047500313744E-02   -9.90634601574728935E-01
        3178   -1.99426068777183128E-02   -6.97653792747974233E-02   -9.86860637605381563E-01
        3179   -6.78369129633413313E-03   -7.22419355141568215E-02   -9.86860637605381563E-01
        3180   -4.33175780553584494E-03   -6.13171898518446654E-02   -9.90634601574728935E-01
        3181    7.44035789228115162E-03   -7.21772594995842287E-02   -9.86860637605381563E-01
        3182    2.05762082905033457E-02   -6.95811423219062503E-02   -9.86860637605381563E-01
        3183    1.94630502991553211E-02   -5.83073886404247496E-02   -9.90634601574728935E-01
        3184    3.37554496796672945E-02   -6.42299410817026989E-02   -9.86860637605381563E-01
        3185    4.49829197059961952E-02   -5.69337566752752683E-02   -9.86860637605381563E-01
        3186    4.02947854287902113E-02   -4.64208160662944389E-02   -9.90634601574728935E-01
        3187    5.52258104405687900E-02   -4.70640582145007424E-02   -9.86860637605381563E-01
        3188    6.29334840747269864E-02   -3.61149871473275957E-02   -9.86860637605381563E-01
        3189    5.49920047500313744E-02   -2.74670950518162704E-02   -9.90634601574728935E-01
        3190    6.87699192971638340E-02   -2.31433341223153191E-02   -9.86860637605381563E-01
        3191    7.18515572221881255E-02   -1.01128353680942293E-02   -9.86860637605381563E-01
        3192    6.13171898518446723E-02   -4.33175780553573999E-03   -9.90634601574728935E-01
        3193    7.24438660060301304E-02    4.09902336366889473E-03   -9.86860637605381563E-01
        3194    7.04571779544396343E-02    1.73407551488387011E-02   -9.86860637605381563E-01
        3195    5.83073886404247843E-02    1.94630502991552136E-02   -9.90634601574728935E-01
        3196    6.57203495304756330E-02    3.07530709365367687E-02   -9.86860637605381563E-01
        3197    5.89504737343137034E-02    4.23055240002477850E-02   -9.86860637605381563E-01
        3198    4.64208160662944389E-02    4.02947854287902044E-02   -9.90634601574728935E-01
        3199    2.81002455332673810E-02    4.46812957936111380E-02   -9.93125801915323403E-01
        3200    1.88434188102718295E-02    4.93048431735339729E-02   -9.93125801915323403E-01
        3201    1.10464327604690299E-02    4.25877916479840760E-02   -9.95242102296425624E-01
        3202    8.18059158917577509E-03    5.21451811203796009E-02   -9.93125801915323403E-01
        3203   -2.14961636071017356E-03    5.27391803342434698E-02   -9.93125801915323403E-01
        3204   -7.23059693943177255E-03    4.33988725900010600E-02   -9.95242102296425624E-01
        3205   -1.30677342413620425E-02    5.11397723364429915E-02   -9.93125801915323403E-01
        3206   -2.27935160450973735E-02    4.76077474695870834E-02   -9.93125801915323403E-01
        3207   -2.42573907405937324E-02    3.67058941948268450E-02   -9.95242102296425624E-01
        3208   -3.21936303042262215E-02    4.18283655030996029E-02   -9.93125801915323403E-01
        3209   -3.97353480205364443E-02    3.47439794858467044E-02   -9.93125801915323403E-01
        3210   -3.70898613112305223E-02    2.36661332307867983E-02   -9.95242102296425624E-01
        3211   -4.60907148512504153E-02    2.57232967818437075E-02   -9.93125801915323403E-01
        3212   -5.02234609418553204E-02    1.62371784447920484E-02   -9.93125801915323403E-01
        3213   -4.35091579103435364E-02    6.53428283107303914E-03   -9.95242102296425624E-01
        3214   -5.25018570453901698E-02    5.44031245531920605E-03   -9.93125801915323403E-01
        3215   -5.25544008927298981E-02   -4.90682582045843044E-03   -9.93125801915323403E-01
        3216   -4.24053258384674767E-02   -1.17274044322291694E-02   -9.95242102296425624E-01
        3217   -5.03857746883465477E-02   -1.57262742530219907E-02   -9.93125801915323403E-01
        3218   -4.63495822479079722E-02   -2.52538753119298624E-02   -9.93125801915323403E-01
        3219   -3.39692276888291650E-02   -2.79613169290744944E-02   -9.95242102296425624E-01
        3220   -4.00861567550011219E-02   -3.43386375594542728E-02   -9.93125801915323403E-01
        3221   -3.26167766341726034E-02   -4.14992514971364093E-02   -9.93125801915323403E-01
        3222   -2.38939520789919098E-02   -4.70650724728319536E-02   -9.93125801915323403E-01
        3223   -1.96595414710468881E-02   -3.93604637082930336E-02   -9.95242102296425624E-01
        3224   -1.35864331018275292E-02   -5.10044196947249950E-02   -9.93125801915323403E-01
        3225   -3.37490493696602665E-03   -5.26749656809810188E-02   -9.93125801915323403E-01
        3226   -1.95054193159330280E-03   -4.39538287337606359E-02   -9.95242102296425624E-01
        3227    7.65058601170227632E-03   -5.22255734913809402E-02   -9.93125801915323403E-01
        3228    1.76922860966468969E-02   -4.97295184523285014E-02   -9.93125801915323403E-01
        3229    1.60957240279499848E-02   -4.09471774631626970E-02   -9.95242102296425624E-01
        3230    2.76450154619077813E-02   -4.49643760430072648E-02   -9.93125801915323403E-01
        3231    3.58859388430434120E-02   -3.87071231968927690E-02   -9.93125801915323403E-01
        3232    3.13588930779984468E-02   -3.08603872157548649E-02   -9.95242102296425624E-01
        3233    4.31494084099602673E-02   -3.04001734649086593E-02   -9.93125801915323403E-01
        3234    4.82510842572116405E-02   -2.13980106745825654E-02   -9.93125801915323403E-01
        3235    4.11998246282609462E-02   -1.54375556609266610E-02   -9.95242102296425624E-01
        3236    5.16455788784851849E-02   -1.08984482901122864E-02   -9.93125801915323403E-01
        3237    5.27794053483163703E-02   -6.13485048064894714E-04   -9.93125801915323403E-01
        3238    4.39169322116406621E-02    2.65456951346626675E-03   -9.95242102296425624E-01
        3239    5.17535994232472402E-02    1.03733764784735751E-02   -9.93125801915323403E-01
        3240    4.87354231646260835E-02    2.02706813351429642E-02   -9.93125801915323403E-01
        3241    3.90404032428237416E-02    2.02876955029737925E-02   -9.95242102296425624E-01
        3242    4.34559256088081353E-02    2.99603825460860798E-02   -9.93125801915323403E-01
        3243    3.67759515047744456E-02    3.78625327169824222E-02   -9.93125801915323403E-01
        3244    2.74134338823935099E-02    3.44128946320896578E-02   -9.95242102296425624E-01
        3245    1.30391723500801800E-02    3.47990074284032641E-02   -9.96614065823454798E-01
        3246    5.51911467656643860E-03    3.67495619941798773E-02   -9.96614065823454798E-01
        3247    3.67231575511691398E-04    3.02818951784838454E-02   -9.97756015737224500E-01
        3248   -3.43600660626575301E-03    3.70024971073420819E-02   -9.96614065823454798E-01
        3249   -1.10541733560910720E-02    3.54795178235365397E-02   -9.96614065823454798E-01
        3250   -1.37475309714950016E-02    2.69839475766338113E-02   -9.97756015737224500E-01
        3251   -1.92237635450476230E-02    3.18031106771218125E-02   -9.96614065823454798E-01
        3252   -2.54159167028070419E-02    2.71112912221667356E-02   -9.96614065823454798E-01
        3253   -2.47128998486403628E-02    1.75043027767976846E-02   -9.97756015737224500E-01
        3254   -3.11655330234989029E-02    2.02410593828080167E-02   -9.96614065823454798E-01
        3255   -3.46928442327479186E-02    1.33190650054517967E-02   -9.96614065823454798E-01
        3256   -3.67039116742891511E-02    5.81496357539251774E-03   -9.96614065823454798E-01
        3257   -3.00168411931908789E-02    4.01463316051356694E-03   -9.97756015737224500E-01
        3258   -3.70289745785326099E-02   -3.13782970212640950E-03   -9.96614065823454798E-01
        3259   -3.55674111627574535E-02   -1.07680173085168054E-02   -9.96614065823454798E-01
        3260   -2.84442859625323209E-02   -1.03947405312697846E-02   -9.97756015737224500E-01
        3261   -3.19569316202597403E-02   -1.89669569250105127E-02   -9.96614065823454798E-01
        3262   -2.73151439072248231E-02   -2.51967030959361731E-02   -9.96614065823454798E-01
        3263   -2.03554876086636458E-02   -2.24228044375425276E-02   -9.97756015737224500E-01
        3264   -2.04914497292746738E-02   -3.10014745063806572E-02   -9.96614065823454798E-01
        3265   -1.35980934057821686E-02   -3.45844298681470888E-02   -9.96614065823454798E-01
        3266   -7.60349235386858016E-03   -2.93140740712613673E-02   -9.97756015737224500E-01
        3267   -4.92636171703731991E-03   -3.68337059472715889E-02   -9.96614065823454798E-01
        3268    2.83944918871451143E-03   -3.70530492926273158E-02   -9.96614065823454798E-01
        3269    6.89037136718146422E-03   -2.94898426081432637E-02   -9.97756015737224500E-01
        3270    1.16243150611240863E-02   -3.52968303525526897E-02   -9.96614065823454798E-01
        3271    1.87089195663192424E-02   -3.21086789239009018E-02   -9.96614065823454798E-01
        3272    1.98057340459870217E-02   -2.29098435946290674E-02   -9.97756015737224500E-01
        3273    2.58493821918690525E-02   -2.66983215554057671E-02   -9.96614065823454798E-01
        3274    3.08354043480085424E-02   -2.07405104149337889E-02   -9.96614065823454798E-01
        3275    3.44737713694535375E-02   -1.38762394453182704E-02   -9.96614065823454798E-01
        3276    2.81838417398267670E-02   -1.10814755071305636E-02   -9.97756015737224500E-01
        3277    3.67928276876569732E-02   -5.22290765029820563E-03   -9.96614065823454798E-01
        3278    3.70747196874525106E-02    2.54088442751384700E-03   -9.96614065823454798E-01
        3279    3.01053709431851023E-02    3.28552507279462848E-03   -9.97756015737224500E-01
        3280    3.53893222692481940E-02    1.13396121141975028E-02   -9.96614065823454798E-01
        3281    3.22583427413802235E-02    1.84496682126482417E-02   -9.96614065823454798E-01
        3282    2.51301224725098624E-02    1.68998514534119751E-02   -9.97756015737224500E-01
        3283    2.69056793242732385E-02    2.56334811072654878E-02   -9.96614065823454798E-01
        3284    2.09882252785943899E-02    3.06673333244371349E-02   -9.96614065823454798E-01
        3285    1.43978657941888580E-02    2.66426255313409813E-02   -9.97756015737224500E-01
        3286    3.30811529775425477E-03    2.47343076119941538E-02   -9.98478325430966485E-01
        3287   -2.70731977740073073E-03    2.48072573955865280E-02   -9.98478325430966485E-01
        3288   -5.29565783982134750E-03    1.88793118387067353E-02   -9.99061510539128617E-01
        3289   -9.58666635802560112E-03    2.30396490426370837E-02   -9.98478325430966485E-01
        3290   -1.48218441723094695E-02    2.00759192865423604E-02   -9.98478325430966485E-01
        3291   -1.46619174518923968E-02    1.30192389982474316E-02   -9.99061510539128617E-01
        3292   -1.98774954108796691E-02    1.50869074385191811E-02   -9.98478325430966485E-01
        3293   -2.29104247958116201E-02    9.89151330906691204E-03   -9.98478325430966485E-01
        3294   -2.46118835676167880E-02    4.12126038027960020E-03   -9.98478325430966485E-01
        3295   -1.93731218691459116E-02    3.02564976539154923E-03   -9.99061510539128617E-01
        3296   -2.47760225748918719E-02   -2.97964850887415386E-03   -9.98478325430966485E-01
        3297   -2.33429998252097509E-02   -8.82235563941088756E-03   -9.98478325430966485E-01
        3298   -1.79334969768836262E-02   -7.92856188975651043E-03   -9.99061510539128617E-01
        3299   -1.99118995037175645E-02   -1.50414712718483709E-02   -9.98478325430966485E-01
        3300   -1.57336362032598140E-02   -1.93696229104094765E-02   -9.98478325430966485E-01
        3301   -1.08001135064954065E-02   -1.63655111654481787E-02   -9.99061510539128617E-01
        3302   -9.63925999883047564E-03   -2.30176946400575573E-02   -9.98478325430966485E-01
        3303   -3.85066573875320148E-03   -2.46556681766359753E-02   -9.98478325430966485E-01
        3304   -2.37770307750410491E-04   -1.96065262792863397E-02   -9.99061510539128617E-01
        3305    3.25161771596578887E-03   -2.47417982793734122E-02   -9.98478325430966485E-01
        3306    9.07823150561154826E-03   -2.32446835340580533E-02   -9.98478325430966485E-01
        3307    1.04000632837006265E-02   -1.66226078325458805E-02   -9.99061510539128617E-01
        3308    1.52592834675000927E-02   -1.97454771511469430E-02   -9.98478325430966485E-01
        3309    1.95412784036553822E-02   -1.55199239115022536E-02   -9.98478325430966485E-01
        3310    1.77359502659124313E-02   -8.36112884870663861E-03   -9.99061510539128617E-01
        3311    2.31221871693240329E-02   -9.38584361550599995E-03   -9.98478325430966485E-01
        3312    2.46964778327927702E-02   -3.57960647590805986E-03   -9.98478325430966485E-01
        3313    2.48354989726640024E-02    2.43466438072948268E-03   -9.98478325430966485E-01
        3314    1.94407983549332933E-02    2.55494946768358060E-03   -9.99061510539128617E-01
        3315    2.31435625394475104E-02    9.33301199242075538E-03   -9.98478325430966485E-01
        3316    2.02375167089947350E-02    1.46004286690886789E-02   -9.98478325430966485E-01
        3317    1.49733303283800558E-02    1.26598493804945238E-02   -9.99061510539128617E-01
        3318    1.53043389857631714E-02    1.97105760462964949E-02   -9.98478325430966485E-01
        3319    1.01425731093313896E-02    2.28003905797654130E-02   -9.98478325430966485E-01
        3320    5.75193571906269883E-03    1.87453365652197439E-02   -9.99061510539128617E-01
        3321   -2.01630229398781302E-03    1.53421924056860760E-02   -9.99415885742206966E-01
        3322   -6.25702297777118790E-03    1.41526678124470721E-02   -9.99415885742206966E-01
        3323   -7.00417150802627557E-03    8.91068209794363200E-03   -9.99686789192204661E-01
        3324   -1.11967269592058005E-02    1.06809010928304183E-02   -9.99415885742206966E-01
        3325   -1.37523384190915161E-02    7.09376703596977833E-03   -9.99415885742206966E-01
        3326   -1.51938172085682305E-02    2.93193816211186715E-03   -9.99415885742206966E-01
        3327   -1.12535009063724992E-02    1.34810656653453821E-03   -9.99686789192204661E-01
        3328   -1.51592608990731206E-02   -3.10566446153875096E-03   -9.99415885742206966E-01
        3329   -1.36702375284087629E-02   -7.25072056217288593E-03   -9.99415885742206966E-01
        3330   -8.91068209794363200E-03   -7.00417150802627470E-03   -9.99686789192204661E-01
        3331   -9.85492202521210010E-03   -1.19301657419677732E-02   -9.99415885742206966E-01
        3332   -6.09461234068312506E-03   -1.42233625831104001E-02   -9.99415885742206966E-01
        3333   -1.84055341036727898E-03   -1.53642671773637617E-02   -9.99415885742206966E-01
        3334   -1.34810656653453886E-03   -1.12535009063724992E-02   -9.99686789192204661E-01
        3335    4.17920087487568329E-03   -1.48990812737319588E-02   -9.99415885742206966E-01
        3336    8.20747013660354588E-03   -1.31181468474244854E-02   -9.99415885742206966E-01
        3337    7.00417150802627470E-03   -8.91068209794363374E-03   -9.99686789192204661E-01
        3338    1.26028111347473038E-02   -8.97872453390354333E-03   -9.99415885742206966E-01
        3339    1.46219077516921148E-02   -5.06440089791853221E-03   -9.99415885742206966E-01
        3340    1.12535009063724992E-02   -1.34810656653453929E-03   -9.99686789192204661E-01
        3341    1.54469436165447782E-02    9.16665512124543720E-04   -9.99415885742206966E-01
        3342    1.45629793453948223E-02    5.23144103851279352E-03   -9.99415885742206966E-01
        3343    1.24992090970539923E-02    9.12239632453856579E-03   -9.99415885742206966E-01
        3344    8.91068209794363374E-03    7.00417150802627383E-03   -9.99686789192204661E-01
        3345    8.05677352047796252E-03    1.32112354908069506E-02   -9.99415885742206966E-01
        3346    4.00838242904266208E-03    1.49459430300123274E-02   -9.99415885742206966E-01
        3347    1.34810656653454016E-03    1.12535009063724992E-02   -9.99686789192204661E-01
        3348   -3.68379762074292315E-03    7.25524844282282415E-03   -9.99838612040250596E-01
        3349   -6.17984860047906658E-03    5.29324722196414677E-03   -9.99838612040250596E-01
        3350   -7.73507365125934709E-03    2.52539709496697436E-03   -9.99838612040250596E-01
        3351   -4.75054913234895532E-03    1.34706087940117533E-03   -9.99940577817070242E-01
        3352   -7.74219720521452867E-03   -2.50347305023293108E-03   -9.99838612040250596E-01
        3353   -6.19481987486714819E-03   -5.27571811184270913E-03   -9.99838612040250596E-01
        3354   -2.74913144170975659E-03   -4.10177600410813713E-03   -9.99940577817070242E-01
        3355   -1.91072525446577208E-03   -7.90936937306767514E-03   -9.99838612040250596E-01
        3356    1.26150466467549833E-03   -8.03850737753447446E-03   -9.99838612040250596E-01
        3357    4.24168193418819964E-03   -6.94385550302248789E-03   -9.99838612040250596E-01
        3358    3.05149246183132519E-03   -3.88209786417873263E-03   -9.99940577817070242E-01
        3359    7.51308862821800129E-03   -3.12449902259795582E-03   -9.99838612040250596E-01
        3360    8.13688281994306636E-03   -1.15261524201794215E-05   -9.99838612040250596E-01
        3361    4.63505749953560704E-03    1.70250757639230674E-03   -9.99940577817070242E-01
        3362    6.58965138497974272E-03    4.77341486800684448E-03   -9.99838612040250596E-01
        3363    4.26133725517602400E-03    6.93181070683000604E-03   -9.99838612040250596E-01
        3364    1.28427315739016563E-03    8.03490120255882963E-03   -9.99838612040250596E-01
        3365   -1.86869387308219719E-04    4.93430541249338661E-03   -9.99940577817070242E-01
        3366   -2.31769654741589967E-03   -8.51315422117030298E-04   -9.99985143499510509E-01
        3367   -1.52585670058261527E-03    1.94118947120702637E-03   -9.99985143499510509E-01
        3368    9.34414586713067482E-05   -2.46733133722231487E-03   -9.99985143499510509E-01
        3369    2.37544654483313588E-03   -6.73579205794089123E-04   -9.99985143499510509E-01
        3370    1.37466524449407230E-03    2.05103649392640759E-03   -9.99985143499510509E-01
 $EndNodes
 $Elements
        1684
        1        1        1        1        1        1        2        3      845      846      847
        2        2        2        2        2        1        3        4      847      848      849
        3        3        3        3        3        1        4        5      849      850      851
        4        4        4        4        4        1        5        6      851      852      853
        5        5        5        5        5        1        6        2      853      854      845
        6        6        6        6        6        2       14        7      855      856      857
        7        7        7        7        7        2        7        3      857      858      846
        8        8        8        8        8        3        7        8      858      859      860
        9        9        9        9        9        3        8        9      860      861      862
       10       10       10       10       10        3        9        4      862      863      848
       11       11       11       11       11        4        9       10      863      864      865
       12       12       12       12       12        4       10       11      865      866      867
       13       13       13       13       13        4       11        5      867      868      850
       14       14       14       14       14        5       11       12      868      869      870
       15       15       15       15       15        5       12        6      870      871      852
       16       16       16       16       16        6       12       13      871      872      873
       17       17       17       17       17        6       13       14      873      874      875
       18       18       18       18       18        6       14        2      875      855      854
       19       19       19       19       19        7       25       15      876      877      878
       20       20       20       20       20        7       15        8      878      879      859
       21       21       21       21       21        8       15       16      879      880      881
       22       22       22       22       22        8       16       17      881      882      883
       23       23       23       23       23        8       17        9      883      884      861
       24       24       24       24       24        9       17       18      884      885      886
       25       25       25       25       25        9       18       10      886      887      864
       26       26       26       26       26       10       18       19      887      888      889
       27       27       27       27       27       10       19       11      889      890      866
       28       28       28       28       28       11       19       20      890      891      892
       29       29       29       29       29       11       20       21      892      893      894
       30       30       30       30       30       11       21       12      894      895      869
       31       31       31       31       31       12       21       22      895      896      897
       32       32       32       32       32       12       22       13      897      898      872
       33       33       33       33       33       13       22       23      898      899      900
       34       34       34       34       34       13       23       14      900      901      874
       35       35       35       35       35       14       23       24      901      902      903
       36       36       36       36       36       14       24       25      903      904      905
       37       37       37       37       37       14       25        7      905      876      856
       38       38       38       38       38       15       38       26      906      907      908
       39       39       39       39       39       15       26       16      908      909      880
       40       40       40       40       40       16       26       27      909      910      911
       41       41       41       41       41       16       27       17      911      912      882
       42       42       42       42       42       17       27       28      912      913      914
       43       43       43       43       43       17       28       18      914      915      885
       44       44       44       44       44       18       28       29      915      916      917
       45       45       45       45       45       18       29       30      917      918      919
       46       46       46       46       46       18       30       19      919      920      888
       47       47       47       47       47       19       30       31      920      921      922
       48       48       48       48       48       19       31       20      922      923      891
       49       49       49       49       49       20       31       32      923      924      925
       50       50       50       50       50       20       32       21      925      926      893
       51       51       51       51       51       21       32       33      926      927      928
       52       52       52       52       52       21       33       22      928      929      896
       53       53       53       53       53       22       33       34      929      930      931
       54       54       54       54       54       22       34       23      931      932      899
       55       55       55       55       55       23       34       35      932      933      934
       56       56       56       56       56       23       35       36      934      935      936
       57       57       57       57       57       23       36       24      936      937      902
       58       58       58       58       58       24       36       37      937      938      939
       59       59       59       59       59       24       37       25      939      940      904
       60       60       60       60       60       25       37       38      940      941      942
       61       61       61       61       61       25       38       15      942      906      877
       62       62       62       62       62       26       53       39      943      944      945
       63       63       63       63       63       26       39       27      945      946      910
       64       64       64       64       64       27       39       40      946      947      948
       65       65       65       65       65       27       40       28      948      949      913
       66       66       66       66       66       28       40       41      949      950      951
       67       67       67       67       67       28       41       29      951      952      916
       68       68       68       68       68       29       41       42      952      953      954
       69       69       69       69       69       29       42       43      954      955      956
       70       70       70       70       70       29       43       30      956      957      918
       71       71       71       71       71       30       43       44      957      958      959
       72       72       72       72       72       30       44       31      959      960      921
       73       73       73       73       73       31       44       45      960      961      962
       74       74       74       74       74       31       45       32      962      963      924
       75       75       75       75       75       32       45       46      963      964      965
       76       76       76       76       76       32       46       33      965      966      927
       77       77       77       77       77       33       46       47      966      967      968
       78       78       78       78       78       33       47       34      968      969      930
       79       79       79       79       79       34       47       48      969      970      971
       80       80       80       80       80       34       48       35      971      972      933
       81       81       81       81       81       35       48       49      972      973      974
       82       82       82       82       82       35       49       36      974      975      935
       83       83       83       83       83       36       49       50      975      976      977
       84       84       84       84       84       36       50       51      977      978      979
       85       85       85       85       85       36       51       37      979      980      938
       86       86       86       86       86       37       51       52      980      981      982
       87       87       87       87       87       37       52       38      982      983      941
       88       88       88       88       88       38       52       53      983      984      985
       89       89       89       89       89       38       53       26      985      943      907
       90       90       90       90       90       39       69       54      986      987      988
       91       91       91       91       91       39       54       40      988      989      947
       92       92       92       92       92       40       54       55      989      990      991
       93       93       93       93       93       40       55       41      991      992      950
       94       94       94       94       94       41       55       56      992      993      994
       95       95       95       95       95       41       56       42      994      995      953
       96       96       96       96       96       42       56       57      995      996      997
       97       97       97       97       97       42       57       43      997      998      955
       98       98       98       98       98       43       57       58      998      999     1000
       99       99       99       99       99       43       58       44     1000     1001      958
      100      100      100      100      100       44       58       59     1001     1002     1003
      101      101      101      101      101       44       59       45     1003     1004      961
      102      102      102      102      102       45       59       60     1004     1005     1006
      103      103      103      103      103       45       60       46     1006     1007      964
      104      104      104      104      104       46       60       61     1007     1008     1009
      105      105      105      105      105       46       61       62     1009     1010     1011
      106      106      106      106      106       46       62       47     1011     1012      967
      107      107      107      107      107       47       62       63     1012     1013     1014
      108      108      108      108      108       47       63       48     1014     1015      970
      109      109      109      109      109       48       63       64     1015     1016     1017
      110      110      110      110      110       48       64       49     1017     1018      973
      111      111      111      111      111       49       64       65     1018     1019     1020
      112      112      112      112      112       49       65       50     1020     1021      976
      113      113      113      113      113       50       65       66     1021     1022     1023
      114      114      114      114      114       50       66       51     1023     1024      978
      115      115      115      115      115       51       66       67     1024     1025     1026
      116      116      116      116      116       51       67       52     1026     1027      981
      117      117      117      117      117       52       67       68     1027     1028     1029
      118      118      118      118      118       52       68       53     1029     1030      984
      119      119      119      119      119       53       68       69     1030     1031     1032
      120      120      120      120      120       53       69       39     1032      986      944
      121      121      121      121      121       54       86       70     1033     1034     1035
      122      122      122      122      122       54       70       55     1035     1036      990
      123      123      123      123      123       55       70       71     1036     1037     1038
      124      124      124      124      124       55       71       56     1038     1039      993
      125      125      125      125      125       56       71       72     1039     1040     1041
      126      126      126      126      126       56       72       57     1041     1042      996
      127      127      127      127      127       57       72       73     1042     1043     1044
      128      128      128      128      128       57       73       58     1044     1045      999
      129      129      129      129      129       58       73       74     1045     1046     1047
      130      130      130      130      130       58       74       59     1047     1048     1002
      131      131      131      131      131       59       74       75     1048     1049     1050
      132      132      132      132      132       59       75       60     1050     1051     1005
      133      133      133      133      133       60       75       76     1051     1052     1053
      134      134      134      134      134       60       76       61     1053     1054     1008
      135      135      135      135      135       61       76       77     1054     1055     1056
      136      136      136      136      136       61       77       62     1056     1057     1010
      137      137      137      137      137       62       77       78     1057     1058     1059
      138      138      138      138      138       62       78       79     1059     1060     1061
      139      139      139      139      139       62       79       63     1061     1062     1013
      140      140      140      140      140       63       79       80     1062     1063     1064
      141      141      141      141      141       63       80       64     1064     1065     1016
      142      142      142      142      142       64       80       81     1065     1066     1067
      143      143      143      143      143       64       81       65     1067     1068     1019
      144      144      144      144      144       65       81       82     1068     1069     1070
      145      145      145      145      145       65       82       66     1070     1071     1022
      146      146      146      146      146       66       82       83     1071     1072     1073
      147      147      147      147      147       66       83       67     1073     1074     1025
      148      148      148      148      148       67       83       84     1074     1075     1076
      149      149      149      149      149       67       84       68     1076     1077     1028
      150      150      150      150      150       68       84       85     1077     1078     1079
      151      151      151      151      151       68       85       69     1079     1080     1031
      152      152      152      152      152       69       85       86     1080     1081     1082
      153      153      153      153      153       69       86       54     1082     1033      987
      154      154      154      154      154       70      103       87     1083     1084     1085
      155      155      155      155      155       70       87       71     1085     1086     1037
      156      156      156      156      156       71       87       88     1086     1087     1088
      157      157      157      157      157       71       88       72     1088     1089     1040
      158      158      158      158      158       72       88       89     1089     1090     1091
      159      159      159      159      159       72       89       73     1091     1092     1043
      160      160      160      160      160       73       89       90     1092     1093     1094
      161      161      161      161      161       73       90       74     1094     1095     1046
      162      162      162      162      162       74       90       91     1095     1096     1097
      163      163      163      163      163       74       91       75     1097     1098     1049
      164      164      164      164      164       75       91       92     1098     1099     1100
      165      165      165      165      165       75       92       76     1100     1101     1052
      166      166      166      166      166       76       92       93     1101     1102     1103
      167      167      167      167      167       76       93       77     1103     1104     1055
      168      168      168      168      168       77       93       94     1104     1105     1106
      169      169      169      169      169       77       94       78     1106     1107     1058
      170      170      170      170      170       78       94       95     1107     1108     1109
      171      171      171      171      171       78       95       79     1109     1110     1060
      172      172      172      172      172       79       95       96     1110     1111     1112
      173      173      173      173      173       79       96       80     1112     1113     1063
      174      174      174      174      174       80       96       97     1113     1114     1115
      175      175      175      175      175       80       97       81     1115     1116     1066
      176      176      176      176      176       81       97       98     1116     1117     1118
      177      177      177      177      177       81       98       82     1118     1119     1069
      178      178      178      178      178       82       98       99     1119     1120     1121
      179      179      179      179      179       82       99       83     1121     1122     1072
      180      180      180      180      180       83       99      100     1122     1123     1124
      181      181      181      181      181       83      100       84     1124     1125     1075
      182      182      182      182      182       84      100      101     1125     1126     1127
      183      183      183      183      183       84      101       85     1127     1128     1078
      184      184      184      184      184       85      101      102     1128     1129     1130
      185      185      185      185      185       85      102       86     1130     1131     1081
      186      186      186      186      186       86      102      103     1131     1132     1133
      187      187      187      187      187       86      103       70     1133     1083     1034
      188      188      188      188      188       87      104       88     1134     1135     1087
      189      189      189      189      189       88      104      105     1135     1136     1137
      190      190      190      190      190       88      105       89     1137     1138     1090
      191      191      191      191      191       89      105      106     1138     1139     1140
      192      192      192      192      192       89      106       90     1140     1141     1093
      193      193      193      193      193       90      106      107     1141     1142     1143
      194      194      194      194      194       90      107       91     1143     1144     1096
      195      195      195      195      195       91      107      108     1144     1145     1146
      196      196      196      196      196       91      108       92     1146     1147     1099
      197      197      197      197      197       92      108      109     1147     1148     1149
      198      198      198      198      198       92      109       93     1149     1150     1102
      199      199      199      199      199       93      109      110     1150     1151     1152
      200      200      200      200      200       93      110       94     1152     1153     1105
      201      201      201      201      201       94      110      111     1153     1154     1155
      202      202      202      202      202       94      111       95     1155     1156     1108
      203      203      203      203      203       95      111      112     1156     1157     1158
      204      204      204      204      204       95      112       96     1158     1159     1111
      205      205      205      205      205       96      112      113     1159     1160     1161
      206      206      206      206      206       96      113       97     1161     1162     1114
      207      207      207      207      207       97      113      114     1162     1163     1164
      208      208      208      208      208       97      114       98     1164     1165     1117
      209      209      209      209      209       98      114      115     1165     1166     1167
      210      210      210      210      210       98      115       99     1167     1168     1120
      211      211      211      211      211       99      115      116     1168     1169     1170
      212      212      212      212      212       99      116      100     1170     1171     1123
      213      213      213      213      213      100      116      117     1171     1172     1173
      214      214      214      214      214      100      117      101     1173     1174     1126
      215      215      215      215      215      101      117      118     1174     1175     1176
      216      216      216      216      216      101      118      102     1176     1177     1129
      217      217      217      217      217      102      118      119     1177     1178     1179
      218      218      218      218      218      102      119      103     1179     1180     1132
      219      219      219      219      219      103      119      120     1180     1181     1182
      220      220      220      220      220      103      120       87     1182     1183     1084
      221      221      221      221      221       87      120      104     1183     1184     1134
      222      222      222      222      222      104      137      121     1185     1186     1187
      223      223      223      223      223      104      121      105     1187     1188     1136
      224      224      224      224      224      105      121      122     1188     1189     1190
      225      225      225      225      225      105      122      106     1190     1191     1139
      226      226      226      226      226      106      122      123     1191     1192     1193
      227      227      227      227      227      106      123      107     1193     1194     1142
      228      228      228      228      228      107      123      124     1194     1195     1196
      229      229      229      229      229      107      124      108     1196     1197     1145
      230      230      230      230      230      108      124      125     1197     1198     1199
      231      231      231      231      231      108      125      109     1199     1200     1148
      232      232      232      232      232      109      125      126     1200     1201     1202
      233      233      233      233      233      109      126      110     1202     1203     1151
      234      234      234      234      234      110      126      127     1203     1204     1205
      235      235      235      235      235      110      127      111     1205     1206     1154
      236      236      236      236      236      111      127      128     1206     1207     1208
      237      237      237      237      237      111      128      112     1208     1209     1157
      238      238      238      238      238      112      128      129     1209     1210     1211
      239      239      239      239      239      112      129      113     1211     1212     1160
      240      240      240      240      240      113      129      130     1212     1213     1214
      241      241      241      241      241      113      130      114     1214     1215     1163
      242      242      242      242      242      114      130      131     1215     1216     1217
      243      243      243      243      243      114      131      115     1217     1218     1166
      244      244      244      244      244      115      131      132     1218     1219     1220
      245      245      245      245      245      115      132      116     1220     1221     1169
      246      246      246      246      246      116      132      133     1221     1222     1223
      247      247      247      247      247      116      133      117     1223     1224     1172
      248      248      248      248      248      117      133      134     1224     1225     1226
      249      249      249      249      249      117      134      118     1226     1227     1175
      250      250      250      250      250      118      134      135     1227     1228     1229
      251      251      251      251      251      118      135      119     1229     1230     1178
      252      252      252      252      252      119      135      136     1230     1231     1232
      253      253      253      253      253      119      136      120     1232     1233     1181
      254      254      254      254      254      120      136      137     1233     1234     1235
      255      255      255      255      255      120      137      104     1235     1185     1184
      256      256      256      256      256      121      154      138     1236     1237     1238
      257      257      257      257      257      121      138      122     1238     1239     1189
      258      258      258      258      258      122      138      139     1239     1240     1241
      259      259      259      259      259      122      139      123     1241     1242     1192
      260      260      260      260      260      123      139      140     1242     1243     1244
      261      261      261      261      261      123      140      124     1244     1245     1195
      262      262      262      262      262      124      140      141     1245     1246     1247
      263      263      263      263      263      124      141      125     1247     1248     1198
      264      264      264      264      264      125      141      142     1248     1249     1250
      265      265      265      265      265      125      142      126     1250     1251     1201
      266      266      266      266      266      126      142      143     1251     1252     1253
      267      267      267      267      267      126      143      127     1253     1254     1204
      268      268      268      268      268      127      143      144     1254     1255     1256
      269      269      269      269      269      127      144      128     1256     1257     1207
      270      270      270      270      270      128      144      145     1257     1258     1259
      271      271      271      271      271      128      145      129     1259     1260     1210
      272      272      272      272      272      129      145      146     1260     1261     1262
      273      273      273      273      273      129      146      130     1262     1263     1213
      274      274      274      274      274      130      146      147     1263     1264     1265
      275      275      275      275      275      130      147      131     1265     1266     1216
      276      276      276      276      276      131      147      148     1266     1267     1268
      277      277      277      277      277      131      148      132     1268     1269     1219
      278      278      278      278      278      132      148      149     1269     1270     1271
      279      279      279      279      279      132      149      133     1271     1272     1222
      280      280      280      280      280      133      149      150     1272     1273     1274
      281      281      281      281      281      133      150      134     1274     1275     1225
      282      282      282      282      282      134      150      151     1275     1276     1277
      283      283      283      283      283      134      151      135     1277     1278     1228
      284      284      284      284      284      135      151      152     1278     1279     1280
      285      285      285      285      285      135      152      136     1280     1281     1231
      286      286      286      286      286      136      152      153     1281     1282     1283
      287      287      287      287      287      136      153      137     1283     1284     1234
      288      288      288      288      288      137      153      154     1284     1285     1286
      289      289      289      289      289      137      154      121     1286     1236     1186
      290      290      290      290      290      138      173      155     1287     1288     1289
      291      291      291      291      291      138      155      139     1289     1290     1240
      292      292      292      292      292      139      155      156     1290     1291     1292
      293      293      293      293      293      139      156      140     1292     1293     1243
      294      294      294      294      294      140      156      157     1293     1294     1295
      295      295      295      295      295      140      157      141     1295     1296     1246
      296      296      296      296      296      141      157      158     1296     1297     1298
      297      297      297      297      297      141      158      142     1298     1299     1249
      298      298      298      298      298      142      158      159     1299     1300     1301
      299      299      299      299      299      142      159      160     1301     1302     1303
      300      300      300      300      300      142      160      143     1303     1304     1252
      301      301      301      301      301      143      160      161     1304     1305     1306
      302      302      302      302      302      143      161      144     1306     1307     1255
      303      303      303      303      303      144      161      162     1307     1308     1309
      304      304      304      304      304      144      162      145     1309     1310     1258
      305      305      305      305      305      145      162      163     1310     1311     1312
      306      306      306      306      306      145      163      146     1312     1313     1261
      307      307      307      307      307      146      163      164     1313     1314     1315
      308      308      308      308      308      146      164      147     1315     1316     1264
      309      309      309      309      309      147      164      165     1316     1317     1318
      310      310      310      310      310      147      165      148     1318     1319     1267
      311      311      311      311      311      148      165      166     1319     1320     1321
      312      312      312      312      312      148      166      149     1321     1322     1270
      313      313      313      313      313      149      166      167     1322     1323     1324
      314      314      314      314      314      149      167      150     1324     1325     1273
      315      315      315      315      315      150      167      168     1325     1326     1327
      316      316      316      316      316      150      168      151     1327     1328     1276
      317      317      317      317      317      151      168      169     1328     1329     1330
      318      318      318      318      318      151      169      170     1330     1331     1332
      319      319      319      319      319      151      170      152     1332     1333     1279
      320      320      320      320      320      152      170      171     1333     1334     1335
      321      321      321      321      321      152      171      153     1335     1336     1282
      322      322      322      322      322      153      171      172     1336     1337     1338
      323      323      323      323      323      153      172      154     1338     1339     1285
      324      324      324      324      324      154      172      173     1339     1340     1341
      325      325      325      325      325      154      173      138     1341     1287     1237
      326      326      326      326      326      155      193      174     1342     1343     1344
      327      327      327      327      327      155      174      156     1344     1345     1291
      328      328      328      328      328      156      174      175     1345     1346     1347
      329      329      329      329      329      156      175      157     1347     1348     1294
      330      330      330      330      330      157      175      176     1348     1349     1350
      331      331      331      331      331      157      176      158     1350     1351     1297
      332      332      332      332      332      158      176      177     1351     1352     1353
      333      333      333      333      333      158      177      159     1353     1354     1300
      334      334      334      334      334      159      177      178     1354     1355     1356
      335      335      335      335      335      159      178      160     1356     1357     1302
      336      336      336      336      336      160      178      179     1357     1358     1359
      337      337      337      337      337      160      179      161     1359     1360     1305
      338      338      338      338      338      161      179      180     1360     1361     1362
      339      339      339      339      339      161      180      162     1362     1363     1308
      340      340      340      340      340      162      180      181     1363     1364     1365
      341      341      341      341      341      162      181      163     1365     1366     1311
      342      342      342      342      342      163      181      182     1366     1367     1368
      343      343      343      343      343      163      182      164     1368     1369     1314
      344      344      344      344      344      164      182      183     1369     1370     1371
      345      345      345      345      345      164      183      165     1371     1372     1317
      346      346      346      346      346      165      183      184     1372     1373     1374
      347      347      347      347      347      165      184      185     1374     1375     1376
      348      348      348      348      348      165      185      166     1376     1377     1320
      349      349      349      349      349      166      185      186     1377     1378     1379
      350      350      350      350      350      166      186      167     1379     1380     1323
      351      351      351      351      351      167      186      187     1380     1381     1382
      352      352      352      352      352      167      187      168     1382     1383     1326
      353      353      353      353      353      168      187      188     1383     1384     1385
      354      354      354      354      354      168      188      169     1385     1386     1329
      355      355      355      355      355      169      188      189     1386     1387     1388
      356      356      356      356      356      169      189      170     1388     1389     1331
      357      357      357      357      357      170      189      190     1389     1390     1391
      358      358      358      358      358      170      190      171     1391     1392     1334
      359      359      359      359      359      171      190      191     1392     1393     1394
      360      360      360      360      360      171      191      172     1394     1395     1337
      361      361      361      361      361      172      191      192     1395     1396     1397
      362      362      362      362      362      172      192      173     1397     1398     1340
      363      363      363      363      363      173      192      193     1398     1399     1400
      364      364      364      364      364      173      193      155     1400     1342     1288
      365      365      365      365      365      174      214      194     1401     1402     1403
      366      366      366      366      366      174      194      175     1403     1404     1346
      367      367      367      367      367      175      194      195     1404     1405     1406
      368      368      368      368      368      175      195      176     1406     1407     1349
      369      369      369      369      369      176      195      196     1407     1408     1409
      370      370      370      370      370      176      196      177     1409     1410     1352
      371      371      371      371      371      177      196      197     1410     1411     1412
      372      372      372      372      372      177      197      178     1412     1413     1355
      373      373      373      373      373      178      197      198     1413     1414     1415
      374      374      374      374      374      178      198      179     1415     1416     1358
      375      375      375      375      375      179      198      199     1416     1417     1418
      376      376      376      376      376      179      199      180     1418     1419     1361
      377      377      377      377      377      180      199      200     1419     1420     1421
      378      378      378      378      378      180      200      181     1421     1422     1364
      379      379      379      379      379      181      200      201     1422     1423     1424
      380      380      380      380      380      181      201      182     1424     1425     1367
      381      381      381      381      381      182      201      202     1425     1426     1427
      382      382      382      382      382      182      202      183     1427     1428     1370
      383      383      383      383      383      183      202      203     1428     1429     1430
      384      384      384      384      384      183      203      184     1430     1431     1373
      385      385      385      385      385      184      203      204     1431     1432     1433
      386      386      386      386      386      184      204      205     1433     1434     1435
      387      387      387      387      387      184      205      185     1435     1436     1375
      388      388      388      388      388      185      205      206     1436     1437     1438
      389      389      389      389      389      185      206      186     1438     1439     1378
      390      390      390      390      390      186      206      207     1439     1440     1441
      391      391      391      391      391      186      207      187     1441     1442     1381
      392      392      392      392      392      187      207      208     1442     1443     1444
      393      393      393      393      393      187      208      188     1444     1445     1384
      394      394      394      394      394      188      208      209     1445     1446     1447
      395      395      395      395      395      188      209      189     1447     1448     1387
      396      396      396      396      396      189      209      210     1448     1449     1450
      397      397      397      397      397      189      210      190     1450     1451     1390
      398      398      398      398      398      190      210      211     1451     1452     1453
      399      399      399      399      399      190      211      191     1453     1454     1393
      400      400      400      400      400      191      211      212     1454     1455     1456
      401      401      401      401      401      191      212      192     1456     1457     1396
      402      402      402      402      402      192      212      213     1457     1458     1459
      403      403      403      403      403      192      213      193     1459     1460     1399
      404      404      404      404      404      193      213      214     1460     1461     1462
      405      405      405      405      405      193      214      174     1462     1401     1343
      406      406      406      406      406      194      236      215     1463     1464     1465
      407      407      407      407      407      194      215      195     1465     1466     1405
      408      408      408      408      408      195      215      216     1466     1467     1468
      409      409      409      409      409      195      216      196     1468     1469     1408
      410      410      410      410      410      196      216      217     1469     1470     1471
      411      411      411      411      411      196      217      197     1471     1472     1411
      412      412      412      412      412      197      217      218     1472     1473     1474
      413      413      413      413      413      197      218      198     1474     1475     1414
      414      414      414      414      414      198      218      219     1475     1476     1477
      415      415      415      415      415      198      219      199     1477     1478     1417
      416      416      416      416      416      199      219      220     1478     1479     1480
      417      417      417      417      417      199      220      200     1480     1481     1420
      418      418      418      418      418      200      220      221     1481     1482     1483
      419      419      419      419      419      200      221      201     1483     1484     1423
      420      420      420      420      420      201      221      222     1484     1485     1486
      421      421      421      421      421      201      222      202     1486     1487     1426
      422      422      422      422      422      202      222      223     1487     1488     1489
      423      423      423      423      423      202      223      203     1489     1490     1429
      424      424      424      424      424      203      223      224     1490     1491     1492
      425      425      425      425      425      203      224      204     1492     1493     1432
      426      426      426      426      426      204      224      225     1493     1494     1495
      427      427      427      427      427      204      225      205     1495     1496     1434
      428      428      428      428      428      205      225      226     1496     1497     1498
      429      429      429      429      429      205      226      227     1498     1499     1500
      430      430      430      430      430      205      227      206     1500     1501     1437
      431      431      431      431      431      206      227      228     1501     1502     1503
      432      432      432      432      432      206      228      207     1503     1504     1440
      433      433      433      433      433      207      228      229     1504     1505     1506
      434      434      434      434      434      207      229      208     1506     1507     1443
      435      435      435      435      435      208      229      230     1507     1508     1509
      436      436      436      436      436      208      230      209     1509     1510     1446
      437      437      437      437      437      209      230      231     1510     1511     1512
      438      438      438      438      438      209      231      210     1512     1513     1449
      439      439      439      439      439      210      231      232     1513     1514     1515
      440      440      440      440      440      210      232      211     1515     1516     1452
      441      441      441      441      441      211      232      233     1516     1517     1518
      442      442      442      442      442      211      233      212     1518     1519     1455
      443      443      443      443      443      212      233      234     1519     1520     1521
      444      444      444      444      444      212      234      213     1521     1522     1458
      445      445      445      445      445      213      234      235     1522     1523     1524
      446      446      446      446      446      213      235      214     1524     1525     1461
      447      447      447      447      447      214      235      236     1525     1526     1527
      448      448      448      448      448      214      236      194     1527     1463     1402
      449      449      449      449      449      215      259      237     1528     1529     1530
      450      450      450      450      450      215      237      216     1530     1531     1467
      451      451      451      451      451      216      237      238     1531     1532     1533
      452      452      452      452      452      216      238      217     1533     1534     1470
      453      453      453      453      453      217      238      239     1534     1535     1536
      454      454      454      454      454      217      239      218     1536     1537     1473
      455      455      455      455      455      218      239      240     1537     1538     1539
      456      456      456      456      456      218      240      219     1539     1540     1476
      457      457      457      457      457      219      240      241     1540     1541     1542
      458      458      458      458      458      219      241      220     1542     1543     1479
      459      459      459      459      459      220      241      242     1543     1544     1545
      460      460      460      460      460      220      242      221     1545     1546     1482
      461      461      461      461      461      221      242      243     1546     1547     1548
      462      462      462      462      462      221      243      222     1548     1549     1485
      463      463      463      463      463      222      243      244     1549     1550     1551
      464      464      464      464      464      222      244      223     1551     1552     1488
      465      465      465      465      465      223      244      245     1552     1553     1554
      466      466      466      466      466      223      245      224     1554     1555     1491
      467      467      467      467      467      224      245      246     1555     1556     1557
      468      468      468      468      468      224      246      225     1557     1558     1494
      469      469      469      469      469      225      246      247     1558     1559     1560
      470      470      470      470      470      225      247      226     1560     1561     1497
      471      471      471      471      471      226      247      248     1561     1562     1563
      472      472      472      472      472      226      248      249     1563     1564     1565
      473      473      473      473      473      226      249      227     1565     1566     1499
      474      474      474      474      474      227      249      250     1566     1567     1568
      475      475      475      475      475      227      250      228     1568     1569     1502
      476      476      476      476      476      228      250      251     1569     1570     1571
      477      477      477      477      477      228      251      229     1571     1572     1505
      478      478      478      478      478      229      251      252     1572     1573     1574
      479      479      479      479      479      229      252      230     1574     1575     1508
      480      480      480      480      480      230      252      253     1575     1576     1577
      481      481      481      481      481      230      253      231     1577     1578     1511
      482      482      482      482      482      231      253      254     1578     1579     1580
      483      483      483      483      483      231      254      232     1580     1581     1514
      484      484      484      484      484      232      254      255     1581     1582     1583
      485      485      485      485      485      232      255      233     1583     1584     1517
      486      486      486      486      486      233      255      256     1584     1585     1586
      487      487      487      487      487      233      256      234     1586     1587     1520
      488      488      488      488      488      234      256      257     1587     1588     1589
      489      489      489      489      489      234      257      235     1589     1590     1523
      490      490      490      490      490      235      257      258     1590     1591     1592
      491      491      491      491      491      235      258      236     1592     1593     1526
      492      492      492      492      492      236      258      259     1593     1594     1595
      493      493      493      493      493      236      259      215     1595     1528     1464
      494      494      494      494      494      237      260      238     1596     1597     1532
      495      495      495      495      495      238      260      261     1597     1598     1599
      496      496      496      496      496      238      261      239     1599     1600     1535
      497      497      497      497      497      239      261      262     1600     1601     1602
      498      498      498      498      498      239      262      240     1602     1603     1538
      499      499      499      499      499      240      262      263     1603     1604     1605
      500      500      500      500      500      240      263      241     1605     1606     1541
      501      501      501      501      501      241      263      264     1606     1607     1608
      502      502      502      502      502      241      264      242     1608     1609     1544
      503      503      503      503      503      242      264      265     1609     1610     1611
      504      504      504      504      504      242      265      243     1611     1612     1547
      505      505      505      505      505      243      265      266     1612     1613     1614
      506      506      506      506      506      243      266      244     1614     1615     1550
      507      507      507      507      507      244      266      267     1615     1616     1617
      508      508      508      508      508      244      267      245     1617     1618     1553
      509      509      509      509      509      245      267      268     1618     1619     1620
      510      510      510      510      510      245      268      246     1620     1621     1556
      511      511      511      511      511      246      268      269     1621     1622     1623
      512      512      512      512      512      246      269      247     1623     1624     1559
      513      513      513      513      513      247      269      270     1624     1625     1626
      514      514      514      514      514      247      270      248     1626     1627     1562
      515      515      515      515      515      248      270      271     1627     1628     1629
      516      516      516      516      516      248      271      249     1629     1630     1564
      517      517      517      517      517      249      271      272     1630     1631     1632
      518      518      518      518      518      249      272      250     1632     1633     1567
      519      519      519      519      519      250      272      273     1633     1634     1635
      520      520      520      520      520      250      273      251     1635     1636     1570
      521      521      521      521      521      251      273      274     1636     1637     1638
      522      522      522      522      522      251      274      252     1638     1639     1573
      523      523      523      523      523      252      274      275     1639     1640     1641
      524      524      524      524      524      252      275      253     1641     1642     1576
      525      525      525      525      525      253      275      276     1642     1643     1644
      526      526      526      526      526      253      276      254     1644     1645     1579
      527      527      527      527      527      254      276      277     1645     1646     1647
      528      528      528      528      528      254      277      255     1647     1648     1582
      529      529      529      529      529      255      277      278     1648     1649     1650
      530      530      530      530      530      255      278      256     1650     1651     1585
      531      531      531      531      531      256      278      279     1651     1652     1653
      532      532      532      532      532      256      279      257     1653     1654     1588
      533      533      533      533      533      257      279      280     1654     1655     1656
      534      534      534      534      534      257      280      258     1656     1657     1591
      535      535      535      535      535      258      280      281     1657     1658     1659
      536      536      536      536      536      258      281      259     1659     1660     1594
      537      537      537      537      537      259      281      282     1660     1661     1662
      538      538      538      538      538      259      282      237     1662     1663     1529
      539      539      539      539      539      237      282      260     1663     1664     1596
      540      540      540      540      540      260      283      261     1665     1666     1598
      541      541      541      541      541      261      283      284     1666     1667     1668
      542      542      542      542      542      261      284      262     1668     1669     1601
      543      543      543      543      543      262      284      285     1669     1670     1671
      544      544      544      544      544      262      285      263     1671     1672     1604
      545      545      545      545      545      263      285      286     1672     1673     1674
      546      546      546      546      546      263      286      264     1674     1675     1607
      547      547      547      547      547      264      286      287     1675     1676     1677
      548      548      548      548      548      264      287      265     1677     1678     1610
      549      549      549      549      549      265      287      288     1678     1679     1680
      550      550      550      550      550      265      288      266     1680     1681     1613
      551      551      551      551      551      266      288      289     1681     1682     1683
      552      552      552      552      552      266      289      267     1683     1684     1616
      553      553      553      553      553      267      289      290     1684     1685     1686
      554      554      554      554      554      267      290      268     1686     1687     1619
      555      555      555      555      555      268      290      291     1687     1688     1689
      556      556      556      556      556      268      291      269     1689     1690     1622
      557      557      557      557      557      269      291      292     1690     1691     1692
      558      558      558      558      558      269      292      270     1692     1693     1625
      559      559      559      559      559      270      292      293     1693     1694     1695
      560      560      560      560      560      270      293      271     1695     1696     1628
      561      561      561      561      561      271      293      294     1696     1697     1698
      562      562      562      562      562      271      294      272     1698     1699     1631
      563      563      563      563      563      272      294      295     1699     1700     1701
      564      564      564      564      564      272      295      273     1701     1702     1634
      565      565      565      565      565      273      295      296     1702     1703     1704
      566      566      566      566      566      273      296      274     1704     1705     1637
      567      567      567      567      567      274      296      297     1705     1706     1707
      568      568      568      568      568      274      297      275     1707     1708     1640
      569      569      569      569      569      275      297      298     1708     1709     1710
      570      570      570      570      570      275      298      276     1710     1711     1643
      571      571      571      571      571      276      298      299     1711     1712     1713
      572      572      572      572      572      276      299      277     1713     1714     1646
      573      573      573      573      573      277      299      300     1714     1715     1716
      574      574      574      574      574      277      300      278     1716     1717     1649
      575      575      575      575      575      278      300      301     1717     1718     1719
      576      576      576      576      576      278      301      279     1719     1720     1652
      577      577      577      577      577      279      301      302     1720     1721     1722
      578      578      578      578      578      279      302      280     1722     1723     1655
      579      579      579      579      579      280      302      303     1723     1724     1725
      580      580      580      580      580      280      303      281     1725     1726     1658
      581      581      581      581      581      281      303      304     1726     1727     1728
      582      582      582      582      582      281      304      282     1728     1729     1661
      583      583      583      583      583      282      304      305     1729     1730     1731
      584      584      584      584      584      282      305      260     1731     1732     1664
      585      585      585      585      585      260      305      283     1732     1733     1665
      586      586      586      586      586      283      306      284     1734     1735     1667
      587      587      587      587      587      284      306      307     1735     1736     1737
      588      588      588      588      588      284      307      285     1737     1738     1670
      589      589      589      589      589      285      307      308     1738     1739     1740
      590      590      590      590      590      285      308      286     1740     1741     1673
      591      591      591      591      591      286      308      309     1741     1742     1743
      592      592      592      592      592      286      309      287     1743     1744     1676
      593      593      593      593      593      287      309      310     1744     1745     1746
      594      594      594      594      594      287      310      288     1746     1747     1679
      595      595      595      595      595      288      310      311     1747     1748     1749
      596      596      596      596      596      288      311      289     1749     1750     1682
      597      597      597      597      597      289      311      312     1750     1751     1752
      598      598      598      598      598      289      312      290     1752     1753     1685
      599      599      599      599      599      290      312      313     1753     1754     1755
      600      600      600      600      600      290      313      291     1755     1756     1688
      601      601      601      601      601      291      313      314     1756     1757     1758
      602      602      602      602      602      291      314      292     1758     1759     1691
      603      603      603      603      603      292      314      315     1759     1760     1761
      604      604      604      604      604      292      315      293     1761     1762     1694
      605      605      605      605      605      293      315      316     1762     1763     1764
      606      606      606      606      606      293      316      294     1764     1765     1697
      607      607      607      607      607      294      316      317     1765     1766     1767
      608      608      608      608      608      294      317      295     1767     1768     1700
      609      609      609      609      609      295      317      318     1768     1769     1770
      610      610      610      610      610      295      318      296     1770     1771     1703
      611      611      611      611      611      296      318      319     1771     1772     1773
      612      612      612      612      612      296      319      297     1773     1774     1706
      613      613      613      613      613      297      319      320     1774     1775     1776
      614      614      614      614      614      297      320      298     1776     1777     1709
      615      615      615      615      615      298      320      321     1777     1778     1779
      616      616      616      616      616      298      321      299     1779     1780     1712
      617      617      617      617      617      299      321      322     1780     1781     1782
      618      618      618      618      618      299      322      300     1782     1783     1715
      619      619      619      619      619      300      322      323     1783     1784     1785
      620      620      620      620      620      300      323      301     1785     1786     1718
      621      621      621      621      621      301      323      324     1786     1787     1788
      622      622      622      622      622      301      324      302     1788     1789     1721
      623      623      623      623      623      302      324      325     1789     1790     1791
      624      624      624      624      624      302      325      303     1791     1792     1724
      625      625      625      625      625      303      325      326     1792     1793     1794
      626      626      626      626      626      303      326      304     1794     1795     1727
      627      627      627      627      627      304      326      327     1795     1796     1797
      628      628      628      628      628      304      327      305     1797     1798     1730
      629      629      629      629      629      305      327      328     1798     1799     1800
      630      630      630      630      630      305      328      283     1800     1801     1733
      631      631      631      631      631      283      328      306     1801     1802     1734
      632      632      632      632      632      306      329      307     1803     1804     1736
      633      633      633      633      633      307      329      330     1804     1805     1806
      634      634      634      634      634      307      330      308     1806     1807     1739
      635      635      635      635      635      308      330      331     1807     1808     1809
      636      636      636      636      636      308      331      309     1809     1810     1742
      637      637      637      637      637      309      331      332     1810     1811     1812
      638      638      638      638      638      309      332      310     1812     1813     1745
      639      639      639      639      639      310      332      333     1813     1814     1815
      640      640      640      640      640      310      333      311     1815     1816     1748
      641      641      641      641      641      311      333      334     1816     1817     1818
      642      642      642      642      642      311      334      312     1818     1819     1751
      643      643      643      643      643      312      334      335     1819     1820     1821
      644      644      644      644      644      312      335      313     1821     1822     1754
      645      645      645      645      645      313      335      336     1822     1823     1824
      646      646      646      646      646      313      336      314     1824     1825     1757
      647      647      647      647      647      314      336      337     1825     1826     1827
      648      648      648      648      648      314      337      315     1827     1828     1760
      649      649      649      649      649      315      337      338     1828     1829     1830
      650      650      650      650      650      315      338      316     1830     1831     1763
      651      651      651      651      651      316      338      339     1831     1832     1833
      652      652      652      652      652      316      339      317     1833     1834     1766
      653      653      653      653      653      317      339      340     1834     1835     1836
      654      654      654      654      654      317      340      318     1836     1837     1769
      655      655      655      655      655      318      340      341     1837     1838     1839
      656      656      656      656      656      318      341      319     1839     1840     1772
      657      657      657      657      657      319      341      342     1840     1841     1842
      658      658      658      658      658      319      342      320     1842     1843     1775
      659      659      659      659      659      320      342      343     1843     1844     1845
      660      660      660      660      660      320      343      321     1845     1846     1778
      661      661      661      661      661      321      343      344     1846     1847     1848
      662      662      662      662      662      321      344      322     1848     1849     1781
      663      663      663      663      663      322      344      345     1849     1850     1851
      664      664      664      664      664      322      345      323     1851     1852     1784
      665      665      665      665      665      323      345      346     1852     1853     1854
      666      666      666      666      666      323      346      324     1854     1855     1787
      667      667      667      667      667      324      346      347     1855     1856     1857
      668      668      668      668      668      324      347      325     1857     1858     1790
      669      669      669      669      669      325      347      348     1858     1859     1860
      670      670      670      670      670      325      348      326     1860     1861     1793
      671      671      671      671      671      326      348      349     1861     1862     1863
      672      672      672      672      672      326      349      327     1863     1864     1796
      673      673      673      673      673      327      349      350     1864     1865     1866
      674      674      674      674      674      327      350      328     1866     1867     1799
      675      675      675      675      675      328      350      351     1867     1868     1869
      676      676      676      676      676      328      351      306     1869     1870     1802
      677      677      677      677      677      306      351      329     1870     1871     1803
      678      678      678      678      678      329      352      330     1872     1873     1805
      679      679      679      679      679      330      352      353     1873     1874     1875
      680      680      680      680      680      330      353      331     1875     1876     1808
      681      681      681      681      681      331      353      354     1876     1877     1878
      682      682      682      682      682      331      354      332     1878     1879     1811
      683      683      683      683      683      332      354      355     1879     1880     1881
      684      684      684      684      684      332      355      333     1881     1882     1814
      685      685      685      685      685      333      355      356     1882     1883     1884
      686      686      686      686      686      333      356      334     1884     1885     1817
      687      687      687      687      687      334      356      357     1885     1886     1887
      688      688      688      688      688      334      357      335     1887     1888     1820
      689      689      689      689      689      335      357      358     1888     1889     1890
      690      690      690      690      690      335      358      336     1890     1891     1823
      691      691      691      691      691      336      358      359     1891     1892     1893
      692      692      692      692      692      336      359      337     1893     1894     1826
      693      693      693      693      693      337      359      360     1894     1895     1896
      694      694      694      694      694      337      360      338     1896     1897     1829
      695      695      695      695      695      338      360      361     1897     1898     1899
      696      696      696      696      696      338      361      339     1899     1900     1832
      697      697      697      697      697      339      361      362     1900     1901     1902
      698      698      698      698      698      339      362      340     1902     1903     1835
      699      699      699      699      699      340      362      363     1903     1904     1905
      700      700      700      700      700      340      363      341     1905     1906     1838
      701      701      701      701      701      341      363      364     1906     1907     1908
      702      702      702      702      702      341      364      342     1908     1909     1841
      703      703      703      703      703      342      364      365     1909     1910     1911
      704      704      704      704      704      342      365      343     1911     1912     1844
      705      705      705      705      705      343      365      366     1912     1913     1914
      706      706      706      706      706      343      366      344     1914     1915     1847
      707      707      707      707      707      344      366      367     1915     1916     1917
      708      708      708      708      708      344      367      345     1917     1918     1850
      709      709      709      709      709      345      367      368     1918     1919     1920
      710      710      710      710      710      345      368      346     1920     1921     1853
      711      711      711      711      711      346      368      369     1921     1922     1923
      712      712      712      712      712      346      369      347     1923     1924     1856
      713      713      713      713      713      347      369      370     1924     1925     1926
      714      714      714      714      714      347      370      348     1926     1927     1859
      715      715      715      715      715      348      370      371     1927     1928     1929
      716      716      716      716      716      348      371      349     1929     1930     1862
      717      717      717      717      717      349      371      372     1930     1931     1932
      718      718      718      718      718      349      372      350     1932     1933     1865
      719      719      719      719      719      350      372      373     1933     1934     1935
      720      720      720      720      720      350      373      351     1935     1936     1868
      721      721      721      721      721      351      373      374     1936     1937     1938
      722      722      722      722      722      351      374      329     1938     1939     1871
      723      723      723      723      723      329      374      352     1939     1940     1872
      724      724      724      724      724      352      398      375     1941     1942     1943
      725      725      725      725      725      352      375      353     1943     1944     1874
      726      726      726      726      726      353      375      376     1944     1945     1946
      727      727      727      727      727      353      376      354     1946     1947     1877
      728      728      728      728      728      354      376      377     1947     1948     1949
      729      729      729      729      729      354      377      355     1949     1950     1880
      730      730      730      730      730      355      377      378     1950     1951     1952
      731      731      731      731      731      355      378      356     1952     1953     1883
      732      732      732      732      732      356      378      379     1953     1954     1955
      733      733      733      733      733      356      379      357     1955     1956     1886
      734      734      734      734      734      357      379      380     1956     1957     1958
      735      735      735      735      735      357      380      358     1958     1959     1889
      736      736      736      736      736      358      380      381     1959     1960     1961
      737      737      737      737      737      358      381      359     1961     1962     1892
      738      738      738      738      738      359      381      382     1962     1963     1964
      739      739      739      739      739      359      382      360     1964     1965     1895
      740      740      740      740      740      360      382      383     1965     1966     1967
      741      741      741      741      741      360      383      361     1967     1968     1898
      742      742      742      742      742      361      383      384     1968     1969     1970
      743      743      743      743      743      361      384      362     1970     1971     1901
      744      744      744      744      744      362      384      385     1971     1972     1973
      745      745      745      745      745      362      385      363     1973     1974     1904
      746      746      746      746      746      363      385      386     1974     1975     1976
      747      747      747      747      747      363      386      364     1976     1977     1907
      748      748      748      748      748      364      386      387     1977     1978     1979
      749      749      749      749      749      364      387      388     1979     1980     1981
      750      750      750      750      750      364      388      365     1981     1982     1910
      751      751      751      751      751      365      388      389     1982     1983     1984
      752      752      752      752      752      365      389      366     1984     1985     1913
      753      753      753      753      753      366      389      390     1985     1986     1987
      754      754      754      754      754      366      390      367     1987     1988     1916
      755      755      755      755      755      367      390      391     1988     1989     1990
      756      756      756      756      756      367      391      368     1990     1991     1919
      757      757      757      757      757      368      391      392     1991     1992     1993
      758      758      758      758      758      368      392      369     1993     1994     1922
      759      759      759      759      759      369      392      393     1994     1995     1996
      760      760      760      760      760      369      393      370     1996     1997     1925
      761      761      761      761      761      370      393      394     1997     1998     1999
      762      762      762      762      762      370      394      371     1999     2000     1928
      763      763      763      763      763      371      394      395     2000     2001     2002
      764      764      764      764      764      371      395      372     2002     2003     1931
      765      765      765      765      765      372      395      396     2003     2004     2005
      766      766      766      766      766      372      396      373     2005     2006     1934
      767      767      767      767      767      373      396      397     2006     2007     2008
      768      768      768      768      768      373      397      374     2008     2009     1937
      769      769      769      769      769      374      397      398     2009     2010     2011
      770      770      770      770      770      374      398      352     2011     1941     1940
      771      771      771      771      771      375      399      376     2012     2013     1945
      772      772      772      772      772      376      399      400     2013     2014     2015
      773      773      773      773      773      376      400      377     2015     2016     1948
      774      774      774      774      774      377      400      401     2016     2017     2018
      775      775      775      775      775      377      401      378     2018     2019     1951
      776      776      776      776      776      378      401      402     2019     2020     2021
      777      777      777      777      777      378      402      379     2021     2022     1954
      778      778      778      778      778      379      402      403     2022     2023     2024
      779      779      779      779      779      379      403      380     2024     2025     1957
      780      780      780      780      780      380      403      404     2025     2026     2027
      781      781      781      781      781      380      404      381     2027     2028     1960
      782      782      782      782      782      381      404      405     2028     2029     2030
      783      783      783      783      783      381      405      382     2030     2031     1963
      784      784      784      784      784      382      405      406     2031     2032     2033
      785      785      785      785      785      382      406      383     2033     2034     1966
      786      786      786      786      786      383      406      407     2034     2035     2036
      787      787      787      787      787      383      407      384     2036     2037     1969
      788      788      788      788      788      384      407      408     2037     2038     2039
      789      789      789      789      789      384      408      385     2039     2040     1972
      790      790      790      790      790      385      408      409     2040     2041     2042
      791      791      791      791      791      385      409      386     2042     2043     1975
      792      792      792      792      792      386      409      410     2043     2044     2045
      793      793      793      793      793      386      410      387     2045     2046     1978
      794      794      794      794      794      387      410      411     2046     2047     2048
      795      795      795      795      795      387      411      388     2048     2049     1980
      796      796      796      796      796      388      411      412     2049     2050     2051
      797      797      797      797      797      388      412      389     2051     2052     1983
      798      798      798      798      798      389      412      413     2052     2053     2054
      799      799      799      799      799      389      413      390     2054     2055     1986
      800      800      800      800      800      390      413      414     2055     2056     2057
      801      801      801      801      801      390      414      391     2057     2058     1989
      802      802      802      802      802      391      414      415     2058     2059     2060
      803      803      803      803      803      391      415      392     2060     2061     1992
      804      804      804      804      804      392      415      416     2061     2062     2063
      805      805      805      805      805      392      416      393     2063     2064     1995
      806      806      806      806      806      393      416      417     2064     2065     2066
      807      807      807      807      807      393      417      394     2066     2067     1998
      808      808      808      808      808      394      417      418     2067     2068     2069
      809      809      809      809      809      394      418      395     2069     2070     2001
      810      810      810      810      810      395      418      419     2070     2071     2072
      811      811      811      811      811      395      419      396     2072     2073     2004
      812      812      812      812      812      396      419      420     2073     2074     2075
      813      813      813      813      813      396      420      397     2075     2076     2007
      814      814      814      814      814      397      420      421     2076     2077     2078
      815      815      815      815      815      397      421      398     2078     2079     2010
      816      816      816      816      816      398      421      422     2079     2080     2081
      817      817      817      817      817      398      422      375     2081     2082     1942
      818      818      818      818      818      375      422      399     2082     2083     2012
      819      819      819      819      819      399      423      400     2084     2085     2014
      820      820      820      820      820      400      423      424     2085     2086     2087
      821      821      821      821      821      400      424      401     2087     2088     2017
      822      822      822      822      822      401      424      425     2088     2089     2090
      823      823      823      823      823      401      425      402     2090     2091     2020
      824      824      824      824      824      402      425      426     2091     2092     2093
      825      825      825      825      825      402      426      403     2093     2094     2023
      826      826      826      826      826      403      426      427     2094     2095     2096
      827      827      827      827      827      403      427      404     2096     2097     2026
      828      828      828      828      828      404      427      428     2097     2098     2099
      829      829      829      829      829      404      428      405     2099     2100     2029
      830      830      830      830      830      405      428      429     2100     2101     2102
      831      831      831      831      831      405      429      406     2102     2103     2032
      832      832      832      832      832      406      429      430     2103     2104     2105
      833      833      833      833      833      406      430      407     2105     2106     2035
      834      834      834      834      834      407      430      431     2106     2107     2108
      835      835      835      835      835      407      431      408     2108     2109     2038
      836      836      836      836      836      408      431      432     2109     2110     2111
      837      837      837      837      837      408      432      409     2111     2112     2041
      838      838      838      838      838      409      432      433     2112     2113     2114
      839      839      839      839      839      409      433      410     2114     2115     2044
      840      840      840      840      840      410      433      434     2115     2116     2117
      841      841      841      841      841      410      434      411     2117     2118     2047
      842      842      842      842      842      411      434      435     2118     2119     2120
      843      843      843      843      843      411      435      412     2120     2121     2050
      844      844      844      844      844      412      435      436     2121     2122     2123
      845      845      845      845      845      412      436      413     2123     2124     2053
      846      846      846      846      846      413      436      437     2124     2125     2126
      847      847      847      847      847      413      437      414     2126     2127     2056
      848      848      848      848      848      414      437      438     2127     2128     2129
      849      849      849      849      849      414      438      415     2129     2130     2059
      850      850      850      850      850      415      438      439     2130     2131     2132
      851      851      851      851      851      415      439      416     2132     2133     2062
      852      852      852      852      852      416      439      440     2133     2134     2135
      853      853      853      853      853      416      440      417     2135     2136     2065
      854      854      854      854      854      417      440      441     2136     2137     2138
      855      855      855      855      855      417      441      418     2138     2139     2068
      856      856      856      856      856      418      441      442     2139     2140     2141
      857      857      857      857      857      418      442      419     2141     2142     2071
      858      858      858      858      858      419      442      443     2142     2143     2144
      859      859      859      859      859      419      443      420     2144     2145     2074
      860      860      860      860      860      420      443      444     2145     2146     2147
      861      861      861      861      861      420      444      421     2147     2148     2077
      862      862      862      862      862      421      444      445     2148     2149     2150
      863      863      863      863      863      421      445      422     2150     2151     2080
      864      864      864      864      864      422      445      446     2151     2152     2153
      865      865      865      865      865      422      446      399     2153     2154     2083
      866      866      866      866      866      399      446      423     2154     2155     2084
      867      867      867      867      867      423      447      424     2156     2157     2086
      868      868      868      868      868      424      447      448     2157     2158     2159
      869      869      869      869      869      424      448      425     2159     2160     2089
      870      870      870      870      870      425      448      449     2160     2161     2162
      871      871      871      871      871      425      449      426     2162     2163     2092
      872      872      872      872      872      426      449      450     2163     2164     2165
      873      873      873      873      873      426      450      427     2165     2166     2095
      874      874      874      874      874      427      450      451     2166     2167     2168
      875      875      875      875      875      427      451      428     2168     2169     2098
      876      876      876      876      876      428      451      452     2169     2170     2171
      877      877      877      877      877      428      452      429     2171     2172     2101
      878      878      878      878      878      429      452      453     2172     2173     2174
      879      879      879      879      879      429      453      430     2174     2175     2104
      880      880      880      880      880      430      453      454     2175     2176     2177
      881      881      881      881      881      430      454      431     2177     2178     2107
      882      882      882      882      882      431      454      455     2178     2179     2180
      883      883      883      883      883      431      455      432     2180     2181     2110
      884      884      884      884      884      432      455      456     2181     2182     2183
      885      885      885      885      885      432      456      433     2183     2184     2113
      886      886      886      886      886      433      456      457     2184     2185     2186
      887      887      887      887      887      433      457      434     2186     2187     2116
      888      888      888      888      888      434      457      458     2187     2188     2189
      889      889      889      889      889      434      458      435     2189     2190     2119
      890      890      890      890      890      435      458      459     2190     2191     2192
      891      891      891      891      891      435      459      436     2192     2193     2122
      892      892      892      892      892      436      459      460     2193     2194     2195
      893      893      893      893      893      436      460      437     2195     2196     2125
      894      894      894      894      894      437      460      461     2196     2197     2198
      895      895      895      895      895      437      461      438     2198     2199     2128
      896      896      896      896      896      438      461      462     2199     2200     2201
      897      897      897      897      897      438      462      439     2201     2202     2131
      898      898      898      898      898      439      462      463     2202     2203     2204
      899      899      899      899      899      439      463      440     2204     2205     2134
      900      900      900      900      900      440      463      464     2205     2206     2207
      901      901      901      901      901      440      464      441     2207     2208     2137
      902      902      902      902      902      441      464      465     2208     2209     2210
      903      903      903      903      903      441      465      442     2210     2211     2140
      904      904      904      904      904      442      465      466     2211     2212     2213
      905      905      905      905      905      442      466      443     2213     2214     2143
      906      906      906      906      906      443      466      467     2214     2215     2216
      907      907      907      907      907      443      467      444     2216     2217     2146
      908      908      908      908      908      444      467      468     2217     2218     2219
      909      909      909      909      909      444      468      445     2219     2220     2149
      910      910      910      910      910      445      468      469     2220     2221     2222
      911      911      911      911      911      445      469      446     2222     2223     2152
      912      912      912      912      912      446      469      470     2223     2224     2225
      913      913      913      913      913      446      470      423     2225     2226     2155
      914      914      914      914      914      423      470      447     2226     2227     2156
      915      915      915      915      915      447      471      448     2228     2229     2158
      916      916      916      916      916      448      471      472     2229     2230     2231
      917      917      917      917      917      448      472      449     2231     2232     2161
      918      918      918      918      918      449      472      473     2232     2233     2234
      919      919      919      919      919      449      473      450     2234     2235     2164
      920      920      920      920      920      450      473      474     2235     2236     2237
      921      921      921      921      921      450      474      451     2237     2238     2167
      922      922      922      922      922      451      474      475     2238     2239     2240
      923      923      923      923      923      451      475      452     2240     2241     2170
      924      924      924      924      924      452      475      476     2241     2242     2243
      925      925      925      925      925      452      476      453     2243     2244     2173
      926      926      926      926      926      453      476      477     2244     2245     2246
      927      927      927      927      927      453      477      454     2246     2247     2176
      928      928      928      928      928      454      477      478     2247     2248     2249
      929      929      929      929      929      454      478      455     2249     2250     2179
      930      930      930      930      930      455      478      479     2250     2251     2252
      931      931      931      931      931      455      479      456     2252     2253     2182
      932      932      932      932      932      456      479      480     2253     2254     2255
      933      933      933      933      933      456      480      457     2255     2256     2185
      934      934      934      934      934      457      480      481     2256     2257     2258
      935      935      935      935      935      457      481      458     2258     2259     2188
      936      936      936      936      936      458      481      482     2259     2260     2261
      937      937      937      937      937      458      482      459     2261     2262     2191
      938      938      938      938      938      459      482      460     2262     2263     2194
      939      939      939      939      939      460      482      483     2263     2264     2265
      940      940      940      940      940      460      483      461     2265     2266     2197
      941      941      941      941      941      461      483      484     2266     2267     2268
      942      942      942      942      942      461      484      462     2268     2269     2200
      943      943      943      943      943      462      484      485     2269     2270     2271
      944      944      944      944      944      462      485      463     2271     2272     2203
      945      945      945      945      945      463      485      486     2272     2273     2274
      946      946      946      946      946      463      486      464     2274     2275     2206
      947      947      947      947      947      464      486      487     2275     2276     2277
      948      948      948      948      948      464      487      465     2277     2278     2209
      949      949      949      949      949      465      487      488     2278     2279     2280
      950      950      950      950      950      465      488      466     2280     2281     2212
      951      951      951      951      951      466      488      489     2281     2282     2283
      952      952      952      952      952      466      489      467     2283     2284     2215
      953      953      953      953      953      467      489      490     2284     2285     2286
      954      954      954      954      954      467      490      468     2286     2287     2218
      955      955      955      955      955      468      490      491     2287     2288     2289
      956      956      956      956      956      468      491      469     2289     2290     2221
      957      957      957      957      957      469      491      492     2290     2291     2292
      958      958      958      958      958      469      492      470     2292     2293     2224
      959      959      959      959      959      470      492      493     2293     2294     2295
      960      960      960      960      960      470      493      447     2295     2296     2227
      961      961      961      961      961      447      493      471     2296     2297     2228
      962      962      962      962      962      471      494      472     2298     2299     2230
      963      963      963      963      963      472      494      495     2299     2300     2301
      964      964      964      964      964      472      495      473     2301     2302     2233
      965      965      965      965      965      473      495      496     2302     2303     2304
      966      966      966      966      966      473      496      474     2304     2305     2236
      967      967      967      967      967      474      496      497     2305     2306     2307
      968      968      968      968      968      474      497      475     2307     2308     2239
      969      969      969      969      969      475      497      498     2308     2309     2310
      970      970      970      970      970      475      498      476     2310     2311     2242
      971      971      971      971      971      476      498      499     2311     2312     2313
      972      972      972      972      972      476      499      477     2313     2314     2245
      973      973      973      973      973      477      499      500     2314     2315     2316
      974      974      974      974      974      477      500      478     2316     2317     2248
      975      975      975      975      975      478      500      501     2317     2318     2319
      976      976      976      976      976      478      501      479     2319     2320     2251
      977      977      977      977      977      479      501      502     2320     2321     2322
      978      978      978      978      978      479      502      480     2322     2323     2254
      979      979      979      979      979      480      502      503     2323     2324     2325
      980      980      980      980      980      480      503      481     2325     2326     2257
      981      981      981      981      981      481      503      504     2326     2327     2328
      982      982      982      982      982      481      504      482     2328     2329     2260
      983      983      983      983      983      482      504      505     2329     2330     2331
      984      984      984      984      984      482      505      483     2331     2332     2264
      985      985      985      985      985      483      505      506     2332     2333     2334
      986      986      986      986      986      483      506      484     2334     2335     2267
      987      987      987      987      987      484      506      507     2335     2336     2337
      988      988      988      988      988      484      507      485     2337     2338     2270
      989      989      989      989      989      485      507      508     2338     2339     2340
      990      990      990      990      990      485      508      486     2340     2341     2273
      991      991      991      991      991      486      508      509     2341     2342     2343
      992      992      992      992      992      486      509      487     2343     2344     2276
      993      993      993      993      993      487      509      510     2344     2345     2346
      994      994      994      994      994      487      510      488     2346     2347     2279
      995      995      995      995      995      488      510      511     2347     2348     2349
      996      996      996      996      996      488      511      489     2349     2350     2282
      997      997      997      997      997      489      511      512     2350     2351     2352
      998      998      998      998      998      489      512      490     2352     2353     2285
      999      999      999      999      999      490      512      513     2353     2354     2355
     1000     1000     1000     1000     1000      490      513      491     2355     2356     2288
     1001     1001     1001     1001     1001      491      513      514     2356     2357     2358
     1002     1002     1002     1002     1002      491      514      492     2358     2359     2291
     1003     1003     1003     1003     1003      492      514      515     2359     2360     2361
     1004     1004     1004     1004     1004      492      515      493     2361     2362     2294
     1005     1005     1005     1005     1005      493      515      516     2362     2363     2364
     1006     1006     1006     1006     1006      493      516      471     2364     2365     2297
     1007     1007     1007     1007     1007      471      516      494     2365     2366     2298
     1008     1008     1008     1008     1008      494      517      495     2367     2368     2300
     1009     1009     1009     1009     1009      495      517      518     2368     2369     2370
     1010     1010     1010     1010     1010      495      518      496     2370     2371     2303
     1011     1011     1011     1011     1011      496      518      519     2371     2372     2373
     1012     1012     1012     1012     1012      496      519      497     2373     2374     2306
     1013     1013     1013     1013     1013      497      519      520     2374     2375     2376
     1014     1014     1014     1014     1014      497      520      498     2376     2377     2309
     1015     1015     1015     1015     1015      498      520      521     2377     2378     2379
     1016     1016     1016     1016     1016      498      521      499     2379     2380     2312
     1017     1017     1017     1017     1017      499      521      522     2380     2381     2382
     1018     1018     1018     1018     1018      499      522      500     2382     2383     2315
     1019     1019     1019     1019     1019      500      522      523     2383     2384     2385
     1020     1020     1020     1020     1020      500      523      501     2385     2386     2318
     1021     1021     1021     1021     1021      501      523      524     2386     2387     2388
     1022     1022     1022     1022     1022      501      524      502     2388     2389     2321
     1023     1023     1023     1023     1023      502      524      525     2389     2390     2391
     1024     1024     1024     1024     1024      502      525      503     2391     2392     2324
     1025     1025     1025     1025     1025      503      525      526     2392     2393     2394
     1026     1026     1026     1026     1026      503      526      504     2394     2395     2327
     1027     1027     1027     1027     1027      504      526      527     2395     2396     2397
     1028     1028     1028     1028     1028      504      527      505     2397     2398     2330
     1029     1029     1029     1029     1029      505      527      528     2398     2399     2400
     1030     1030     1030     1030     1030      505      528      506     2400     2401     2333
     1031     1031     1031     1031     1031      506      528      529     2401     2402     2403
     1032     1032     1032     1032     1032      506      529      507     2403     2404     2336
     1033     1033     1033     1033     1033      507      529      530     2404     2405     2406
     1034     1034     1034     1034     1034      507      530      508     2406     2407     2339
     1035     1035     1035     1035     1035      508      530      531     2407     2408     2409
     1036     1036     1036     1036     1036      508      531      509     2409     2410     2342
     1037     1037     1037     1037     1037      509      531      532     2410     2411     2412
     1038     1038     1038     1038     1038      509      532      510     2412     2413     2345
     1039     1039     1039     1039     1039      510      532      533     2413     2414     2415
     1040     1040     1040     1040     1040      510      533      511     2415     2416     2348
     1041     1041     1041     1041     1041      511      533      534     2416     2417     2418
     1042     1042     1042     1042     1042      511      534      512     2418     2419     2351
     1043     1043     1043     1043     1043      512      534      535     2419     2420     2421
     1044     1044     1044     1044     1044      512      535      513     2421     2422     2354
     1045     1045     1045     1045     1045      513      535      536     2422     2423     2424
     1046     1046     1046     1046     1046      513      536      514     2424     2425     2357
     1047     1047     1047     1047     1047      514      536      537     2425     2426     2427
     1048     1048     1048     1048     1048      514      537      515     2427     2428     2360
     1049     1049     1049     1049     1049      515      537      538     2428     2429     2430
     1050     1050     1050     1050     1050      515      538      516     2430     2431     2363
     1051     1051     1051     1051     1051      516      538      539     2431     2432     2433
     1052     1052     1052     1052     1052      516      539      494     2433     2434     2366
     1053     1053     1053     1053     1053      494      539      517     2434     2435     2367
     1054     1054     1054     1054     1054      517      540      518     2436     2437     2369
     1055     1055     1055     1055     1055      518      540      541     2437     2438     2439
     1056     1056     1056     1056     1056      518      541      519     2439     2440     2372
     1057     1057     1057     1057     1057      519      541      542     2440     2441     2442
     1058     1058     1058     1058     1058      519      542      520     2442     2443     2375
     1059     1059     1059     1059     1059      520      542      543     2443     2444     2445
     1060     1060     1060     1060     1060      520      543      521     2445     2446     2378
     1061     1061     1061     1061     1061      521      543      544     2446     2447     2448
     1062     1062     1062     1062     1062      521      544      522     2448     2449     2381
     1063     1063     1063     1063     1063      522      544      545     2449     2450     2451
     1064     1064     1064     1064     1064      522      545      523     2451     2452     2384
     1065     1065     1065     1065     1065      523      545      546     2452     2453     2454
     1066     1066     1066     1066     1066      523      546      524     2454     2455     2387
     1067     1067     1067     1067     1067      524      546      547     2455     2456     2457
     1068     1068     1068     1068     1068      524      547      525     2457     2458     2390
     1069     1069     1069     1069     1069      525      547      548     2458     2459     2460
     1070     1070     1070     1070     1070      525      548      526     2460     2461     2393
     1071     1071     1071     1071     1071      526      548      549     2461     2462     2463
     1072     1072     1072     1072     1072      526      549      527     2463     2464     2396
     1073     1073     1073     1073     1073      527      549      550     2464     2465     2466
     1074     1074     1074     1074     1074      527      550      528     2466     2467     2399
     1075     1075     1075     1075     1075      528      550      551     2467     2468     2469
     1076     1076     1076     1076     1076      528      551      529     2469     2470     2402
     1077     1077     1077     1077     1077      529      551      552     2470     2471     2472
     1078     1078     1078     1078     1078      529      552      530     2472     2473     2405
     1079     1079     1079     1079     1079      530      552      553     2473     2474     2475
     1080     1080     1080     1080     1080      530      553      531     2475     2476     2408
     1081     1081     1081     1081     1081      531      553      554     2476     2477     2478
     1082     1082     1082     1082     1082      531      554      532     2478     2479     2411
     1083     1083     1083     1083     1083      532      554      555     2479     2480     2481
     1084     1084     1084     1084     1084      532      555      533     2481     2482     2414
     1085     1085     1085     1085     1085      533      555      556     2482     2483     2484
     1086     1086     1086     1086     1086      533      556      534     2484     2485     2417
     1087     1087     1087     1087     1087      534      556      557     2485     2486     2487
     1088     1088     1088     1088     1088      534      557      535     2487     2488     2420
     1089     1089     1089     1089     1089      535      557      558     2488     2489     2490
     1090     1090     1090     1090     1090      535      558      536     2490     2491     2423
     1091     1091     1091     1091     1091      536      558      559     2491     2492     2493
     1092     1092     1092     1092     1092      536      559      537     2493     2494     2426
     1093     1093     1093     1093     1093      537      559      560     2494     2495     2496
     1094     1094     1094     1094     1094      537      560      538     2496     2497     2429
     1095     1095     1095     1095     1095      538      560      561     2497     2498     2499
     1096     1096     1096     1096     1096      538      561      539     2499     2500     2432
     1097     1097     1097     1097     1097      539      561      562     2500     2501     2502
     1098     1098     1098     1098     1098      539      562      517     2502     2503     2435
     1099     1099     1099     1099     1099      517      562      540     2503     2504     2436
     1100     1100     1100     1100     1100      540      563      541     2505     2506     2438
     1101     1101     1101     1101     1101      541      563      564     2506     2507     2508
     1102     1102     1102     1102     1102      541      564      542     2508     2509     2441
     1103     1103     1103     1103     1103      542      564      565     2509     2510     2511
     1104     1104     1104     1104     1104      542      565      543     2511     2512     2444
     1105     1105     1105     1105     1105      543      565      566     2512     2513     2514
     1106     1106     1106     1106     1106      543      566      544     2514     2515     2447
     1107     1107     1107     1107     1107      544      566      567     2515     2516     2517
     1108     1108     1108     1108     1108      544      567      545     2517     2518     2450
     1109     1109     1109     1109     1109      545      567      568     2518     2519     2520
     1110     1110     1110     1110     1110      545      568      546     2520     2521     2453
     1111     1111     1111     1111     1111      546      568      569     2521     2522     2523
     1112     1112     1112     1112     1112      546      569      547     2523     2524     2456
     1113     1113     1113     1113     1113      547      569      570     2524     2525     2526
     1114     1114     1114     1114     1114      547      570      548     2526     2527     2459
     1115     1115     1115     1115     1115      548      570      571     2527     2528     2529
     1116     1116     1116     1116     1116      548      571      549     2529     2530     2462
     1117     1117     1117     1117     1117      549      571      572     2530     2531     2532
     1118     1118     1118     1118     1118      549      572      550     2532     2533     2465
     1119     1119     1119     1119     1119      550      572      573     2533     2534     2535
     1120     1120     1120     1120     1120      550      573      551     2535     2536     2468
     1121     1121     1121     1121     1121      551      573      574     2536     2537     2538
     1122     1122     1122     1122     1122      551      574      552     2538     2539     2471
     1123     1123     1123     1123     1123      552      574      575     2539     2540     2541
     1124     1124     1124     1124     1124      552      575      553     2541     2542     2474
     1125     1125     1125     1125     1125      553      575      576     2542     2543     2544
     1126     1126     1126     1126     1126      553      576      554     2544     2545     2477
     1127     1127     1127     1127     1127      554      576      577     2545     2546     2547
     1128     1128     1128     1128     1128      554      577      555     2547     2548     2480
     1129     1129     1129     1129     1129      555      577      578     2548     2549     2550
     1130     1130     1130     1130     1130      555      578      556     2550     2551     2483
     1131     1131     1131     1131     1131      556      578      579     2551     2552     2553
     1132     1132     1132     1132     1132      556      579      557     2553     2554     2486
     1133     1133     1133     1133     1133      557      579      580     2554     2555     2556
     1134     1134     1134     1134     1134      557      580      558     2556     2557     2489
     1135     1135     1135     1135     1135      558      580      581     2557     2558     2559
     1136     1136     1136     1136     1136      558      581      559     2559     2560     2492
     1137     1137     1137     1137     1137      559      581      582     2560     2561     2562
     1138     1138     1138     1138     1138      559      582      560     2562     2563     2495
     1139     1139     1139     1139     1139      560      582      583     2563     2564     2565
     1140     1140     1140     1140     1140      560      583      561     2565     2566     2498
     1141     1141     1141     1141     1141      561      583      584     2566     2567     2568
     1142     1142     1142     1142     1142      561      584      562     2568     2569     2501
     1143     1143     1143     1143     1143      562      584      585     2569     2570     2571
     1144     1144     1144     1144     1144      562      585      540     2571     2572     2504
     1145     1145     1145     1145     1145      540      585      563     2572     2573     2505
     1146     1146     1146     1146     1146      563      586      564     2574     2575     2507
     1147     1147     1147     1147     1147      564      586      587     2575     2576     2577
     1148     1148     1148     1148     1148      564      587      565     2577     2578     2510
     1149     1149     1149     1149     1149      565      587      588     2578     2579     2580
     1150     1150     1150     1150     1150      565      588      566     2580     2581     2513
     1151     1151     1151     1151     1151      566      588      589     2581     2582     2583
     1152     1152     1152     1152     1152      566      589      567     2583     2584     2516
     1153     1153     1153     1153     1153      567      589      590     2584     2585     2586
     1154     1154     1154     1154     1154      567      590      568     2586     2587     2519
     1155     1155     1155     1155     1155      568      590      591     2587     2588     2589
     1156     1156     1156     1156     1156      568      591      569     2589     2590     2522
     1157     1157     1157     1157     1157      569      591      592     2590     2591     2592
     1158     1158     1158     1158     1158      569      592      570     2592     2593     2525
     1159     1159     1159     1159     1159      570      592      593     2593     2594     2595
     1160     1160     1160     1160     1160      570      593      571     2595     2596     2528
     1161     1161     1161     1161     1161      571      593      594     2596     2597     2598
     1162     1162     1162     1162     1162      571      594      572     2598     2599     2531
     1163     1163     1163     1163     1163      572      594      595     2599     2600     2601
     1164     1164     1164     1164     1164      572      595      573     2601     2602     2534
     1165     1165     1165     1165     1165      573      595      596     2602     2603     2604
     1166     1166     1166     1166     1166      573      596      574     2604     2605     2537
     1167     1167     1167     1167     1167      574      596      597     2605     2606     2607
     1168     1168     1168     1168     1168      574      597      575     2607     2608     2540
     1169     1169     1169     1169     1169      575      597      598     2608     2609     2610
     1170     1170     1170     1170     1170      575      598      576     2610     2611     2543
     1171     1171     1171     1171     1171      576      598      599     2611     2612     2613
     1172     1172     1172     1172     1172      576      599      577     2613     2614     2546
     1173     1173     1173     1173     1173      577      599      600     2614     2615     2616
     1174     1174     1174     1174     1174      577      600      578     2616     2617     2549
     1175     1175     1175     1175     1175      578      600      601     2617     2618     2619
     1176     1176     1176     1176     1176      578      601      579     2619     2620     2552
     1177     1177     1177     1177     1177      579      601      602     2620     2621     2622
     1178     1178     1178     1178     1178      579      602      580     2622     2623     2555
     1179     1179     1179     1179     1179      580      602      603     2623     2624     2625
     1180     1180     1180     1180     1180      580      603      581     2625     2626     2558
     1181     1181     1181     1181     1181      581      603      604     2626     2627     2628
     1182     1182     1182     1182     1182      581      604      582     2628     2629     2561
     1183     1183     1183     1183     1183      582      604      605     2629     2630     2631
     1184     1184     1184     1184     1184      582      605      583     2631     2632     2564
     1185     1185     1185     1185     1185      583      605      606     2632     2633     2634
     1186     1186     1186     1186     1186      583      606      584     2634     2635     2567
     1187     1187     1187     1187     1187      584      606      607     2635     2636     2637
     1188     1188     1188     1188     1188      584      607      585     2637     2638     2570
     1189     1189     1189     1189     1189      585      607      608     2638     2639     2640
     1190     1190     1190     1190     1190      585      608      563     2640     2641     2573
     1191     1191     1191     1191     1191      563      608      586     2641     2642     2574
     1192     1192     1192     1192     1192      586      609      587     2643     2644     2576
     1193     1193     1193     1193     1193      587      609      610     2644     2645     2646
     1194     1194     1194     1194     1194      587      610      588     2646     2647     2579
     1195     1195     1195     1195     1195      588      610      611     2647     2648     2649
     1196     1196     1196     1196     1196      588      611      589     2649     2650     2582
     1197     1197     1197     1197     1197      589      611      612     2650     2651     2652
     1198     1198     1198     1198     1198      589      612      590     2652     2653     2585
     1199     1199     1199     1199     1199      590      612      613     2653     2654     2655
     1200     1200     1200     1200     1200      590      613      591     2655     2656     2588
     1201     1201     1201     1201     1201      591      613      614     2656     2657     2658
     1202     1202     1202     1202     1202      591      614      592     2658     2659     2591
     1203     1203     1203     1203     1203      592      614      615     2659     2660     2661
     1204     1204     1204     1204     1204      592      615      593     2661     2662     2594
     1205     1205     1205     1205     1205      593      615      616     2662     2663     2664
     1206     1206     1206     1206     1206      593      616      594     2664     2665     2597
     1207     1207     1207     1207     1207      594      616      617     2665     2666     2667
     1208     1208     1208     1208     1208      594      617      595     2667     2668     2600
     1209     1209     1209     1209     1209      595      617      618     2668     2669     2670
     1210     1210     1210     1210     1210      595      618      596     2670     2671     2603
     1211     1211     1211     1211     1211      596      618      619     2671     2672     2673
     1212     1212     1212     1212     1212      596      619      597     2673     2674     2606
     1213     1213     1213     1213     1213      597      619      598     2674     2675     2609
     1214     1214     1214     1214     1214      598      619      620     2675     2676     2677
     1215     1215     1215     1215     1215      598      620      599     2677     2678     2612
     1216     1216     1216     1216     1216      599      620      621     2678     2679     2680
     1217     1217     1217     1217     1217      599      621      600     2680     2681     2615
     1218     1218     1218     1218     1218      600      621      622     2681     2682     2683
     1219     1219     1219     1219     1219      600      622      601     2683     2684     2618
     1220     1220     1220     1220     1220      601      622      623     2684     2685     2686
     1221     1221     1221     1221     1221      601      623      602     2686     2687     2621
     1222     1222     1222     1222     1222      602      623      624     2687     2688     2689
     1223     1223     1223     1223     1223      602      624      603     2689     2690     2624
     1224     1224     1224     1224     1224      603      624      625     2690     2691     2692
     1225     1225     1225     1225     1225      603      625      604     2692     2693     2627
     1226     1226     1226     1226     1226      604      625      626     2693     2694     2695
     1227     1227     1227     1227     1227      604      626      605     2695     2696     2630
     1228     1228     1228     1228     1228      605      626      627     2696     2697     2698
     1229     1229     1229     1229     1229      605      627      606     2698     2699     2633
     1230     1230     1230     1230     1230      606      627      628     2699     2700     2701
     1231     1231     1231     1231     1231      606      628      607     2701     2702     2636
     1232     1232     1232     1232     1232      607      628      629     2702     2703     2704
     1233     1233     1233     1233     1233      607      629      608     2704     2705     2639
     1234     1234     1234     1234     1234      608      629      630     2705     2706     2707
     1235     1235     1235     1235     1235      608      630      586     2707     2708     2642
     1236     1236     1236     1236     1236      586      630      609     2708     2709     2643
     1237     1237     1237     1237     1237      609      631      610     2710     2711     2645
     1238     1238     1238     1238     1238      610      631      632     2711     2712     2713
     1239     1239     1239     1239     1239      610      632      611     2713     2714     2648
     1240     1240     1240     1240     1240      611      632      633     2714     2715     2716
     1241     1241     1241     1241     1241      611      633      612     2716     2717     2651
     1242     1242     1242     1242     1242      612      633      634     2717     2718     2719
     1243     1243     1243     1243     1243      612      634      613     2719     2720     2654
     1244     1244     1244     1244     1244      613      634      635     2720     2721     2722
     1245     1245     1245     1245     1245      613      635      614     2722     2723     2657
     1246     1246     1246     1246     1246      614      635      636     2723     2724     2725
     1247     1247     1247     1247     1247      614      636      615     2725     2726     2660
     1248     1248     1248     1248     1248      615      636      637     2726     2727     2728
     1249     1249     1249     1249     1249      615      637      616     2728     2729     2663
     1250     1250     1250     1250     1250      616      637      638     2729     2730     2731
     1251     1251     1251     1251     1251      616      638      617     2731     2732     2666
     1252     1252     1252     1252     1252      617      638      639     2732     2733     2734
     1253     1253     1253     1253     1253      617      639      618     2734     2735     2669
     1254     1254     1254     1254     1254      618      639      640     2735     2736     2737
     1255     1255     1255     1255     1255      618      640      619     2737     2738     2672
     1256     1256     1256     1256     1256      619      640      641     2738     2739     2740
     1257     1257     1257     1257     1257      619      641      620     2740     2741     2676
     1258     1258     1258     1258     1258      620      641      621     2741     2742     2679
     1259     1259     1259     1259     1259      621      641      642     2742     2743     2744
     1260     1260     1260     1260     1260      621      642      622     2744     2745     2682
     1261     1261     1261     1261     1261      622      642      643     2745     2746     2747
     1262     1262     1262     1262     1262      622      643      623     2747     2748     2685
     1263     1263     1263     1263     1263      623      643      644     2748     2749     2750
     1264     1264     1264     1264     1264      623      644      624     2750     2751     2688
     1265     1265     1265     1265     1265      624      644      645     2751     2752     2753
     1266     1266     1266     1266     1266      624      645      625     2753     2754     2691
     1267     1267     1267     1267     1267      625      645      646     2754     2755     2756
     1268     1268     1268     1268     1268      625      646      626     2756     2757     2694
     1269     1269     1269     1269     1269      626      646      647     2757     2758     2759
     1270     1270     1270     1270     1270      626      647      627     2759     2760     2697
     1271     1271     1271     1271     1271      627      647      648     2760     2761     2762
     1272     1272     1272     1272     1272      627      648      628     2762     2763     2700
     1273     1273     1273     1273     1273      628      648      649     2763     2764     2765
     1274     1274     1274     1274     1274      628      649      629     2765     2766     2703
     1275     1275     1275     1275     1275      629      649      650     2766     2767     2768
     1276     1276     1276     1276     1276      629      650      630     2768     2769     2706
     1277     1277     1277     1277     1277      630      650      651     2769     2770     2771
     1278     1278     1278     1278     1278      630      651      609     2771     2772     2709
     1279     1279     1279     1279     1279      609      651      631     2772     2773     2710
     1280     1280     1280     1280     1280      631      652      632     2774     2775     2712
     1281     1281     1281     1281     1281      632      652      653     2775     2776     2777
     1282     1282     1282     1282     1282      632      653      633     2777     2778     2715
     1283     1283     1283     1283     1283      633      653      654     2778     2779     2780
     1284     1284     1284     1284     1284      633      654      634     2780     2781     2718
     1285     1285     1285     1285     1285      634      654      655     2781     2782     2783
     1286     1286     1286     1286     1286      634      655      635     2783     2784     2721
     1287     1287     1287     1287     1287      635      655      656     2784     2785     2786
     1288     1288     1288     1288     1288      635      656      636     2786     2787     2724
     1289     1289     1289     1289     1289      636      656      657     2787     2788     2789
     1290     1290     1290     1290     1290      636      657      637     2789     2790     2727
     1291     1291     1291     1291     1291      637      657      658     2790     2791     2792
     1292     1292     1292     1292     1292      637      658      638     2792     2793     2730
     1293     1293     1293     1293     1293      638      658      659     2793     2794     2795
     1294     1294     1294     1294     1294      638      659      639     2795     2796     2733
     1295     1295     1295     1295     1295      639      659      660     2796     2797     2798
     1296     1296     1296     1296     1296      639      660      640     2798     2799     2736
     1297     1297     1297     1297     1297      640      660      661     2799     2800     2801
     1298     1298     1298     1298     1298      640      661      641     2801     2802     2739
     1299     1299     1299     1299     1299      641      661      642     2802     2803     2743
     1300     1300     1300     1300     1300      642      661      662     2803     2804     2805
     1301     1301     1301     1301     1301      642      662      643     2805     2806     2746
     1302     1302     1302     1302     1302      643      662      663     2806     2807     2808
     1303     1303     1303     1303     1303      643      663      644     2808     2809     2749
     1304     1304     1304     1304     1304      644      663      664     2809     2810     2811
     1305     1305     1305     1305     1305      644      664      645     2811     2812     2752
     1306     1306     1306     1306     1306      645      664      665     2812     2813     2814
     1307     1307     1307     1307     1307      645      665      646     2814     2815     2755
     1308     1308     1308     1308     1308      646      665      666     2815     2816     2817
     1309     1309     1309     1309     1309      646      666      647     2817     2818     2758
     1310     1310     1310     1310     1310      647      666      667     2818     2819     2820
     1311     1311     1311     1311     1311      647      667      648     2820     2821     2761
     1312     1312     1312     1312     1312      648      667      668     2821     2822     2823
     1313     1313     1313     1313     1313      648      668      649     2823     2824     2764
     1314     1314     1314     1314     1314      649      668      669     2824     2825     2826
     1315     1315     1315     1315     1315      649      669      650     2826     2827     2767
     1316     1316     1316     1316     1316      650      669      670     2827     2828     2829
     1317     1317     1317     1317     1317      650      670      651     2829     2830     2770
     1318     1318     1318     1318     1318      651      670      671     2830     2831     2832
     1319     1319     1319     1319     1319      651      671      631     2832     2833     2773
     1320     1320     1320     1320     1320      631      671      652     2833     2834     2774
     1321     1321     1321     1321     1321      652      672      653     2835     2836     2776
     1322     1322     1322     1322     1322      653      672      673     2836     2837     2838
     1323     1323     1323     1323     1323      653      673      654     2838     2839     2779
     1324     1324     1324     1324     1324      654      673      674     2839     2840     2841
     1325     1325     1325     1325     1325      654      674      655     2841     2842     2782
     1326     1326     1326     1326     1326      655      674      675     2842     2843     2844
     1327     1327     1327     1327     1327      655      675      656     2844     2845     2785
     1328     1328     1328     1328     1328      656      675      676     2845     2846     2847
     1329     1329     1329     1329     1329      656      676      657     2847     2848     2788
     1330     1330     1330     1330     1330      657      676      677     2848     2849     2850
     1331     1331     1331     1331     1331      657      677      658     2850     2851     2791
     1332     1332     1332     1332     1332      658      677      678     2851     2852     2853
     1333     1333     1333     1333     1333      658      678      659     2853     2854     2794
     1334     1334     1334     1334     1334      659      678      679     2854     2855     2856
     1335     1335     1335     1335     1335      659      679      660     2856     2857     2797
     1336     1336     1336     1336     1336      660      679      680     2857     2858     2859
     1337     1337     1337     1337     1337      660      680      661     2859     2860     2800
     1338     1338     1338     1338     1338      661      680      681     2860     2861     2862
     1339     1339     1339     1339     1339      661      681      662     2862     2863     2804
     1340     1340     1340     1340     1340      662      681      663     2863     2864     2807
     1341     1341     1341     1341     1341      663      681      682     2864     2865     2866
     1342     1342     1342     1342     1342      663      682      664     2866     2867     2810
     1343     1343     1343     1343     1343      664      682      683     2867     2868     2869
     1344     1344     1344     1344     1344      664      683      665     2869     2870     2813
     1345     1345     1345     1345     1345      665      683      684     2870     2871     2872
     1346     1346     1346     1346     1346      665      684      666     2872     2873     2816
     1347     1347     1347     1347     1347      666      684      685     2873     2874     2875
     1348     1348     1348     1348     1348      666      685      667     2875     2876     2819
     1349     1349     1349     1349     1349      667      685      686     2876     2877     2878
     1350     1350     1350     1350     1350      667      686      668     2878     2879     2822
     1351     1351     1351     1351     1351      668      686      687     2879     2880     2881
     1352     1352     1352     1352     1352      668      687      669     2881     2882     2825
     1353     1353     1353     1353     1353      669      687      688     2882     2883     2884
     1354     1354     1354     1354     1354      669      688      670     2884     2885     2828
     1355     1355     1355     1355     1355      670      688      689     2885     2886     2887
     1356     1356     1356     1356     1356      670      689      671     2887     2888     2831
     1357     1357     1357     1357     1357      671      689      690     2888     2889     2890
     1358     1358     1358     1358     1358      671      690      652     2890     2891     2834
     1359     1359     1359     1359     1359      652      690      672     2891     2892     2835
     1360     1360     1360     1360     1360      672      691      673     2893     2894     2837
     1361     1361     1361     1361     1361      673      691      692     2894     2895     2896
     1362     1362     1362     1362     1362      673      692      674     2896     2897     2840
     1363     1363     1363     1363     1363      674      692      693     2897     2898     2899
     1364     1364     1364     1364     1364      674      693      675     2899     2900     2843
     1365     1365     1365     1365     1365      675      693      694     2900     2901     2902
     1366     1366     1366     1366     1366      675      694      676     2902     2903     2846
     1367     1367     1367     1367     1367      676      694      695     2903     2904     2905
     1368     1368     1368     1368     1368      676      695      677     2905     2906     2849
     1369     1369     1369     1369     1369      677      695      678     2906     2907     2852
     1370     1370     1370     1370     1370      678      695      696     2907     2908     2909
     1371     1371     1371     1371     1371      678      696      679     2909     2910     2855
     1372     1372     1372     1372     1372      679      696      697     2910     2911     2912
     1373     1373     1373     1373     1373      679      697      680     2912     2913     2858
     1374     1374     1374     1374     1374      680      697      698     2913     2914     2915
     1375     1375     1375     1375     1375      680      698      681     2915     2916     2861
     1376     1376     1376     1376     1376      681      698      699     2916     2917     2918
     1377     1377     1377     1377     1377      681      699      682     2918     2919     2865
     1378     1378     1378     1378     1378      682      699      700     2919     2920     2921
     1379     1379     1379     1379     1379      682      700      683     2921     2922     2868
     1380     1380     1380     1380     1380      683      700      701     2922     2923     2924
     1381     1381     1381     1381     1381      683      701      684     2924     2925     2871
     1382     1382     1382     1382     1382      684      701      702     2925     2926     2927
     1383     1383     1383     1383     1383      684      702      685     2927     2928     2874
     1384     1384     1384     1384     1384      685      702      703     2928     2929     2930
     1385     1385     1385     1385     1385      685      703      686     2930     2931     2877
     1386     1386     1386     1386     1386      686      703      687     2931     2932     2880
     1387     1387     1387     1387     1387      687      703      704     2932     2933     2934
     1388     1388     1388     1388     1388      687      704      688     2934     2935     2883
     1389     1389     1389     1389     1389      688      704      705     2935     2936     2937
     1390     1390     1390     1390     1390      688      705      689     2937     2938     2886
     1391     1391     1391     1391     1391      689      705      706     2938     2939     2940
     1392     1392     1392     1392     1392      689      706      690     2940     2941     2889
     1393     1393     1393     1393     1393      690      706      707     2941     2942     2943
     1394     1394     1394     1394     1394      690      707      672     2943     2944     2892
     1395     1395     1395     1395     1395      672      707      691     2944     2945     2893
     1396     1396     1396     1396     1396      691      724      708     2946     2947     2948
     1397     1397     1397     1397     1397      691      708      692     2948     2949     2895
     1398     1398     1398     1398     1398      692      708      709     2949     2950     2951
     1399     1399     1399     1399     1399      692      709      693     2951     2952     2898
     1400     1400     1400     1400     1400      693      709      710     2952     2953     2954
     1401     1401     1401     1401     1401      693      710      694     2954     2955     2901
     1402     1402     1402     1402     1402      694      710      711     2955     2956     2957
     1403     1403     1403     1403     1403      694      711      695     2957     2958     2904
     1404     1404     1404     1404     1404      695      711      712     2958     2959     2960
     1405     1405     1405     1405     1405      695      712      696     2960     2961     2908
     1406     1406     1406     1406     1406      696      712      713     2961     2962     2963
     1407     1407     1407     1407     1407      696      713      697     2963     2964     2911
     1408     1408     1408     1408     1408      697      713      714     2964     2965     2966
     1409     1409     1409     1409     1409      697      714      698     2966     2967     2914
     1410     1410     1410     1410     1410      698      714      715     2967     2968     2969
     1411     1411     1411     1411     1411      698      715      699     2969     2970     2917
     1412     1412     1412     1412     1412      699      715      716     2970     2971     2972
     1413     1413     1413     1413     1413      699      716      700     2972     2973     2920
     1414     1414     1414     1414     1414      700      716      717     2973     2974     2975
     1415     1415     1415     1415     1415      700      717      701     2975     2976     2923
     1416     1416     1416     1416     1416      701      717      718     2976     2977     2978
     1417     1417     1417     1417     1417      701      718      702     2978     2979     2926
     1418     1418     1418     1418     1418      702      718      719     2979     2980     2981
     1419     1419     1419     1419     1419      702      719      703     2981     2982     2929
     1420     1420     1420     1420     1420      703      719      720     2982     2983     2984
     1421     1421     1421     1421     1421      703      720      704     2984     2985     2933
     1422     1422     1422     1422     1422      704      720      721     2985     2986     2987
     1423     1423     1423     1423     1423      704      721      705     2987     2988     2936
     1424     1424     1424     1424     1424      705      721      722     2988     2989     2990
     1425     1425     1425     1425     1425      705      722      706     2990     2991     2939
     1426     1426     1426     1426     1426      706      722      723     2991     2992     2993
     1427     1427     1427     1427     1427      706      723      707     2993     2994     2942
     1428     1428     1428     1428     1428      707      723      724     2994     2995     2996
     1429     1429     1429     1429     1429      707      724      691     2996     2946     2945
     1430     1430     1430     1430     1430      708      725      709     2997     2998     2950
     1431     1431     1431     1431     1431      709      725      726     2998     2999     3000
     1432     1432     1432     1432     1432      709      726      710     3000     3001     2953
     1433     1433     1433     1433     1433      710      726      727     3001     3002     3003
     1434     1434     1434     1434     1434      710      727      711     3003     3004     2956
     1435     1435     1435     1435     1435      711      727      728     3004     3005     3006
     1436     1436     1436     1436     1436      711      728      712     3006     3007     2959
     1437     1437     1437     1437     1437      712      728      729     3007     3008     3009
     1438     1438     1438     1438     1438      712      729      713     3009     3010     2962
     1439     1439     1439     1439     1439      713      729      730     3010     3011     3012
     1440     1440     1440     1440     1440      713      730      714     3012     3013     2965
     1441     1441     1441     1441     1441      714      730      731     3013     3014     3015
     1442     1442     1442     1442     1442      714      731      715     3015     3016     2968
     1443     1443     1443     1443     1443      715      731      732     3016     3017     3018
     1444     1444     1444     1444     1444      715      732      716     3018     3019     2971
     1445     1445     1445     1445     1445      716      732      733     3019     3020     3021
     1446     1446     1446     1446     1446      716      733      717     3021     3022     2974
     1447     1447     1447     1447     1447      717      733      734     3022     3023     3024
     1448     1448     1448     1448     1448      717      734      718     3024     3025     2977
     1449     1449     1449     1449     1449      718      734      735     3025     3026     3027
     1450     1450     1450     1450     1450      718      735      719     3027     3028     2980
     1451     1451     1451     1451     1451      719      735      736     3028     3029     3030
     1452     1452     1452     1452     1452      719      736      720     3030     3031     2983
     1453     1453     1453     1453     1453      720      736      737     3031     3032     3033
     1454     1454     1454     1454     1454      720      737      721     3033     3034     2986
     1455     1455     1455     1455     1455      721      737      738     3034     3035     3036
     1456     1456     1456     1456     1456      721      738      722     3036     3037     2989
     1457     1457     1457     1457     1457      722      738      739     3037     3038     3039
     1458     1458     1458     1458     1458      722      739      723     3039     3040     2992
     1459     1459     1459     1459     1459      723      739      740     3040     3041     3042
     1460     1460     1460     1460     1460      723      740      724     3042     3043     2995
     1461     1461     1461     1461     1461      724      740      741     3043     3044     3045
     1462     1462     1462     1462     1462      724      741      708     3045     3046     2947
     1463     1463     1463     1463     1463      708      741      725     3046     3047     2997
     1464     1464     1464     1464     1464      725      758      742     3048     3049     3050
     1465     1465     1465     1465     1465      725      742      726     3050     3051     2999
     1466     1466     1466     1466     1466      726      742      743     3051     3052     3053
     1467     1467     1467     1467     1467      726      743      727     3053     3054     3002
     1468     1468     1468     1468     1468      727      743      744     3054     3055     3056
     1469     1469     1469     1469     1469      727      744      728     3056     3057     3005
     1470     1470     1470     1470     1470      728      744      745     3057     3058     3059
     1471     1471     1471     1471     1471      728      745      729     3059     3060     3008
     1472     1472     1472     1472     1472      729      745      746     3060     3061     3062
     1473     1473     1473     1473     1473      729      746      730     3062     3063     3011
     1474     1474     1474     1474     1474      730      746      747     3063     3064     3065
     1475     1475     1475     1475     1475      730      747      731     3065     3066     3014
     1476     1476     1476     1476     1476      731      747      748     3066     3067     3068
     1477     1477     1477     1477     1477      731      748      732     3068     3069     3017
     1478     1478     1478     1478     1478      732      748      749     3069     3070     3071
     1479     1479     1479     1479     1479      732      749      733     3071     3072     3020
     1480     1480     1480     1480     1480      733      749      750     3072     3073     3074
     1481     1481     1481     1481     1481      733      750      734     3074     3075     3023
     1482     1482     1482     1482     1482      734      750      751     3075     3076     3077
     1483     1483     1483     1483     1483      734      751      735     3077     3078     3026
     1484     1484     1484     1484     1484      735      751      752     3078     3079     3080
     1485     1485     1485     1485     1485      735      752      736     3080     3081     3029
     1486     1486     1486     1486     1486      736      752      753     3081     3082     3083
     1487     1487     1487     1487     1487      736      753      737     3083     3084     3032
     1488     1488     1488     1488     1488      737      753      754     3084     3085     3086
     1489     1489     1489     1489     1489      737      754      738     3086     3087     3035
     1490     1490     1490     1490     1490      738      754      755     3087     3088     3089
     1491     1491     1491     1491     1491      738      755      739     3089     3090     3038
     1492     1492     1492     1492     1492      739      755      756     3090     3091     3092
     1493     1493     1493     1493     1493      739      756      740     3092     3093     3041
     1494     1494     1494     1494     1494      740      756      757     3093     3094     3095
     1495     1495     1495     1495     1495      740      757      741     3095     3096     3044
     1496     1496     1496     1496     1496      741      757      758     3096     3097     3098
     1497     1497     1497     1497     1497      741      758      725     3098     3048     3047
     1498     1498     1498     1498     1498      742      775      759     3099     3100     3101
     1499     1499     1499     1499     1499      742      759      743     3101     3102     3052
     1500     1500     1500     1500     1500      743      759      760     3102     3103     3104
     1501     1501     1501     1501     1501      743      760      744     3104     3105     3055
     1502     1502     1502     1502     1502      744      760      761     3105     3106     3107
     1503     1503     1503     1503     1503      744      761      745     3107     3108     3058
     1504     1504     1504     1504     1504      745      761      762     3108     3109     3110
     1505     1505     1505     1505     1505      745      762      746     3110     3111     3061
     1506     1506     1506     1506     1506      746      762      763     3111     3112     3113
     1507     1507     1507     1507     1507      746      763      747     3113     3114     3064
     1508     1508     1508     1508     1508      747      763      764     3114     3115     3116
     1509     1509     1509     1509     1509      747      764      748     3116     3117     3067
     1510     1510     1510     1510     1510      748      764      765     3117     3118     3119
     1511     1511     1511     1511     1511      748      765      749     3119     3120     3070
     1512     1512     1512     1512     1512      749      765      766     3120     3121     3122
     1513     1513     1513     1513     1513      749      766      750     3122     3123     3073
     1514     1514     1514     1514     1514      750      766      767     3123     3124     3125
     1515     1515     1515     1515     1515      750      767      751     3125     3126     3076
     1516     1516     1516     1516     1516      751      767      768     3126     3127     3128
     1517     1517     1517     1517     1517      751      768      752     3128     3129     3079
     1518     1518     1518     1518     1518      752      768      769     3129     3130     3131
     1519     1519     1519     1519     1519      752      769      753     3131     3132     3082
     1520     1520     1520     1520     1520      753      769      770     3132     3133     3134
     1521     1521     1521     1521     1521      753      770      754     3134     3135     3085
     1522     1522     1522     1522     1522      754      770      771     3135     3136     3137
     1523     1523     1523     1523     1523      754      771      755     3137     3138     3088
     1524     1524     1524     1524     1524      755      771      772     3138     3139     3140
     1525     1525     1525     1525     1525      755      772      756     3140     3141     3091
     1526     1526     1526     1526     1526      756      772      773     3141     3142     3143
     1527     1527     1527     1527     1527      756      773      757     3143     3144     3094
     1528     1528     1528     1528     1528      757      773      774     3144     3145     3146
     1529     1529     1529     1529     1529      757      774      758     3146     3147     3097
     1530     1530     1530     1530     1530      758      774      775     3147     3148     3149
     1531     1531     1531     1531     1531      758      775      742     3149     3099     3049
     1532     1532     1532     1532     1532      759      776      760     3150     3151     3103
     1533     1533     1533     1533     1533      760      776      777     3151     3152     3153
     1534     1534     1534     1534     1534      760      777      761     3153     3154     3106
     1535     1535     1535     1535     1535      761      777      778     3154     3155     3156
     1536     1536     1536     1536     1536      761      778      762     3156     3157     3109
     1537     1537     1537     1537     1537      762      778      779     3157     3158     3159
     1538     1538     1538     1538     1538      762      779      763     3159     3160     3112
     1539     1539     1539     1539     1539      763      779      780     3160     3161     3162
     1540     1540     1540     1540     1540      763      780      764     3162     3163     3115
     1541     1541     1541     1541     1541      764      780      781     3163     3164     3165
     1542     1542     1542     1542     1542      764      781      765     3165     3166     3118
     1543     1543     1543     1543     1543      765      781      782     3166     3167     3168
     1544     1544     1544     1544     1544      765      782      766     3168     3169     3121
     1545     1545     1545     1545     1545      766      782      783     3169     3170     3171
     1546     1546     1546     1546     1546      766      783      767     3171     3172     3124
     1547     1547     1547     1547     1547      767      783      768     3172     3173     3127
     1548     1548     1548     1548     1548      768      783      784     3173     3174     3175
     1549     1549     1549     1549     1549      768      784      769     3175     3176     3130
     1550     1550     1550     1550     1550      769      784      785     3176     3177     3178
     1551     1551     1551     1551     1551      769      785      770     3178     3179     3133
     1552     1552     1552     1552     1552      770      785      786     3179     3180     3181
     1553     1553     1553     1553     1553      770      786      771     3181     3182     3136
     1554     1554     1554     1554     1554      771      786      787     3182     3183     3184
     1555     1555     1555     1555     1555      771      787      772     3184     3185     3139
     1556     1556     1556     1556     1556      772      787      788     3185     3186     3187
     1557     1557     1557     1557     1557      772      788      773     3187     3188     3142
     1558     1558     1558     1558     1558      773      788      789     3188     3189     3190
     1559     1559     1559     1559     1559      773      789      774     3190     3191     3145
     1560     1560     1560     1560     1560      774      789      790     3191     3192     3193
     1561     1561     1561     1561     1561      774      790      775     3193     3194     3148
     1562     1562     1562     1562     1562      775      790      791     3194     3195     3196
     1563     1563     1563     1563     1563      775      791      759     3196     3197     3100
     1564     1564     1564     1564     1564      759      791      776     3197     3198     3150
     1565     1565     1565     1565     1565      776      792      777     3199     3200     3152
     1566     1566     1566     1566     1566      777      792      793     3200     3201     3202
     1567     1567     1567     1567     1567      777      793      778     3202     3203     3155
     1568     1568     1568     1568     1568      778      793      794     3203     3204     3205
     1569     1569     1569     1569     1569      778      794      779     3205     3206     3158
     1570     1570     1570     1570     1570      779      794      795     3206     3207     3208
     1571     1571     1571     1571     1571      779      795      780     3208     3209     3161
     1572     1572     1572     1572     1572      780      795      796     3209     3210     3211
     1573     1573     1573     1573     1573      780      796      781     3211     3212     3164
     1574     1574     1574     1574     1574      781      796      797     3212     3213     3214
     1575     1575     1575     1575     1575      781      797      782     3214     3215     3167
     1576     1576     1576     1576     1576      782      797      798     3215     3216     3217
     1577     1577     1577     1577     1577      782      798      783     3217     3218     3170
     1578     1578     1578     1578     1578      783      798      799     3218     3219     3220
     1579     1579     1579     1579     1579      783      799      784     3220     3221     3174
     1580     1580     1580     1580     1580      784      799      785     3221     3222     3177
     1581     1581     1581     1581     1581      785      799      800     3222     3223     3224
     1582     1582     1582     1582     1582      785      800      786     3224     3225     3180
     1583     1583     1583     1583     1583      786      800      801     3225     3226     3227
     1584     1584     1584     1584     1584      786      801      787     3227     3228     3183
     1585     1585     1585     1585     1585      787      801      802     3228     3229     3230
     1586     1586     1586     1586     1586      787      802      788     3230     3231     3186
     1587     1587     1587     1587     1587      788      802      803     3231     3232     3233
     1588     1588     1588     1588     1588      788      803      789     3233     3234     3189
     1589     1589     1589     1589     1589      789      803      804     3234     3235     3236
     1590     1590     1590     1590     1590      789      804      790     3236     3237     3192
     1591     1591     1591     1591     1591      790      804      805     3237     3238     3239
     1592     1592     1592     1592     1592      790      805      791     3239     3240     3195
     1593     1593     1593     1593     1593      791      805      806     3240     3241     3242
     1594     1594     1594     1594     1594      791      806      776     3242     3243     3198
     1595     1595     1595     1595     1595      776      806      792     3243     3244     3199
     1596     1596     1596     1596     1596      792      807      793     3245     3246     3201
     1597     1597     1597     1597     1597      793      807      808     3246     3247     3248
     1598     1598     1598     1598     1598      793      808      794     3248     3249     3204
     1599     1599     1599     1599     1599      794      808      809     3249     3250     3251
     1600     1600     1600     1600     1600      794      809      795     3251     3252     3207
     1601     1601     1601     1601     1601      795      809      810     3252     3253     3254
     1602     1602     1602     1602     1602      795      810      796     3254     3255     3210
     1603     1603     1603     1603     1603      796      810      797     3255     3256     3213
     1604     1604     1604     1604     1604      797      810      811     3256     3257     3258
     1605     1605     1605     1605     1605      797      811      798     3258     3259     3216
     1606     1606     1606     1606     1606      798      811      812     3259     3260     3261
     1607     1607     1607     1607     1607      798      812      799     3261     3262     3219
     1608     1608     1608     1608     1608      799      812      813     3262     3263     3264
     1609     1609     1609     1609     1609      799      813      800     3264     3265     3223
     1610     1610     1610     1610     1610      800      813      814     3265     3266     3267
     1611     1611     1611     1611     1611      800      814      801     3267     3268     3226
     1612     1612     1612     1612     1612      801      814      815     3268     3269     3270
     1613     1613     1613     1613     1613      801      815      802     3270     3271     3229
     1614     1614     1614     1614     1614      802      815      816     3271     3272     3273
     1615     1615     1615     1615     1615      802      816      803     3273     3274     3232
     1616     1616     1616     1616     1616      803      816      804     3274     3275     3235
     1617     1617     1617     1617     1617      804      816      817     3275     3276     3277
     1618     1618     1618     1618     1618      804      817      805     3277     3278     3238
     1619     1619     1619     1619     1619      805      817      818     3278     3279     3280
     1620     1620     1620     1620     1620      805      818      806     3280     3281     3241
     1621     1621     1621     1621     1621      806      818      819     3281     3282     3283
     1622     1622     1622     1622     1622      806      819      792     3283     3284     3244
     1623     1623     1623     1623     1623      792      819      807     3284     3285     3245
     1624     1624     1624     1624     1624      807      820      808     3286     3287     3247
     1625     1625     1625     1625     1625      808      820      821     3287     3288     3289
     1626     1626     1626     1626     1626      808      821      809     3289     3290     3250
     1627     1627     1627     1627     1627      809      821      822     3290     3291     3292
     1628     1628     1628     1628     1628      809      822      810     3292     3293     3253
     1629     1629     1629     1629     1629      810      822      811     3293     3294     3257
     1630     1630     1630     1630     1630      811      822      823     3294     3295     3296
     1631     1631     1631     1631     1631      811      823      812     3296     3297     3260
     1632     1632     1632     1632     1632      812      823      824     3297     3298     3299
     1633     1633     1633     1633     1633      812      824      813     3299     3300     3263
     1634     1634     1634     1634     1634      813      824      825     3300     3301     3302
     1635     1635     1635     1635     1635      813      825      814     3302     3303     3266
     1636     1636     1636     1636     1636      814      825      826     3303     3304     3305
     1637     1637     1637     1637     1637      814      826      815     3305     3306     3269
     1638     1638     1638     1638     1638      815      826      827     3306     3307     3308
     1639     1639     1639     1639     1639      815      827      816     3308     3309     3272
     1640     1640     1640     1640     1640      816      827      828     3309     3310     3311
     1641     1641     1641     1641     1641      816      828      817     3311     3312     3276
     1642     1642     1642     1642     1642      817      828      818     3312     3313     3279
     1643     1643     1643     1643     1643      818      828      829     3313     3314     3315
     1644     1644     1644     1644     1644      818      829      819     3315     3316     3282
     1645     1645     1645     1645     1645      819      829      830     3316     3317     3318
     1646     1646     1646     1646     1646      819      830      807     3318     3319     3285
     1647     1647     1647     1647     1647      807      830      820     3319     3320     3286
     1648     1648     1648     1648     1648      820      831      821     3321     3322     3288
     1649     1649     1649     1649     1649      821      831      832     3322     3323     3324
     1650     1650     1650     1650     1650      821      832      822     3324     3325     3291
     1651     1651     1651     1651     1651      822      832      823     3325     3326     3295
     1652     1652     1652     1652     1652      823      832      833     3326     3327     3328
     1653     1653     1653     1653     1653      823      833      824     3328     3329     3298
     1654     1654     1654     1654     1654      824      833      834     3329     3330     3331
     1655     1655     1655     1655     1655      824      834      825     3331     3332     3301
     1656     1656     1656     1656     1656      825      834      826     3332     3333     3304
     1657     1657     1657     1657     1657      826      834      835     3333     3334     3335
     1658     1658     1658     1658     1658      826      835      827     3335     3336     3307
     1659     1659     1659     1659     1659      827      835      836     3336     3337     3338
     1660     1660     1660     1660     1660      827      836      828     3338     3339     3310
     1661     1661     1661     1661     1661      828      836      837     3339     3340     3341
     1662     1662     1662     1662     1662      828      837      829     3341     3342     3314
     1663     1663     1663     1663     1663      829      837      830     3342     3343     3317
     1664     1664     1664     1664     1664      830      837      838     3343     3344     3345
     1665     1665     1665     1665     1665      830      838      820     3345     3346     3320
     1666     1666     1666     1666     1666      820      838      831     3346     3347     3321
     1667     1667     1667     1667     1667      831      839      832     3348     3349     3323
     1668     1668     1668     1668     1668      832      839      833     3349     3350     3327
     1669     1669     1669     1669     1669      833      839      840     3350     3351     3352
     1670     1670     1670     1670     1670      833      840      834     3352     3353     3330
     1671     1671     1671     1671     1671      834      840      841     3353     3354     3355
     1672     1672     1672     1672     1672      834      841      835     3355     3356     3334
     1673     1673     1673     1673     1673      835      841      836     3356     3357     3337
     1674     1674     1674     1674     1674      836      841      842     3357     3358     3359
     1675     1675     1675     1675     1675      836      842      837     3359     3360     3340
     1676     1676     1676     1676     1676      837      842      843     3360     3361     3362
     1677     1677     1677     1677     1677      837      843      838     3362     3363     3344
     1678     1678     1678     1678     1678      838      843      831     3363     3364     3347
     1679     1679     1679     1679     1679      831      843      839     3364     3365     3348
     1680     1680     1680     1680     1680      844      840      839     3366     3351     3367
     1681     1681     1681     1681     1681      844      841      840     3368     3354     3366
     1682     1682     1682     1682     1682      844      842      841     3369     3358     3368
     1683     1683     1683     1683     1683      844      843      842     3370     3361     3369
     1684     1684     1684     1684     1684      844      839      843     3367     3365     3370
 $EndElements
