$MeshFormat
2.2 0 8
$EndMeshFormat
$PhysicalNames
1
2 1 "pill_surface"
$EndPhysicalNames
$Nodes
1418
1 -0.5 0.5 0
2 -1 0 0
3 0.5 0.5 0
4 1 0 0
5 0.5 0.2500000000000001 0.4330127018922193
6 -0.5 0.2500000000000001 0.4330127018922193
7 0.5 -0.2499999999999999 0.4330127018922194
8 -0.5 -0.2499999999999999 0.4330127018922194
9 0.5 -0.5 1.942890293094024e-16
10 -0.5 -0.5 1.942890293094024e-16
11 0.5 -0.2500000000000002 -0.4330127018922192
12 -0.5 -0.2500000000000002 -0.4330127018922192
13 -0.5 0.2499999999999997 -0.4330127018922195
14 0.5 0.2499999999999997 -0.4330127018922195
15 -0.9755282580287766 0.1545084975531029 0
16 -0.9045084966368135 0.2938926269041552 0
17 -0.7938926253390892 0.4045084977739006 0
18 -0.6545084965844401 0.4755282583435143 0
19 -0.9938441702699787 0.0782172326943122 0
20 -0.9455032617598658 0.2269952505259098 0
21 -0.8535533897700056 0.353553391416542 0
22 -0.726995249239197 0.4455032624154787 0
23 -0.5782172322700119 0.4938441703371814 0
24 0.6545084975588936 0.4755282580268951 0
25 0.7938926268343245 0.4045084966875486 0
26 0.9045084976961476 0.293892625446107 0
27 0.9755282583111688 0.1545084966839893 0
28 0.5782172327106205 0.4938441702673958 0
29 0.7269952503878051 0.4455032618302336 0
30 0.8535533913218863 0.3535533898646612 0
31 0.9455032624038893 0.2269952492619425 0
32 0.9938441703459837 0.07821723221443636 0
33 -0.3571428571432534 0.5 0
34 -0.2142857142865068 0.5 0
35 -0.07142857142976022 0.5 0
36 0.07142857142738268 0.5 0
37 0.2142857142849218 0.5 0
38 0.357142857142461 0.5 0
39 -0.4285714285716271 0.5 0
40 -0.2857142857148801 0.5 0
41 -0.1428571428581335 0.5 0
42 -1.387057135815439e-12 0.5 0
43 0.1428571428561523 0.5 0
44 0.2857142857136914 0.5 0
45 0.4285714285712305 0.5 0
46 0.6545084975494029 0.2377641290149895 0.4118195516713231
47 0.7938926267966926 0.2022542483574449 0.3503146342017486
48 0.9045084976962816 0.1469463127229613 0.2545184796210739
49 0.9755282583147543 0.07725424833647714 0.1338082832193218
50 0.578217232711743 0.2469220851336091 0.4276815969622585
51 0.7269952503805217 0.2227516309169724 0.3858171422170263
52 0.8535533912841382 0.1767766949512047 0.3061862172495911
53 0.9455032624175541 0.1134976246175619 0.1965836523759973
54 0.9938441703354783 0.0391086161403821 0.06773811016885004
55 0.5 0.4829629130651954 0.1294095228473567
56 0.5 0.433012701543678 0.2500000006036912
57 0.5 0.3535533903527973 0.3535533908337503
58 0.5 0.4957224306677688 0.06526309625538086
59 0.5 0.4619397660599708 0.1913417166549402
60 0.5 0.3966766698128926 0.304380714937976
61 0.5 0.304380714424324 0.3966766702070317
62 -0.3571428571432534 0.2500000000000001 0.4330127018922193
63 -0.2142857142865068 0.2500000000000001 0.4330127018922193
64 -0.07142857142976022 0.2500000000000001 0.4330127018922193
65 0.07142857142738268 0.2500000000000001 0.4330127018922193
66 0.2142857142849218 0.2500000000000001 0.4330127018922193
67 0.357142857142461 0.2500000000000001 0.4330127018922193
68 -0.4285714285716271 0.2500000000000001 0.4330127018922193
69 -0.2857142857148801 0.2500000000000001 0.4330127018922193
70 -0.1428571428581335 0.2500000000000001 0.4330127018922193
71 -1.387057135815439e-12 0.2500000000000001 0.4330127018922193
72 0.1428571428561523 0.2500000000000001 0.4330127018922193
73 0.2857142857136914 0.2500000000000001 0.4330127018922193
74 0.4285714285712305 0.2500000000000001 0.4330127018922193
75 -0.5 0.4829629130651954 0.1294095228473567
76 -0.5 0.433012701543678 0.2500000006036912
77 -0.5 0.3535533903527973 0.3535533908337503
78 -0.5 0.4957224306677688 0.06526309625538086
79 -0.5 0.4619397660599708 0.1913417166549402
80 -0.5 0.3966766698128926 0.304380714937976
81 -0.5 0.304380714424324 0.3966766702070317
82 -0.9755282580270201 0.07725424877925434 0.1338082839862344
83 -0.9045084966284488 0.1469463134578342 0.2545184808939111
84 -0.7938926253103064 0.2022542488974063 0.3503146351369892
85 -0.6545084965825958 0.2377641291720568 0.4118195519433717
86 -0.9938441702687759 0.03910861635095354 0.06773811053357047
87 -0.9455032617787335 0.1134976252444399 0.1965836534617819
88 -0.8535533897006693 0.1767766957429392 0.3061862186209154
89 -0.7269952490286562 0.2227516312613773 0.3858171428135533
90 -0.5782172322270346 0.2469220851719942 0.4276815970287435
91 0.6545084975523452 -0.2377641290145113 0.4118195516704953
92 0.7938926268450223 -0.202254248339888 0.3503146341713395
93 0.9045084976901108 -0.146946312727208 0.2545184796284296
94 0.9755282583127436 -0.0772542483395712 0.133808283224681
95 0.5782172326317843 -0.246922085139941 0.4276815969732262
96 0.7269952504790069 -0.2227516308918819 0.3858171421735687
97 0.8535533913446213 -0.176776694920963 0.3061862171972113
98 0.9455032624851325 -0.1134976245512467 0.1965836522611363
99 0.9938441703373462 -0.03910861613448557 0.067738110158637
100 0.5 0.1294095222656684 0.4829629132210582
101 0.5 -6.760529636107293e-10 0.5
102 0.5 -0.1294095228292563 0.4829629130700454
103 0.5 0.1913417160548592 0.4619397663085325
104 0.5 0.06526309561453217 0.4957224307521382
105 0.5 -0.06526309653959711 0.4957224306303511
106 0.5 -0.1913417162542018 0.4619397662259622
107 -0.3571428571432534 -0.2499999999999999 0.4330127018922194
108 -0.2142857142865068 -0.2499999999999999 0.4330127018922194
109 -0.07142857142976022 -0.2499999999999999 0.4330127018922194
110 0.07142857142738268 -0.2499999999999999 0.4330127018922194
111 0.2142857142849218 -0.2499999999999999 0.4330127018922194
112 0.357142857142461 -0.2499999999999999 0.4330127018922194
113 -0.4285714285716271 -0.2499999999999999 0.4330127018922194
114 -0.2857142857148801 -0.2499999999999999 0.4330127018922194
115 -0.1428571428581335 -0.2499999999999999 0.4330127018922194
116 -1.387057135815439e-12 -0.2499999999999999 0.4330127018922194
117 0.1428571428561523 -0.2499999999999999 0.4330127018922194
118 0.2857142857136914 -0.2499999999999999 0.4330127018922194
119 0.4285714285712305 -0.2499999999999999 0.4330127018922194
120 -0.5 0.1294095222656684 0.4829629132210582
121 -0.5 -6.760529636107293e-10 0.5
122 -0.5 -0.1294095228292563 0.4829629130700454
123 -0.5 0.1913417160548592 0.4619397663085325
124 -0.5 0.06526309561453217 0.4957224307521382
125 -0.5 -0.06526309653959711 0.4957224306303511
126 -0.5 -0.1913417162542018 0.4619397662259622
127 -0.9755282580263391 -0.07725424878030239 0.1338082839880498
128 -0.9045084966210492 -0.1469463134629265 0.2545184809027314
129 -0.7938926253390417 -0.2022542488869675 0.350314635118909
130 -0.6545084965756529 -0.2377641291731846 0.4118195519453255
131 -0.9938441702718377 -0.03910861634128782 0.067738110516829
132 -0.9455032617717982 -0.1134976252512454 0.1965836534735695
133 -0.8535533897039181 -0.1767766957413146 0.3061862186181019
134 -0.7269952491911073 -0.2227516312199907 0.3858171427418699
135 -0.5782172321334256 -0.2469220851794071 0.4276815970415835
136 0.6545084975588936 -0.4755282580268951 1.84779847322473e-16
137 0.7938926268343245 -0.4045084966875486 1.571831263376589e-16
138 0.9045084976961476 -0.293892625446107 1.142002258382318e-16
139 0.9755282583111688 -0.1545084966839893 6.00386116815746e-17
140 0.5782172327106205 -0.4938441702673958 1.918970089427191e-16
141 0.7269952503878051 -0.4455032618302336 1.731127925903373e-16
142 0.8535533913218863 -0.3535533898646612 1.373830898517074e-16
143 0.9455032624038893 -0.2269952492619425 8.820537327389731e-17
144 0.9938441703459837 -0.07821723221443636 3.039350024442192e-17
145 0.5 -0.3535533908426803 0.3535533903438672
146 0.5 -0.4330127022238488 0.2499999994256009
147 0.5 -0.4829629132191448 0.1294095222728098
148 0.5 -0.3043807146130976 0.3966766700621805
149 0.5 -0.3966766704214075 0.3043807141449439
150 0.5 -0.4619397664419717 0.1913417157327085
151 0.5 -0.4957224307015077 0.06526309599910884
152 -0.3571428571432534 -0.5 1.942890293094024e-16
153 -0.2142857142865068 -0.5 1.942890293094024e-16
154 -0.07142857142976022 -0.5 1.942890293094024e-16
155 0.07142857142738268 -0.5 1.942890293094024e-16
156 0.2142857142849218 -0.5 1.942890293094024e-16
157 0.357142857142461 -0.5 1.942890293094024e-16
158 -0.4285714285716271 -0.5 1.942890293094024e-16
159 -0.2857142857148801 -0.5 1.942890293094024e-16
160 -0.1428571428581335 -0.5 1.942890293094024e-16
161 -1.387057135815439e-12 -0.5 1.942890293094024e-16
162 0.1428571428561523 -0.5 1.942890293094024e-16
163 0.2857142857136914 -0.5 1.942890293094024e-16
164 0.4285714285712305 -0.5 1.942890293094024e-16
165 -0.5 -0.3535533908426803 0.3535533903438672
166 -0.5 -0.4330127022238488 0.2499999994256009
167 -0.5 -0.4829629132191448 0.1294095222728098
168 -0.5 -0.3043807146130976 0.3966766700621805
169 -0.5 -0.3966766704214075 0.3043807141449439
170 -0.5 -0.4619397664419717 0.1913417157327085
171 -0.5 -0.4957224307015077 0.06526309599910884
172 -0.9755282580287766 -0.1545084975531029 6.003861201929308e-17
173 -0.9045084966368135 -0.2938926269041552 1.142002264047974e-16
174 -0.7938926253390892 -0.4045084977739006 1.571831267597914e-16
175 -0.6545084965844401 -0.4755282583435143 1.847798474455043e-16
176 -0.9938441702699787 -0.0782172326943122 3.039350043089114e-17
177 -0.9455032617598658 -0.2269952505259098 8.820537376504725e-17
178 -0.8535533897700056 -0.353553391416542 1.373830904547343e-16
179 -0.726995249239197 -0.4455032624154787 1.731127928177506e-16
180 -0.5782172322700119 -0.4938441703371814 1.918970089698363e-16
181 0.6545084975643647 -0.237764129012559 -0.411819551667113
182 0.7938926268243941 -0.2022542483473819 -0.3503146341843186
183 0.9045084976780853 -0.146946312735484 -0.2545184796427635
184 0.9755282583072995 -0.07725424834794907 -0.1338082832391916
185 0.5782172327095993 -0.246922085133779 -0.4276815969625525
186 0.7269952504288355 -0.222751630904664 -0.3858171421957073
187 0.8535533913301858 -0.176776694928181 -0.3061862172097127
188 0.9455032624432501 -0.1134976245923463 -0.1965836523323225
189 0.9938441703199414 -0.03910861618943018 -0.06773811025380373
190 0.5 -0.4829629130651955 -0.1294095228473565
191 0.5 -0.4330127015436782 -0.250000000603691
192 0.5 -0.3535533903527974 -0.3535533908337501
193 0.5 -0.4957224306677688 -0.06526309625538067
194 0.5 -0.4619397660599709 -0.19134171665494
195 0.5 -0.3966766698128927 -0.3043807149379759
196 0.5 -0.3043807144243241 -0.3966766702070316
197 -0.3571428571432534 -0.2500000000000002 -0.4330127018922192
198 -0.2142857142865068 -0.2500000000000002 -0.4330127018922192
199 -0.07142857142976022 -0.2500000000000002 -0.4330127018922192
200 0.07142857142738268 -0.2500000000000002 -0.4330127018922192
201 0.2142857142849218 -0.2500000000000002 -0.4330127018922192
202 0.357142857142461 -0.2500000000000002 -0.4330127018922192
203 -0.4285714285716271 -0.2500000000000002 -0.4330127018922192
204 -0.2857142857148801 -0.2500000000000002 -0.4330127018922192
205 -0.1428571428581335 -0.2500000000000002 -0.4330127018922192
206 -1.387057135815439e-12 -0.2500000000000002 -0.4330127018922192
207 0.1428571428561523 -0.2500000000000002 -0.4330127018922192
208 0.2857142857136914 -0.2500000000000002 -0.4330127018922192
209 0.4285714285712305 -0.2500000000000002 -0.4330127018922192
210 -0.5 -0.4829629130651955 -0.1294095228473565
211 -0.5 -0.4330127015436782 -0.250000000603691
212 -0.5 -0.3535533903527974 -0.3535533908337501
213 -0.5 -0.4957224306677688 -0.06526309625538067
214 -0.5 -0.4619397660599709 -0.19134171665494
215 -0.5 -0.3966766698128927 -0.3043807149379759
216 -0.5 -0.3043807144243241 -0.3966766702070316
217 -0.9755282580232496 -0.0772542487850567 -0.1338082839962842
218 -0.904508496626063 -0.1469463134594762 -0.2545184808967548
219 -0.7938926253582996 -0.2022542488799718 -0.3503146351067915
220 -0.6545084965875386 -0.237764129171254 -0.4118195519419808
221 -0.9938441702674039 -0.03910861635528495 -0.06773811054107261
222 -0.9455032618136174 -0.1134976252102082 -0.1965836534024906
223 -0.853553389793152 -0.176776695696698 -0.306186218540823
224 -0.7269952491616991 -0.2227516312274831 -0.3858171427548464
225 -0.5782172322170709 -0.2469220851727834 -0.4276815970301102
226 -0.3571428571432534 0.2499999999999997 -0.4330127018922195
227 -0.2142857142865068 0.2499999999999997 -0.4330127018922195
228 -0.07142857142976022 0.2499999999999997 -0.4330127018922195
229 0.07142857142738268 0.2499999999999997 -0.4330127018922195
230 0.2142857142849218 0.2499999999999997 -0.4330127018922195
231 0.357142857142461 0.2499999999999997 -0.4330127018922195
232 -0.4285714285716271 0.2499999999999997 -0.4330127018922195
233 -0.2857142857148801 0.2499999999999997 -0.4330127018922195
234 -0.1428571428581335 0.2499999999999997 -0.4330127018922195
235 -1.387057135815439e-12 0.2499999999999997 -0.4330127018922195
236 0.1428571428561523 0.2499999999999997 -0.4330127018922195
237 0.2857142857136914 0.2499999999999997 -0.4330127018922195
238 0.4285714285712305 0.2499999999999997 -0.4330127018922195
239 -0.5 -0.1294095222996696 -0.4829629132119477
240 -0.5 6.782822081774498e-10 -0.5
241 -0.5 0.1294095228729354 -0.4829629130583416
242 -0.5 -0.191341716054504 -0.4619397663086796
243 -0.5 -0.06526309566058464 -0.4957224307460752
244 -0.5 0.06526309661127824 -0.495722430620914
245 -0.5 0.1913417163299379 -0.4619397661945912
246 0.5 -0.1294095222996696 -0.4829629132119477
247 0.5 6.782822081774498e-10 -0.5
248 0.5 0.1294095228729354 -0.4829629130583416
249 0.5 -0.191341716054504 -0.4619397663086796
250 0.5 -0.06526309566058464 -0.4957224307460752
251 0.5 0.06526309661127824 -0.495722430620914
252 0.5 0.1913417163299379 -0.4619397661945912
253 0.6545084975655215 0.2377641290123705 -0.4118195516667878
254 0.7938926268400083 0.2022542483417093 -0.3503146341744944
255 0.9045084976990885 0.1469463127210294 -0.2545184796177282
256 0.975528258310625 0.0772542483428314 -0.133808283230328
257 0.5782172326975435 0.2469220851347332 -0.4276815969642064
258 0.7269952504579252 0.2227516308972525 -0.3858171421828714
259 0.8535533913554659 0.1767766949155406 -0.3061862171878196
260 0.9455032623735011 0.1134976246607911 -0.1965836524508729
261 0.9938441703315064 0.03910861615292104 -0.06773811019056823
262 -0.9755282580316238 0.07725424877216996 -0.1338082839739642
263 -0.904508496629857 0.1469463134568649 -0.2545184808922326
264 -0.7938926253182832 0.2022542488945083 -0.3503146351319704
265 -0.6545084965682915 0.2377641291743804 -0.4118195519473971
266 -0.9938441702707721 0.03910861634465186 -0.06773811052265577
267 -0.9455032617923049 0.1134976252311219 -0.1965836534387149
268 -0.8535533896763499 0.1767766957550986 -0.3061862186419768
269 -0.726995249085944 0.2227516312467822 -0.3858171427882746
270 -0.5782172322879892 0.2469220851671667 -0.4276815970203829
271 0.5 0.3535533908785163 -0.3535533903080312
272 0.5 0.4330127022833715 -0.2499999993225047
273 0.5 0.4829629132441923 -0.1294095221793313
274 0.5 0.3043807146157989 -0.3966766700601078
275 0.5 0.3966766704876543 -0.3043807140586094
276 0.5 0.4619397664672849 -0.1913417156715971
277 0.5 0.4957224307257027 -0.06526309581532977
278 -0.5 0.3535533908785163 -0.3535533903080312
279 -0.5 0.4330127022833715 -0.2499999993225047
280 -0.5 0.4829629132441923 -0.1294095221793313
281 -0.5 0.3043807146157989 -0.3966766700601078
282 -0.5 0.3966766704876543 -0.3043807140586094
283 -0.5 0.4619397664672849 -0.1913417156715971
284 -0.5 0.4957224307257027 -0.06526309581532977
285 0.9218426129067545 0.2357386436702627 0.1283592685259111
286 0.8225940305307652 0.3586425884788626 0.1315620963465427
287 0.8379979128384152 0.2867878905103917 0.2313225384035778
288 0.646465244283826 0.3191513027871138 0.3559359185951415
289 0.6286573477976969 0.4129231454104582 0.2508819699420347
290 0.747295830753598 0.3483276945079495 0.259831848183906
291 0.7094018800992818 0.4334644317255365 0.1351274917984629
292 0.5849602700638193 0.4745470800572389 0.1326153132931162
293 0.8840939224832078 0.2639711240911117 0.1810831421130593
294 0.8328609826598369 0.3252213798600049 0.1828513612327843
295 0.876953626618468 0.3009713612541746 0.1316138407766968
296 0.5741094874493919 0.3402174333815974 0.3588312721784804
297 0.5656215153484887 0.3893990407955856 0.3066956206906872
298 0.6389905484055908 0.3697750199900722 0.3065094811669858
299 0.868790476502211 0.3309695160737534 0.0667290331952866
300 0.9174040855661023 0.2675258163892855 0.06483646287369693
301 0.7881657992397906 0.3574807527422317 0.1979090285139617
302 0.7946133284075323 0.3195304659204771 0.2471907524024276
303 0.7311672509698928 0.3957206971967402 0.1999170625263098
304 0.7686019294786665 0.3996700035831243 0.1345990033997387
305 0.8196835002289644 0.2474142162119249 0.2942595203176893
306 0.7749872974151344 0.27976029097712 0.310026072859554
307 0.6484834001210397 0.4579493302230119 0.1350373682977792
308 0.6709311739621258 0.4276298500704874 0.1947183738033522
309 0.6079151599211652 0.4481066882787255 0.193790387220477
310 0.7550148465242781 0.424593423292558 0.06846789721399042
311 0.8114102874187632 0.3854959321921783 0.06645689695619818
312 0.5648862188793583 0.4265995085960193 0.2525918404564463
313 0.9813088428838793 0.1172874602034997 0.06771594672448768
314 0.5426367918651529 0.4805118436792058 0.1314932396112366
315 0.5430470008221272 0.4590679711333304 0.1933999834533279
316 0.9182463074076878 0.1936907542888818 0.1937883330926761
317 0.8758897154720862 0.219575513619269 0.2459542957973052
318 0.574753556180618 0.2894424649253627 0.4007929207661748
319 0.7252699608414672 0.2643549034748136 0.359680316046494
320 0.651236773233143 0.2798323772735977 0.3857736111392714
321 0.9551089237530965 0.1587368860021699 0.1329604021603135
322 0.6899717767338607 0.3840103102243966 0.2577727791795379
323 0.699369455887078 0.3374032082461097 0.3105010388461249
324 0.9546244783085359 0.1977063309706929 0.0650291505157372
325 0.543071515117649 0.4935825058314416 0.06723953095185159
326 0.6211840317283828 0.4804608468220289 0.06687155692155822
327 0.684088440157995 0.4598248815727142 0.06835586651367719
328 -0.256057473835663 0.4838212927228581 0.1261624219329293
329 -0.4067358692459205 0.483234127205441 0.1283930617439887
330 -0.3515897654847143 0.4331355822464147 0.2497870440836741
331 -0.2564942162753062 0.433126120490853 0.2498034502334647
332 -0.4067362092256852 0.3528145993608667 0.3542906412506984
333 -0.256057473817404 0.3511705086532964 0.3559203195269765
334 0.3518780290735088 0.4330103066901853 0.2500041485657221
335 0.4122068441278531 0.4831285721218206 0.1287896843676962
336 0.2842892027303566 0.4837568925293344 0.1264091330971066
337 -0.1618540009682077 0.4332342720213498 0.249615835928194
338 0.2196701890542052 0.4331532131510603 0.2497564692593811
339 0.2841134549439981 0.351614414845022 0.35548179035387
340 0.4121667720720182 0.3531645563158404 0.3539417977044186
341 -0.11724520599857 0.4843976716324683 0.1239310119261658
342 -0.1183260753437855 0.3510321340922881 0.3560567943946778
343 0.1318938210805694 0.3638942038021418 0.342900872613654
344 0.1231902052024011 0.4332652725059122 0.2495620236341613
345 0.1339353925899367 0.4794565547628426 0.1418499633237362
346 0.002281148298818758 0.4333675276631421 0.2493844140421284
347 -0.001351015943903633 0.3418781801676687 0.3648551903498743
348 0.005863986010167799 0.4886883042172226 0.1057532095082476
349 -0.3038236196601887 0.4626264577808247 0.1896754084249374
350 -0.3791628173653174 0.4621877171029832 0.1907420094240719
351 -0.3313966715407918 0.4835289962780582 0.1272780804315245
352 -0.3040419908800103 0.433130851446313 0.2497952472033685
353 -0.2562758450554846 0.4626228654310469 0.1896841700837671
354 -0.381939363194587 0.4957908145612008 0.06474154923031275
355 -0.3066001654894582 0.4959388300797797 0.06359777369609246
356 -0.3038236196510592 0.395727278684042 0.3056140063958498
357 -0.3313968415215446 0.351993497154776 0.3551064318774735
358 -0.3791629873551998 0.396433692371551 0.3046971078836463
359 -0.2562758450463551 0.3957214905825602 0.3056215010288325
360 -0.3819395331844693 0.303966529426885 0.3969941422592714
361 -0.3066001654803288 0.303046702630179 0.3976967387658287
362 0.3180836159019327 0.4625304923501649 0.1899093037381636
363 0.3482480234291049 0.483444197601448 0.1275997954759021
364 0.3820424366006809 0.4620615196058133 0.1910475126756864
365 -0.2089557373928059 0.3957876650359521 0.3055357985660419
366 -0.209174108621757 0.4331802064132853 0.2497096489360064
367 0.285774109063857 0.433081777626586 0.2498803191285708
368 0.2519796958922809 0.4625847779697149 0.1897770354671755
369 0.3846748506351571 0.4957642010376053 0.06494503036834171
370 0.3207160299364088 0.4959225979246504 0.06372422512408871
371 0.3179957420087535 0.3958413465595007 0.3054662474872817
372 0.3820224005727635 0.3965078656631615 0.3046005785733905
373 0.3481401135080082 0.3523903268280517 0.3547126408207338
374 0.2518918219991017 0.3959286783853415 0.3053530442488446
375 0.3846548146072396 0.304162657917094 0.3968438956678165
376 0.3206281560432296 0.3032948014678964 0.3975075639563973
377 0.4561034220639266 0.4830458420146568 0.129099630178987
378 0.4561034220639266 0.4957642010376053 0.06494503036834171
379 -0.2089557374019353 0.4626639315653114 0.1895839825210159
380 0.4560833860360092 0.304162657917094 0.3968438956678165
381 -0.2351715940519554 0.303046702630179 0.3976967387658287
382 0.4560833860360092 0.3533590267006889 0.3537476476941463
383 0.2491995846144599 0.3032948014678964 0.3975075639563973
384 -0.4533679346229603 0.4830987874702524 0.1289013636265028
385 -0.4533679346229603 0.4957908145612008 0.06474154923031275
386 0.2492874585076392 0.4959225979246504 0.06372422512408871
387 -0.235171594061085 0.4959388300797797 0.06359777369609246
388 -0.4533681046128426 0.3531841872275358 0.3539222088149103
389 -0.4533681046128426 0.303966529426885 0.3969941422592714
390 -0.1395496034833889 0.4630996272397293 0.1885172014709103
391 -0.1866513399171165 0.484110767833127 0.1250470490176407
392 -0.1657654601425385 0.4960840835061302 0.0624546402750253
393 -0.09433688871416512 0.4960840835061302 0.0624546402750253
394 -0.1400900381559966 0.3957282759087358 0.3056127151253681
395 -0.1871917745805948 0.3511013280038515 0.355988563684189
396 -0.1663058948151462 0.3029694035337152 0.3977556291524041
397 -0.0948773233867729 0.3029694035337152 0.3977556291524041
398 0.2080036380122837 0.3578096081890334 0.3492453067510147
399 0.1757820050673873 0.4012357364280987 0.2983452426518668
400 0.1275420131414852 0.4013026823390086 0.298255187964127
401 0.1714301971283032 0.4332092537380817 0.2496592527339902
402 0.1730897676827456 0.31023629511946 0.3921140665553217
403 0.176802790822071 0.4594835150783975 0.1971671863449901
404 0.2091122976601467 0.4816686008768288 0.134146781285867
405 0.1285627988961688 0.4595277526736364 0.1970640619765999
406 0.1741105534374292 0.4948374871518048 0.07166492384205427
407 -0.4257948827423572 0.4330741549847446 0.2498935298967331
408 -0.4533681046128426 0.3963587656951354 0.3047945682859666
409 -0.4533679346229603 0.4621408061375091 0.1908556399548445
410 0.4259390145367544 0.4330115041218985 0.2500020745875743
411 0.4561034220639266 0.4620624346545258 0.1910452995525721
412 0.4560833860360092 0.3965093245940335 0.304598679429152
413 0.06708748468969405 0.4013637989737077 0.2981729378622298
414 0.06273567675060998 0.4333164091844501 0.2494732240772428
415 0.0004650661774575626 0.3918990328194326 0.3105078872994907
416 0.06527140256833286 0.3530568828254494 0.3540492020744813
417 0.101661196253976 0.31023629511946 0.3921140665553217
418 0.03503877774173958 0.2978947912175691 0.4015702844651742
419 -0.05802246352248341 0.3958098742111269 0.3055070268864071
420 -0.05983854564384461 0.3464830859433172 0.3604850498359063
421 -0.05748202884987563 0.4631499533522666 0.1883935261886492
422 -0.05569060999420111 0.4866278734557059 0.1148621468368822
423 0.004072567154493223 0.4665878481112761 0.1797102668043447
424 -0.07978642633469446 0.433300915292274 0.2495001338814822
425 0.06810827044437773 0.4595681297555748 0.1969698812330535
426 0.0698996893000523 0.4844087745916527 0.1238876067192091
427 0.03864627871877524 0.49716403334841 0.05317822810832526
428 0.1026819820086597 0.4948374871518048 0.07166492384205427
429 -0.03278229270979621 0.49716403334841 0.05317822810832526
430 -0.03638979368683193 0.2978947912175691 0.4015702844651742
431 -0.927764015586634 0.2204550924311624 0.135711087205009
432 -0.8185275403242938 0.2875031410932259 0.2566751836786798
433 -0.8547444878778137 0.3257174803006053 0.1344041344116041
434 -0.6729907181004307 0.3234353154986579 0.3397996588276406
435 -0.7587724257904984 0.3823537767187922 0.1919437966681314
436 -0.6363050289345145 0.4097672886793843 0.2520152936143109
437 -0.6972413212186603 0.444430182064255 0.1165232786796285
438 -0.5838081322085609 0.4754467193447506 0.1301023214244324
439 -0.894751581099495 0.274850721658116 0.1364854205527521
440 -0.839659224998205 0.3093638711308089 0.1972957326263774
441 -0.8792160425446267 0.2580914158124935 0.1989573174344045
442 -0.8665285506289542 0.2202353973537282 0.2591393280192792
443 -0.9203738717136729 0.1855713713079034 0.1971016847501835
444 -0.7910993317053744 0.3377705050239206 0.2262128754438395
445 -0.7194992355230612 0.3588082223462712 0.270327107744489
446 -0.7497336616215345 0.3100130551111334 0.3025309966164826
447 -0.7376894227844746 0.265822497044314 0.3504884282847424
448 -0.8087904012309257 0.2469421965273339 0.3060523479437783
449 -0.5878775500303491 0.3438686011209804 0.3521816596073162
450 -0.6559401351899343 0.3696646794838909 0.2983801249731912
451 -0.5695850838811884 0.3880813233770142 0.3074911422255823
452 -0.5688219943650603 0.4254764582188739 0.2534429257113689
453 -0.6997051603057961 0.3999122430335454 0.2240268886074052
454 -0.9813088426094509 0.1172874610539071 0.06771594720211026
455 -0.6688585817920676 0.4322473775215383 0.1861423755648465
456 -0.7296699383157861 0.4160158426622945 0.1555073570221164
457 -0.6415225028782303 0.4631946699375524 0.1241856631037705
458 -0.6113383098213457 0.447462881272399 0.1933410216418879
459 -0.5420534010320353 0.4809104336402303 0.1302177648310878
460 -0.542434380528852 0.4596131402172706 0.1922370533709673
461 -0.5889681062551518 0.2935016481414228 0.3948942372428856
462 -0.8094694903734245 0.3567543148393238 0.1641797593235463
463 -0.6648134513985449 0.282422715000951 0.3782511550406569
464 -0.9568826724360243 0.1505805411220608 0.1363221341642797
465 -0.9574110530293739 0.189874856122594 0.0687216674636431
466 -0.9212974597407244 0.2603635038541034 0.06869713441495881
467 -0.5424663549777105 0.493811238127153 0.06593231221666121
468 -0.6205697670365029 0.4807915707314666 0.06559265805204495
469 -0.6773324410175703 0.4637912163214741 0.05874447229993283
470 -0.8289524919152245 0.3703298039346565 0.06816226507740959
471 -0.781820396884662 0.4012445474672536 0.09787786791491959
472 -0.8837850254934124 0.3131987433473254 0.06793821732042245
473 -0.7489357329389238 0.4296681846737088 0.05844871209325716
474 0.9218426129018942 0.00670693449352143 0.2683352883424062
475 0.8225940172532773 0.06538505960880663 0.3763746723842414
476 0.8379979129709259 -0.05693724944382572 0.3640268677626283
477 0.6464652319960855 -0.1486739457088181 0.4543610829326211
478 0.6286573604696195 -0.01080871596502794 0.4830429124375781
479 0.7472958327247352 -0.05085733199170997 0.4315765319148677
480 0.7094018764725053 0.09970781713770215 0.4429550827470299
481 0.5849602586473414 0.1224251612751959 0.4772775233942189
482 0.8840939226127167 -0.02483703920875038 0.319147270230092
483 0.8328609713664297 0.004256706957946804 0.3730756681785494
484 0.8769536190876304 0.03650469165153807 0.326455780380994
485 0.5741094813304173 -0.1406483056620903 0.4740525697550005
486 0.5656215207788426 -0.07090674387538387 0.4905772616863348
487 0.6389905468043453 -0.08055757666858132 0.4734892868273946
488 0.8687904753105529 0.1076956622742073 0.3199925462374652
489 0.9174040855511756 0.07761288424861279 0.2641023846234606
490 0.7881657950147942 0.007345970733046298 0.408541933340362
491 0.7946133269068238 -0.05430833705066648 0.4003168646655847
492 0.7311672376929577 0.02472670978316741 0.4426627362233088
493 0.7686019139108455 0.08326850654411976 0.413423956322493
494 0.8196835003027906 -0.1311291118060549 0.3613967565863186
495 0.774987289323317 -0.1286104056697396 0.3972925298367431
496 0.6484833950639142 0.1120285179728273 0.4641145252533102
497 0.6709311678909701 0.0451835140210298 0.4676975367736507
498 0.6079151603906179 0.05622580533038687 0.4849669854462432
499 0.9813088427709085 -1.071989719214628e-13 0.1354318938453157
500 0.7550148628726817 0.1530015014602248 0.4019427325688874
501 0.8114102858456891 0.1351945483016664 0.3670777410563253
502 0.5648862255347195 -0.005451261820727776 0.4957419303230455
503 0.5426367861699173 0.1263793615150703 0.481882103266083
504 0.5430469979146615 0.06204461609723008 0.4942645259209712
505 0.9182463074099442 -0.07098024229370432 0.2646352802289851
506 0.8758897155206704 -0.1032149115371283 0.3131351206782341
507 0.5747535490309724 -0.2023756422440797 0.4510609785090817
508 0.7252699534257683 -0.1793148630396018 0.4087782136766109
509 0.6512367662910996 -0.1941735825919537 0.4352287448517355
510 0.9551089235271091 -0.03577864298630218 0.2039503773765932
511 0.689971785636827 -0.03123278538379146 0.4614490587043444
512 0.6993694477513764 -0.1002003086159065 0.4474502446715033
513 0.9546244783561063 0.04253626914398353 0.2037332802630656
514 0.5430715102136594 0.1885600392948941 0.4610747841609022
515 0.6211840285525627 0.1823178855145339 0.4495271069082274
516 0.6840884535286709 0.1707142557635673 0.4323980621562886
517 -0.3515897654962933 0.0002458654155835238 0.4999999395501938
518 -0.4067362092294242 -0.1304173959356714 0.4826917265060158
519 -0.2560574738414497 -0.1326507841177715 0.4820827413141238
520 -0.2564942162934196 0.0002269263953036671 0.4999999485044085
521 -0.2560574738725887 0.1326507839578863 0.4820827413581181
522 -0.4067358692510736 0.1304254104815492 0.4826895610024309
523 0.3518780290767408 4.775084205099756e-06 0.4999999999771986
524 0.4122067498538051 0.1300319848697375 0.4827956947931872
525 0.2842889014809161 0.1324116142468897 0.4821484879293234
526 -0.1618540009798486 0.0004434809297868547 0.4999998033246263
527 0.2196694225667062 0.0002920375393574148 0.4999999147140683
528 0.2841123989306483 -0.1320433664368425 0.4822494679935124
529 0.4121665877024312 -0.1299377269081636 0.482821071543009
530 -0.1172452060027944 0.134871431186338 0.4814661951266661
531 -0.1183260753557912 -0.1328381620955795 0.4820311428643056
532 0.1339373730383353 0.1168898427648826 0.4861447980369645
533 0.1231896596234802 0.0005194574467135282 0.4999997301638883
534 0.1318935820166095 -0.115009658259373 0.4865930317082873
535 0.002281148305420033 0.0007105259443482281 0.4999994951526275
536 -0.001351015962766655 -0.145034773523032 0.4785027841811611
537 0.00586398603911209 0.1527591861746443 0.4760930907283368
538 -0.3038236196688715 -0.06680585394097602 0.4955168795098881
539 -0.331396841535437 -0.1315344424662173 0.4823885264442981
540 -0.3791629873628587 -0.06565858967285632 0.4956702024553942
541 -0.3040419908948565 0.0002363959054859921 0.4999999441169728
542 -0.2562758450674347 -0.06681523852752674 0.4955156141843662
543 -0.3819395331863388 -0.191823747613459 0.4617398075231633
544 -0.3066001654923516 -0.1928921274668906 0.4612945123901832
545 -0.303823619684441 0.06704950673309934 0.4954839691118654
546 -0.3791628173736835 0.06590643282345918 0.495637309040075
547 -0.3313966715618312 0.1315384471464678 0.4823874344573
548 -0.2562758450830042 0.06704012272629975 0.4954852388768435
549 -0.3819393631971635 0.1918275809681343 0.4617382149875769
550 -0.3066001655079211 0.1928921273903952 0.46129451242217
551 0.3180834652788285 0.06680714154542072 0.4955167059126565
552 0.3482478256673607 0.1312221985736536 0.4824735584480218
553 0.3820423894652729 0.06558495836734191 0.4956799504074721
554 -0.2089557374106491 -0.06670793075398124 0.4955300717156549
555 -0.2091741086366341 0.0003352036704050987 0.4999998876384868
556 0.2857737258217234 0.0001484063179044703 0.4999999779755643
557 0.2519791620238112 0.06694948214074445 0.4954974942833577
558 0.3846748034981331 0.1916394113421331 0.4618163444708737
559 0.3207158793116885 0.1927777011146566 0.4613423435508041
560 0.3179952140036946 -0.06661319498013518 0.4955428157632178
561 0.3820223083895861 -0.06553183871312027 0.495686975938321
562 0.3481394933165398 -0.1309908584604881 0.4825364183144981
563 0.2518909107486771 -0.06647084140869669 0.4955619307840543
564 0.384654722422446 -0.1915943305569683 0.4618350490147182
565 0.3206276280365546 -0.1926015270856333 0.4614159205795592
566 0.4561033749269026 0.129720780512119 0.4828794043064237
567 0.4561033749269026 0.1916394113421331 0.4618163444708737
568 -0.2089557374262186 0.06714742076419325 0.4954707094114811
569 0.4560832938512156 -0.1915943305569683 0.4618350490147182
570 -0.2351715940639783 -0.1928921274668906 0.4612945123901832
571 0.4560832938512156 -0.1296736442626088 0.482892064527524
572 0.2491990566077851 -0.1926015270856333 0.4614159205795592
573 -0.4533679346255368 0.1299175382667661 0.4828265042960084
574 -0.4533679346255368 0.1918275809681343 0.4617382149875769
575 0.249287307882919 0.1927777011146566 0.4613423435508041
576 -0.2351715940795478 0.1928921273903952 0.46129451242217
577 -0.4533681046147121 -0.129913530143158 0.4828275827723006
578 -0.4533681046147121 -0.191823747613459 0.4617398075231633
579 -0.1395496034913215 0.06828912811317422 0.4953146424057565
580 -0.1866513399376916 0.133761462803126 0.4817757476967556
581 -0.1657654601446507 0.1939547366953362 0.4608487388649802
582 -0.09433688871627732 0.1939547366953362 0.4608487388649802
583 -0.14009003816782 -0.0668042370657177 0.4955170974951998
584 -0.1871917745986205 -0.1327444756137479 0.4820569511935608
585 -0.166305894821149 -0.1929817775740802 0.4612570146072017
586 -0.09487732339277571 -0.1929817775740802 0.4612570146072017
587 0.1768033978025207 0.0589990621400793 0.4965069089817291
588 0.2091131372596258 0.124666742721013 0.4842088426075393
589 0.1285635163309078 0.05911197619860628 0.4964934785774083
590 0.1714295410950932 0.0004057475035280922 0.4999998353689362
591 0.1741115436616285 0.1853585554842977 0.4643729168553809
592 0.2080029904736289 -0.1235456024685755 0.4844961136177222
593 0.1757815022916579 -0.05774919266229916 0.4966538339194138
594 0.1275416208200448 -0.05763624216194529 0.4966669543964543
595 0.1730896481507657 -0.184460634259605 0.4647303243909786
596 -0.4257948827481466 0.0001229323734809329 0.4999999848876313
597 -0.4533681046147121 -0.06578045619287032 0.4956540442516916
598 -0.4533679346255368 0.06578457041970437 0.4956534982169448
599 0.4259390145383704 2.387204076192972e-06 0.4999999999943012
600 0.4561033749269026 0.06558259113226658 0.4956802636179677
601 0.4560832938512156 -0.06553420601617235 0.4956866629654563
602 0.06708736516101477 -0.05754134363048238 0.4966779578088791
603 0.0627354039644501 0.0006149917067566901 0.4999996217850576
604 0.000465066171326689 -0.07295820211213955 0.4946484617832791
605 0.06527128302692142 -0.1300851246356461 0.4827813794550577
606 0.1016610767219961 -0.184460634259605 0.4647303243909786
607 0.03503877773230801 -0.1988226721664905 0.458769599071883
608 -0.05802246352518559 -0.0666719092016276 0.4955349195802551
609 -0.05983854565927893 -0.1389476679044146 0.4803056793167498
610 -0.05748202884868719 0.068421397072252 0.495296388461173
611 -0.05569060998184117 0.1438403996573417 0.4788631740136384
612 0.004072567172266006 0.07766026772561285 0.4939320629568262
613 -0.07978642633721433 0.0005770034576414729 0.499999667066899
614 0.06810926067187784 0.05920683946869792 0.4964821750678747
615 0.0699006795387237 0.1349181563293204 0.4814531037315026
616 0.03864627873324733 0.2025283202112318 0.4571457967786828
617 0.102682972232859 0.1853585554842977 0.4643729168553809
618 -0.03278229269532407 0.2025283202112318 0.4571457967786828
619 -0.03638979369626344 -0.1988226721664905 0.458769599071883
620 -0.9277640155743254 -0.007301702805369334 0.2587752540639664
621 -0.8185275404440753 -0.07853565900228979 0.3773226156006609
622 -0.8547444878810647 0.04646134539307636 0.3492816795972362
623 -0.6729907182159369 -0.1325574789266128 0.4500030290917549
624 -0.7587724258290089 0.02494868435666781 0.4270999821815044
625 -0.6363050288909431 -0.01336800197408386 0.48087652845846
626 -0.6972413208159982 0.1213029710998672 0.4431494675220825
627 -0.5838081321981863 0.1250514442478989 0.476800097807211
628 -0.8947515811910778 0.01922551924638916 0.3062704173713985
629 -0.839659225058178 -0.01618118083229769 0.3665648376750701
630 -0.8792160428175513 -0.04325638293763429 0.3229923810323547
631 -0.8665285506606875 -0.1143035425326957 0.3202991128852094
632 -0.9203738716806298 -0.07790938047243451 0.2592603641952213
633 -0.7910993317794779 -0.02702084439666169 0.4056242756611503
634 -0.7194992356113117 -0.05470603148102829 0.4459005894654622
635 -0.749733661713302 -0.106993001574909 0.419744679324536
636 -0.7376894225826074 -0.1706206341450994 0.4054532495815896
637 -0.8087904012638728 -0.14157800995065 0.3668843894004078
638 -0.5878775500994563 -0.1330639635038832 0.4738897738980604
639 -0.6559401352825635 -0.07357242837541797 0.4693290657854037
640 -0.5695850836913012 -0.07225447884964203 0.4898338559285599
641 -0.568821994316531 -0.006749782970803669 0.4951948843921374
642 -0.6997051602491561 0.005943144869628242 0.4583476060796189
643 -0.668858581558271 0.05491966263164458 0.4674083975396195
644 -0.7296699381946838 0.07333459949486773 0.438033966726985
645 -0.9813088425910301 -3.630429290524262e-14 0.1354318944845822
646 -0.6415225026335208 0.1240493956508363 0.4632311827662375
647 -0.6113383098151076 0.05629320440253163 0.4841847332430153
648 -0.5420534009965124 0.1276833245125253 0.4815895348801255
649 -0.5424343805380397 0.0633243982986067 0.494155182031386
650 -0.5889681063430671 -0.1952376172840872 0.4516270019063973
651 -0.8094694903395054 0.03619331514072846 0.391048179241549
652 -0.6648134514589932 -0.1863637517134682 0.4337108233206255
653 -0.9568826724193716 -0.04276816069774061 0.1985676410532829
654 -0.9574110530228157 0.03542271826743892 0.1987972826854144
655 -0.9212974597685947 0.07068828828325589 0.2598299757381981
656 -0.5424663549551821 0.1898065618013321 0.4606192329831414
657 -0.6205697669747224 0.183590877197223 0.4491740432189011
658 -0.6773324408887862 0.1810214026127818 0.4310272116752333
659 -0.8289524917737001 0.1261346485952233 0.3547961507395948
660 -0.7818203969310225 0.115857553591325 0.3964269051785893
661 -0.8837850254855175 0.09776314958090199 0.3052071768440296
662 -0.7489357327691533 0.1642160227133091 0.4013279193314447
663 0.9218426129792909 -0.229031709119567 0.1399760197054274
664 0.8225940244033536 -0.2932574514026408 0.2448125050238985
665 0.8379979127233834 -0.3437251400942709 0.1327043294765091
666 0.6464652386461109 -0.4678252055597348 0.09842515385474176
667 0.6286573536041771 -0.4237317592770629 0.2321608958105028
668 0.7472958316156314 -0.3991848643506332 0.1717446236098814
669 0.7094018783663506 -0.3337562355055719 0.3078272707181631
670 0.584960264798231 -0.3521218203920192 0.3446621200672116
671 0.884093922443886 -0.2888081634719138 0.1380641280479848
672 0.8328609773274032 -0.3209646318710086 0.1902242751610686
673 0.8769536231684386 -0.2644666299017421 0.1948419042418795
674 0.5741094845681796 -0.4808657173291662 0.1152212922794443
675 0.565621517714744 -0.4603057300783562 0.1838816229802342
676 0.6389905476721527 -0.4503325219663095 0.1669797811630451
677 0.8687904759184077 -0.2232738175807983 0.2532634739846444
678 0.9174040855873471 -0.1899129321778324 0.1992659216389213
679 0.7881657972882592 -0.3501346617219823 0.2106328367896491
680 0.7946133275591796 -0.3738387220864424 0.1531260823415894
681 0.7311672448226624 -0.3709937030122425 0.2427454989209137
682 0.7686019221492588 -0.3164012673414723 0.2788247575851787
683 0.8196835001201522 -0.3785433281027615 0.06713723631349239
684 0.7749872936578626 -0.408370612422467 0.08726643820177157
685 0.6484833978424001 -0.3459205732587195 0.3290769477820263
686 0.6709311711024191 -0.3824460789164125 0.2729789945527251
687 0.6079151601880428 -0.3918807812017573 0.2911765298342046
688 0.9813088427667488 -0.1172874605667053 0.06771594692793299
689 0.7550148539924477 -0.2715917495900153 0.3334746554055421
690 0.8114102866648798 -0.2503013490207787 0.3006208043992893
691 0.5648862219220878 -0.4320507195418377 0.2431500646680109
692 0.5426367892353604 -0.3541324327611196 0.3503888187005837
693 0.5430470012708545 -0.3970233022150905 0.3008645096714
694 0.9182463074347225 -0.2646709965294509 0.07084694709955384
695 0.8758897154093599 -0.3227904252044411 0.06718082498605145
696 0.5747535533301628 -0.4918180852020324 0.05026805479348645
697 0.7252699572931128 -0.4436697457436222 0.04909789255099192
698 0.6512367701042573 -0.4740059381924152 0.04945513043922117
699 0.9551089235054115 -0.194515529485482 0.07098997488890949
700 0.6899717807522548 -0.4152429623797061 0.2036762252005449
701 0.6993694521021345 -0.4376034108042263 0.1369491745904378
702 0.9546244783326457 -0.1551700617716701 0.1387041298251275
703 0.5430715128552072 -0.3050224231985571 0.3938352017360104
704 0.6211840302209001 -0.298142918507976 0.3826554990627553
705 0.6840884462499159 -0.2891104592321507 0.3640420117512081
706 -0.2560574738457436 -0.3511705087660189 0.3559203194157585
707 -0.4067358692489891 -0.3528087167405083 0.3542964992656797
708 -0.351589765488946 -0.4328897168281762 0.2502128954798721
709 -0.2564942162812633 -0.4328991940936543 0.2501964982829789
710 -0.4067362092316969 -0.4832319953179459 0.1284010852798246
711 -0.2560574738301596 -0.4838212927554221 0.1261624218080492
712 0.3518780290858432 -0.4330103143377478 0.250004135320048
713 0.4122067498583093 -0.3530973441029958 0.3540088495891178
714 0.2842889014944407 -0.3513470318163164 0.3557460656618206
715 -0.1618540009701359 -0.4327907910999506 0.2503839674162046
716 0.2196694225782909 -0.4328666092734846 0.2502528692664211
717 0.2841123989489667 -0.4836619734666225 0.1267718242448699
718 0.4121665877073387 -0.4831041768940417 0.1288811633541941
719 -0.1172452059963643 -0.3495262404524155 0.3575351832130653
720 -0.1183260753383751 -0.4838702961740065 0.1259743485019044
721 0.133937373028875 -0.3625688236480038 0.3443019722837827
722 0.1231896596378251 -0.4327527395027287 0.2504497283945092
723 0.131893582019878 -0.4789067558883023 0.1436952301384495
724 0.002281148311411352 -0.4326570016966683 0.2506150811161395
725 -0.001351015929915766 -0.4869129536141675 0.1136475939152588
726 0.00586398602850402 -0.3359291180574658 0.3703398812457729
727 -0.3038236196673448 -0.3955769510401328 0.3058085607137124
728 -0.3791628173689676 -0.3962812842697528 0.3048952996317185
729 -0.3313966715473664 -0.3519905491404029 0.355109354024697
730 -0.3040419908851047 -0.432894455538552 0.2502046969262981
731 -0.2562758450635034 -0.3955827427028927 0.3058010687941705
732 -0.3819393631961213 -0.3039632336086033 0.3969966657469576
733 -0.3066001654944985 -0.3030467026612158 0.3976967387421786
734 -0.3038236196595528 -0.4625331326267291 0.1899028731286196
735 -0.3313968415309283 -0.4835279396238785 0.1272820945894863
736 -0.3791629873603215 -0.4620922820607892 0.190973094596731
737 -0.2562758450557115 -0.4625367291151696 0.1898941131774237
738 -0.3819395331874752 -0.4957902770606811 0.0647456652764731
739 -0.3066001654867065 -0.4959388300866197 0.06359777364275365
740 0.318083465290142 -0.3957264845503301 0.3056150346848749
741 0.348247825676375 -0.3522232589864106 0.3548785367262888
742 0.3820423894720762 -0.3964789500219488 0.3046382152480102
743 -0.2089557374001477 -0.4624955958341654 0.1899942731610621
744 -0.2091741086256996 -0.4328450027461272 0.2502902387183829
745 0.2857737258320671 -0.432938479668598 0.2501285126135023
746 0.2519791620363658 -0.3956386764956888 0.3057286994391263
747 0.3846748035003851 -0.3041249805328161 0.3968727708169385
748 0.3207158793184508 -0.3031453387941404 0.3976215582276517
749 0.3179952140174049 -0.4624592646057283 0.1900826887970838
750 0.3820223083965909 -0.4620434328503925 0.191091250871998
751 0.3481394933281527 -0.4833842257445563 0.1278267980563383
752 0.2518909107636288 -0.4624046419065846 0.19021552813386
753 0.3846547224248998 -0.4957580500844241 0.06499196701508267
754 0.3206276280457138 -0.4958986724774153 0.06391014500951481
755 0.4561033749291546 -0.3533254408623827 0.3537811934507019
756 0.4561033749291546 -0.3041249805328161 0.3968727708169385
757 -0.2089557374079397 -0.3955165108019845 0.3058867268827199
758 0.4560832938536694 -0.4957580500844241 0.06499196701508267
759 -0.2351715940583333 -0.4959388300866197 0.06359777364275365
760 0.4560832938536694 -0.4830336172987618 0.1291453621283916
761 0.2491990566169443 -0.4958986724774153 0.06391014500951481
762 -0.4533681046158484 -0.4830977173999494 0.1289053739878931
763 -0.4533681046158484 -0.4957902770606811 0.0647456652764731
764 0.2492873078896813 -0.3031453387941404 0.3976215582276517
765 -0.2351715940661252 -0.3030467026612158 0.3976967387421786
766 -0.4533679346244946 -0.3531812492333907 0.353925140658221
767 -0.4533679346244945 -0.3039632336086033 0.3969966657469576
768 -0.1395496034832501 -0.3948104991323428 0.3067974409522842
769 -0.186651339921054 -0.3503493050336925 0.3567286986806762
770 -0.1657654601414357 -0.3021293467895129 0.3983940986115913
771 -0.09433688871306228 -0.3021293467895129 0.3983940986115913
772 -0.1400900381542555 -0.4625325129654858 0.189904382387118
773 -0.1871917745842674 -0.4838458036028449 0.1260683875359613
774 -0.166305894812441 -0.4959511811090902 0.06350138546912495
775 -0.09487732338406762 -0.4959511811090902 0.06350138546912495
776 0.176803397803583 -0.4004880652762892 0.2993481410853501
777 0.2091131372616579 -0.3570037870795622 0.3500689875022503
778 0.1285635163333501 -0.4004199771672524 0.2994392123376247
779 0.171429541108058 -0.4328096855805309 0.2503513053045301
780 0.1741115436568984 -0.3094794650913771 0.3927116762801369
781 0.2080029904844223 -0.481358743661885 0.1352544265458683
782 0.1757815022990845 -0.4589894333951388 0.1983146490595424
783 0.1275416208288516 -0.4589443208153174 0.198419027291656
784 0.1730896481523999 -0.4946985839592999 0.07261756694260349
785 -0.425794882744473 -0.4329512226119932 0.2501064550122214
786 -0.4533681046158484 -0.4621392219053801 0.190859475993962
787 -0.4533679346244945 -0.3963562357185423 0.3047978582717196
788 0.4259390145429216 -0.4330115082857363 0.2500020673756754
789 0.4561033749291546 -0.3964804048904329 0.3046363217640312
790 0.4560832938536694 -0.4620443454494433 0.1910890442652207
791 0.06708736516564462 -0.4589064007693321 0.1985067135714486
792 0.06273540397461819 -0.4327048784981312 0.2505324093284491
793 0.0004650661907478204 -0.4648572348744547 0.18414057452087
794 0.06527128304498109 -0.4831435013805581 0.1287336672115522
795 0.1016610767236303 -0.4946985839592999 0.07261756694260349
796 0.03503877774873343 -0.4967174633567274 0.05719931465024869
797 -0.05802246351348195 -0.4624817834199876 0.1900278927017496
798 -0.05983854563414542 -0.4854307538022101 0.1198206295385653
799 -0.0574820288424765 -0.394728556267237 0.3069028622661943
800 -0.05569060998393016 -0.3427874738090713 0.364001027195797
801 0.004072567169957741 -0.3889275804197949 0.3142217961708003
802 -0.07978642632936228 -0.4327239118277616 0.2504995331981272
803 0.06810926067014322 -0.4003627564071653 0.2995157145828191
804 0.0699006795286895 -0.3494915404082967 0.3575691026683316
805 0.03864627872794335 -0.2946357131422552 0.4039675686749553
806 0.1026829722281288 -0.3094794650913771 0.3927116762801369
807 -0.0327822927006281 -0.2946357131422552 0.4039675686749553
808 -0.03638979367983797 -0.4967174633567274 0.05719931465024869
809 -0.9277640154857583 -0.2277567954557884 0.1230641669179545
810 -0.8185275403692216 -0.3660388001179916 0.1206474319433067
811 -0.8547444878897758 -0.2792561349268555 0.2148775451682531
812 -0.6729907182646004 -0.4559927944298866 0.1102033702856713
813 -0.7587724260045522 -0.3574050922897918 0.2351561854279917
814 -0.6363050290348907 -0.4231352907252299 0.2288612348185529
815 -0.6972413210412788 -0.3231272109530158 0.3266261881962566
816 -0.583808132228127 -0.3503952751217815 0.3466977763770109
817 -0.8947515810442969 -0.2556252023554549 0.1697849969336532
818 -0.839659225044719 -0.325545052025851 0.1692691051063567
819 -0.8792160424289559 -0.301347799228908 0.1240350638505663
820 -0.8665285506416112 -0.3345389398480458 0.06115978490728607
821 -0.9203738716793334 -0.2634807518146103 0.06215867946260684
822 -0.7910993318152701 -0.3647913492882653 0.179411400142661
823 -0.7194992357394143 -0.4135142536920205 0.1755734817771304
824 -0.7497336621301935 -0.4170060558616969 0.1172136825362705
825 -0.7376894224680549 -0.4364431313235432 0.05496482117957693
826 -0.8087904012264457 -0.3885202064803773 0.06083204144902243
827 -0.5878775502398842 -0.4769325645617289 0.1217081140450744
828 -0.6559401353368559 -0.4432371079222214 0.170948940774338
829 -0.5695850838216383 -0.4603358022540462 0.18234271379098
830 -0.5688219945665652 -0.4322262412115029 0.2417519585692232
831 -0.699705160320674 -0.3939690981262118 0.2343207175281629
832 -0.668858581706047 -0.3773277148963059 0.2812660216865064
833 -0.729669938342058 -0.3426812431503006 0.2825266093926727
834 -0.9813088426091893 -0.1172874610448121 0.06771594721972327
835 -0.6415225028275069 -0.3391452742114985 0.3390455193236533
836 -0.6113383098608006 -0.391169676924935 0.2908437116593418
837 -0.5420534010444816 -0.3532271091886581 0.3513717700595991
838 -0.5424343805545485 -0.396288741831608 0.3019181287112003
839 -0.5889681066470165 -0.4887392653117543 0.05673276427402166
840 -0.8094694905342215 -0.3205609996786304 0.2268684198241935
841 -0.6648134514618274 -0.4687864667525139 0.05545966829087709
842 -0.9568826723921271 -0.1933487019240809 0.06224550692299972
843 -0.9574110529853657 -0.1544521379760175 0.1300756152453496
844 -0.921297459676174 -0.1896752152621051 0.1911328417244839
845 -0.5424663550154928 -0.3040046763770499 0.3946869207771944
846 -0.6205697669814466 -0.2972006935333063 0.3835813851757687
847 -0.6773324410429827 -0.2827698137382283 0.3722827390467959
848 -0.8289524917884732 -0.2441951552460147 0.2866338854715701
849 -0.7818203969300836 -0.2853869938347476 0.2985490372185712
850 -0.8837850254607595 -0.2154355937878966 0.2372689595403086
851 -0.7489357329175232 -0.2654521621244011 0.3428792068648902
852 0.9218426129326029 -0.235738643662383 -0.1283592684554341
853 0.8225940285444289 -0.358642583707601 -0.1315621142237106
854 0.8379979130403079 -0.2867878904228933 -0.2313225382170596
855 0.6464652424939911 -0.3191512972469979 -0.3559359242992126
856 0.6286573497466645 -0.4129231347037654 -0.2508819865645607
857 0.7472958310857759 -0.3483276759665675 -0.2598318727241239
858 0.7094018795708656 -0.4334644059030319 -0.1351275754512017
859 0.5849602683248702 -0.4745470740149825 -0.1326153360286235
860 0.8840939225989772 -0.2639711240732123 -0.1810831418935942
861 0.8328609809668845 -0.3252213767791028 -0.1828513697943445
862 0.8769536254585211 -0.3009713587767673 -0.1316138497641624
863 0.5741094865751535 -0.3402174304683497 -0.3588312751211644
864 0.56562151630406 -0.3893990343597692 -0.3066956286575263
865 0.6389905483159419 -0.3697750110524723 -0.3065094919900161
866 0.8687904762991463 -0.3309695144508639 -0.06672904236693447
867 0.9174040855637235 -0.2675258164121392 -0.06483646279471209
868 0.788165798666309 -0.357480741204923 -0.1979090501886843
869 0.7946133282249899 -0.3195304566543398 -0.2471907645978372
870 0.7311672489252516 -0.3957206715244362 -0.1999171157069347
871 0.7686019270657589 -0.3996699880825018 -0.1345990542414532
872 0.8196835002822418 -0.2474142162280488 -0.2942595202462516
873 0.7749872962188933 -0.279760280069426 -0.3100260837634455
874 0.6484833994004147 -0.4579493145597967 -0.1350374222084726
875 0.6709311730143149 -0.4276298279268851 -0.1947184232659377
876 0.6079151600221575 -0.4481066796975759 -0.1937904070066579
877 0.7550148489978644 -0.4245934148461972 -0.06846794037972466
878 0.8114102871809059 -0.3854959308063055 -0.0664569061097933
879 0.9813088428663687 -0.1172874602562148 -0.06771594675764388
880 0.5648862198011618 -0.4265995032686867 -0.2525918492169235
881 0.5426367910090313 -0.4805118406518371 -0.1314932509516581
882 0.5430470033281706 -0.4590679685938361 -0.1933999889234566
883 0.8758897155341117 -0.2195755136123938 -0.24595429570865
884 0.5747535551669807 -0.2894424618647757 -0.4007929231655107
885 0.9182463074539535 -0.193690754236623 -0.1937883330450547
886 0.6512367722590251 -0.2798323742311895 -0.3857736137280611
887 0.9551089235294696 -0.1587368863924376 -0.1329604024598365
888 0.6899717782722304 -0.384010295666281 -0.2577727997333736
889 0.6993694548895095 -0.3374031951884648 -0.3105010536756269
890 0.9546244782996005 -0.1977063309976355 -0.06502915049629215
891 0.7252699596596128 -0.2643549006651533 -0.3596803188517178
892 0.6840884423211945 -0.4598248742964406 -0.06835590963493096
893 0.5430715144048062 -0.4935825042809776 -0.06723954278990325
894 0.6211840311300592 -0.4804608453637712 -0.06687156848316869
895 -0.2560574738602748 -0.4838212927155117 -0.1261624219611019
896 -0.4067358692535403 -0.4832341272015688 -0.1283930617585623
897 -0.3515897654916715 -0.4331355822410732 -0.2497870440929364
898 -0.2564942162855821 -0.43312612048626 -0.2498034502414285
899 -0.4067362092319298 -0.3528145993589905 -0.3542906412525668
900 -0.2560574738325712 -0.3511705086643641 -0.3559203195160566
901 0.3518780290776841 -0.4330103066784662 -0.2500041485860198
902 0.4122068441305867 -0.4831285721203288 -0.1287896843732924
903 0.2842892027398232 -0.4837568925262386 -0.126409133108954
904 -0.161854000971771 -0.4332342720162661 -0.2496158359370173
905 0.219670189062701 -0.4331532131315971 -0.2497564692931361
906 0.2841134549449296 -0.3516144148254637 -0.3554817903732155
907 0.4121667720727653 -0.3531645563087412 -0.3539417977115022
908 -0.1172452059950073 -0.4843976716304625 -0.1239310119340054
909 -0.1183260753371579 -0.3510321340891592 -0.3560567943977625
910 0.1318938210935586 -0.363894203782256 -0.3429008726347571
911 0.1231902052163032 -0.433265272478203 -0.2495620236822673
912 0.1339353925952925 -0.4794565547557714 -0.1418499633476372
913 0.002281148322908155 -0.4333675276509879 -0.2493844140632494
914 -0.001351015919013321 -0.3418781801367236 -0.3648551903788707
915 0.005863986027189294 -0.4886883042170161 -0.1057532095092017
916 -0.3038236196759732 -0.4626264577768267 -0.1896754084346886
917 -0.3791628173726059 -0.4621877170955028 -0.1907420094421976
918 -0.3313966715569076 -0.4835289962724332 -0.1272780804528935
919 -0.3040419908886268 -0.4331308514413457 -0.2497952472119815
920 -0.2562758450729284 -0.4626228654321571 -0.1896841700810594
921 -0.3819393631983968 -0.4957908145583096 -0.06474154925245275
922 -0.3066001655017641 -0.4959388300789884 -0.06359777370226305
923 -0.3038236196621213 -0.3957272786854857 -0.3056140063939805
924 -0.3313968415322505 -0.3519934971593568 -0.3551064318729328
925 -0.3791629873618007 -0.3964336923674883 -0.3046971078889323
926 -0.2562758450590772 -0.3957214905955195 -0.3056215010120527
927 -0.3819395331875917 -0.3039665294181221 -0.3969941422659809
928 -0.3066001654879124 -0.303046702633634 -0.397696738763196
929 0.3180836159087537 -0.4625304923431383 -0.1899093037552769
930 0.348248023435205 -0.4834441975991465 -0.127599795484622
931 0.3820424366041354 -0.4620615196022668 -0.191047512684264
932 -0.2089557374021711 -0.3957876650375911 -0.3055357985639188
933 -0.2091741086286766 -0.4331802064084468 -0.2497096489443999
934 0.2857741090701925 -0.4330817776109929 -0.249880319155596
935 0.2519796959012621 -0.4625847779599965 -0.1897770354908641
936 0.3846748506365238 -0.4957642010374488 -0.06494503036953649
937 0.3207160299411421 -0.4959225979255564 -0.06372422511703769
938 0.3179957420113069 -0.3958413465367494 -0.3054662475167643
939 0.3820224005752246 -0.3965078656529679 -0.3046005785866598
940 0.3481401135088474 -0.3523903268147363 -0.3547126408339621
941 0.2518918220038153 -0.3959286783655013 -0.3053530442745698
942 0.3846548146076132 -0.3041626579131129 -0.3968438956708679
943 0.3206281560436952 -0.3032948014616038 -0.3975075639611985
944 0.4561034220652933 -0.4830458420139092 -0.1290996301817845
945 0.4561034220652933 -0.4957642010374488 -0.06494503036953649
946 -0.2089557374160229 -0.4626639315496263 -0.1895839825592939
947 0.4560833860363827 -0.3041626579131129 -0.3968438956708679
948 -0.235171594059539 -0.303046702633634 -0.397696738763196
949 0.4560833860363827 -0.3533590266971413 -0.35374764769769
950 0.2491995846149258 -0.3032948014616038 -0.3975075639611985
951 -0.4533679346267702 -0.4830987874683087 -0.1289013636337875
952 -0.4533679346267702 -0.4957908145583096 -0.06474154925245275
953 0.2492874585123724 -0.4959225979255564 -0.06372422511703769
954 -0.2351715940733907 -0.4959388300789884 -0.06359777370226305
955 -0.4533681046159649 -0.3531841872265987 -0.3539222088158454
956 -0.4533681046159649 -0.3039665294181221 -0.3969941422659809
957 -0.1395496034833892 -0.4630996272362841 -0.1885172014793735
958 -0.186651339927641 -0.4841107678284743 -0.125047049035653
959 -0.165765460140757 -0.4960840835072339 -0.06245464026625833
960 -0.09433688871238377 -0.4960840835072339 -0.06245464026625833
961 -0.1400900381544644 -0.3957282758988679 -0.3056127151381458
962 -0.1871917745848646 -0.3511013280078223 -0.3559885636802728
963 -0.1663058948118324 -0.3029694035319676 -0.3977556291537353
964 -0.09487732338345906 -0.3029694035319676 -0.3977556291537353
965 0.208003638019244 -0.357809608169299 -0.3492453067712331
966 0.1757820050781298 -0.401235736407823 -0.298345242679135
967 0.1275420131549309 -0.4013026823103902 -0.298255188002633
968 0.171430197139502 -0.4332092537144939 -0.2496592527749198
969 0.1730897676892402 -0.3102362951080906 -0.3921140665643171
970 0.1768027908289967 -0.4594835150657753 -0.197167186374405
971 0.2091122976675579 -0.4816686008718425 -0.1341467813037708
972 0.1285627989057979 -0.4595277526584631 -0.1970640620119821
973 0.1741105534401072 -0.4948374871512461 -0.0716649238459116
974 -0.4257948827458358 -0.4330741549820728 -0.2498935299013635
975 -0.4533681046159649 -0.3963587656943284 -0.304794568287016
976 -0.4533679346267702 -0.4621408061297729 -0.1908556399735771
977 0.425939014538842 -0.4330115041160391 -0.2500020745977231
978 0.4561034220652933 -0.4620624346534198 -0.1910452995552472
979 0.4560833860363827 -0.3965093245910279 -0.3045986794330645
980 0.06708748470823345 -0.4013637989504317 -0.298172937893561
981 0.06273567676960567 -0.4333164091645212 -0.2494732241118579
982 0.0004650662019474172 -0.3918990328009044 -0.3105078873228755
983 0.06527140258727271 -0.3530568828001689 -0.3540492020996909
984 0.1016611962604707 -0.3102362951080906 -0.3921140665643171
985 0.03503877775418474 -0.2978947911974891 -0.40157028448007
986 -0.05802246350712487 -0.395809874209777 -0.305507026888156
987 -0.0598385456280856 -0.3464830859264462 -0.3604850498521222
988 -0.05748202883604958 -0.4631499533415688 -0.1883935262149489
989 -0.05569060998390901 -0.4866278734546643 -0.1148621468412951
990 0.004072567175048669 -0.4665878481231606 -0.1797102667734886
991 -0.07978642632443145 -0.4333009152836534 -0.2495001338964535
992 0.06810827045910028 -0.459568129746198 -0.1969698812549312
993 0.06989968931124091 -0.4844087745889823 -0.1238876067296504
994 0.03864627872728599 -0.4971640333474102 -0.05317822811767175
995 0.1026819820113376 -0.4948374871512461 -0.0716649238459116
996 -0.03278229270128546 -0.4971640333474102 -0.05317822811767175
997 -0.03638979367438677 -0.2978947911974891 -0.40157028448007
998 -0.9277640155773528 -0.2204550923824701 -0.1357110873133617
999 -0.8185275403362464 -0.287503141008244 -0.2566751837590355
1000 -0.8547444879049122 -0.3257174802530871 -0.1344041344552371
1001 -0.6729907181945385 -0.323435315470348 -0.3397996588066772
1002 -0.7587724258807036 -0.3823537765751816 -0.1919437968325933
1003 -0.6363050288488817 -0.4097672887530693 -0.2520152935408173
1004 -0.6972413210417145 -0.4444301820427844 -0.1165232790610391
1005 -0.5838081321876245 -0.4754467193534368 -0.130102321406176
1006 -0.8947515811133269 -0.2748507216206844 -0.1364854205881257
1007 -0.8396592250072336 -0.3093638710912692 -0.1972957326728332
1008 -0.879216042728802 -0.2580914157124164 -0.1989573172131852
1009 -0.8665285505645437 -0.2202353973344856 -0.2591393281267356
1010 -0.9203738717254311 -0.1855713712588351 -0.1971016847713039
1011 -0.7910993317859103 -0.3377705048699533 -0.2262128755700997
1012 -0.7194992360944974 -0.3588082221172238 -0.2703271075845134
1013 -0.7497336617028503 -0.3100130550441549 -0.302530996617993
1014 -0.737689422794617 -0.2658224970195418 -0.3504884282966521
1015 -0.8087904012090382 -0.2469421965073699 -0.3060523479819697
1016 -0.5878775502795115 -0.3438686009790486 -0.3521816596837259
1017 -0.6559401352218145 -0.3696646794953081 -0.2983801249423851
1018 -0.5695850837360537 -0.3880813235578808 -0.3074911420301563
1019 -0.5688219943724877 -0.4254764580845068 -0.2534429259349256
1020 -0.699705160290969 -0.3999122430298685 -0.2240268886271864
1021 -0.9813088426080023 -0.1172874610594726 -0.0677159472027674
1022 -0.6688585816308483 -0.4322473775419322 -0.1861423756637386
1023 -0.729669938302592 -0.4160158425641907 -0.1555073573040519
1024 -0.6415225027119191 -0.4631946699638377 -0.124185663195259
1025 -0.611338309712941 -0.4474628812970039 -0.1933410216473695
1026 -0.5420534010004915 -0.4809104336825156 -0.1302177646851098
1027 -0.5424343804916893 -0.4596131402136573 -0.1922370533878093
1028 -0.5889681064685144 -0.2935016479753065 -0.3948942373182804
1029 -0.8094694903724098 -0.3567543147840767 -0.164179759445508
1030 -0.6648134514431037 -0.2824227150042437 -0.378251155018783
1031 -0.9568826724235691 -0.1505805410885918 -0.1363221342429929
1032 -0.9574110530422235 -0.1898748560746487 -0.0687216675105866
1033 -0.9212974597403646 -0.2603635039525909 -0.06869713404389599
1034 -0.5424663549951596 -0.493811238130576 -0.06593231217978451
1035 -0.6205697669711853 -0.480791570749355 -0.06559265804098834
1036 -0.6773324409285263 -0.4637912163292712 -0.05874447250717203
1037 -0.7489357328731554 -0.4296681846745801 -0.05844871236696207
1038 -0.8289524918235904 -0.3703298039923223 -0.06816226520633546
1039 -0.7818203968272877 -0.4012445474828064 -0.09787786801636003
1040 -0.8837850254911588 -0.3131987433325054 -0.06793821740147486
1041 -0.3515897654845308 -0.000245865411914431 -0.4999999395501956
1042 -0.4067362092265319 0.1304173959515986 -0.4826917265017124
1043 -0.2560574738089182 0.1326507840727182 -0.4820827413265207
1044 -0.2564942162761054 -0.0002269263806516097 -0.4999999485044151
1045 -0.2560574738513562 -0.1326507839237589 -0.4820827413675086
1046 -0.4067358692503715 -0.13042541046483 -0.4826895610069485
1047 0.3518780359927557 4.782929583030393e-06 -0.4999999999771236
1048 0.4122068452246517 -0.1300291489569178 -0.4827964585842979
1049 0.2842892038465776 -0.1324049263595219 -0.4821503245625057
1050 -0.1618540009671728 -0.0004434808830810766 -0.4999998033246676
1051 0.2196701920046992 -0.0002811630929999975 -0.4999999209473088
1052 0.2841134627075633 0.1320490361744978 -0.482247915542811
1053 0.4121667749008603 0.1299403045067929 -0.482820377847375
1054 -0.117245205994507 -0.1348714311508353 -0.4814661951366113
1055 -0.1183260753339329 0.1328381621034051 -0.482031142862149
1056 0.1318938238084648 0.1150137602709324 -0.4865920621509772
1057 0.1231902052122535 -0.0005055839438190823 -0.4999997443848104
1058 0.1339353926077853 -0.1168826053083659 -0.4861465381717006
1059 0.002281148312300307 -0.0007105259212577819 -0.4999994951526603
1060 -0.001351015924626442 0.1450347735011277 -0.4785027841878003
1061 0.005863986034968072 -0.152759186155752 -0.4760930907343986
1062 -0.3038236196467246 0.06680585393092525 -0.4955168795112431
1063 -0.3313968415177251 0.131534442451635 -0.4823885264482743
1064 -0.3791629873555313 0.0656585896844793 -0.4956702024538545
1065 -0.3040419908803181 -0.0002363958963254309 -0.4999999441169771
1066 -0.2562758450425118 0.06681523852966534 -0.4955156141840779
1067 -0.3819395331848927 0.1918237476361736 -0.4617398075137268
1068 -0.3066001654760858 0.1928921274452128 -0.4612945123992477
1069 -0.3038236196679435 -0.06704950670095677 -0.4954839691162151
1070 -0.3791628173674512 -0.06590643281309091 -0.4956373090414537
1071 -0.3313966715508638 -0.1315384471210389 -0.482387434464234
1072 -0.2562758450637308 -0.06704012270150175 -0.4954852388801987
1073 -0.3819393631968126 -0.1918275809596096 -0.4617382149911185
1074 -0.3066001654973048 -0.1928921273740685 -0.461294512428997
1075 0.3180836199196666 -0.06679896872833366 -0.4955178077292794
1076 0.3482480245356147 -0.1312174353662356 -0.4824748539104476
1077 0.3820424406087037 -0.06557876485049297 -0.4956807698516089
1078 -0.2089557373880455 0.06670793080159593 -0.4955300717092449
1079 -0.2091741086216391 -0.0003352036397261948 -0.4999998876385073
1080 0.2857741139987274 -0.0001381900873580755 -0.4999999809034994
1081 0.2519796979256383 -0.0669406573489211 -0.4954986865711092
1082 0.3846748511835563 -0.1916380549938448 -0.4618169073108693
1083 0.3207160304945194 -0.1927745014685027 -0.4613436805501623
1084 0.3179957493501595 0.06662084441399757 -0.4955417874302488
1085 0.382022405446808 0.06553789965617621 -0.4956861746192412
1086 0.3481401188042118 0.1309949830563252 -0.4825352986197726
1087 0.2518918273561312 0.06647914347859812 -0.4955608171378685
1088 0.3846548160216606 0.1915955633413434 -0.4618345375866916
1089 0.3206281599250121 0.1926042394957691 -0.4614147883718687
1090 0.4560833874504302 0.1296749332737261 -0.4828917183804819
1091 0.4560833874504302 0.1915955633413434 -0.4618345375866916
1092 -0.2089557374092645 -0.06714742071302876 -0.495470709418415
1093 0.4561034226123258 -0.1297193623274169 -0.4828797852854976
1094 0.4561034226123258 -0.1916380549938448 -0.4618169073108693
1095 0.2491995884962426 0.1926042394957691 -0.4614147883718687
1096 -0.2351715940477126 0.1928921274452128 -0.4612945123992477
1097 -0.4533681046132659 0.1299135301729572 -0.4828275827642826
1098 -0.4533681046132659 0.1918237476361736 -0.4617398075137268
1099 0.2492874590657497 -0.1927745014685027 -0.4613436805501623
1100 -0.2351715940689315 -0.1928921273740685 -0.461294512428997
1101 -0.4533679346251858 -0.1299175382753999 -0.4828265042936852
1102 -0.4533679346251858 -0.1918275809596096 -0.4617382149911185
1103 -0.1395496034808399 -0.06828912808390306 -0.4953146424097921
1104 -0.1866513399229316 -0.1337614627683103 -0.481775747706422
1105 -0.1657654601405069 -0.1939547366878574 -0.4608487388681278
1106 -0.09433688871213364 -0.1939547366878574 -0.4608487388681278
1107 -0.1400900381505529 0.06680423709287914 -0.495517097491538
1108 -0.1871917745714256 0.1327444755951354 -0.4820569511986862
1109 -0.1663058948102199 0.1929817775839466 -0.4612570146030737
1110 -0.09487732338184657 0.1929817775839466 -0.4612570146030737
1111 0.2080036432580141 0.1235504927116737 -0.4844948665885973
1112 0.175782007906582 0.05775668691704883 -0.4966529624560453
1113 0.1275420145103592 0.0576452261435747 -0.4966659117584536
1114 0.1714301986084763 -0.0003933735283156159 -0.4999998452572433
1115 0.1730897690466933 0.1844625931136603 -0.4647295468783798
1116 0.1768027923062425 -0.05898996705224321 -0.496507989650897
1117 0.2091122982271815 -0.124659780170148 -0.4842106351660715
1118 0.1285627989100194 -0.05910139232346753 -0.4964947385677189
1119 0.1741105534463536 -0.1853550988209045 -0.4643742965982212
1120 -0.4257948827422654 -0.0001229323705317642 -0.499999984887632
1121 -0.4533681046132659 0.0657804561880711 -0.4956540442523285
1122 -0.4533679346251858 -0.06578457041001476 -0.4956534982182308
1123 0.4259390179963778 2.391803932633163e-06 -0.4999999999942792
1124 0.4560833874504301 0.06553552913784008 -0.4956864880351524
1125 0.4561034226123258 -0.06558113531974946 -0.4956804562318073
1126 0.06708748606038251 0.05754343716385918 -0.4966777152634986
1127 0.06273567676227687 -0.0006080549453079953 -0.4999996302690468
1128 0.000465066193836905 0.07295820207843334 -0.4946484617882506
1129 0.06527140394191921 0.1300871595651967 -0.482780831140031
1130 0.1016611976179238 0.1844625931136603 -0.4647295468783798
1131 0.03503877775137809 0.1988226721577521 -0.4587695990756699
1132 -0.0580224635108163 0.06667190924054495 -0.4955349195750189
1133 -0.0598385456292797 0.13894766789732 -0.4803056793188022
1134 -0.05748202884110332 -0.06842139704249089 -0.4952963884652842
1135 -0.05569060997976949 -0.1438403996301852 -0.4788631740217957
1136 0.004072567173634134 -0.07766026766824349 -0.4939320629658462
1137 -0.07978642632743627 -0.000577003422743444 -0.4999996670669393
1138 0.06810827046004286 -0.05920314378556765 -0.4964826157741128
1139 0.06989968932137669 -0.1349145725166054 -0.4814541080130708
1140 0.03864627873117543 -0.2025283202027866 -0.4571457967824242
1141 0.1026819820175839 -0.1853550988209045 -0.4643742965982212
1142 -0.03278229269739608 -0.2025283202027866 -0.4571457967824242
1143 -0.03638979367719331 0.1988226721577521 -0.4587695990756699
1144 0.9220050140193866 -0.007541897351412127 -0.2680576205349104
1145 0.8260249427047164 -0.06712660746511791 -0.3730975144712309
1146 0.8377977878040721 0.05130414033813613 -0.3650486813273538
1147 0.6127860905377638 0.01771096491149615 -0.4867911456704108
1148 0.6342149464352465 0.1588023657323868 -0.4547176671201386
1149 0.743967819747528 0.04685313313579487 -0.4339176037486808
1150 0.7055768111088078 -0.1042960680736599 -0.4436896493256385
1151 0.582063199821011 -0.1229126878077357 -0.4776589812942021
1152 0.8839127499380033 0.02180472306929784 -0.3195865367735496
1153 0.8344017306350449 -0.007931246705409817 -0.3716350062547725
1154 0.8786088109637646 -0.0375721858810871 -0.3244128528722642
1155 0.6804110549314495 0.03266703933913559 -0.4651717057166491
1156 0.6920385203257202 0.1034260835067455 -0.4499158276406417
1157 0.6248432301047209 0.08921620162439758 -0.4758725010596163
1158 0.8702223339765619 -0.1084886344381361 -0.3180654643665287
1159 0.9174359703954227 -0.07802526505278237 -0.2639304238496859
1160 0.7883940431383898 -0.01025758503026586 -0.4083180841349541
1161 0.792927478092355 0.04946784169911914 -0.4021771067777029
1162 0.7275675642116923 -0.02907864504886179 -0.4442605498138221
1163 0.7687557046256728 -0.08656310329205578 -0.4126465804772977
1164 0.8198575068103638 0.1283897177422904 -0.3622254211331848
1165 0.7735698414585014 0.1267025067147825 -0.3988809554698757
1166 0.645050862380822 -0.1145665068208168 -0.4645802006515727
1167 0.6614122773460809 -0.04414252259796345 -0.471166121894009
1168 0.5984540626106488 -0.05315665759314686 -0.4873203949241026
1169 0.7533642435189731 -0.1558670309342126 -0.4018855916474385
1170 0.8130754711969566 -0.1360447621008183 -0.3653430881236641
1171 0.9813088428921641 -1.774205782290039e-13 -0.1354318934143878
1172 0.5678315869859084 0.1455587799302291 -0.4735097859518811
1173 0.5573210524490328 0.0742755136044651 -0.4911185651397513
1174 0.5411725567302633 -0.1265924977627503 -0.4819534833181324
1175 0.5415313323372444 -0.06221179290054676 -0.4943731801568454
1176 0.5567807003639866 0.008916613319778582 -0.4966854598969862
1177 0.5682611956946454 0.207014326217623 -0.4499838640473688
1178 0.876038533056846 0.1004299845174572 -0.3138611792915439
1179 0.6449782507899771 0.1991300600114126 -0.435118979128387
1180 0.9183832438167172 0.07056686985197728 -0.2645293521949794
1181 0.9552027291130625 0.0353560736098629 -0.203814679223342
1182 0.7192438467520811 0.1845402170998945 -0.4097280121422915
1183 0.9546579427313516 -0.04295466503583636 -0.2035707539479925
1184 0.682004070182195 -0.1728933300025105 -0.4324146330523028
1185 0.5415897563677486 -0.1887530882798491 -0.4611318291227474
1186 0.6197423151340726 -0.1825931296318065 -0.4498016529289268
1187 -0.9277640155583936 0.007301702661239459 -0.258775254094369
1188 -0.818527540360123 0.07853565905099347 -0.3773226156613944
1189 -0.8547444878930963 -0.046461345359696 -0.3492816795894567
1190 -0.6729907181425779 0.1325574789079241 -0.4500030291254609
1191 -0.7587724262790243 -0.02494868459847421 -0.427099981894723
1192 -0.636305028920488 0.01336800203105309 -0.4808765284485017
1193 -0.6972413215714217 -0.1213029713865783 -0.4431494671073699
1194 -0.5838081322068542 -0.1250514442517224 -0.4768000978046846
1195 -0.8947515810798066 -0.01922551949562062 -0.3062704174991708
1196 -0.8396592250195248 0.01618118093869142 -0.3665648377061896
1197 -0.8792160426504001 0.04325638309101912 -0.3229923812080603
1198 -0.8665285506365592 0.114303542509518 -0.3202991129210914
1199 -0.9203738716902581 0.07790937999909199 -0.2592603643218522
1200 -0.7910993319867267 0.02702084419586789 -0.4056242755257927
1201 -0.7194992357969836 0.05470603108319044 -0.4459005894228726
1202 -0.7497336617393974 0.1069930010790286 -0.4197446794354102
1203 -0.7376894226512305 0.1706206340856295 -0.4054532495663864
1204 -0.808790401209988 0.1415780099785353 -0.3668843894349996
1205 -0.5878775502040025 0.1330639635002619 -0.4738897738796903
1206 -0.6559401352007401 0.07357242843512776 -0.4693290658032303
1207 -0.5695850836648866 0.07225447865715431 -0.4898338559607058
1208 -0.5688219943450971 0.006749783470095999 -0.4951948843813617
1209 -0.6997051604660287 -0.005943145237391895 -0.4583476059803574
1210 -0.6688585818544273 -0.05491966277650787 -0.4674083974156072
1211 -0.7296699387208785 -0.07333459967926606 -0.4380339664202191
1212 -0.6415225030921847 -0.1240493958731404 -0.4632311825665792
1213 -0.6113383097882737 -0.05629320429004683 -0.4841847332622636
1214 -0.9813088426205883 -4.466496617006044e-13 -0.1354318943795357
1215 -0.5420534009765869 -0.1276833246167287 -0.4815895348542381
1216 -0.5424343804886886 -0.06332439838905105 -0.4941551820240337
1217 -0.5889681066461587 0.1952376172177379 -0.4516270018753725
1218 -0.8094694906065361 -0.03619331520112279 -0.3910481790246353
1219 -0.6648134514479722 0.186363751726315 -0.4337108233192934
1220 -0.9568826724291833 0.04276816062126169 -0.1985676410471794
1221 -0.9574110530159914 -0.03542271826976474 -0.1987972827007018
1222 -0.9212974597085716 -0.07068828843744718 -0.259829975793573
1223 -0.5424663549979339 -0.1898065618304617 -0.4606192329671966
1224 -0.6205697669500492 -0.183590877273338 -0.4491740431944136
1225 -0.6773324411950231 -0.1810214026870036 -0.4310272115180703
1226 -0.8289524918548963 -0.1261346488318504 -0.3547961505801889
1227 -0.7818203971299797 -0.1158575536529212 -0.3964269050191486
1228 -0.8837850254919198 -0.09776314957288529 -0.305207176838547
1229 -0.7489357332033105 -0.1642160227341665 -0.4013279190536111
1230 0.7721182714576202 0.3686051330689822 -0.2002046508303811
1231 0.8641821763044137 0.2662625918094866 -0.215581944200055
1232 0.7293246124123425 0.3200522678030006 -0.3081830105896257
1233 0.6800221850221391 0.454704536328265 -0.1040951369774412
1234 0.8385086736821687 0.3519673278932154 -0.1073819255631449
1235 0.6367543679143681 0.4231129349855615 -0.2286343961529973
1236 0.9340875020176822 0.2170364341423247 -0.1202631566475495
1237 0.5905134261975099 0.3502418326798692 -0.3451636978580372
1238 0.7527320895909737 0.3470900265494095 -0.25623232497269
1239 0.8016175076032629 0.2976043315958949 -0.265440277506177
1240 0.821368774722818 0.320339933748188 -0.2100105651612822
1241 0.7642404110674517 0.2637804684980566 -0.3325610764924991
1242 0.8336041040224602 0.2375096872219193 -0.2868753217952315
1243 0.8073643742502038 0.3627064039672345 -0.1548263736026195
1244 0.7642601661237622 0.4105672864471894 -0.1077082536281835
1245 0.7292684403649222 0.4165835623138092 -0.1545772229747083
1246 0.818806714446803 0.3813552751734171 -0.05413347320320328
1247 0.7404748503555822 0.4352429272894614 -0.05230143966432349
1248 0.5915938132474513 0.4769723854440745 -0.1187767523490189
1249 0.5698178616666536 0.4603432670568116 -0.1822348557981073
1250 0.659864255484037 0.4429988114785794 -0.1679150762948361
1251 0.5690537811975137 0.4322441962457322 -0.2416537401204601
1252 0.9025396433592399 0.2436774114935465 -0.1690655336016799
1253 0.8921390766770207 0.2877000505200282 -0.1159983856511238
1254 0.8548602772996852 0.3122073394008513 -0.1630973967267174
1255 0.7067339467598388 0.4003076327250402 -0.216829136508852
1256 0.6856376301140094 0.3761205057727591 -0.2721617817087808
1257 0.9813088428431589 0.117287460330462 -0.06771594679401334
1258 0.661673976652785 0.3388164931674637 -0.3302497679499211
1259 0.6148939841097297 0.3908967162621163 -0.2898260333905284
1260 0.5454454912475095 0.3533625024264972 -0.3508128407059187
1261 0.5459043338529814 0.396338221828494 -0.3013449950660231
1262 0.9597632154285268 0.1487485555177843 -0.1284198309070474
1263 0.9594465067284333 0.1876671754759406 -0.06074486565893569
1264 0.9238242459972996 0.2582222226902929 -0.06078068948033798
1265 0.8751386453808567 0.3260853678139936 -0.05421558483893998
1266 0.5926273556650377 0.4884115977816521 -0.05361235058152439
1267 0.668271276304602 0.467913610537078 -0.05236058293197252
1268 0.545947370215294 0.3042100851291653 -0.3941383808714963
1269 0.6239078391798003 0.297005703722184 -0.3826675572168132
1270 0.6943407458622378 0.2824485085148829 -0.363943010010396
1271 0.9243811311955981 0.1841976482295832 -0.18966254736198
1272 0.8877292064552563 0.2084234479522252 -0.2371196508205999
1273 -0.2560574738476828 0.3511705087890906 -0.3559203193929946
1274 -0.4067358692471951 0.3528087167727955 -0.3542964992335282
1275 -0.3515897654857358 0.4328897168603684 -0.250212895424177
1276 -0.2564942162771707 0.4328991941224645 -0.2501964982331303
1277 -0.406736209229012 0.4832319953328783 -0.1284010852236268
1278 -0.256057473823444 0.4838212927579776 -0.126162421798249
1279 0.3518780360021163 0.4330150933620084 -0.2499958578070667
1280 0.4122068452256749 0.3530994235567127 -0.3540067754774155
1281 0.2842892038521029 0.3513519663550475 -0.3557411920742967
1282 -0.1618540009635651 0.4327907911442618 -0.2503839673396121
1283 0.2196701920138113 0.4328720519014205 -0.2502434548248044
1284 0.2841134627128354 0.4836634638743646 -0.126766137880158
1285 0.4121667749046307 0.4831048649436179 -0.1288785842093585
1286 -0.1172452059923512 0.3495262404968346 -0.3575351831696413
1287 -0.1183260753249794 0.4838702961903204 -0.1259743484392423
1288 0.1318938238148932 0.4789079672407009 -0.1436911928873155
1289 0.1231902052253173 0.4327596885704602 -0.2504377206979776
1290 0.1339353926106587 0.3625739493816434 -0.3442965745252158
1291 0.002281148327515359 0.4326570017366361 -0.2506150810471398
1292 -0.001351015896392971 0.4869129536301375 -0.1136475938468365
1293 0.005863986026709345 0.3359291180822603 -0.3703398812232823
1294 -0.3038236196667093 0.3955769510858792 -0.3058085606545374
1295 -0.3791628173664654 0.3962812843156831 -0.3048952995720215
1296 -0.331396671547439 0.3519905491680931 -0.3551093539972501
1297 -0.3040419908814532 0.4328944555690531 -0.2502046968735261
1298 -0.256275845062427 0.3955827427289962 -0.3058010687604031
1299 -0.3819393631952243 0.3039632336189367 -0.3969966657390458
1300 -0.3066001654954681 0.3030467027025669 -0.3976967387106689
1301 -0.3038236196545899 0.4625331326374795 -0.1899028731024356
1302 -0.331396841526228 0.4835279396325687 -0.1272820945564732
1303 -0.3791629873573739 0.4620922820866576 -0.190973094534138
1304 -0.2562758450503074 0.4625367291316902 -0.1898941131371834
1305 -0.3819395331861327 0.4957902770660388 -0.06474566523544606
1306 -0.3066001654833487 0.4959388300884439 -0.063597773628529
1307 0.3180836199271095 0.3957315251643249 -0.305608507720445
1308 0.3482480245388888 0.3522267625229314 -0.3548750593696526
1309 0.3820424406138956 0.3964827564675728 -0.3046332611910185
1310 -0.208955737405624 0.3955165108438444 -0.3058867268285943
1311 -0.2091741086203679 0.4328450027826851 -0.2502902386551608
1312 0.2857741140079638 0.432943590331562 -0.2501196665414709
1313 0.2519796979329572 0.3956441214573659 -0.3057216530706143
1314 0.3846748511840679 0.3041261461561223 -0.39687187759304
1315 0.3207160304972819 0.3031480965102914 -0.3976194557390106
1316 0.3179957493574759 0.4624621987714812 -0.1900755499990649
1317 0.3820224054533735 0.4620457693696709 -0.1910856012565804
1318 0.3481401188087331 0.4833853183628481 -0.1278226661873703
1319 0.2518918273633234 0.4624078285124055 -0.1902077814665893
1320 0.3846548160235459 0.4957582235686105 -0.06499064366580437
1321 0.3206281599276481 0.4958990481626185 -0.06390722988370631
1322 0.4561034226128374 0.3533264799400626 -0.3537801557085481
1323 0.4561034226128374 0.3041261461561223 -0.39687187759304
1324 -0.2089557373935046 0.4624955958492712 -0.1899942731242906
1325 0.4560833874523154 0.4830339620430068 -0.1291440726980339
1326 0.4560833874523154 0.4957582235686105 -0.06499064366580437
1327 0.2491995884988787 0.4958990481626185 -0.06390722988370631
1328 -0.2351715940549755 0.4959388300884439 -0.063597773628529
1329 -0.4533679346235975 0.3531812492674542 -0.3539251406242292
1330 -0.4533679346235975 0.3039632336189367 -0.3969966657390458
1331 0.2492874590685124 0.3031480965102914 -0.3976194557390106
1332 -0.2351715940670948 0.3030467027025669 -0.3976967387106689
1333 -0.453368104614506 0.4830977174199199 -0.12890537391305
1334 -0.453368104614506 0.4957902770660388 -0.06474566523544606
1335 -0.1395496034779581 0.3948104991680953 -0.3067974409062751
1336 -0.186651339920017 0.3503493050674141 -0.3567286986475577
1337 -0.165765460139429 0.3021293468295615 -0.3983940985812196
1338 -0.09433688871105567 0.3021293468295615 -0.3983940985812196
1339 -0.1400900381442722 0.4625325129945868 -0.1899043823162394
1340 -0.1871917745742117 0.4838458036122847 -0.1260683874997315
1341 -0.1663058948057431 0.4959511811132236 -0.06350138543684306
1342 -0.09487732337736976 0.4959511811132236 -0.06350138543684306
1343 0.2080036432638643 0.4813601088285933 -0.1352495679421004
1344 0.1757820079143523 0.4589924258174679 -0.1983077231027481
1345 0.1275420145201053 0.4589479098472122 -0.1984107256346671
1346 0.1714301986195643 0.4328158811352718 -0.2503405940655615
1347 0.1730897690499076 0.4946988900434032 -0.07261548175027738
1348 0.1768027923122351 0.4004935487253808 -0.2993408048184394
1349 0.2091122982313808 0.3570088207703408 -0.3500638540211924
1350 0.1285627989179881 0.4004263603023316 -0.299430676409461
1351 0.1741105534477903 0.3094823883108505 -0.3927093725968505
1352 -0.4257948827428679 0.4329512226578563 -0.2501064549328291
1353 -0.453368104614506 0.462139221939441 -0.1908594759114884
1354 -0.4533679346235975 0.3963562357700706 -0.3047978582047127
1355 0.4259390180010582 0.4330138978276413 -0.2499979285676444
1356 0.4560833874523154 0.462044855556012 -0.191087810846804
1357 0.4561034226128374 0.3964812996469549 -0.3046351572459449
1358 0.06708748607120429 0.4589072375017245 -0.1985047792082998
1359 0.06273567677641634 0.4327083542407005 -0.2505264061337735
1360 0.000465066215561194 0.464857234902076 -0.1841405744511408
1361 0.06527140395925013 0.4831440440063138 -0.1287316306943445
1362 0.1016611976211379 0.4946988900434032 -0.07261548175027738
1363 0.0350387777654948 0.4967174633607463 -0.05719931461534855
1364 -0.05748202883241793 0.3947285563046634 -0.3069028622180578
1365 -0.05569060998282094 0.3427874738438675 -0.3640010271630286
1366 0.004072567177112352 0.3889275804553736 -0.3142217961267629
1367 -0.05802246349873197 0.462481783432161 -0.1900278926721225
1368 -0.05983854561068613 0.4854307538183874 -0.1198206294730261
1369 -0.07978642631802491 0.4327239118699022 -0.2504995331253316
1370 0.06810827046908774 0.4003649859254652 -0.2995127343618331
1371 0.06989968931868407 0.3494942020550028 -0.357566501129422
1372 0.03864627872704607 0.2946357131465295 -0.4039675686718378
1373 0.1026819820190207 0.3094823883108505 -0.3927093725968505
1374 -0.03278229270152544 0.2946357131465295 -0.4039675686718378
1375 -0.0363897936630766 0.4967174633607463 -0.05719931461534855
1376 -0.9277639609546818 0.2277569093973003 -0.1230641455914409
1377 -0.8185272994216719 0.3660391114530341 -0.1206471235040844
1378 -0.8547443426493703 0.2792564516566349 -0.2148773733235115
1379 -0.6729904212980832 0.4559931571782851 -0.1102023354820187
1380 -0.7587712065053238 0.357406352014874 -0.2351556127826828
1381 -0.6363001610435 0.4231394231966541 -0.2288564935419549
1382 -0.6972399278835257 0.3231292425880732 -0.3266250196065202
1383 -0.5838072244610857 0.3503961183164263 -0.3466971436238122
1384 -0.8947514758136306 0.2556254182415312 -0.1697849165615217
1385 -0.8396590356852818 0.3255453741651978 -0.1692688655275562
1386 -0.8792159165605375 0.3013480229514581 -0.1240349051291564
1387 -0.8665284306953059 0.3345390997867537 -0.06115962888952825
1388 -0.9203738392220697 0.2634808062219068 -0.06215866834441869
1389 -0.7910986013598209 0.3647921489203718 -0.1794109594545811
1390 -0.719498439892563 0.4135150316161555 -0.1755726445441339
1391 -0.7497334016326848 0.4170064015810045 -0.1172130075948494
1392 -0.737689257935124 0.436443286076883 -0.05496430387680834
1393 -0.808790262434377 0.3885203416748515 -0.06083188251702565
1394 -0.5878773973614269 0.4769327282684506 -0.1217075829165714
1395 -0.6559374685040463 0.4432391958586233 -0.1709459597976816
1396 -0.5695824701582014 0.4603372699002736 -0.1823400059982605
1397 -0.5688195016355913 0.432228061330684 -0.2417494140488189
1398 -0.6997022647355391 0.3939720586663401 -0.2343182076785807
1399 -0.6688555557636154 0.3773311234135908 -0.2812632656270598
1400 -0.7296686043613949 0.3426828698121891 -0.2825257207901102
1401 -0.9813088426052874 0.1172874610593992 -0.06771594722219144
1402 -0.6415213317118726 0.3391466957799769 -0.339044586171232
1403 -0.6113354416735031 0.3911723976774742 -0.2908411503254343
1404 -0.5420529425397216 0.3532275058437814 -0.3513714261847885
1405 -0.5424339112545786 0.396289085624949 -0.3019177434172764
1406 -0.5889679299872836 0.4887393611216718 -0.0567322159284987
1407 -0.8094688688297467 0.3205618388452138 -0.2268680821565965
1408 -0.6648132809136211 0.4687865891599393 -0.05545914043940897
1409 -0.9212974367579333 0.1896752753353517 -0.1911328326260397
1410 -0.957411035001275 0.1544521983683405 -0.1300756067764021
1411 -0.956882648691685 0.1933487612393981 -0.06224549663759184
1412 -0.5424658981323296 0.3040051238491112 -0.3946866252728881
1413 -0.620569334073183 0.2972011790737472 -0.3835811450505925
1414 -0.6773317770457334 0.2827708993875883 -0.3722822307192981
1415 -0.7489351426358405 0.2654532820344648 -0.3428787683978181
1416 -0.883784974048937 0.2154357661937598 -0.2372688861582243
1417 -0.8289524312978418 0.244195325548438 -0.2866338098053526
1418 -0.7818198642371954 0.2853877265276055 -0.2985488396707203
$EndNodes
$Elements
708
1 9 2 1 8 285 287 286 293 294 295
2 9 2 1 8 288 57 289 296 297 298
3 9 2 1 8 285 286 26 295 299 300
4 9 2 1 8 290 286 287 301 294 302
5 9 2 1 8 290 291 286 303 304 301
6 9 2 1 8 290 287 47 302 305 306
7 9 2 1 8 292 291 289 307 308 309
8 9 2 1 8 286 291 25 304 310 311
9 9 2 1 8 289 57 56 297 60 312
10 9 2 1 8 4 49 27 54 313 32
11 9 2 1 8 55 292 56 314 315 59
12 9 2 1 8 285 48 287 316 317 293
13 9 2 1 8 56 292 289 315 309 312
14 9 2 1 8 57 288 5 296 318 61
15 9 2 1 8 288 47 46 319 51 320
16 9 2 1 8 288 46 5 320 50 318
17 9 2 1 8 48 285 49 316 321 53
18 9 2 1 8 26 286 25 299 311 30
19 9 2 1 8 289 291 290 308 303 322
20 9 2 1 8 288 289 290 298 322 323
21 9 2 1 8 285 27 49 324 313 321
22 9 2 1 8 290 47 288 306 319 323
23 9 2 1 8 292 55 3 314 58 325
24 9 2 1 8 24 292 3 326 325 28
25 9 2 1 8 25 291 24 310 327 29
26 9 2 1 8 292 24 291 326 327 307
27 9 2 1 8 285 26 27 300 31 324
28 9 2 1 8 47 287 48 305 317 52
29 9 2 1 12 328 330 329 349 350 351
30 9 2 1 12 331 330 328 352 349 353
31 9 2 1 12 329 33 328 354 355 351
32 9 2 1 12 330 333 332 356 357 358
33 9 2 1 12 330 331 333 352 359 356
34 9 2 1 12 62 332 333 360 357 361
35 9 2 1 12 334 336 335 362 363 364
36 9 2 1 12 337 333 331 365 359 366
37 9 2 1 12 334 338 336 367 368 362
38 9 2 1 12 38 335 336 369 363 370
39 9 2 1 12 339 334 340 371 372 373
40 9 2 1 12 338 334 339 367 371 374
41 9 2 1 12 340 67 339 375 376 373
42 9 2 1 12 55 335 3 377 378 58
43 9 2 1 12 335 38 3 369 45 378
44 9 2 1 12 328 337 331 379 366 353
45 9 2 1 12 67 340 5 375 380 74
46 9 2 1 12 62 333 63 361 381 69
47 9 2 1 12 340 57 5 382 61 380
48 9 2 1 12 339 67 66 376 73 383
49 9 2 1 12 329 75 1 384 78 385
50 9 2 1 12 38 336 37 370 386 44
51 9 2 1 12 33 329 1 354 385 39
52 9 2 1 12 328 33 34 355 40 387
53 9 2 1 12 77 332 6 388 389 81
54 9 2 1 12 332 62 6 360 68 389
55 9 2 1 12 341 337 328 390 379 391
56 9 2 1 12 328 34 341 387 392 391
57 9 2 1 12 341 34 35 392 41 393
58 9 2 1 12 337 342 333 394 395 365
59 9 2 1 12 63 333 342 381 395 396
60 9 2 1 12 63 342 64 396 397 70
61 9 2 1 12 338 339 343 374 398 399
62 9 2 1 12 343 344 338 400 401 399
63 9 2 1 12 339 66 343 383 402 398
64 9 2 1 12 336 338 345 368 403 404
65 9 2 1 12 344 345 338 405 403 401
66 9 2 1 12 37 336 345 386 404 406
67 9 2 1 12 76 330 332 407 358 408
68 9 2 1 12 330 76 329 407 409 350
69 9 2 1 12 56 334 335 410 364 411
70 9 2 1 12 334 56 340 410 412 372
71 9 2 1 12 344 343 346 400 413 414
72 9 2 1 12 347 346 343 415 413 416
73 9 2 1 12 347 343 65 416 417 418
74 9 2 1 12 342 346 347 419 415 420
75 9 2 1 12 346 341 348 421 422 423
76 9 2 1 12 342 337 346 394 424 419
77 9 2 1 12 337 341 346 390 421 424
78 9 2 1 12 345 344 346 405 414 425
79 9 2 1 12 346 348 345 423 426 425
80 9 2 1 12 345 348 36 426 427 428
81 9 2 1 12 341 35 348 393 429 422
82 9 2 1 12 64 342 347 397 420 430
83 9 2 1 12 76 332 77 408 388 80
84 9 2 1 12 340 56 57 412 60 382
85 9 2 1 12 56 335 55 411 377 59
86 9 2 1 12 329 76 75 409 79 384
87 9 2 1 12 348 35 36 429 42 427
88 9 2 1 12 345 36 37 428 43 406
89 9 2 1 12 64 347 65 430 418 71
90 9 2 1 12 65 343 66 417 402 72
91 9 2 1 15 431 433 432 439 440 441
92 9 2 1 15 431 432 83 441 442 443
93 9 2 1 15 432 435 434 444 445 446
94 9 2 1 15 432 434 84 446 447 448
95 9 2 1 15 77 434 436 449 450 451
96 9 2 1 15 77 436 76 451 452 80
97 9 2 1 15 436 434 435 450 445 453
98 9 2 1 15 2 15 82 19 454 86
99 9 2 1 15 437 436 435 455 453 456
100 9 2 1 15 437 438 436 457 458 455
101 9 2 1 15 438 75 76 459 79 460
102 9 2 1 15 438 76 436 460 452 458
103 9 2 1 15 434 77 6 449 81 461
104 9 2 1 15 435 432 433 444 440 462
105 9 2 1 15 83 432 84 442 448 88
106 9 2 1 15 85 434 6 463 461 90
107 9 2 1 15 431 82 15 464 454 465
108 9 2 1 15 16 431 15 466 465 20
109 9 2 1 15 75 438 1 459 467 78
110 9 2 1 15 438 18 1 468 23 467
111 9 2 1 15 18 438 437 468 457 469
112 9 2 1 15 433 17 435 470 471 462
113 9 2 1 15 431 83 82 443 87 464
114 9 2 1 15 17 433 16 470 472 21
115 9 2 1 15 437 17 18 473 22 469
116 9 2 1 15 435 17 437 471 473 456
117 9 2 1 15 431 16 433 466 472 439
118 9 2 1 15 84 434 85 447 463 89
119 9 2 1 18 474 476 475 482 483 484
120 9 2 1 18 477 102 478 485 486 487
121 9 2 1 18 474 475 48 484 488 489
122 9 2 1 18 479 475 476 490 483 491
123 9 2 1 18 479 480 475 492 493 490
124 9 2 1 18 479 476 92 491 494 495
125 9 2 1 18 481 480 478 496 497 498
126 9 2 1 18 4 94 49 99 499 54
127 9 2 1 18 475 480 47 493 500 501
128 9 2 1 18 478 102 101 486 105 502
129 9 2 1 18 100 481 101 503 504 104
130 9 2 1 18 474 93 476 505 506 482
131 9 2 1 18 101 481 478 504 498 502
132 9 2 1 18 102 477 7 485 507 106
133 9 2 1 18 477 92 91 508 96 509
134 9 2 1 18 477 91 7 509 95 507
135 9 2 1 18 93 474 94 505 510 98
136 9 2 1 18 48 475 47 488 501 52
137 9 2 1 18 478 480 479 497 492 511
138 9 2 1 18 477 478 479 487 511 512
139 9 2 1 18 474 49 94 513 499 510
140 9 2 1 18 479 92 477 495 508 512
141 9 2 1 18 481 100 5 503 103 514
142 9 2 1 18 46 481 5 515 514 50
143 9 2 1 18 47 480 46 500 516 51
144 9 2 1 18 481 46 480 515 516 496
145 9 2 1 18 474 48 49 489 53 513
146 9 2 1 18 92 476 93 494 506 97
147 9 2 1 22 517 519 518 538 539 540
148 9 2 1 22 517 520 519 541 542 538
149 9 2 1 22 107 518 519 543 539 544
150 9 2 1 22 521 517 522 545 546 547
151 9 2 1 22 520 517 521 541 545 548
152 9 2 1 22 522 62 521 549 550 547
153 9 2 1 22 523 525 524 551 552 553
154 9 2 1 22 526 519 520 554 542 555
155 9 2 1 22 523 527 525 556 557 551
156 9 2 1 22 67 524 525 558 552 559
157 9 2 1 22 528 523 529 560 561 562
158 9 2 1 22 527 523 528 556 560 563
159 9 2 1 22 529 112 528 564 565 562
160 9 2 1 22 100 524 5 566 567 103
161 9 2 1 22 524 67 5 558 74 567
162 9 2 1 22 521 526 520 568 555 548
163 9 2 1 22 112 529 7 564 569 119
164 9 2 1 22 107 519 108 544 570 114
165 9 2 1 22 529 102 7 571 106 569
166 9 2 1 22 528 112 111 565 118 572
167 9 2 1 22 522 120 6 573 123 574
168 9 2 1 22 67 525 66 559 575 73
169 9 2 1 22 62 522 6 549 574 68
170 9 2 1 22 521 62 63 550 69 576
171 9 2 1 22 122 518 8 577 578 126
172 9 2 1 22 518 107 8 543 113 578
173 9 2 1 22 530 526 521 579 568 580
174 9 2 1 22 521 63 530 576 581 580
175 9 2 1 22 530 63 64 581 70 582
176 9 2 1 22 526 531 519 583 584 554
177 9 2 1 22 108 519 531 570 584 585
178 9 2 1 22 108 531 109 585 586 115
179 9 2 1 22 525 527 532 557 587 588
180 9 2 1 22 533 532 527 589 587 590
181 9 2 1 22 66 525 532 575 588 591
182 9 2 1 22 527 528 534 563 592 593
183 9 2 1 22 534 533 527 594 590 593
184 9 2 1 22 528 111 534 572 595 592
185 9 2 1 22 121 517 518 596 540 597
186 9 2 1 22 517 121 522 596 598 546
187 9 2 1 22 101 523 524 599 553 600
188 9 2 1 22 523 101 529 599 601 561
189 9 2 1 22 533 534 535 594 602 603
190 9 2 1 22 536 535 534 604 602 605
191 9 2 1 22 536 534 110 605 606 607
192 9 2 1 22 531 535 536 608 604 609
193 9 2 1 22 535 530 537 610 611 612
194 9 2 1 22 531 526 535 583 613 608
195 9 2 1 22 526 530 535 579 610 613
196 9 2 1 22 532 533 535 589 603 614
197 9 2 1 22 535 537 532 612 615 614
198 9 2 1 22 532 537 65 615 616 617
199 9 2 1 22 530 64 537 582 618 611
200 9 2 1 22 109 531 536 586 609 619
201 9 2 1 22 121 518 122 597 577 125
202 9 2 1 22 529 101 102 601 105 571
203 9 2 1 22 101 524 100 600 566 104
204 9 2 1 22 522 121 120 598 124 573
205 9 2 1 22 537 64 65 618 71 616
206 9 2 1 22 532 65 66 617 72 591
207 9 2 1 22 109 536 110 619 607 116
208 9 2 1 22 110 534 111 606 595 117
209 9 2 1 25 620 622 621 628 629 630
210 9 2 1 25 620 621 128 630 631 632
211 9 2 1 25 621 624 623 633 634 635
212 9 2 1 25 621 623 129 635 636 637
213 9 2 1 25 122 623 625 638 639 640
214 9 2 1 25 122 625 121 640 641 125
215 9 2 1 25 625 623 624 639 634 642
216 9 2 1 25 626 625 624 643 642 644
217 9 2 1 25 2 82 127 86 645 131
218 9 2 1 25 626 627 625 646 647 643
219 9 2 1 25 627 120 121 648 124 649
220 9 2 1 25 627 121 625 649 641 647
221 9 2 1 25 623 122 8 638 126 650
222 9 2 1 25 624 621 622 633 629 651
223 9 2 1 25 128 621 129 631 637 133
224 9 2 1 25 130 623 8 652 650 135
225 9 2 1 25 620 127 82 653 645 654
226 9 2 1 25 83 620 82 655 654 87
227 9 2 1 25 120 627 6 648 656 123
228 9 2 1 25 627 85 6 657 90 656
229 9 2 1 25 85 627 626 657 646 658
230 9 2 1 25 622 84 624 659 660 651
231 9 2 1 25 620 128 127 632 132 653
232 9 2 1 25 84 622 83 659 661 88
233 9 2 1 25 626 84 85 662 89 658
234 9 2 1 25 624 84 626 660 662 644
235 9 2 1 25 620 83 622 655 661 628
236 9 2 1 25 129 623 130 636 652 134
237 9 2 1 28 663 665 664 671 672 673
238 9 2 1 28 666 147 667 674 675 676
239 9 2 1 28 663 664 93 673 677 678
240 9 2 1 28 668 664 665 679 672 680
241 9 2 1 28 668 669 664 681 682 679
242 9 2 1 28 668 665 137 680 683 684
243 9 2 1 28 670 669 667 685 686 687
244 9 2 1 28 4 139 94 144 688 99
245 9 2 1 28 664 669 92 682 689 690
246 9 2 1 28 667 147 146 675 150 691
247 9 2 1 28 145 670 146 692 693 149
248 9 2 1 28 663 138 665 694 695 671
249 9 2 1 28 146 670 667 693 687 691
250 9 2 1 28 147 666 9 674 696 151
251 9 2 1 28 666 137 136 697 141 698
252 9 2 1 28 666 136 9 698 140 696
253 9 2 1 28 138 663 139 694 699 143
254 9 2 1 28 93 664 92 677 690 97
255 9 2 1 28 667 669 668 686 681 700
256 9 2 1 28 666 667 668 676 700 701
257 9 2 1 28 663 94 139 702 688 699
258 9 2 1 28 668 137 666 684 697 701
259 9 2 1 28 670 145 7 692 148 703
260 9 2 1 28 91 670 7 704 703 95
261 9 2 1 28 92 669 91 689 705 96
262 9 2 1 28 670 91 669 704 705 685
263 9 2 1 28 663 93 94 678 98 702
264 9 2 1 28 137 665 138 683 695 142
265 9 2 1 32 706 708 707 727 728 729
266 9 2 1 32 709 708 706 730 727 731
267 9 2 1 32 707 107 706 732 733 729
268 9 2 1 32 708 711 710 734 735 736
269 9 2 1 32 708 709 711 730 737 734
270 9 2 1 32 152 710 711 738 735 739
271 9 2 1 32 712 714 713 740 741 742
272 9 2 1 32 715 711 709 743 737 744
273 9 2 1 32 712 716 714 745 746 740
274 9 2 1 32 112 713 714 747 741 748
275 9 2 1 32 717 712 718 749 750 751
276 9 2 1 32 716 712 717 745 749 752
277 9 2 1 32 718 157 717 753 754 751
278 9 2 1 32 145 713 7 755 756 148
279 9 2 1 32 713 112 7 747 119 756
280 9 2 1 32 706 715 709 757 744 731
281 9 2 1 32 157 718 9 753 758 164
282 9 2 1 32 152 711 153 739 759 159
283 9 2 1 32 718 147 9 760 151 758
284 9 2 1 32 717 157 156 754 163 761
285 9 2 1 32 167 710 10 762 763 171
286 9 2 1 32 112 714 111 748 764 118
287 9 2 1 32 710 152 10 738 158 763
288 9 2 1 32 706 107 108 733 114 765
289 9 2 1 32 707 165 8 766 168 767
290 9 2 1 32 107 707 8 732 767 113
291 9 2 1 32 719 715 706 768 757 769
292 9 2 1 32 706 108 719 765 770 769
293 9 2 1 32 719 108 109 770 115 771
294 9 2 1 32 715 720 711 772 773 743
295 9 2 1 32 153 711 720 759 773 774
296 9 2 1 32 153 720 154 774 775 160
297 9 2 1 32 714 716 721 746 776 777
298 9 2 1 32 722 721 716 778 776 779
299 9 2 1 32 111 714 721 764 777 780
300 9 2 1 32 716 717 723 752 781 782
301 9 2 1 32 723 722 716 783 779 782
302 9 2 1 32 717 156 723 761 784 781
303 9 2 1 32 166 708 710 785 736 786
304 9 2 1 32 708 166 707 785 787 728
305 9 2 1 32 146 712 713 788 742 789
306 9 2 1 32 712 146 718 788 790 750
307 9 2 1 32 722 723 724 783 791 792
308 9 2 1 32 725 724 723 793 791 794
309 9 2 1 32 725 723 155 794 795 796
310 9 2 1 32 720 724 725 797 793 798
311 9 2 1 32 724 719 726 799 800 801
312 9 2 1 32 720 715 724 772 802 797
313 9 2 1 32 715 719 724 768 799 802
314 9 2 1 32 721 722 724 778 792 803
315 9 2 1 32 724 726 721 801 804 803
316 9 2 1 32 721 726 110 804 805 806
317 9 2 1 32 719 109 726 771 807 800
318 9 2 1 32 154 720 725 775 798 808
319 9 2 1 32 166 710 167 786 762 170
320 9 2 1 32 718 146 147 790 150 760
321 9 2 1 32 146 713 145 789 755 149
322 9 2 1 32 707 166 165 787 169 766
323 9 2 1 32 726 109 110 807 116 805
324 9 2 1 32 721 110 111 806 117 780
325 9 2 1 32 154 725 155 808 796 161
326 9 2 1 32 155 723 156 795 784 162
327 9 2 1 35 809 811 810 817 818 819
328 9 2 1 35 809 810 173 819 820 821
329 9 2 1 35 810 813 812 822 823 824
330 9 2 1 35 810 812 174 824 825 826
331 9 2 1 35 167 812 814 827 828 829
332 9 2 1 35 167 814 166 829 830 170
333 9 2 1 35 814 812 813 828 823 831
334 9 2 1 35 815 814 813 832 831 833
335 9 2 1 35 2 127 172 131 834 176
336 9 2 1 35 815 816 814 835 836 832
337 9 2 1 35 816 165 166 837 169 838
338 9 2 1 35 816 166 814 838 830 836
339 9 2 1 35 812 167 10 827 171 839
340 9 2 1 35 813 810 811 822 818 840
341 9 2 1 35 173 810 174 820 826 178
342 9 2 1 35 175 812 10 841 839 180
343 9 2 1 35 809 172 127 842 834 843
344 9 2 1 35 128 809 127 844 843 132
345 9 2 1 35 165 816 8 837 845 168
346 9 2 1 35 816 130 8 846 135 845
347 9 2 1 35 130 816 815 846 835 847
348 9 2 1 35 811 129 813 848 849 840
349 9 2 1 35 809 173 172 821 177 842
350 9 2 1 35 129 811 128 848 850 133
351 9 2 1 35 815 129 130 851 134 847
352 9 2 1 35 813 129 815 849 851 833
353 9 2 1 35 809 128 811 844 850 817
354 9 2 1 35 174 812 175 825 841 179
355 9 2 1 38 852 854 853 860 861 862
356 9 2 1 38 855 192 856 863 864 865
357 9 2 1 38 852 853 138 862 866 867
358 9 2 1 38 857 853 854 868 861 869
359 9 2 1 38 857 858 853 870 871 868
360 9 2 1 38 857 854 182 869 872 873
361 9 2 1 38 859 858 856 874 875 876
362 9 2 1 38 853 858 137 871 877 878
363 9 2 1 38 4 184 139 189 879 144
364 9 2 1 38 856 192 191 864 195 880
365 9 2 1 38 190 859 191 881 882 194
366 9 2 1 38 182 854 183 872 883 187
367 9 2 1 38 191 859 856 882 876 880
368 9 2 1 38 192 855 11 863 884 196
369 9 2 1 38 852 183 854 885 883 860
370 9 2 1 38 855 181 11 886 185 884
371 9 2 1 38 183 852 184 885 887 188
372 9 2 1 38 138 853 137 866 878 142
373 9 2 1 38 856 858 857 875 870 888
374 9 2 1 38 855 856 857 865 888 889
375 9 2 1 38 852 139 184 890 879 887
376 9 2 1 38 857 182 855 873 891 889
377 9 2 1 38 137 858 136 877 892 141
378 9 2 1 38 859 190 9 881 193 893
379 9 2 1 38 136 859 9 894 893 140
380 9 2 1 38 859 136 858 894 892 874
381 9 2 1 38 855 182 181 891 186 886
382 9 2 1 38 852 138 139 867 143 890
383 9 2 1 42 895 897 896 916 917 918
384 9 2 1 42 898 897 895 919 916 920
385 9 2 1 42 896 152 895 921 922 918
386 9 2 1 42 897 900 899 923 924 925
387 9 2 1 42 897 898 900 919 926 923
388 9 2 1 42 197 899 900 927 924 928
389 9 2 1 42 901 903 902 929 930 931
390 9 2 1 42 904 900 898 932 926 933
391 9 2 1 42 901 905 903 934 935 929
392 9 2 1 42 157 902 903 936 930 937
393 9 2 1 42 906 901 907 938 939 940
394 9 2 1 42 905 901 906 934 938 941
395 9 2 1 42 907 202 906 942 943 940
396 9 2 1 42 190 902 9 944 945 193
397 9 2 1 42 902 157 9 936 164 945
398 9 2 1 42 895 904 898 946 933 920
399 9 2 1 42 202 907 11 942 947 209
400 9 2 1 42 197 900 198 928 948 204
401 9 2 1 42 907 192 11 949 196 947
402 9 2 1 42 906 202 201 943 208 950
403 9 2 1 42 896 210 10 951 213 952
404 9 2 1 42 157 903 156 937 953 163
405 9 2 1 42 152 896 10 921 952 158
406 9 2 1 42 895 152 153 922 159 954
407 9 2 1 42 212 899 12 955 956 216
408 9 2 1 42 899 197 12 927 203 956
409 9 2 1 42 908 904 895 957 946 958
410 9 2 1 42 895 153 908 954 959 958
411 9 2 1 42 908 153 154 959 160 960
412 9 2 1 42 904 909 900 961 962 932
413 9 2 1 42 198 900 909 948 962 963
414 9 2 1 42 198 909 199 963 964 205
415 9 2 1 42 905 906 910 941 965 966
416 9 2 1 42 910 911 905 967 968 966
417 9 2 1 42 906 201 910 950 969 965
418 9 2 1 42 903 905 912 935 970 971
419 9 2 1 42 911 912 905 972 970 968
420 9 2 1 42 156 903 912 953 971 973
421 9 2 1 42 211 897 899 974 925 975
422 9 2 1 42 897 211 896 974 976 917
423 9 2 1 42 191 901 902 977 931 978
424 9 2 1 42 901 191 907 977 979 939
425 9 2 1 42 911 910 913 967 980 981
426 9 2 1 42 914 913 910 982 980 983
427 9 2 1 42 914 910 200 983 984 985
428 9 2 1 42 909 913 914 986 982 987
429 9 2 1 42 913 908 915 988 989 990
430 9 2 1 42 909 904 913 961 991 986
431 9 2 1 42 904 908 913 957 988 991
432 9 2 1 42 912 911 913 972 981 992
433 9 2 1 42 913 915 912 990 993 992
434 9 2 1 42 912 915 155 993 994 995
435 9 2 1 42 908 154 915 960 996 989
436 9 2 1 42 199 909 914 964 987 997
437 9 2 1 42 211 899 212 975 955 215
438 9 2 1 42 907 191 192 979 195 949
439 9 2 1 42 191 902 190 978 944 194
440 9 2 1 42 896 211 210 976 214 951
441 9 2 1 42 915 154 155 996 161 994
442 9 2 1 42 912 155 156 995 162 973
443 9 2 1 42 199 914 200 997 985 206
444 9 2 1 42 200 910 201 984 969 207
445 9 2 1 45 998 1000 999 1006 1007 1008
446 9 2 1 45 998 999 218 1008 1009 1010
447 9 2 1 45 999 1002 1001 1011 1012 1013
448 9 2 1 45 999 1001 219 1013 1014 1015
449 9 2 1 45 212 1001 1003 1016 1017 1018
450 9 2 1 45 212 1003 211 1018 1019 215
451 9 2 1 45 1003 1001 1002 1017 1012 1020
452 9 2 1 45 2 172 217 176 1021 221
453 9 2 1 45 1004 1003 1002 1022 1020 1023
454 9 2 1 45 1004 1005 1003 1024 1025 1022
455 9 2 1 45 1005 210 211 1026 214 1027
456 9 2 1 45 1005 211 1003 1027 1019 1025
457 9 2 1 45 1001 212 12 1016 216 1028
458 9 2 1 45 1002 999 1000 1011 1007 1029
459 9 2 1 45 218 999 219 1009 1015 223
460 9 2 1 45 220 1001 12 1030 1028 225
461 9 2 1 45 998 217 172 1031 1021 1032
462 9 2 1 45 173 998 172 1033 1032 177
463 9 2 1 45 210 1005 10 1026 1034 213
464 9 2 1 45 1005 175 10 1035 180 1034
465 9 2 1 45 175 1005 1004 1035 1024 1036
466 9 2 1 45 998 218 217 1010 222 1031
467 9 2 1 45 1004 174 175 1037 179 1036
468 9 2 1 45 1000 174 1002 1038 1039 1029
469 9 2 1 45 998 173 1000 1033 1040 1006
470 9 2 1 45 174 1000 173 1038 1040 178
471 9 2 1 45 1002 174 1004 1039 1037 1023
472 9 2 1 45 219 1001 220 1014 1030 224
473 9 2 1 49 1041 1043 1042 1062 1063 1064
474 9 2 1 49 1041 1044 1043 1065 1066 1062
475 9 2 1 49 226 1042 1043 1067 1063 1068
476 9 2 1 49 1045 1041 1046 1069 1070 1071
477 9 2 1 49 1044 1041 1045 1065 1069 1072
478 9 2 1 49 1046 197 1045 1073 1074 1071
479 9 2 1 49 1047 1049 1048 1075 1076 1077
480 9 2 1 49 1050 1043 1044 1078 1066 1079
481 9 2 1 49 1047 1051 1049 1080 1081 1075
482 9 2 1 49 202 1048 1049 1082 1076 1083
483 9 2 1 49 1052 1047 1053 1084 1085 1086
484 9 2 1 49 1051 1047 1052 1080 1084 1087
485 9 2 1 49 1053 231 1052 1088 1089 1086
486 9 2 1 49 1053 248 14 1090 252 1091
487 9 2 1 49 231 1053 14 1088 1091 238
488 9 2 1 49 1045 1050 1044 1092 1079 1072
489 9 2 1 49 246 1048 11 1093 1094 249
490 9 2 1 49 1052 231 230 1089 237 1095
491 9 2 1 49 1048 202 11 1082 209 1094
492 9 2 1 49 226 1043 227 1068 1096 233
493 9 2 1 49 241 1042 13 1097 1098 245
494 9 2 1 49 202 1049 201 1083 1099 208
495 9 2 1 49 1042 226 13 1067 232 1098
496 9 2 1 49 1045 197 198 1074 204 1100
497 9 2 1 49 1046 239 12 1101 242 1102
498 9 2 1 49 197 1046 12 1073 1102 203
499 9 2 1 49 1054 1050 1045 1103 1092 1104
500 9 2 1 49 1045 198 1054 1100 1105 1104
501 9 2 1 49 1054 198 199 1105 205 1106
502 9 2 1 49 1050 1055 1043 1107 1108 1078
503 9 2 1 49 227 1043 1055 1096 1108 1109
504 9 2 1 49 227 1055 228 1109 1110 234
505 9 2 1 49 1051 1052 1056 1087 1111 1112
506 9 2 1 49 1056 1057 1051 1113 1114 1112
507 9 2 1 49 1052 230 1056 1095 1115 1111
508 9 2 1 49 1049 1051 1058 1081 1116 1117
509 9 2 1 49 1057 1058 1051 1118 1116 1114
510 9 2 1 49 201 1049 1058 1099 1117 1119
511 9 2 1 49 240 1041 1042 1120 1064 1121
512 9 2 1 49 1041 240 1046 1120 1122 1070
513 9 2 1 49 1047 247 1053 1123 1124 1085
514 9 2 1 49 247 1047 1048 1123 1077 1125
515 9 2 1 49 1057 1056 1059 1113 1126 1127
516 9 2 1 49 1060 1059 1056 1128 1126 1129
517 9 2 1 49 1060 1056 229 1129 1130 1131
518 9 2 1 49 1055 1059 1060 1132 1128 1133
519 9 2 1 49 1059 1054 1061 1134 1135 1136
520 9 2 1 49 1055 1050 1059 1107 1137 1132
521 9 2 1 49 1050 1054 1059 1103 1134 1137
522 9 2 1 49 1058 1057 1059 1118 1127 1138
523 9 2 1 49 1059 1061 1058 1136 1139 1138
524 9 2 1 49 1058 1061 200 1139 1140 1141
525 9 2 1 49 1054 199 1061 1106 1142 1135
526 9 2 1 49 228 1055 1060 1110 1133 1143
527 9 2 1 49 1053 247 248 1124 251 1090
528 9 2 1 49 240 1042 241 1121 1097 244
529 9 2 1 49 247 1048 246 1125 1093 250
530 9 2 1 49 1046 240 239 1122 243 1101
531 9 2 1 49 1061 199 200 1142 206 1140
532 9 2 1 49 1058 200 201 1141 207 1119
533 9 2 1 49 228 1060 229 1143 1131 235
534 9 2 1 49 229 1056 230 1130 1115 236
535 9 2 1 52 1144 1146 1145 1152 1153 1154
536 9 2 1 52 1147 1149 1148 1155 1156 1157
537 9 2 1 52 1144 1145 183 1154 1158 1159
538 9 2 1 52 1149 1145 1146 1160 1153 1161
539 9 2 1 52 1149 1150 1145 1162 1163 1160
540 9 2 1 52 1149 1146 254 1161 1164 1165
541 9 2 1 52 1151 1150 1147 1166 1167 1168
542 9 2 1 52 1145 1150 182 1163 1169 1170
543 9 2 1 52 4 256 184 261 1171 189
544 9 2 1 52 1148 248 1147 1172 1173 1157
545 9 2 1 52 246 1151 247 1174 1175 250
546 9 2 1 52 1147 248 247 1173 251 1176
547 9 2 1 52 247 1151 1147 1175 1168 1176
548 9 2 1 52 248 1148 14 1172 1177 252
549 9 2 1 52 254 1146 255 1164 1178 259
550 9 2 1 52 1148 253 14 1179 257 1177
551 9 2 1 52 255 1144 256 1180 1181 260
552 9 2 1 52 183 1145 182 1158 1170 187
553 9 2 1 52 1147 1150 1149 1167 1162 1155
554 9 2 1 52 1148 254 253 1182 258 1179
555 9 2 1 52 1144 184 256 1183 1171 1181
556 9 2 1 52 1149 254 1148 1165 1182 1156
557 9 2 1 52 182 1150 181 1169 1184 186
558 9 2 1 52 1151 246 11 1174 249 1185
559 9 2 1 52 181 1151 11 1186 1185 185
560 9 2 1 52 1151 181 1150 1186 1184 1166
561 9 2 1 52 1144 183 184 1159 188 1183
562 9 2 1 52 1144 255 1146 1180 1178 1152
563 9 2 1 55 1187 1189 1188 1195 1196 1197
564 9 2 1 55 1187 1188 263 1197 1198 1199
565 9 2 1 55 1188 1191 1190 1200 1201 1202
566 9 2 1 55 1188 1190 264 1202 1203 1204
567 9 2 1 55 241 1190 1192 1205 1206 1207
568 9 2 1 55 241 1192 240 1207 1208 244
569 9 2 1 55 1192 1190 1191 1206 1201 1209
570 9 2 1 55 1193 1192 1191 1210 1209 1211
571 9 2 1 55 1193 1194 1192 1212 1213 1210
572 9 2 1 55 2 217 262 221 1214 266
573 9 2 1 55 1194 239 240 1215 243 1216
574 9 2 1 55 1194 240 1192 1216 1208 1213
575 9 2 1 55 1190 241 13 1205 245 1217
576 9 2 1 55 1191 1188 1189 1200 1196 1218
577 9 2 1 55 263 1188 264 1198 1204 268
578 9 2 1 55 265 1190 13 1219 1217 270
579 9 2 1 55 1187 262 217 1220 1214 1221
580 9 2 1 55 218 1187 217 1222 1221 222
581 9 2 1 55 239 1194 12 1215 1223 242
582 9 2 1 55 1194 220 12 1224 225 1223
583 9 2 1 55 220 1194 1193 1224 1212 1225
584 9 2 1 55 1189 219 1191 1226 1227 1218
585 9 2 1 55 1187 263 262 1199 267 1220
586 9 2 1 55 219 1189 218 1226 1228 223
587 9 2 1 55 1193 219 220 1229 224 1225
588 9 2 1 55 1191 219 1193 1227 1229 1211
589 9 2 1 55 1187 218 1189 1222 1228 1195
590 9 2 1 55 264 1190 265 1203 1219 269
591 9 2 1 58 1230 1232 1231 1238 1239 1240
592 9 2 1 58 1231 1232 254 1239 1241 1242
593 9 2 1 58 1230 1234 1233 1243 1244 1245
594 9 2 1 58 1233 1234 25 1244 1246 1247
595 9 2 1 58 1233 273 1235 1248 1249 1250
596 9 2 1 58 1235 273 272 1249 276 1251
597 9 2 1 58 1231 1236 1234 1252 1253 1254
598 9 2 1 58 1233 1235 1230 1250 1255 1245
599 9 2 1 58 1235 1232 1230 1256 1238 1255
600 9 2 1 58 4 27 256 32 1257 261
601 9 2 1 58 1237 1232 1235 1258 1256 1259
602 9 2 1 58 271 1237 272 1260 1261 275
603 9 2 1 58 272 1237 1235 1261 1259 1251
604 9 2 1 58 1236 256 27 1262 1257 1263
605 9 2 1 58 1234 1236 26 1253 1264 1265
606 9 2 1 58 1234 1230 1231 1243 1240 1254
607 9 2 1 58 1234 26 25 1265 30 1246
608 9 2 1 58 26 1236 27 1264 1263 31
609 9 2 1 58 273 1233 3 1248 1266 277
610 9 2 1 58 1233 24 3 1267 28 1266
611 9 2 1 58 1237 271 14 1260 274 1268
612 9 2 1 58 253 1237 14 1269 1268 257
613 9 2 1 58 254 1232 253 1241 1270 258
614 9 2 1 58 1237 253 1232 1269 1270 1258
615 9 2 1 58 255 1236 1231 1271 1252 1272
616 9 2 1 58 1236 255 256 1271 260 1262
617 9 2 1 58 1233 25 24 1247 29 1267
618 9 2 1 58 1231 254 255 1242 259 1272
619 9 2 1 62 1273 1275 1274 1294 1295 1296
620 9 2 1 62 1276 1275 1273 1297 1294 1298
621 9 2 1 62 1274 226 1273 1299 1300 1296
622 9 2 1 62 1275 1278 1277 1301 1302 1303
623 9 2 1 62 1275 1276 1278 1297 1304 1301
624 9 2 1 62 33 1277 1278 1305 1302 1306
625 9 2 1 62 1279 1281 1280 1307 1308 1309
626 9 2 1 62 1273 1282 1276 1310 1311 1298
627 9 2 1 62 1279 1283 1281 1312 1313 1307
628 9 2 1 62 231 1280 1281 1314 1308 1315
629 9 2 1 62 1284 1279 1285 1316 1317 1318
630 9 2 1 62 1283 1279 1284 1312 1316 1319
631 9 2 1 62 1285 38 1284 1320 1321 1318
632 9 2 1 62 271 1280 14 1322 1323 274
633 9 2 1 62 1280 231 14 1314 238 1323
634 9 2 1 62 1282 1278 1276 1324 1304 1311
635 9 2 1 62 1285 273 3 1325 277 1326
636 9 2 1 62 1284 38 37 1321 44 1327
637 9 2 1 62 38 1285 3 1320 1326 45
638 9 2 1 62 33 1278 34 1306 1328 40
639 9 2 1 62 1274 278 13 1329 281 1330
640 9 2 1 62 231 1281 230 1315 1331 237
641 9 2 1 62 226 1274 13 1299 1330 232
642 9 2 1 62 1273 226 227 1300 233 1332
643 9 2 1 62 280 1277 1 1333 1334 284
644 9 2 1 62 1277 33 1 1305 39 1334
645 9 2 1 62 1286 1282 1273 1335 1310 1336
646 9 2 1 62 1273 227 1286 1332 1337 1336
647 9 2 1 62 1286 227 228 1337 234 1338
648 9 2 1 62 1282 1287 1278 1339 1340 1324
649 9 2 1 62 34 1278 1287 1328 1340 1341
650 9 2 1 62 34 1287 35 1341 1342 41
651 9 2 1 62 1283 1284 1288 1319 1343 1344
652 9 2 1 62 1288 1289 1283 1345 1346 1344
653 9 2 1 62 1284 37 1288 1327 1347 1343
654 9 2 1 62 1281 1283 1290 1313 1348 1349
655 9 2 1 62 1289 1290 1283 1350 1348 1346
656 9 2 1 62 230 1281 1290 1331 1349 1351
657 9 2 1 62 279 1275 1277 1352 1303 1353
658 9 2 1 62 1275 279 1274 1352 1354 1295
659 9 2 1 62 1279 272 1285 1355 1356 1317
660 9 2 1 62 272 1279 1280 1355 1309 1357
661 9 2 1 62 1289 1288 1291 1345 1358 1359
662 9 2 1 62 1292 1291 1288 1360 1358 1361
663 9 2 1 62 1292 1288 36 1361 1362 1363
664 9 2 1 62 1291 1286 1293 1364 1365 1366
665 9 2 1 62 1287 1291 1292 1367 1360 1368
666 9 2 1 62 1282 1286 1291 1335 1364 1369
667 9 2 1 62 1287 1282 1291 1339 1369 1367
668 9 2 1 62 1290 1289 1291 1350 1359 1370
669 9 2 1 62 1291 1293 1290 1366 1371 1370
670 9 2 1 62 1290 1293 229 1371 1372 1373
671 9 2 1 62 1286 228 1293 1338 1374 1365
672 9 2 1 62 35 1287 1292 1342 1368 1375
673 9 2 1 62 1285 272 273 1356 276 1325
674 9 2 1 62 279 1277 280 1353 1333 283
675 9 2 1 62 272 1280 271 1357 1322 275
676 9 2 1 62 1274 279 278 1354 282 1329
677 9 2 1 62 35 1292 36 1375 1363 42
678 9 2 1 62 36 1288 37 1362 1347 43
679 9 2 1 62 1293 228 229 1374 235 1372
680 9 2 1 62 1290 229 230 1373 236 1351
681 9 2 1 65 1376 1378 1377 1384 1385 1386
682 9 2 1 65 1376 1377 16 1386 1387 1388
683 9 2 1 65 1377 1380 1379 1389 1390 1391
684 9 2 1 65 1377 1379 17 1391 1392 1393
685 9 2 1 65 280 1379 1381 1394 1395 1396
686 9 2 1 65 280 1381 279 1396 1397 283
687 9 2 1 65 1381 1379 1380 1395 1390 1398
688 9 2 1 65 1382 1381 1380 1399 1398 1400
689 9 2 1 65 2 262 15 266 1401 19
690 9 2 1 65 1382 1383 1381 1402 1403 1399
691 9 2 1 65 1383 278 279 1404 282 1405
692 9 2 1 65 1383 279 1381 1405 1397 1403
693 9 2 1 65 1379 280 1 1394 284 1406
694 9 2 1 65 1380 1377 1378 1389 1385 1407
695 9 2 1 65 16 1377 17 1387 1393 21
696 9 2 1 65 18 1379 1 1408 1406 23
697 9 2 1 65 263 1376 262 1409 1410 267
698 9 2 1 65 1376 15 262 1411 1401 1410
699 9 2 1 65 278 1383 13 1404 1412 281
700 9 2 1 65 1383 265 13 1413 270 1412
701 9 2 1 65 265 1383 1382 1413 1402 1414
702 9 2 1 65 1376 16 15 1388 20 1411
703 9 2 1 65 1382 264 265 1415 269 1414
704 9 2 1 65 1376 263 1378 1409 1416 1384
705 9 2 1 65 264 1378 263 1417 1416 268
706 9 2 1 65 1378 264 1380 1417 1418 1407
707 9 2 1 65 17 1379 18 1392 1408 22
708 9 2 1 65 1380 264 1382 1418 1415 1400
$EndElements
