x/a,y/a,z/a,abs_Etot/E0
1.00000000000,0.00000000000,0.612323399574E-16,1.51120969697
0.447213595500,0.00000000000,-0.894427191000,0.876433380036
0.447213595500,0.850650808352,-0.276393202250,0.769969797344
0.447213595500,0.525731112119,0.723606797750,0.425409558650
0.447213595500,-0.525731112119,0.723606797750,0.425409558650
0.447213595500,-0.850650808352,-0.276393202250,0.769969797344
-1.00000000000,0.00000000000,-0.612323399574E-16,1.51133811743
-0.447213595500,0.109535739653E-15,0.894427191000,0.403067203371
-0.447213595500,-0.850650808352,0.276393202250,0.562595782665
-0.447213595500,-0.525731112119,-0.723606797750,0.860700295133
-0.447213595500,0.525731112119,-0.723606797750,0.860700295133
-0.447213595500,0.850650808352,0.276393202250,0.562595782665
0.997606856922,0.00000000000,-0.691415867736E-01,1.56036021397
0.990438881957,0.00000000000,-0.137952242128,1.61739751694
0.978530383083,0.00000000000,-0.206102618575,1.65185566074
0.961938357784,0.00000000000,-0.273266528913,1.65367285216
0.940742220241,0.00000000000,-0.339122507446,1.66869154073
0.915043421233,0.00000000000,-0.403355348617,1.65518994905
0.884964962567,0.00000000000,-0.465657615668,1.62745304004
0.850650808352,0.00000000000,-0.525731112119,1.58413029402
0.812265195950,0.00000000000,-0.583288309027,1.52882729754
0.769991849887,0.00000000000,-0.638053721177,1.46847011729
0.724033102492,0.00000000000,-0.689765225635,1.39469323031
0.674608925484,0.00000000000,-0.738175316343,1.30095552542
0.621955877114,0.00000000000,-0.783052288754,1.20215901438
0.566325969941,0.00000000000,-0.824181348837,1.11000630741
0.507985464619,0.00000000000,-0.861365641140,1.00091304021
0.997606856922,0.657575566480E-01,-0.213659253311E-01,1.51615220193
0.990438881957,0.131200378813,-0.426295872296E-01,1.51709749503
0.978530383083,0.196015238421,-0.636892117249E-01,1.51513138484
0.961938357784,0.259891913008,-0.844440014279E-01,1.50812288432
0.940742220241,0.322524670529,-0.104794617976,1.49590041808
0.915043421233,0.383613732685,-0.124643657495,1.47498118077
0.884964962567,0.442866709743,-0.143896116801,1.44454168440
0.850650808352,0.500000000000,-0.162459848116,1.40330782529
0.812265195950,0.554740147179,-0.180246000110,1.35136660158
0.769991849887,0.606825149272,-0.197169443168,1.29030292351
0.724033102492,0.656005712554,-0.213149176850,1.21931413726
0.674608925484,0.702046444776,-0.228108717578,1.14188757275
0.621955877114,0.744726981819,-0.241976464709,1.05578660756
0.566325969941,0.783843042420,-0.254686043237,0.965951022192
0.507985464619,0.819207405919,-0.266176621483,0.868739402734
0.997606856922,0.406404050256E-01,0.559367187179E-01,1.47764817141
0.990438881957,0.810862934433E-01,0.111605708293,1.38334360073
0.978530383083,0.121144079657,0.166740521012,1.31484688768
0.961938357784,0.160622035640,0.221077265884,1.26227123269
0.940742220241,0.199331208597,0.274355871699,1.19389941156
0.915043421233,0.237086325351,0.326321331803,1.07071538825
0.884964962567,0.273706679107,0.376724924635,1.00519028206
0.850650808352,0.309016994375,0.425325404176,0.955751551597
0.812265195950,0.342848265881,0.471890154623,0.873097676607
0.769991849887,0.375038567478,0.516196303756,0.758990117769
0.724033102492,0.405433827172,0.558031789668,0.711023444035
0.674608925484,0.433888564553,0.597196375750,0.673333682402
0.621955877114,0.460266587103,0.633502609086,0.599806129453
0.566325969941,0.484441642061,0.666776717656,0.505549492645
0.507985464619,0.506298020693,0.696859442053,0.456265378273
0.997606856922,-0.406404050256E-01,0.559367187179E-01,1.47764817141
0.990438881957,-0.810862934433E-01,0.111605708293,1.38334360073
0.978530383083,-0.121144079657,0.166740521012,1.31484688768
0.961938357784,-0.160622035640,0.221077265884,1.26227123269
0.940742220241,-0.199331208597,0.274355871699,1.19389941156
0.915043421233,-0.237086325351,0.326321331803,1.07071538825
0.884964962567,-0.273706679107,0.376724924635,1.00519028206
0.850650808352,-0.309016994375,0.425325404176,0.955751551597
0.812265195950,-0.342848265881,0.471890154623,0.873097676607
0.769991849887,-0.375038567478,0.516196303756,0.758990117769
0.724033102492,-0.405433827172,0.558031789668,0.711023444035
0.674608925484,-0.433888564553,0.597196375750,0.673333682402
0.621955877114,-0.460266587103,0.633502609086,0.599806129453
0.566325969941,-0.484441642061,0.666776717656,0.505549492645
0.507985464619,-0.506298020693,0.696859442053,0.456265378273
0.997606856922,-0.657575566480E-01,-0.213659253311E-01,1.51615220193
0.990438881957,-0.131200378813,-0.426295872296E-01,1.51709749503
0.978530383083,-0.196015238421,-0.636892117249E-01,1.51513138484
0.961938357784,-0.259891913008,-0.844440014279E-01,1.50812288432
0.940742220241,-0.322524670529,-0.104794617976,1.49590041808
0.915043421233,-0.383613732685,-0.124643657495,1.47498118077
0.884964962567,-0.442866709743,-0.143896116801,1.44454168440
0.850650808352,-0.500000000000,-0.162459848116,1.40330782529
0.812265195950,-0.554740147179,-0.180246000110,1.35136660158
0.769991849887,-0.606825149272,-0.197169443168,1.29030292351
0.724033102492,-0.656005712554,-0.213149176850,1.21931413726
0.674608925484,-0.702046444776,-0.228108717578,1.14188757275
0.621955877114,-0.744726981819,-0.241976464709,1.05578660756
0.566325969941,-0.783843042420,-0.254686043237,0.965951022192
0.507985464619,-0.819207405919,-0.266176621483,0.868739402734
0.396112027183,0.406404050256E-01,-0.917302359858,0.772465999555
0.343114553354,0.810862934433E-01,-0.935787057130,0.674594577077
0.288474835089,0.121144079657,-0.949792809766,0.578096285124
0.232454393715,0.160622035640,-0.959252582227,0.475366807019
0.175321359094,0.199331208597,-0.964121097334,0.363118563155
0.117349186280,0.237086325351,-0.964375052981,0.243136352497
0.588153466797E-01,0.273706679107,-0.960013233662,0.120595048473
0.103144880648E-15,0.309016994375,-0.951056516295,0.177611376132E-02
-0.588153466797E-01,0.342848265881,-0.937547770291,0.114596753067
-0.117349186280,0.375038567478,-0.919551652374,0.226864982843
-0.175321359094,0.405433827172,-0.897154297114,0.340029239114
-0.232454393715,0.433888564553,-0.870462904662,0.455643350768
-0.288474835089,0.460266587103,-0.839605227661,0.564892906327
-0.343114553354,0.484441642061,-0.804728959783,0.664792902768
-0.396112027183,0.506298020693,-0.766001028826,0.760992932553
0.396112027183,-0.406404050256E-01,-0.917302359858,0.772465999555
0.343114553354,-0.810862934433E-01,-0.935787057130,0.674594577077
0.288474835089,-0.121144079657,-0.949792809766,0.578096285124
0.232454393715,-0.160622035640,-0.959252582227,0.475366807019
0.175321359094,-0.199331208597,-0.964121097334,0.363118563155
0.117349186280,-0.237086325351,-0.964375052981,0.243136352497
0.588153466797E-01,-0.273706679107,-0.960013233662,0.120595048473
-0.912878116065E-17,-0.309016994375,-0.951056516295,0.177611376131E-02
-0.588153466797E-01,-0.342848265881,-0.937547770291,0.114596753067
-0.117349186280,-0.375038567478,-0.919551652374,0.226864982843
-0.175321359094,-0.405433827172,-0.897154297114,0.340029239114
-0.232454393715,-0.433888564553,-0.870462904662,0.455643350768
-0.288474835089,-0.460266587103,-0.839605227661,0.564892906327
-0.343114553354,-0.484441642061,-0.804728959783,0.664792902768
-0.396112027183,-0.506298020693,-0.766001028826,0.760992932553
0.396112027183,0.859847810944,-0.322113340201,0.697239436669
0.343114553354,0.864929335863,-0.366291751531,0.611951448392
0.288474835089,0.865871061477,-0.408716985722,0.520471876103
0.232454393715,0.862668480416,-0.449185983462,0.422810274979
0.175321359094,0.855336921151,-0.487505048549,0.321129153937
0.117349186280,0.843911474622,-0.523490774971,0.217343714745
0.588153466797E-01,0.828446826286,-0.556970924745,0.108423898889
0.125810395837E-15,0.809016994375,-0.587785252292,0.731311849962E-03
-0.588153466797E-01,0.785714975624,-0.615786271425,0.113384220632
-0.117349186280,0.758652300163,-0.640839961251,0.224472104866
-0.175321359094,0.727958497701,-0.662826407643,0.337283118124
-0.232454393715,0.693780477560,-0.681640377177,0.446364871381
-0.288474835089,0.656281825525,-0.697191820811,0.554756887136
-0.343114553354,0.615642020874,-0.709406304885,0.659584425377
-0.396112027183,0.572055577341,-0.718225367384,0.762076642427
0.396112027183,0.884964962567,-0.244810696152,0.675993387216
0.343114553354,0.915043421233,-0.212056456008,0.577670465271
0.288474835089,0.940742220241,-0.178287252984,0.481160860690
0.232454393715,0.961938357784,-0.143664716150,0.379808329592
0.175321359094,0.978530383083,-0.108354558874,0.282207715945
0.117349186280,0.990438881957,-0.725257856731E-01,0.183848876116
0.588153466797E-01,0.997606856922,-0.363498833082E-01,0.914018212455E-01
0.179637858894E-15,1.00000000000,-0.311661884956E-15,0.164413070424E-03
-0.588153466797E-01,0.997606856922,0.363498833082E-01,0.867805936821E-01
-0.117349186280,0.990438881957,0.725257856731E-01,0.168408526108
-0.175321359094,0.978530383083,0.108354558874,0.242888897011
-0.232454393715,0.961938357784,0.143664716150,0.311076006801
-0.288474835089,0.940742220241,0.178287252984,0.380342385131
-0.343114553354,0.915043421233,0.212056456008,0.449221428425
-0.396112027183,0.884964962567,0.244810696152,0.513883660451
0.396112027183,0.572055577341,0.718225367384,0.371715048219
0.343114553354,0.615642020874,0.709406304885,0.314697746021
0.288474835089,0.656281825525,0.697191820811,0.258198566950
0.232454393715,0.693780477560,0.681640377177,0.204947349935
0.175321359094,0.727958497701,0.662826407643,0.157775832581
0.117349186280,0.758652300163,0.640839961251,0.110093932498
0.588153466797E-01,0.785714975624,0.615786271425,0.577537657380E-01
-0.125810395837E-15,0.809016994375,0.587785252292,0.571706710676E-03
-0.588153466797E-01,0.828446826286,0.556970924745,0.574579995808E-01
-0.117349186280,0.843911474622,0.523490774971,0.115685724110
-0.175321359094,0.855336921151,0.487505048549,0.184551085148
-0.232454393715,0.862668480416,0.449185983462,0.257856200353
-0.288474835089,0.865871061477,0.408716985722,0.326305053513
-0.343114553354,0.864929335863,0.366291751531,0.385489532895
-0.396112027183,0.859847810944,0.322113340201,0.468123831028
0.396112027183,0.506298020693,0.766001028826,0.375152631373
0.343114553354,0.484441642061,0.804728959783,0.290084205551
0.288474835089,0.460266587103,0.839605227661,0.299922629382
0.232454393715,0.433888564553,0.870462904662,0.260457213835
0.175321359094,0.405433827172,0.897154297114,0.150716194269
0.117349186280,0.375038567478,0.919551652374,0.131039686477
0.588153466797E-01,0.342848265881,0.937547770291,0.100936671797
0.912878116065E-17,0.309016994375,0.951056516295,0.263471102485E-02
-0.588153466797E-01,0.273706679107,0.960013233662,0.929594981624E-01
-0.117349186280,0.237086325351,0.964375052981,0.152250387606
-0.175321359094,0.199331208597,0.964121097334,0.228832301236
-0.232454393715,0.160622035640,0.959252582227,0.369821070796
-0.288474835089,0.121144079657,0.949792809766,0.533823470764
-0.343114553354,0.810862934433E-01,0.935787057130,0.566587083333
-0.396112027183,0.406404050256E-01,0.917302359858,0.418032486505
0.396112027183,-0.506298020693,0.766001028826,0.375152631373
0.343114553354,-0.484441642061,0.804728959783,0.290084205551
0.288474835089,-0.460266587103,0.839605227661,0.299922629382
0.232454393715,-0.433888564553,0.870462904662,0.260457213835
0.175321359094,-0.405433827172,0.897154297114,0.150716194269
0.117349186280,-0.375038567478,0.919551652374,0.131039686477
0.588153466797E-01,-0.342848265881,0.937547770291,0.100936671797
0.315835135224E-16,-0.309016994375,0.951056516295,0.263471102486E-02
-0.588153466797E-01,-0.273706679107,0.960013233662,0.929594981624E-01
-0.117349186280,-0.237086325351,0.964375052981,0.152250387606
-0.175321359094,-0.199331208597,0.964121097334,0.228832301236
-0.232454393715,-0.160622035640,0.959252582227,0.369821070796
-0.288474835089,-0.121144079657,0.949792809766,0.533823470764
-0.343114553354,-0.810862934433E-01,0.935787057130,0.566587083333
-0.396112027183,-0.406404050256E-01,0.917302359858,0.418032486505
0.396112027183,-0.572055577341,0.718225367384,0.371715048219
0.343114553354,-0.615642020874,0.709406304885,0.314697746021
0.288474835089,-0.656281825525,0.697191820811,0.258198566950
0.232454393715,-0.693780477560,0.681640377177,0.204947349935
0.175321359094,-0.727958497701,0.662826407643,0.157775832581
0.117349186280,-0.758652300163,0.640839961251,0.110093932498
0.588153466797E-01,-0.785714975624,0.615786271425,0.577537657380E-01
0.538274630565E-16,-0.809016994375,0.587785252292,0.571706710677E-03
-0.588153466797E-01,-0.828446826286,0.556970924745,0.574579995808E-01
-0.117349186280,-0.843911474622,0.523490774971,0.115685724110
-0.175321359094,-0.855336921151,0.487505048549,0.184551085148
-0.232454393715,-0.862668480416,0.449185983462,0.257856200353
-0.288474835089,-0.865871061477,0.408716985722,0.326305053513
-0.343114553354,-0.864929335863,0.366291751531,0.385489532895
-0.396112027183,-0.859847810944,0.322113340201,0.468123831028
0.396112027183,-0.884964962567,-0.244810696152,0.675993387216
0.343114553354,-0.915043421233,-0.212056456008,0.577670465271
0.288474835089,-0.940742220241,-0.178287252984,0.481160860690
0.232454393715,-0.961938357784,-0.143664716150,0.379808329592
0.175321359094,-0.978530383083,-0.108354558874,0.282207715945
0.117349186280,-0.990438881957,-0.725257856731E-01,0.183848876116
0.588153466797E-01,-0.997606856922,-0.363498833082E-01,0.914018212455E-01
-0.179637858894E-15,-1.00000000000,0.275181960867E-15,0.164413070430E-03
-0.588153466797E-01,-0.997606856922,0.363498833082E-01,0.867805936821E-01
-0.117349186280,-0.990438881957,0.725257856731E-01,0.168408526108
-0.175321359094,-0.978530383083,0.108354558874,0.242888897011
-0.232454393715,-0.961938357784,0.143664716150,0.311076006801
-0.288474835089,-0.940742220241,0.178287252984,0.380342385131
-0.343114553354,-0.915043421233,0.212056456008,0.449221428425
-0.396112027183,-0.884964962567,0.244810696152,0.513883660451
0.396112027183,-0.859847810944,-0.322113340201,0.697239436669
0.343114553354,-0.864929335863,-0.366291751531,0.611951448392
0.288474835089,-0.865871061477,-0.408716985722,0.520471876103
0.232454393715,-0.862668480416,-0.449185983462,0.422810274979
0.175321359094,-0.855336921151,-0.487505048549,0.321129153937
0.117349186280,-0.843911474622,-0.523490774971,0.217343714745
0.588153466797E-01,-0.828446826286,-0.556970924745,0.108423898889
0.359914663903E-16,-0.809016994375,-0.587785252292,0.731311849961E-03
-0.588153466797E-01,-0.785714975624,-0.615786271425,0.113384220632
-0.117349186280,-0.758652300163,-0.640839961251,0.224472104866
-0.175321359094,-0.727958497701,-0.662826407643,0.337283118124
-0.232454393715,-0.693780477560,-0.681640377177,0.446364871381
-0.288474835089,-0.656281825525,-0.697191820811,0.554756887136
-0.343114553354,-0.615642020874,-0.709406304885,0.659584425377
-0.396112027183,-0.572055577341,-0.718225367384,0.762076642427
-0.507985464619,0.105486867532E-15,0.861365641140,0.580324541472
-0.566325969941,0.100933105077E-15,0.824181348837,0.515506599570
-0.621955877114,0.958962478988E-16,0.783052288754,0.555980121118
-0.674608925484,0.904004038369E-16,0.738175316343,0.662412393875
-0.724033102492,0.844718775737E-16,0.689765225635,0.647387733638
-0.769991849887,0.781390447324E-16,0.638053721177,0.734276653092
-0.812265195950,0.714322160630E-16,0.583288309027,0.818025626933
-0.850650808352,0.643834923669E-16,0.525731112119,0.839620760354
-0.884964962567,0.570266108526E-16,0.465657615668,0.968425081099
-0.915043421233,0.493967836603E-16,0.403355348617,1.03381393469
-0.940742220241,0.415305293263E-16,0.339122507446,1.09072099443
-0.961938357784,0.334654979947E-16,0.273266528913,1.21690901508
-0.978530383083,0.252402912134E-16,0.206102618575,1.29238284927
-0.990438881957,0.168942771757E-16,0.137952242128,1.34047669912
-0.997606856922,0.846740229302E-17,0.691415867736E-01,1.46296051649
-0.507985464619,-0.819207405919,0.266176621483,0.645120444295
-0.566325969941,-0.783843042420,0.254686043237,0.728214860658
-0.621955877114,-0.744726981819,0.241976464709,0.806480714102
-0.674608925484,-0.702046444776,0.228108717578,0.881432700276
-0.724033102492,-0.656005712554,0.213149176850,0.949735047870
-0.769991849887,-0.606825149272,0.197169443168,1.01300014079
-0.812265195950,-0.554740147179,0.180246000110,1.07169048236
-0.850650808352,-0.500000000000,0.162459848116,1.12889664165
-0.884964962567,-0.442866709743,0.143896116801,1.18837771105
-0.915043421233,-0.383613732685,0.124643657495,1.25062298958
-0.940742220241,-0.322524670529,0.104794617976,1.31570960218
-0.961938357784,-0.259891913008,0.844440014279E-01,1.37702302347
-0.978530383083,-0.196015238421,0.636892117249E-01,1.43099966830
-0.990438881957,-0.131200378813,0.426295872296E-01,1.47084907406
-0.997606856922,-0.657575566480E-01,0.213659253311E-01,1.49718856656
-0.507985464619,-0.506298020693,-0.696859442053,0.975301474215
-0.566325969941,-0.484441642061,-0.666776717656,1.08584073420
-0.621955877114,-0.460266587103,-0.633502609086,1.18086387661
-0.674608925484,-0.433888564553,-0.597196375750,1.27007118374
-0.724033102492,-0.405433827172,-0.558031789668,1.35408316535
-0.769991849887,-0.375038567478,-0.516196303756,1.43150691175
-0.812265195950,-0.342848265881,-0.471890154623,1.49962318002
-0.850650808352,-0.309016994375,-0.425325404176,1.54843142492
-0.884964962567,-0.273706679107,-0.376724924635,1.59014108440
-0.915043421233,-0.237086325351,-0.326321331803,1.60580949009
-0.940742220241,-0.199331208597,-0.274355871699,1.62370777659
-0.961938357784,-0.160622035640,-0.221077265884,1.62953302002
-0.978530383083,-0.121144079657,-0.166740521012,1.63303349521
-0.990438881957,-0.810862934433E-01,-0.111605708293,1.58322243894
-0.997606856922,-0.406404050256E-01,-0.559367187179E-01,1.54216844732
-0.507985464619,0.506298020693,-0.696859442053,0.975301474215
-0.566325969941,0.484441642061,-0.666776717656,1.08584073420
-0.621955877114,0.460266587103,-0.633502609086,1.18086387661
-0.674608925484,0.433888564553,-0.597196375750,1.27007118374
-0.724033102492,0.405433827172,-0.558031789668,1.35408316535
-0.769991849887,0.375038567478,-0.516196303756,1.43150691175
-0.812265195950,0.342848265881,-0.471890154623,1.49962318002
-0.850650808352,0.309016994375,-0.425325404176,1.54843142492
-0.884964962567,0.273706679107,-0.376724924635,1.59014108440
-0.915043421233,0.237086325351,-0.326321331803,1.60580949009
-0.940742220241,0.199331208597,-0.274355871699,1.62370777659
-0.961938357784,0.160622035640,-0.221077265884,1.62953302002
-0.978530383083,0.121144079657,-0.166740521012,1.63303349521
-0.990438881957,0.810862934433E-01,-0.111605708293,1.58322243894
-0.997606856922,0.406404050256E-01,-0.559367187179E-01,1.54216844732
-0.507985464619,0.819207405919,0.266176621483,0.645120444295
-0.566325969941,0.783843042420,0.254686043237,0.728214860658
-0.621955877114,0.744726981819,0.241976464709,0.806480714102
-0.674608925484,0.702046444776,0.228108717578,0.881432700276
-0.724033102492,0.656005712554,0.213149176850,0.949735047870
-0.769991849887,0.606825149272,0.197169443168,1.01300014079
-0.812265195950,0.554740147179,0.180246000110,1.07169048236
-0.850650808352,0.500000000000,0.162459848116,1.12889664165
-0.884964962567,0.442866709743,0.143896116801,1.18837771105
-0.915043421233,0.383613732685,0.124643657495,1.25062298958
-0.940742220241,0.322524670529,0.104794617976,1.31570960218
-0.961938357784,0.259891913008,0.844440014279E-01,1.37702302347
-0.978530383083,0.196015238421,0.636892117249E-01,1.43099966830
-0.990438881957,0.131200378813,0.426295872296E-01,1.47084907406
-0.997606856922,0.657575566480E-01,0.213659253311E-01,1.49718856656
0.993711088241,0.658169189352E-01,-0.905892172835E-01,1.57580617290
0.984983202867,0.659132172125E-01,-0.159572986015,1.62789043998
0.984983202867,0.131394623902,-0.111997959262,1.58653995540
0.971423796548,0.660424085863E-01,-0.227978524797,1.64907002591
0.974592477666,0.131655371352,-0.181208072862,1.62491845162
0.971423796548,0.196412234981,-0.133259301553,1.58607188728
0.953057068840,0.661986668199E-01,-0.295465666442,1.65351118593
0.959234383595,0.131971024900,-0.249906074189,1.64015120147
0.959234383595,0.196893510860,-0.202737127115,1.61158219880
0.953057068840,0.260548034359,-0.154262585634,1.57623763793
0.929931058927,0.663742239452E-01,-0.361694191326,1.66228055341
0.938901702091,0.132326119895,-0.317731634881,1.64320082539
0.941898272036,0.197436047056,-0.271747405617,1.62161205893
0.938901702091,0.261289721939,-0.224034093431,1.58673471501
0.929931058927,0.323480854379,-0.174895290083,1.55268331584
0.902117895646,0.665591798242E-01,-0.426325202089,1.64105577875
0.913613298923,0.132700941321,-0.384319138483,1.64491961682
0.919379080282,0.198010483953,-0.339902861100,1.62306661471
0.919379080282,0.262078226351,-0.293354921575,1.59637603237
0.913613298923,0.324502374953,-0.244967240016,1.55376435724
0.902117895646,0.384891443810,-0.195043274267,1.51873184220
0.869714096514,0.667412932035E-01,-0.489022484254,1.60746045231
0.883415308062,0.133071104141,-0.449298870157,1.61582330341
0.891669970470,0.198580487470,-0.406805179119,1.61445025441
0.894427191000,0.262865556060,-0.361803398875,1.59062620188
0.891669970470,0.325529971084,-0.314570980365,1.56099553351
0.883415308062,0.386187385588,-0.265399127156,1.51245153412
0.869714096514,0.444463826438,-0.214591000073,1.47347398309
0.832840949335,0.669057748023E-01,-0.549453883787,1.55757485199
0.848382585057,0.133407136802,-0.512298277591,1.57708803171
0.858796161503,0.199102117674,-0.472046077969,1.58078357030
0.864018733677,0.263593623275,-0.428940589853,1.57427230086
0.864018733677,0.326491833883,-0.383242364911,1.54740371661
0.858796161503,0.387416560467,-0.335227626642,1.51645928234
0.848382585057,0.445999542747,-0.285186600740,1.46335508222
0.832840949335,0.501886675144,-0.233421760819,1.41975474691
0.791645004410,0.670351121085E-01,-0.607292747147,1.49684345860
0.808620484652,0.133674126954,-0.572943399984,1.51793509617
0.820817985845,0.199523287732,-0.535208643209,1.53220976121
0.828165435361,0.264193504734,-0.494311444062,1.53273174797
0.830619418567,0.327302654394,-0.450493456031,1.52226225470
0.828165435361,0.388477837188,-0.404013590969,1.49277359528
0.820817985845,0.447357581018,-0.355146489238,1.46068204465
0.808620484652,0.503593977086,-0.304180896909,1.40594934427
0.791645004410,0.556854735611,-0.251417959620,1.35764134142
0.746298692806,0.671089666143E-01,-0.662219486059,1.43117567356
0.764266992496,0.133831510559,-0.630860595507,1.45294266722
0.777834537618,0.199783434240,-0.595869122788,1.46591119700
0.786923204379,0.264584977401,-0.557446553621,1.47340318135
0.791480658985,0.327863003833,-0.515814130448,1.47067230521
0.791480658985,0.389253149949,-0.471211578495,1.45778006303
0.786923204379,0.448401922834,-0.423895725396,1.42622338885
0.777834537618,0.504968735712,-0.374139022347,1.39306753360
0.764266992496,0.558627869085,-0.322227975296,1.33802301729
0.746298692806,0.609070346275,-0.268461495199,1.28713080630
0.697001063407,0.671041963112E-01,-0.713923346338,1.34346387288
0.715495195664,0.133833109784,-0.685678732138,1.37655962127
0.729987893098,0.199813556364,-0.653599432852,1.39481012812
0.740398104731,0.264676537826,-0.617864853212,1.40175755354
0.746667611049,0.328059305415,-0.578674840252,1.40213998904
0.748761349594,0.389607388526,-0.536248565649,1.39537622802
0.746667611049,0.448976577102,-0.490823300001,1.38150955793
0.740398104731,0.505834846637,-0.442653085880,1.34948141641
0.729987893098,0.559864215038,-0.392007317089,1.31518447953
0.715495195664,0.610762520952,-0.339169232068,1.26139373452
0.697001063407,0.658245113616,-0.284434329872,1.20937004024
0.643978595563,0.669950673674E-01,-0.762104474075,1.24125180940
0.662516005178,0.133627547373,-0.737032035576,1.27418647587
0.677467778717,0.199536815032,-0.707970669058,1.30310725665
0.688752994937,0.264366159494,-0.675077658999,1.31976056062
0.696310576553,0.327764714614,-0.638531027307,1.32403419245
0.700099620799,0.389389357895,-0.598528569840,1.31763669923
0.700099620799,0.448906567516,-0.555286785902,1.30662830274
0.696310576553,0.505994227405,-0.509039706519,1.29161411560
0.688752994937,0.560343370575,-0.460037627828,1.26067662176
0.677467778717,0.611659851305,-0.408545756435,1.22568738472
0.662516005178,0.659665937098,-0.354842774078,1.17385005550
0.643978595563,0.704101811811,-0.299219329358,1.12290332235
0.587485993171,0.667537255926E-01,-0.806476377799,1.14350283853
0.605580941905,0.133159178811,-0.784563799764,1.17043700382
0.620516409868,0.198869904312,-0.758557938620,1.19240773190
0.632214474652,0.263543071338,-0.728594474032,1.21495773516
0.640614104267,0.326841262355,-0.694829733558,1.23070801982
0.645671475557,0.388434233454,-0.657439877048,1.23409566864
0.647360202837,0.448000637324,-0.616619977572,1.22412472527
0.645671475557,0.505229699804,-0.572583003666,1.20857374458
0.640614104267,0.559822841285,-0.525558708223,1.19276479194
0.632214474652,0.611495234471,-0.475792429804,1.16339253972
0.620516409868,0.659977290410,-0.423543812643,1.12876269697
0.605580941905,0.705016065005,-0.369085452011,1.07952959179
0.587485993171,0.746376578698,-0.312701472014,1.03070434663
0.527806801237,0.663509955198E-01,-0.846768873992,1.03957579225
0.544984667315,0.132369678342,-0.827931144871,1.06673857452
0.559433029131,0.197725400125,-0.804946800765,1.08542708174
0.571079523430,0.262090832907,-0.777930956593,1.09703262470
0.579865819844,0.325143608492,-0.747018918658,1.11229622197
0.585747913037,0.386567933007,-0.712365506986,1.12454688443
0.588696343100,0.446056168521,-0.674144279918,1.12885440140
0.588696343100,0.503310373820,-0.632546664860,1.11665245548
0.585747913037,0.558043796624,-0.587780999543,1.09903107299
0.579865819844,0.609982309749,-0.540071488573,1.08137790190
0.571079523430,0.658865784057,-0.489657080535,1.05473946222
0.559433029131,0.704449391281,-0.436790271230,1.02104476086
0.544984667315,0.746504830226,-0.381735839084,0.975644951922
0.527806801237,0.784821470197,-0.324769519023,0.930098751140
0.465253613957,0.657575566480E-01,-0.882731566471,0.914483097895
0.481066795482,0.131200378813,-0.866810936066,0.949142448096
0.494577453665,0.196015238421,-0.846741500479,0.973094674085
0.505720922628,0.259891913008,-0.822619317771,0.988191301428
0.514443866541,0.322524670529,-0.794559843611,0.993188702049
0.520704534897,0.383613732685,-0.762697378672,1.00085445081
0.524472962347,0.442866709743,-0.727184425829,1.00913712177
0.525731112119,0.500000000000,-0.688190960236,1.01233147412
0.524472962347,0.554740147179,-0.645903615777,1.00131850894
0.520704534897,0.606825149272,-0.600524791785,0.981989596230
0.514443866541,0.656005712554,-0.552271684296,0.964693168930
0.505720922628,0.702046444776,-0.501375246491,0.939249023632
0.494577453665,0.744726981819,-0.448079083284,0.908495220741
0.481066795482,0.783843042420,-0.392638285365,0.866411744927
0.465253613957,0.819207405919,-0.335318208256,0.825471021436
0.411568118698,0.108577168652,-0.904888215261,0.803325142517
0.424962910141,0.175970133778,-0.887942023458,0.833661012357
0.436229314964,0.242481769100,-0.866548657849,0.859076185474
0.445310906442,0.307778957372,-0.840815265087,0.874431444571
0.452162200280,0.371534663789,-0.810870728440,0.878264092414
0.456748882422,0.433429573914,-0.776865022294,0.879293181323
0.459047980901,0.493153692932,-0.738968461017,0.883454003502
0.459047980901,0.550407898232,-0.697370845960,0.884116105484
0.456748882422,0.604905437530,-0.652280514850,0.873303653246
0.452162200280,0.656373365046,-0.603923298355,0.853603268879
0.445310906442,0.704553908523,-0.552541389029,0.835622494051
0.436229314964,0.749205760256,-0.498392128314,0.810205067811
0.424962910141,0.790105285662,-0.441746717671,0.777770286789
0.411568118698,0.827047643329,-0.382888860293,0.739338037813
0.355934576282,0.150869701487,-0.922252086243,0.694636434919
0.366897591547,0.219865981192,-0.903905474943,0.717232751018
0.375946402110,0.287715160168,-0.880842942499,0.738911589022
0.383033797862,0.354063250761,-0.853184812427,0.755281093428
0.388122801928,0.418564096906,-0.821075384727,0.758277727112
0.391186863587,0.480881180114,-0.784682183033,0.756776019531
0.392209996795,0.540689375183,-0.744195080593,0.755977492779
0.391186863587,0.597676646464,-0.699825309651,0.754564295095
0.388122801928,0.651545675835,-0.651804359393,0.742448056133
0.383033797862,0.702015413894,-0.600382768199,0.724237058488
0.375946402110,0.748822546265,-0.545828816522,0.706246954275
0.366897591547,0.791722867386,-0.488427127190,0.679775407101
0.355934576282,0.830492554593,-0.428477180458,0.648402652582
0.298689386164,0.192428714912,-0.934749078775,0.586485043633
0.307287385441,0.262671897075,-0.914646345445,0.598811626742
0.314222299258,0.331493459499,-0.889593408788,0.615075590874
0.319456594821,0.398520929556,-0.859725859057,0.629821893439
0.322961943336,0.463391544517,-0.825205343916,0.632354382869
0.324719373331,0.525754214875,-0.786218693574,0.629297666258
0.324719373331,0.585271424496,-0.742976909636,0.625545407237
0.322961943336,0.641621057307,-0.695714023128,0.622297967278
0.319456594821,0.694498140637,-0.644685827886,0.609302574461
0.314222299258,0.743616495772,-0.590168496165,0.594275576258
0.307287385441,0.788710286800,-0.532457083946,0.575288031516
0.298689386164,0.829535459356,-0.471863934057,0.550414819227
0.240170198604,0.233057722004,-0.942338778740,0.475079671005
0.246542842277,0.304190023956,-0.920154908832,0.479887726251
0.251536685477,0.373621131319,-0.892825036662,0.490803610160
0.255123799940,0.440962747915,-0.860502005608,0.502961108387
0.257284124589,0.505838263123,-0.823366583482,0.503963619746
0.258005577724,0.567884858090,-0.781626451584,0.499910495582
0.257284124589,0.626755534810,-0.735515043231,0.495063129763
0.255123799940,0.682121056726,-0.685290238275,0.489833087457
0.251536685477,0.733671789994,-0.631232920899,0.478353635502
0.246542842277,0.781119435124,-0.573645408762,0.464507144195
0.240170198604,0.824198639309,-0.512849762274,0.447178090628
0.180712871639,0.272570042772,-0.945012396642,0.358192321678
0.185063814588,0.344239381112,-0.920462184460,0.359198473295
0.188349134613,0.413926541701,-0.890611824290,0.366572181065
0.190549914389,0.481230256273,-0.855633198616,0.375838107268
0.191653481522,0.545762980773,-0.815727719180,0.374337454600
0.191653481522,0.607153126889,-0.771125167226,0.371211236789
0.190549914389,0.665047201706,-0.722082370391,0.364945045468
0.188349134613,0.719111843172,-0.668881723849,0.361123621656
0.185063814588,0.769035739638,-0.611829564250,0.349367089251
0.180712871639,0.814531422432,-0.551254405782,0.340074710071
0.120649195318,0.310788607818,-0.942790651693,0.237594829692
0.123236312043,0.382654501665,-0.915635486288,0.237908656420
0.125095249693,0.452259365490,-0.883070011285,0.243205075011
0.126215024171,0.519191917874,-0.845286649657,0.248358908920
0.126589018950,0.583056667559,-0.802508655839,0.246360378264
0.126215024171,0.643476250328,-0.754988796564,0.242882445734
0.125095249693,0.700093658776,-0.703007857315,0.238868518622
0.123236312043,0.752574351797,-0.646872983214,0.234018777236
0.120649195318,0.800608231321,-0.586915864167,0.227439650511
0.603052173211E-01,0.347545806658,-0.935721749794,0.116951176923
0.614305723130E-01,0.419284189181,-0.905774283963,0.118194522478
0.621846094327E-01,0.488488203113,-0.870351854004,0.120038706642
0.625627708935E-01,0.554739543918,-0.829668571245,0.123510310738
0.625627708935E-01,0.617637754526,-0.783970346303,0.119942645643
0.621846094327E-01,0.676802645907,-0.733533402677,0.119930039894
0.614305723130E-01,0.731876595126,-0.678662607112,0.114651648760
0.603052173211E-01,0.782526707000,-0.619689626826,0.115501823855
0.108481833694E-15,0.382683432365,-0.923879532511,0.220663640586E-02
0.113149960161E-15,0.453990499740,-0.891006524188,0.192373475994E-02
0.117120479498E-15,0.522498564716,-0.852640164354,0.128743069404E-02
0.120368912132E-15,0.587785252292,-0.809016994375,0.318458608527E-03
0.122875230396E-15,0.649448048330,-0.760405965600,0.118245886689E-02
0.124623982005E-15,0.707106781187,-0.707106781187,0.192603345237E-02
0.125604385322E-15,0.760405965600,-0.649448048330,0.167984834802E-02
-0.599553417623E-01,0.416052740841,-0.907361820793,0.117337797384
-0.607193337366E-01,0.486647988346,-0.871485454812,0.119542197830
-0.611025313138E-01,0.554191278329,-0.830143666898,0.121546286929
-0.611025313138E-01,0.618259020727,-0.783595727373,0.117318451823
-0.607193337366E-01,0.678449421978,-0.732133556346,0.119518057032
-0.599553417623E-01,0.734385004827,-0.676079892971,0.115009535072
-0.119258442309,0.447514620238,-0.886288941944,0.233082278384
-0.120408876978,0.517143212925,-0.847386924416,0.237660435995
-0.120793170266,0.583481310545,-0.803093126768,0.235046183580
-0.120408876978,0.646106814969,-0.753689382966,0.232728575377
-0.119258442309,0.704621250671,-0.699490040701,0.230392051381
-0.177616415006,0.476939852471,-0.860802408364,0.349737301814
-0.178767649844,0.545374462025,-0.818907090908,0.348196376890
-0.178767649844,0.610296947985,-0.771738143835,0.345858149138
-0.177616415006,0.671289220009,-0.719599327557,0.340833340110
-0.234746569611,0.504209442103,-0.831063707877,0.459009548823
-0.235512287957,0.571251659136,-0.786260455674,0.455091111861
-0.234746569611,0.634579268498,-0.736344484632,0.450901988439
-0.290377153255,0.529214985840,-0.797253164076,0.562173613619
-0.290377153255,0.594696392529,-0.749678137323,0.556461212303
-0.344248133243,0.551859056508,-0.759568828026,0.660439678239
0.993711088241,0.106494011872,0.346020019880E-01,1.49120001290
0.984983202867,0.172131232447,0.133764302181E-01,1.49024756635
0.984983202867,0.147119560723,0.903544405209E-01,1.40286653641
0.971423796548,0.237228688186,-0.763917547708E-02,1.48129501567
0.974592477666,0.213022865649,0.692153247974E-01,1.41643485975
0.971423796548,0.187431845611,0.145619747121,1.32079813852
0.953057068840,0.301461060463,-0.283452387357E-01,1.46150429231
0.959234383595,0.278456089778,0.482866792714E-01,1.41706770265
0.959234383595,0.253657906776,0.124607638850,1.32603015435
0.953057068840,0.227226207755,0.200126145327,1.25449780783
0.929931058927,0.364502380754,-0.486440136892E-01,1.43811755816
0.938901702091,0.343071761634,0.276651437735E-01,1.40396332887
0.941898272036,0.319458234741,0.103798272591,1.33187411057
0.938901702091,0.293812048964,0.179270950502,1.24131199308
0.929931058927,0.266296386661,0.253602957582,1.20620981751
0.902117895646,0.426027279205,-0.684401908847E-01,1.40797499369
0.913613298923,0.406516067028,0.744494990680E-02,1.37649594348
0.919379080282,0.384455435563,0.832834005415E-01,1.32768994329
0.919379080282,0.359983735549,0.158599548800,1.22514943951
0.913613298923,0.333254438472,0.232921058022,1.19957674494
0.902117895646,0.304435174078,0.305781829315,1.08548951337
0.869714096514,0.485712214091,-0.876415164589E-01,1.37435918438
0.883415308062,0.468429850867,-0.122828457086E-01,1.33892917119
0.891669970470,0.448259461843,0.631515528699E-01,1.31392920799
0.894427191000,0.425325404176,0.138196601125,1.20890440953
0.891669970470,0.399769073957,0.212389621379,1.17963173699
0.883415308062,0.371748034460,0.285273188991,1.09589511656
0.869714096514,0.341435044712,0.356397952529,0.993170361579
0.832840949335,0.543236718016,-0.106159414612,1.33273799545
0.848382585057,0.528449687632,-0.314311471890E-01,1.29235815115
0.858796161503,0.510468436422,0.434871062012E-01,1.28343205677
0.864018733677,0.489401652284,0.118142501227,1.19033149449
0.864018733677,0.465376673664,0.192083782409,1.14526410903
0.858796161503,0.438538719847,0.264864010736,1.09262950228
0.848382585057,0.409050013186,0.336043265197,0.983447582528
0.832840949335,0.377088798542,0.405191301887,0.937167547265
0.791645004410,0.598284713334,-0.123909599238,1.28388558504
0.808620484652,0.586209130960,-0.499175979106E-01,1.24090359041
0.820817985845,0.570669754384,0.243693566627E-01,1.24015408195
0.828165435361,0.551758402720,0.985123175112E-01,1.16651079188
0.830619418567,0.529586819418,0.172073188494,1.10735090738
0.828165435361,0.504286011992,0.244617312926,1.07167519858
0.820817985845,0.476005477927,0.315716041874,0.978338722516
0.808620484652,0.444912321322,0.384949266965,0.907645561760
0.791645004410,0.411190265513,0.451907902719,0.879726105981
0.746298692806,0.650545968592,-0.140812655198,1.22487472962
0.764266992496,0.641340291376,-0.676653148900E-01,1.18303203356
0.777834537618,0.628441688462,0.587165161734E-02,1.18251652676
0.786923204379,0.611924431781,0.793748083462E-01,1.13182265812
0.791480658985,0.591883629971,0.152420914000,1.06445460835
0.791480658985,0.568434680729,0.224589359046,1.03372225829
0.786923204379,0.541712606333,0.295464587641,0.965550907336
0.777834537618,0.511871276166,0.364638490460,0.874570028095
0.764266992496,0.479082520717,0.431712754648,0.863560478942
0.746298692806,0.443535142152,0.496301157355,0.763064993521
0.697001063407,0.699717787724,-0.156794563527,1.15584330949
0.715495195664,0.693475931619,-0.846035297563E-01,1.12071469617
0.729987893098,0.683355784283,-0.119393474414E-01,1.11593675845
0.740398104731,0.669413943038,0.607916061403E-01,1.08434163174
0.746667611049,0.651728378174,0.133182580291,1.02078634292
0.748761349594,0.630397996903,0.204828725660,0.982358241286
0.746667611049,0.605542090216,0.275329358381,0.943807384461
0.740398104731,0.577299665742,0.344290200914,0.842259237172
0.729987893098,0.545828670342,0.411325587052,0.829738384190
0.715495195664,0.511305106787,0.476060618782,0.762908868406
0.697001063407,0.473922049454,0.538133262910,0.683231294068
0.643978595563,0.745507040523,-0.171787138599,1.07669309015
0.662516005178,0.742252303208,-0.100668074706,1.04965582059
0.677467778717,0.734980385002,-0.290041800808E-01,1.04091404023
0.688752994937,0.723730642618,0.428166895212E-01,1.02199922934
0.696310576553,0.708563961349,0.114405828772,0.969826759719
0.700099620799,0.689562425553,0.185375786503,0.922127461993
0.700099620799,0.666828874394,0.255342462649,0.903650459102
0.696310576553,0.640486345262,0.323927187055,0.812157479906
0.688752994937,0.610677407880,0.390758768897,0.778976449811
0.677467778717,0.577563392692,0.455475505622,0.748130572127
0.662516005178,0.541323517720,0.517727140534,0.659344403966
0.643978595563,0.502153918607,0.577176758441,0.639445913955
0.587485993171,0.787632649990,-0.185728340590,0.987759179394
0.605580941905,0.787312963424,-0.115801642586,0.971433440327
0.620516409868,0.782885650614,-0.452707758605E-01,0.959735765936
0.632214474652,0.774373810058,0.254962808370E-01,0.947687400689
0.640614104267,0.761821850346,0.961303164907E-01,0.911378973232
0.645671475557,0.745295258473,0.166262814091,0.856014292868
0.647360202837,0.724880258171,0.235527873290,0.848494263802
0.645671475557,0.700683360059,0.303564119402,0.777467189565
0.640614104267,0.672830805948,0.370016588792,0.725092004165
0.632214474652,0.641467910200,0.434538580823,0.711056776716
0.620516409868,0.606758301589,0.496793466682,0.640852217772
0.605580941905,0.568883069599,0.556456445668,0.592582549444
0.587485993171,0.528039819635,0.613216239762,0.588012621621
0.527806801237,0.825828640615,-0.198562425719,0.891612346100
0.544984667315,0.828313790521,-0.129953748791,0.882379645634
0.559433029131,0.826650408997,-0.606942107782E-01,0.872031104374
0.571079523430,0.820846826933,0.886930845957E-02,0.861688604425
0.579865819844,0.810932111022,0.783884066031E-01,0.840834060557
0.585747913037,0.796955918183,0.147514903812,0.785531900626
0.588696343100,0.778988246857,0.215902586550,0.776469230578
0.588696343100,0.757119086432,0.283208941564,0.733039352443
0.585747913037,0.731457966532,0.349096871328,0.668944624542
0.579865819844,0.702133408453,0.413236382365,0.656318477252
0.571079523430,0.669292281478,0.475306237990,0.613296708474
0.559433029131,0.633099067291,0.534995567190,0.546137363061
0.544984667315,0.593735036187,0.592005421593,0.548998465546
0.527806801237,0.551397339202,0.646050272726,0.495675927876
0.465253613957,0.859847810944,-0.210239902765,0.787691085476
0.481066795482,0.864929335863,-0.143080334944,0.786986469772
0.494577453665,0.865871061477,-0.752359436968E-01,0.777110205938
0.505720922628,0.862668480416,-0.703145169386E-02,0.768506189826
0.514443866541,0.855336921151,0.612066948490E-01,0.758675136695
0.520704534897,0.843911474622,0.129151888636,0.710563057446
0.524472962347,0.828446826286,0.196478924526,0.694606418917
0.525731112119,0.809016994375,0.262865556060,0.671863233801
0.524472962347,0.785714975624,0.327994037822,0.613901194184
0.520704534897,0.758652300163,0.391552646262,0.586997754464
0.514443866541,0.727958497701,0.453237171692,0.571743068885
0.505720922628,0.693780477560,0.512752374322,0.502489496160
0.494577453665,0.656281825525,0.569813397361,0.491687936811
0.481066795482,0.615642020874,0.624147130426,0.473323734675
0.465253613957,0.572055577341,0.675493516722,0.416183437250
0.411568118698,0.894152023958,-0.176362812758,0.686201092072
0.424962910141,0.898860809342,-0.107031632865,0.681213479254
0.436229314964,0.899067735212,-0.371643951424E-01,0.670688083129
0.445310906442,0.894771765200,0.328889769453E-01,0.669504464882
0.452162200280,0.885994415266,0.102777627697,0.636155347560
0.456748882422,0.872779645938,0.172151526401,0.608582429306
0.459047980901,0.855193642142,0.240663220437,0.597373709733
0.459047980901,0.833324481716,0.307969575451,0.554064910797
0.456748882422,0.807281694287,0.373733493917,0.514208117548
0.452162200280,0.777195712697,0.437625603459,0.510177029000
0.445310906442,0.743217219745,0.499325906476,0.451997179820
0.436229314964,0.705516393506,0.558525382826,0.430329958127
0.424962910141,0.664282055008,0.614927537518,0.423761740436
0.411568118698,0.619720722544,0.668249885687,0.371850582810
0.355934576282,0.923735157984,-0.141505955036,0.584131185957
0.366897591547,0.927607516733,-0.702171789417E-01,0.572304146260
0.375946402110,0.926640294327,0.143793930679E-02,0.573263418139
0.383033797862,0.920838537031,0.730855554341E-01,0.555928755370
0.388122801928,0.910232514193,0.144351864306,0.526475879111
0.391186863587,0.894877560324,0.214865050171,0.513474942422
0.392209996795,0.874853786402,0.284257226526,0.490941371203
0.391186863587,0.850265661910,0.352166355481,0.443499911267
0.388122801928,0.821241469795,0.418238136607,0.441106611804
0.383033797862,0.787932637174,0.482127855420,0.401642494445
0.375946402110,0.750512945302,0.543502181849,0.368749075607
0.366897591547,0.709177622907,0.602040909312,0.369025265239
0.355934576282,0.664142327629,0.657438625317,0.329156814986
0.298689386164,0.948462945583,-0.105842767578,0.477203444390
0.307287385441,0.951050447082,-0.328254452247E-01,0.473046379294
0.314222299258,0.948490720790,0.403695333660E-01,0.468462841155
0.319456594821,0.940797620330,0.113346025982,0.445820729564
0.322961943336,0.928012781918,0.185709072890,0.427164426094
0.324719373331,0.910205399017,0.257067034417,0.418611449509
0.324719373331,0.887471847857,0.327033710563,0.378060974649
0.322961943336,0.859935165830,0.395230431173,0.365677435269
0.319456594821,0.827744385593,0.461288105358,0.348214751727
0.314222299258,0.791073728481,0.524849219069,0.309623323503
0.307287385441,0.750121661594,0.585569770016,0.308930172997
0.298689386164,0.705109823668,0.643121129462,0.285207453215
0.240170198604,0.968236232848,-0.695476319045E-01,0.376685138973
0.246542842277,0.969119208967,0.495840018853E-02,0.372768868501
0.251536685477,0.964582348064,0.794367022349E-01,0.364415586530
0.255123799940,0.954651022710,0.153470751422,0.341584334238
0.257284124589,0.939380774230,0.226646509438,0.338578988444
0.258005577724,0.918857002086,0.298554737999,0.312179666931
0.257284124589,0.893194486273,0.368793287529,0.291259762106
0.255123799940,0.862536745414,0.436969346195,0.285086625494
0.251536685477,0.827055234123,0.502701636729,0.256052477025
0.246542842277,0.786948384136,0.565622548727,0.243533304468
0.240170198604,0.742440494578,0.625380194532,0.238404597443
0.180712871639,0.982988973180,-0.327953751325E-01,0.276986999529
0.185063814588,0.981787377431,0.429526488944E-01,0.275672429534
0.188349134613,0.974932514789,0.118453345655,0.260275112290
0.190549914389,0.962463856498,0.193271971743,0.252409173528
0.191653481522,0.944453198808,0.266977711208,0.242422339908
0.191653481522,0.921004249566,0.339146156253,0.219636201582
0.190549914389,0.892252031051,0.409361751038,0.215161968965
0.188349134613,0.858362102494,0.477220184498,0.200699207596
0.185063814588,0.819529606772,0.542330718432,0.180888203584
0.180712871639,0.775978146740,0.604318437421,0.182398178599
0.120649195318,0.992686154269,0.423919714464E-02,0.183156765527
0.123236312043,0.989067839774,0.809791313821E-01,0.176739505807
0.125095249693,0.979605318379,0.157240575895,0.168473119400
0.126215024171,0.964354502258,0.232572916840,0.163413017993
0.126589018950,0.943405505478,0.306531030264,0.151543484802
0.126215024171,0.916882111530,0.378677912254,0.141412324707
0.125095249693,0.884941041922,0.448587261106,0.139734376230
0.123236312043,0.847771030137,0.515845996258,0.121794975749
0.120649195318,0.805591706447,0.580056699102,0.121428516716
0.603052173211E-01,0.997321828162,0.413817814406E-01,0.890777883472E-01
0.614305723130E-01,0.991008474985,0.118863313487,0.858910399442E-01
0.621846094327E-01,0.978704958534,0.195626374731,0.815454113199E-01
0.625627708935E-01,0.960485647570,0.271206969876,0.779209395732E-01
0.625627708935E-01,0.936460668950,0.345148251058,0.714019660536E-01
0.621846094327E-01,0.906775241960,0.417003279266,0.702593864081E-01
0.614305723130E-01,0.871608800539,0.486337725874,0.639424322898E-01
0.603052173211E-01,0.831173908689,0.552732497940,0.590560900972E-01
0.142891563241E-15,0.996917333733,0.784590957278E-01,0.747605749355E-03
0.105264293585E-15,0.987688340595,0.156434465040,0.113363549267E-02
0.669880345543E-16,0.972369920398,0.233445363856,0.119450642618E-02
0.282987720153E-16,0.951056516295,0.309016994375,0.790306937938E-03
-0.105649618636E-16,0.923879532511,0.382683432365,0.903614122938E-03
-0.493635592393E-16,0.891006524188,0.453990499740,0.130108417123E-02
-0.878578138573E-16,0.852640164354,0.522498564716,0.832701626696E-03
-0.599553417623E-01,0.991519739779,0.115299447627,0.821453931640E-01
-0.607193337366E-01,0.979214419333,0.193525924571,0.802220593092E-01
-0.611025313138E-01,0.960768067003,0.270538725684,0.776778914158E-01
-0.611025313138E-01,0.936296366989,0.345854873943,0.682888974189E-01
-0.607193337366E-01,0.905952790776,0.419002032686,0.689221051240E-01
-0.599553417623E-01,0.869927634652,0.489521467827,0.641132634716E-01
-0.119258442309,0.981200496441,0.151733350727,0.159681020219
-0.120408876978,0.965718897608,0.229975462055,0.157442332151
-0.120793170266,0.944092592263,0.306754278294,0.144304777418
-0.120408876978,0.916459184939,0.381581268783,0.133868571737
-0.119258442309,0.882994502348,0.453980321998,0.134070245503
-0.177616415006,0.966054259426,0.187594181590,0.234701182607
-0.178767649844,0.947356902113,0.265625728025,0.226854664354
-0.178767649844,0.922558719110,0.341946687604,0.202593381892
-0.177616415006,0.891819406718,0.416065565653,0.200739497548
-0.234746569611,0.946197841167,0.222718866348,0.308827620076
-0.235512287957,0.924304600611,0.300324770057,0.283557723763
-0.234746569611,0.896400998591,0.375977788946,0.264306732557
-0.290377153255,0.921769241134,0.256948584285,0.373337367820
-0.290377153255,0.896757569410,0.333926594588,0.334071174990
-0.344248133243,0.892926710429,0.290129475511,0.426881032253
0.993711088241,0.00000000000,0.111974430591,1.38961656310
0.984983202867,0.404697349652E-01,0.167840074538,1.32376965037
0.984983202867,-0.404697349652E-01,0.167840074538,1.32376965037
0.971423796548,0.805729838195E-01,0.223257254706,1.27558888134
0.974592477666,0.691202187920E-15,0.223985496129,1.28098210019
0.971423796548,-0.805729838195E-01,0.223257254706,1.27558888134
0.953057068840,0.120114514831,0.277947345484,1.20324252441
0.959234383595,0.401243029573E-01,0.279748883182,1.20830415225
0.959234383595,-0.401243029573E-01,0.279748883182,1.20830415225
0.953057068840,-0.120114514831,0.277947345484,1.20324252441
0.929931058927,0.158900636341,0.331630537517,1.08268884295
0.938901702091,0.797038893750E-01,0.334829634036,1.09105103868
0.941898272036,-0.468277967101E-15,0.335898266052,1.09227900777
0.938901702091,-0.797038893750E-01,0.334829634036,1.09105103868
0.929931058927,-0.158900636341,0.331630537517,1.08268884295
0.902117895646,0.196740158859,0.384026837926,1.02725522752
0.913613298923,0.118539805076,0.388920370570,1.04360601261
0.919379080282,0.395960423844E-01,0.391374833334,1.05215244044
0.919379080282,-0.395960423844E-01,0.391374833334,1.05215244044
0.913613298923,-0.118539805076,0.388920370570,1.04360601261
0.902117895646,-0.196740158859,0.384026837926,1.02725522752
0.869714096514,0.233445363856,0.434857048257,0.974362459319
0.883415308062,0.156434465040,0.441707654031,0.987421959186
0.891669970470,0.784590957278E-01,0.445834985235,0.993433707744
0.894427191000,0.00000000000,0.447213595500,0.996879822498
0.891669970470,-0.784590957278E-01,0.445834985235,0.993433707744
0.883415308062,-0.156434465040,0.441707654031,0.987421959186
0.869714096514,-0.233445363856,0.434857048257,0.974362459319
0.832840949335,0.268832980868,0.483843757331,0.875996456327
0.848382585057,0.193192731499,0.492872760323,0.878380476260
0.858796161503,0.116384726219,0.498922587674,0.881296831572
0.864018733677,0.388732319872E-01,0.501956671128,0.883097803974
0.864018733677,-0.388732319872E-01,0.501956671128,0.883097803974
0.858796161503,-0.116384726219,0.498922587674,0.881296831572
0.848382585057,-0.193192731499,0.492872760323,0.878380476260
0.832840949335,-0.268832980868,0.483843757331,0.875996456327
0.791645004410,0.302725175681,0.530712403286,0.770413762176
0.808620484652,0.228623040495,0.542092627838,0.786585574803
0.820817985845,0.153170016828,0.550269733910,0.801286707275
0.828165435361,0.768119417254E-01,0.555195404594,0.812297390172
0.830619418567,-0.592058055304E-15,0.556840535073,0.815068908101
0.828165435361,-0.768119417254E-01,0.555195404594,0.812297390172
0.820817985845,-0.153170016828,0.550269733910,0.801286707275
0.808620484652,-0.228623040495,0.542092627838,0.786585574803
0.791645004410,-0.302725175681,0.530712403286,0.770413762176
0.746298692806,0.334950553220,0.575192479100,0.745725158357
0.764266992496,0.262538587866,0.589041131045,0.770942615443
0.777834537618,0.188614889176,0.599498003058,0.787537544537
0.786923204379,0.113605119986,0.606502883029,0.794303268098
0.791480658985,0.379411968738E-01,0.610015435897,0.796999175502
0.791480658985,-0.379411968738E-01,0.610015435897,0.796999175502
0.786923204379,-0.113605119986,0.606502883029,0.794303268098
0.777834537618,-0.188614889176,0.599498003058,0.787537544537
0.764266992496,-0.262538587866,0.589041131045,0.770942615443
0.746298692806,-0.334950553220,0.575192479100,0.745725158357
0.697001063407,0.365345179035,0.617018976827,0.688475257915
0.715495195664,0.294758586336,0.633390875181,0.686267606915
0.729987893098,0.222523544732,0.646220510330,0.678551675452
0.740398104731,0.149044031514,0.655436132038,0.671245111584
0.746667611049,0.747309837297E-01,0.660986201581,0.666831935713
0.748761349594,0.160081881901E-15,0.662839679979,0.665926571892
0.746667611049,-0.747309837297E-01,0.660986201581,0.666831935713
0.740398104731,-0.149044031514,0.655436132038,0.671245111584
0.729987893098,-0.222523544732,0.646220510330,0.678551675452
0.715495195664,-0.294758586336,0.633390875181,0.686267606915
0.697001063407,-0.365345179035,0.617018976827,0.688475257915
0.643978595563,0.393753622528,0.655934183591,0.591633159279
0.662516005178,0.325109604237,0.674815743826,0.587627360997
0.677467778717,0.254706043963,0.690045099952,0.602814245659
0.688752994937,0.182923976343,0.701539828409,0.622206971698
0.696310576553,0.110151896703,0.709237717999,0.641199129783
0.700099620799,0.367836584615E-01,0.713097106590,0.650574104904
0.700099620799,-0.367836584615E-01,0.713097106590,0.650574104904
0.696310576553,-0.110151896703,0.709237717999,0.641199129783
0.688752994937,-0.182923976343,0.701539828409,0.622206971698
0.677467778717,-0.254706043963,0.690045099952,0.602814245659
0.662516005178,-0.325109604237,0.674815743826,0.587627360997
0.643978595563,-0.393753622528,0.655934183591,0.591633159279
0.587485993171,0.420030022750,0.691689950640,0.520443211374
0.605580941905,0.353426992369,0.712994448692,0.557008808323
0.620516409868,0.284980037072,0.730579060441,0.593641266501
0.632214474652,0.215046263275,0.744352042176,0.611993881467
0.640614104267,0.143990534531,0.754241536498,0.616843590907
0.645671475557,0.721835679362E-01,0.760195947222,0.615458210772
0.647360202837,0.154996156033E-15,0.762184208563,0.614369426524
0.645671475557,-0.721835679362E-01,0.760195947222,0.615458210772
0.640614104267,-0.143990534531,0.754241536498,0.616843590907
0.632214474652,-0.215046263275,0.744352042176,0.611993881467
0.620516409868,-0.284980037072,0.730579060441,0.593641266501
0.605580941905,-0.353426992369,0.712994448692,0.557008808323
0.587485993171,-0.420030022750,0.691689950640,0.520443211374
0.527806801237,0.444039173264,0.724050546009,0.505357139856
0.544984667315,0.379556397550,0.747615311153,0.531243720178
0.559433029131,0.313172649449,0.767435715584,0.527402370822
0.571079523430,0.245220405696,0.783412490678,0.503558951163
0.579865819844,0.176039998688,0.795465618263,0.491682598636
0.585747913037,0.105977911965,0.803534731389,0.491684021621
0.588696343100,0.353850448741E-01,0.807579416665,0.497057789371
0.588696343100,-0.353850448741E-01,0.807579416665,0.497057789371
0.585747913037,-0.105977911965,0.803534731389,0.491684021621
0.579865819844,-0.176039998688,0.795465618263,0.491682598636
0.571079523430,-0.245220405696,0.783412490678,0.503558951163
0.559433029131,-0.313172649449,0.767435715584,0.527402370822
0.544984667315,-0.379556397550,0.747615311153,0.531243720178
0.527806801237,-0.444039173264,0.724050546009,0.505357139856
0.465253613957,0.465657615668,0.752796160771,0.451647724941
0.481066795482,0.403355348617,0.778382425949,0.431695773246
0.494577453665,0.339122507446,0.800243130099,0.411928278019
0.505720922628,0.273266528913,0.818273641634,0.439328179849
0.514443866541,0.206102618575,0.832387661367,0.495948798125
0.520704534897,0.137952242128,0.842517635560,0.543412818565
0.524472962347,0.691415867736E-01,0.848615079259,0.569189183712
0.525731112119,0.778329085954E-16,0.850650808352,0.576869768652
0.524472962347,-0.691415867736E-01,0.848615079259,0.569189183712
0.520704534897,-0.137952242128,0.842517635560,0.543412818565
0.514443866541,-0.206102618575,0.832387661367,0.495948798125
0.505720922628,-0.273266528913,0.818273641634,0.439328179849
0.494577453665,-0.339122507446,0.800243130099,0.411928278019
0.481066795482,-0.403355348617,0.778382425949,0.431695773246
0.465253613957,-0.465657615668,0.752796160771,0.451647724941
0.411568118698,0.444039173264,0.795890002625,0.349522605254
0.424962910141,0.379556397550,0.821792836476,0.383817924897
0.436229314964,0.313172649449,0.843579798480,0.463912318781
0.445310906442,0.245220405696,0.861141770694,0.509197288912
0.452162200280,0.176039998688,0.874390795640,0.500495411315
0.456748882422,0.105977911965,0.883260516825,0.471886922521
0.459047980901,0.353850448741E-01,0.887706511089,0.452419046190
0.459047980901,-0.353850448741E-01,0.887706511089,0.452419046190
0.456748882422,-0.105977911965,0.883260516825,0.471886922521
0.452162200280,-0.176039998688,0.874390795640,0.500495411315
0.445310906442,-0.245220405696,0.861141770694,0.509197288912
0.436229314964,-0.313172649449,0.843579798480,0.463912318781
0.424962910141,-0.379556397550,0.821792836476,0.383817924897
0.411568118698,-0.444039173264,0.795890002625,0.349522605254
0.355934576282,0.420030022750,0.834796596420,0.357235424579
0.366897591547,0.353426992369,0.860508871763,0.419531360932
0.375946402110,0.284980037072,0.881731637864,0.391193566507
0.383033797862,0.215046263275,0.898354169772,0.330896518381
0.388122801928,0.143990534531,0.910289743208,0.350601994964
0.391186863587,0.721835679362E-01,0.917476087033,0.413808543332
0.392209996795,0.114587901641E-15,0.919875708133,0.442142368102
0.391186863587,-0.721835679362E-01,0.917476087033,0.413808543332
0.388122801928,-0.143990534531,0.910289743208,0.350601994964
0.383033797862,-0.215046263275,0.898354169772,0.330896518381
0.375946402110,-0.284980037072,0.881731637864,0.391193566507
0.366897591547,-0.353426992369,0.860508871763,0.419531360932
0.355934576282,-0.420030022750,0.834796596420,0.357235424579
0.298689386164,0.393753622528,0.869334650948,0.337185685854
0.307287385441,0.325109604237,0.894359104600,0.272411245156
0.314222299258,0.254706043963,0.914543152518,0.303373246842
0.319456594821,0.182923976343,0.929777555604,0.464907645225
0.322961943336,0.110151896703,0.939979862981,0.568200654154
0.324719373331,0.367836584615E-01,0.945094858230,0.599019158784
0.324719373331,-0.367836584615E-01,0.945094858230,0.599019158784
0.322961943336,-0.110151896703,0.939979862981,0.568200654154
0.319456594821,-0.182923976343,0.929777555604,0.464907645225
0.314222299258,-0.254706043963,0.914543152518,0.303373246842
0.307287385441,-0.325109604237,0.894359104600,0.272411245156
0.298689386164,-0.393753622528,0.869334650948,0.337185685854
0.240170198604,0.365345179035,0.899355978386,0.201803982437
0.246542842277,0.294758586336,0.923219368678,0.299965302705
0.251536685477,0.222523544732,0.941919618598,0.452917557037
0.255123799940,0.149044031514,0.955352146265,0.448826341903
0.257284124589,0.747309837297E-01,0.963441829746,0.349328177770
0.258005577724,0.127938728435E-15,0.966143427170,0.303807302092
0.257284124589,-0.747309837297E-01,0.963441829746,0.349328177770
0.255123799940,-0.149044031514,0.955352146265,0.448826341903
0.251536685477,-0.222523544732,0.941919618598,0.452917557037
0.246542842277,-0.294758586336,0.923219368678,0.299965302705
0.240170198604,-0.365345179035,0.899355978386,0.201803982437
0.180712871639,0.334950553220,0.924743740136,0.230147028499
0.185063814588,0.262538587866,0.947008381384,0.345016937738
0.188349134613,0.188614889176,0.963820017987,0.254327520682
0.190549914389,0.113605119986,0.975081846226,0.254641933410
0.191653481522,0.379411968738E-01,0.980729018945,0.494209739430
0.191653481522,-0.379411968738E-01,0.980729018945,0.494209739430
0.190549914389,-0.113605119986,0.975081846226,0.254641933410
0.188349134613,-0.188614889176,0.963820017987,0.254327520682
0.185063814588,-0.262538587866,0.947008381384,0.345016937738
0.180712871639,-0.334950553220,0.924743740136,0.230147028499
0.120649195318,0.302725175681,0.945410619613,0.224315352784
0.123236312043,0.228623040495,0.965683341862,0.150651060874
0.125095249693,0.153170016828,0.980250031599,0.306253921705
0.126215024171,0.768119417254E-01,0.989024617126,0.716529214336
0.126589018950,0.169093652434E-15,0.991955251149,0.905267915258
0.126215024171,-0.768119417254E-01,0.989024617126,0.716529214336
0.125095249693,-0.153170016828,0.980250031599,0.306253921705
0.123236312043,-0.228623040495,0.965683341862,0.150651060874
0.120649195318,-0.302725175681,0.945410619613,0.224315352784
0.603052173211E-01,0.268832980868,0.961297097240,0.890404514851E-01
0.614305723130E-01,0.193192731499,0.979235851714,0.134822525902
0.621846094327E-01,0.116384726219,0.991255602684,0.422637688819
0.625627708935E-01,0.388732319872E-01,0.997283696614,0.651684968343
0.625627708935E-01,-0.388732319872E-01,0.997283696614,0.651684968343
0.621846094327E-01,-0.116384726219,0.991255602684,0.422637688819
0.614305723130E-01,-0.193192731499,0.979235851714,0.134822525902
0.603052173211E-01,-0.268832980868,0.961297097240,0.890404514851E-01
0.123306750835E-16,0.233445363856,0.972369920398,0.259923486932E-02
0.154565462942E-16,0.156434465040,0.987688340595,0.210784779919E-02
0.184871227571E-16,0.784590957278E-01,0.996917333733,0.120997346199E-02
0.214037199606E-16,0.179637858894E-15,1.00000000000,0.121504466304E-02
0.241883561131E-16,-0.784590957278E-01,0.996917333733,0.120997346199E-02
0.268238630068E-16,-0.156434465040,0.987688340595,0.210784779920E-02
0.292939918651E-16,-0.233445363856,0.972369920398,0.259923486934E-02
-0.599553417623E-01,0.196740158859,0.978620798311,0.122694252987
-0.607193337366E-01,0.118539805076,0.991091053901,0.406521794087
-0.611025313138E-01,0.395960423844E-01,0.997345794644,0.637926801619
-0.611025313138E-01,-0.395960423844E-01,0.997345794644,0.637926801619
-0.607193337366E-01,-0.118539805076,0.991091053901,0.406521794087
-0.599553417623E-01,-0.196740158859,0.978620798311,0.122694252987
-0.119258442309,0.158900636341,0.980065309920,0.287203320544
-0.120408876978,0.797038893750E-01,0.989519576544,0.713786941623
-0.120793170266,-0.282823901059E-16,0.992677696948,0.913797225895
-0.120408876978,-0.797038893750E-01,0.989519576544,0.713786941623
-0.119258442309,-0.158900636341,0.980065309920,0.287203320544
-0.177616415006,0.120114514831,0.976741988678,0.289019165105
-0.178767649844,0.401243029573E-01,0.983072819114,0.594548002314
-0.178767649844,-0.401243029573E-01,0.983072819114,0.594548002314
-0.177616415006,-0.120114514831,0.976741988678,0.289019165105
-0.234746569611,0.805729838195E-01,0.968711537215,0.242288396220
-0.235512287957,0.325252767870E-15,0.971871371232,0.240220710360
-0.234746569611,-0.805729838195E-01,0.968711537215,0.242288396220
-0.290377153255,0.404697349652E-01,0.956056122526,0.503513960261
-0.290377153255,-0.404697349652E-01,0.956056122526,0.503513960261
-0.344248133243,0.117835021026E-15,0.938878705030,0.598038765062
0.993711088241,-0.106494011872,0.346020019880E-01,1.49120001290
0.984983202867,-0.147119560723,0.903544405209E-01,1.40286653641
0.984983202867,-0.172131232447,0.133764302181E-01,1.49024756635
0.971423796548,-0.187431845611,0.145619747121,1.32079813852
0.974592477666,-0.213022865649,0.692153247974E-01,1.41643485975
0.971423796548,-0.237228688186,-0.763917547708E-02,1.48129501567
0.953057068840,-0.227226207755,0.200126145327,1.25449780783
0.959234383595,-0.253657906776,0.124607638850,1.32603015435
0.959234383595,-0.278456089778,0.482866792714E-01,1.41706770265
0.953057068840,-0.301461060463,-0.283452387357E-01,1.46150429231
0.929931058927,-0.266296386661,0.253602957582,1.20620981751
0.938901702091,-0.293812048964,0.179270950502,1.24131199308
0.941898272036,-0.319458234741,0.103798272591,1.33187411057
0.938901702091,-0.343071761634,0.276651437735E-01,1.40396332887
0.929931058927,-0.364502380754,-0.486440136892E-01,1.43811755816
0.902117895646,-0.304435174078,0.305781829315,1.08548951337
0.913613298923,-0.333254438472,0.232921058022,1.19957674494
0.919379080282,-0.359983735549,0.158599548800,1.22514943951
0.919379080282,-0.384455435563,0.832834005415E-01,1.32768994329
0.913613298923,-0.406516067028,0.744494990680E-02,1.37649594348
0.902117895646,-0.426027279205,-0.684401908847E-01,1.40797499369
0.869714096514,-0.341435044712,0.356397952529,0.993170361579
0.883415308062,-0.371748034460,0.285273188991,1.09589511656
0.891669970470,-0.399769073957,0.212389621379,1.17963173699
0.894427191000,-0.425325404176,0.138196601125,1.20890440953
0.891669970470,-0.448259461843,0.631515528699E-01,1.31392920799
0.883415308062,-0.468429850867,-0.122828457086E-01,1.33892917119
0.869714096514,-0.485712214091,-0.876415164589E-01,1.37435918438
0.832840949335,-0.377088798542,0.405191301887,0.937167547265
0.848382585057,-0.409050013186,0.336043265197,0.983447582528
0.858796161503,-0.438538719847,0.264864010736,1.09262950228
0.864018733677,-0.465376673664,0.192083782409,1.14526410903
0.864018733677,-0.489401652284,0.118142501227,1.19033149449
0.858796161503,-0.510468436422,0.434871062012E-01,1.28343205677
0.848382585057,-0.528449687632,-0.314311471890E-01,1.29235815115
0.832840949335,-0.543236718015,-0.106159414612,1.33273799545
0.791645004410,-0.411190265513,0.451907902719,0.879726105981
0.808620484652,-0.444912321322,0.384949266965,0.907645561760
0.820817985845,-0.476005477927,0.315716041874,0.978338722516
0.828165435361,-0.504286011992,0.244617312926,1.07167519858
0.830619418567,-0.529586819418,0.172073188494,1.10735090738
0.828165435361,-0.551758402720,0.985123175112E-01,1.16651079188
0.820817985845,-0.570669754384,0.243693566627E-01,1.24015408195
0.808620484652,-0.586209130960,-0.499175979106E-01,1.24090359041
0.791645004410,-0.598284713334,-0.123909599238,1.28388558504
0.746298692806,-0.443535142152,0.496301157355,0.763064993521
0.764266992496,-0.479082520717,0.431712754648,0.863560478942
0.777834537618,-0.511871276166,0.364638490460,0.874570028095
0.786923204379,-0.541712606333,0.295464587641,0.965550907336
0.791480658985,-0.568434680729,0.224589359046,1.03372225829
0.791480658985,-0.591883629971,0.152420914000,1.06445460835
0.786923204379,-0.611924431781,0.793748083462E-01,1.13182265812
0.777834537618,-0.628441688462,0.587165161734E-02,1.18251652676
0.764266992496,-0.641340291376,-0.676653148900E-01,1.18303203356
0.746298692806,-0.650545968592,-0.140812655198,1.22487472962
0.697001063407,-0.473922049454,0.538133262910,0.683231294068
0.715495195664,-0.511305106787,0.476060618782,0.762908868406
0.729987893098,-0.545828670342,0.411325587052,0.829738384190
0.740398104731,-0.577299665742,0.344290200914,0.842259237172
0.746667611049,-0.605542090216,0.275329358381,0.943807384461
0.748761349594,-0.630397996903,0.204828725660,0.982358241286
0.746667611049,-0.651728378174,0.133182580291,1.02078634292
0.740398104731,-0.669413943038,0.607916061403E-01,1.08434163174
0.729987893098,-0.683355784283,-0.119393474414E-01,1.11593675845
0.715495195664,-0.693475931619,-0.846035297563E-01,1.12071469617
0.697001063407,-0.699717787724,-0.156794563527,1.15584330949
0.643978595563,-0.502153918607,0.577176758441,0.639445913955
0.662516005178,-0.541323517720,0.517727140534,0.659344403966
0.677467778717,-0.577563392692,0.455475505622,0.748130572127
0.688752994937,-0.610677407880,0.390758768897,0.778976449811
0.696310576553,-0.640486345262,0.323927187055,0.812157479906
0.700099620799,-0.666828874394,0.255342462649,0.903650459102
0.700099620799,-0.689562425553,0.185375786503,0.922127461993
0.696310576553,-0.708563961349,0.114405828772,0.969826759719
0.688752994937,-0.723730642618,0.428166895212E-01,1.02199922934
0.677467778717,-0.734980385002,-0.290041800808E-01,1.04091404023
0.662516005178,-0.742252303208,-0.100668074706,1.04965582059
0.643978595563,-0.745507040523,-0.171787138599,1.07669309015
0.587485993171,-0.528039819635,0.613216239762,0.588012621621
0.605580941905,-0.568883069599,0.556456445668,0.592582549444
0.620516409868,-0.606758301589,0.496793466682,0.640852217772
0.632214474652,-0.641467910200,0.434538580823,0.711056776716
0.640614104267,-0.672830805948,0.370016588792,0.725092004165
0.645671475557,-0.700683360059,0.303564119402,0.777467189565
0.647360202837,-0.724880258171,0.235527873290,0.848494263802
0.645671475557,-0.745295258473,0.166262814091,0.856014292868
0.640614104267,-0.761821850346,0.961303164907E-01,0.911378973232
0.632214474652,-0.774373810058,0.254962808370E-01,0.947687400689
0.620516409868,-0.782885650614,-0.452707758605E-01,0.959735765936
0.605580941905,-0.787312963424,-0.115801642586,0.971433440327
0.587485993171,-0.787632649990,-0.185728340590,0.987759179394
0.527806801237,-0.551397339202,0.646050272726,0.495675927876
0.544984667315,-0.593735036187,0.592005421593,0.548998465546
0.559433029131,-0.633099067291,0.534995567190,0.546137363061
0.571079523430,-0.669292281478,0.475306237990,0.613296708474
0.579865819844,-0.702133408453,0.413236382365,0.656318477252
0.585747913037,-0.731457966532,0.349096871328,0.668944624542
0.588696343100,-0.757119086432,0.283208941564,0.733039352443
0.588696343100,-0.778988246857,0.215902586550,0.776469230578
0.585747913037,-0.796955918183,0.147514903812,0.785531900626
0.579865819844,-0.810932111022,0.783884066031E-01,0.840834060557
0.571079523430,-0.820846826933,0.886930845957E-02,0.861688604425
0.559433029131,-0.826650408997,-0.606942107782E-01,0.872031104374
0.544984667315,-0.828313790521,-0.129953748791,0.882379645634
0.527806801237,-0.825828640615,-0.198562425719,0.891612346100
0.465253613957,-0.572055577341,0.675493516722,0.416183437250
0.481066795482,-0.615642020874,0.624147130426,0.473323734675
0.494577453665,-0.656281825525,0.569813397361,0.491687936811
0.505720922628,-0.693780477560,0.512752374322,0.502489496160
0.514443866541,-0.727958497701,0.453237171692,0.571743068885
0.520704534897,-0.758652300163,0.391552646262,0.586997754464
0.524472962347,-0.785714975624,0.327994037822,0.613901194184
0.525731112119,-0.809016994375,0.262865556060,0.671863233801
0.524472962347,-0.828446826286,0.196478924526,0.694606418917
0.520704534897,-0.843911474622,0.129151888636,0.710563057446
0.514443866541,-0.855336921151,0.612066948490E-01,0.758675136695
0.505720922628,-0.862668480416,-0.703145169386E-02,0.768506189826
0.494577453665,-0.865871061477,-0.752359436968E-01,0.777110205938
0.481066795482,-0.864929335863,-0.143080334944,0.786986469772
0.465253613957,-0.859847810944,-0.210239902765,0.787691085476
0.411568118698,-0.619720722544,0.668249885687,0.371850582810
0.424962910141,-0.664282055008,0.614927537518,0.423761740436
0.436229314964,-0.705516393506,0.558525382826,0.430329958127
0.445310906442,-0.743217219745,0.499325906476,0.451997179820
0.452162200280,-0.777195712697,0.437625603459,0.510177029000
0.456748882422,-0.807281694287,0.373733493917,0.514208117548
0.459047980901,-0.833324481716,0.307969575451,0.554064910797
0.459047980901,-0.855193642142,0.240663220437,0.597373709733
0.456748882422,-0.872779645938,0.172151526401,0.608582429306
0.452162200280,-0.885994415266,0.102777627697,0.636155347560
0.445310906442,-0.894771765200,0.328889769453E-01,0.669504464882
0.436229314964,-0.899067735212,-0.371643951424E-01,0.670688083129
0.424962910141,-0.898860809342,-0.107031632865,0.681213479254
0.411568118698,-0.894152023958,-0.176362812758,0.686201092072
0.355934576282,-0.664142327629,0.657438625317,0.329156814986
0.366897591547,-0.709177622907,0.602040909312,0.369025265239
0.375946402110,-0.750512945302,0.543502181849,0.368749075607
0.383033797862,-0.787932637174,0.482127855420,0.401642494445
0.388122801928,-0.821241469795,0.418238136607,0.441106611804
0.391186863587,-0.850265661910,0.352166355481,0.443499911267
0.392209996795,-0.874853786402,0.284257226526,0.490941371203
0.391186863587,-0.894877560324,0.214865050171,0.513474942422
0.388122801928,-0.910232514193,0.144351864306,0.526475879111
0.383033797862,-0.920838537031,0.730855554341E-01,0.555928755370
0.375946402110,-0.926640294327,0.143793930679E-02,0.573263418139
0.366897591547,-0.927607516733,-0.702171789417E-01,0.572304146260
0.355934576282,-0.923735157984,-0.141505955036,0.584131185957
0.298689386164,-0.705109823668,0.643121129462,0.285207453215
0.307287385441,-0.750121661594,0.585569770016,0.308930172997
0.314222299258,-0.791073728481,0.524849219069,0.309623323503
0.319456594821,-0.827744385593,0.461288105358,0.348214751727
0.322961943336,-0.859935165830,0.395230431173,0.365677435269
0.324719373331,-0.887471847857,0.327033710563,0.378060974649
0.324719373331,-0.910205399017,0.257067034417,0.418611449509
0.322961943336,-0.928012781918,0.185709072890,0.427164426094
0.319456594821,-0.940797620330,0.113346025982,0.445820729564
0.314222299258,-0.948490720790,0.403695333660E-01,0.468462841155
0.307287385441,-0.951050447082,-0.328254452247E-01,0.473046379294
0.298689386164,-0.948462945583,-0.105842767578,0.477203444390
0.240170198604,-0.742440494578,0.625380194532,0.238404597443
0.246542842277,-0.786948384136,0.565622548727,0.243533304468
0.251536685477,-0.827055234123,0.502701636729,0.256052477025
0.255123799940,-0.862536745414,0.436969346195,0.285086625494
0.257284124589,-0.893194486273,0.368793287529,0.291259762106
0.258005577724,-0.918857002086,0.298554737999,0.312179666931
0.257284124589,-0.939380774230,0.226646509438,0.338578988444
0.255123799940,-0.954651022710,0.153470751422,0.341584334238
0.251536685477,-0.964582348064,0.794367022349E-01,0.364415586530
0.246542842277,-0.969119208967,0.495840018853E-02,0.372768868501
0.240170198604,-0.968236232848,-0.695476319045E-01,0.376685138973
0.180712871639,-0.775978146740,0.604318437421,0.182398178599
0.185063814588,-0.819529606772,0.542330718432,0.180888203584
0.188349134613,-0.858362102494,0.477220184498,0.200699207596
0.190549914389,-0.892252031051,0.409361751038,0.215161968965
0.191653481522,-0.921004249566,0.339146156253,0.219636201582
0.191653481522,-0.944453198808,0.266977711208,0.242422339908
0.190549914389,-0.962463856498,0.193271971743,0.252409173528
0.188349134613,-0.974932514789,0.118453345655,0.260275112290
0.185063814588,-0.981787377431,0.429526488944E-01,0.275672429534
0.180712871639,-0.982988973180,-0.327953751325E-01,0.276986999529
0.120649195318,-0.805591706447,0.580056699102,0.121428516716
0.123236312043,-0.847771030137,0.515845996258,0.121794975749
0.125095249693,-0.884941041922,0.448587261106,0.139734376230
0.126215024171,-0.916882111530,0.378677912254,0.141412324707
0.126589018950,-0.943405505478,0.306531030264,0.151543484802
0.126215024171,-0.964354502258,0.232572916840,0.163413017993
0.125095249693,-0.979605318379,0.157240575895,0.168473119400
0.123236312043,-0.989067839774,0.809791313821E-01,0.176739505807
0.120649195318,-0.992686154269,0.423919714464E-02,0.183156765527
0.603052173211E-01,-0.831173908689,0.552732497940,0.590560900972E-01
0.614305723130E-01,-0.871608800539,0.486337725874,0.639424322898E-01
0.621846094327E-01,-0.906775241960,0.417003279266,0.702593864081E-01
0.625627708935E-01,-0.936460668950,0.345148251058,0.714019660536E-01
0.625627708935E-01,-0.960485647570,0.271206969876,0.779209395732E-01
0.621846094327E-01,-0.978704958534,0.195626374731,0.815454113199E-01
0.614305723130E-01,-0.991008474985,0.118863313487,0.858910399442E-01
0.603052173211E-01,-0.997321828162,0.413817814406E-01,0.890777883472E-01
0.238701943734E-16,-0.852640164354,0.522498564716,0.832701626691E-03
-0.623424199564E-17,-0.891006524188,0.453990499740,0.130108417123E-02
-0.363002421897E-16,-0.923879532511,0.382683432365,0.903614122934E-03
-0.661424393196E-16,-0.951056516295,0.309016994375,0.790306937929E-03
-0.955768463165E-16,-0.972369920398,0.233445363856,0.119450642617E-02
-0.124421990273E-15,-0.987688340595,0.156434465040,0.113363549267E-02
-0.152500031286E-15,-0.996917333733,0.784590957278E-01,0.747605749358E-03
-0.599553417623E-01,-0.869927634652,0.489521467827,0.641132634716E-01
-0.607193337366E-01,-0.905952790776,0.419002032686,0.689221051240E-01
-0.611025313138E-01,-0.936296366989,0.345854873943,0.682888974189E-01
-0.611025313138E-01,-0.960768067003,0.270538725684,0.776778914158E-01
-0.607193337366E-01,-0.979214419333,0.193525924571,0.802220593092E-01
-0.599553417623E-01,-0.991519739779,0.115299447627,0.821453931640E-01
-0.119258442309,-0.882994502348,0.453980321998,0.134070245503
-0.120408876978,-0.916459184939,0.381581268783,0.133868571737
-0.120793170266,-0.944092592263,0.306754278294,0.144304777418
-0.120408876978,-0.965718897608,0.229975462055,0.157442332151
-0.119258442309,-0.981200496441,0.151733350727,0.159681020219
-0.177616415006,-0.891819406718,0.416065565653,0.200739497548
-0.178767649844,-0.922558719110,0.341946687604,0.202593381892
-0.178767649844,-0.947356902113,0.265625728025,0.226854664354
-0.177616415006,-0.966054259426,0.187594181590,0.234701182607
-0.234746569611,-0.896400998591,0.375977788946,0.264306732557
-0.235512287957,-0.924304600611,0.300324770057,0.283557723763
-0.234746569611,-0.946197841167,0.222718866348,0.308827620076
-0.290377153255,-0.896757569410,0.333926594588,0.334071174990
-0.290377153255,-0.921769241134,0.256948584285,0.373337367820
-0.344248133243,-0.892926710429,0.290129475511,0.426881032253
0.993711088241,-0.658169189352E-01,-0.905892172835E-01,1.57580617290
0.984983202867,-0.131394623902,-0.111997959262,1.58653995540
0.984983202867,-0.659132172125E-01,-0.159572986015,1.62789043998
0.971423796548,-0.196412234981,-0.133259301553,1.58607188728
0.974592477666,-0.131655371352,-0.181208072862,1.62491845162
0.971423796548,-0.660424085863E-01,-0.227978524797,1.64907002591
0.953057068840,-0.260548034359,-0.154262585634,1.57623763793
0.959234383595,-0.196893510860,-0.202737127115,1.61158219880
0.959234383595,-0.131971024900,-0.249906074189,1.64015120147
0.953057068840,-0.661986668199E-01,-0.295465666442,1.65351118593
0.929931058927,-0.323480854379,-0.174895290083,1.55268331584
0.938901702091,-0.261289721939,-0.224034093431,1.58673471501
0.941898272036,-0.197436047056,-0.271747405617,1.62161205893
0.938901702091,-0.132326119895,-0.317731634881,1.64320082539
0.929931058927,-0.663742239452E-01,-0.361694191326,1.66228055341
0.902117895646,-0.384891443810,-0.195043274267,1.51873184220
0.913613298923,-0.324502374953,-0.244967240016,1.55376435724
0.919379080282,-0.262078226351,-0.293354921575,1.59637603237
0.919379080282,-0.198010483953,-0.339902861100,1.62306661471
0.913613298923,-0.132700941321,-0.384319138483,1.64491961682
0.902117895646,-0.665591798242E-01,-0.426325202089,1.64105577875
0.869714096514,-0.444463826438,-0.214591000073,1.47347398309
0.883415308062,-0.386187385588,-0.265399127156,1.51245153412
0.891669970470,-0.325529971084,-0.314570980365,1.56099553351
0.894427191000,-0.262865556060,-0.361803398875,1.59062620188
0.891669970470,-0.198580487470,-0.406805179119,1.61445025441
0.883415308062,-0.133071104141,-0.449298870157,1.61582330341
0.869714096514,-0.667412932035E-01,-0.489022484254,1.60746045231
0.832840949335,-0.501886675144,-0.233421760819,1.41975474691
0.848382585057,-0.445999542747,-0.285186600740,1.46335508222
0.858796161503,-0.387416560467,-0.335227626642,1.51645928234
0.864018733677,-0.326491833883,-0.383242364911,1.54740371661
0.864018733677,-0.263593623275,-0.428940589853,1.57427230086
0.858796161503,-0.199102117674,-0.472046077969,1.58078357030
0.848382585057,-0.133407136802,-0.512298277591,1.57708803171
0.832840949335,-0.669057748023E-01,-0.549453883787,1.55757485199
0.791645004410,-0.556854735611,-0.251417959620,1.35764134142
0.808620484652,-0.503593977086,-0.304180896909,1.40594934427
0.820817985845,-0.447357581018,-0.355146489238,1.46068204465
0.828165435361,-0.388477837188,-0.404013590969,1.49277359528
0.830619418567,-0.327302654394,-0.450493456031,1.52226225470
0.828165435361,-0.264193504734,-0.494311444062,1.53273174797
0.820817985845,-0.199523287732,-0.535208643209,1.53220976121
0.808620484652,-0.133674126954,-0.572943399984,1.51793509617
0.791645004410,-0.670351121085E-01,-0.607292747147,1.49684345860
0.746298692806,-0.609070346275,-0.268461495199,1.28713080630
0.764266992496,-0.558627869085,-0.322227975296,1.33802301729
0.777834537618,-0.504968735712,-0.374139022347,1.39306753360
0.786923204379,-0.448401922834,-0.423895725396,1.42622338885
0.791480658985,-0.389253149949,-0.471211578495,1.45778006303
0.791480658985,-0.327863003833,-0.515814130448,1.47067230521
0.786923204379,-0.264584977401,-0.557446553621,1.47340318135
0.777834537618,-0.199783434240,-0.595869122788,1.46591119700
0.764266992496,-0.133831510559,-0.630860595507,1.45294266722
0.746298692806,-0.671089666143E-01,-0.662219486059,1.43117567356
0.697001063407,-0.658245113616,-0.284434329872,1.20937004024
0.715495195664,-0.610762520952,-0.339169232068,1.26139373452
0.729987893098,-0.559864215038,-0.392007317089,1.31518447953
0.740398104731,-0.505834846637,-0.442653085880,1.34948141641
0.746667611049,-0.448976577102,-0.490823300001,1.38150955793
0.748761349594,-0.389607388526,-0.536248565649,1.39537622802
0.746667611049,-0.328059305415,-0.578674840252,1.40213998904
0.740398104731,-0.264676537826,-0.617864853212,1.40175755354
0.729987893098,-0.199813556364,-0.653599432852,1.39481012812
0.715495195664,-0.133833109784,-0.685678732138,1.37655962127
0.697001063407,-0.671041963112E-01,-0.713923346338,1.34346387288
0.643978595563,-0.704101811811,-0.299219329358,1.12290332235
0.662516005178,-0.659665937098,-0.354842774078,1.17385005550
0.677467778717,-0.611659851305,-0.408545756435,1.22568738472
0.688752994937,-0.560343370575,-0.460037627828,1.26067662176
0.696310576553,-0.505994227405,-0.509039706519,1.29161411560
0.700099620799,-0.448906567516,-0.555286785902,1.30662830274
0.700099620799,-0.389389357895,-0.598528569840,1.31763669923
0.696310576553,-0.327764714614,-0.638531027307,1.32403419245
0.688752994937,-0.264366159494,-0.675077658999,1.31976056062
0.677467778717,-0.199536815032,-0.707970669058,1.30310725665
0.662516005178,-0.133627547373,-0.737032035576,1.27418647587
0.643978595563,-0.669950673674E-01,-0.762104474075,1.24125180940
0.587485993171,-0.746376578698,-0.312701472014,1.03070434663
0.605580941905,-0.705016065005,-0.369085452011,1.07952959179
0.620516409868,-0.659977290410,-0.423543812643,1.12876269697
0.632214474652,-0.611495234471,-0.475792429804,1.16339253972
0.640614104267,-0.559822841285,-0.525558708223,1.19276479194
0.645671475557,-0.505229699804,-0.572583003666,1.20857374458
0.647360202837,-0.448000637324,-0.616619977572,1.22412472527
0.645671475557,-0.388434233454,-0.657439877048,1.23409566864
0.640614104267,-0.326841262355,-0.694829733558,1.23070801982
0.632214474652,-0.263543071338,-0.728594474032,1.21495773516
0.620516409868,-0.198869904312,-0.758557938620,1.19240773190
0.605580941905,-0.133159178811,-0.784563799764,1.17043700382
0.587485993171,-0.667537255926E-01,-0.806476377799,1.14350283853
0.527806801237,-0.784821470197,-0.324769519023,0.930098751140
0.544984667315,-0.746504830226,-0.381735839084,0.975644951922
0.559433029131,-0.704449391281,-0.436790271230,1.02104476086
0.571079523430,-0.658865784057,-0.489657080535,1.05473946222
0.579865819844,-0.609982309749,-0.540071488573,1.08137790190
0.585747913037,-0.558043796624,-0.587780999543,1.09903107299
0.588696343100,-0.503310373820,-0.632546664860,1.11665245548
0.588696343100,-0.446056168521,-0.674144279918,1.12885440140
0.585747913037,-0.386567933007,-0.712365506986,1.12454688443
0.579865819844,-0.325143608492,-0.747018918658,1.11229622197
0.571079523430,-0.262090832907,-0.777930956593,1.09703262470
0.559433029131,-0.197725400125,-0.804946800765,1.08542708174
0.544984667315,-0.132369678342,-0.827931144871,1.06673857452
0.527806801237,-0.663509955198E-01,-0.846768873992,1.03957579225
0.465253613957,-0.819207405919,-0.335318208256,0.825471021436
0.481066795482,-0.783843042420,-0.392638285365,0.866411744927
0.494577453665,-0.744726981819,-0.448079083284,0.908495220741
0.505720922628,-0.702046444776,-0.501375246491,0.939249023632
0.514443866541,-0.656005712554,-0.552271684296,0.964693168930
0.520704534897,-0.606825149272,-0.600524791785,0.981989596230
0.524472962347,-0.554740147179,-0.645903615777,1.00131850894
0.525731112119,-0.500000000000,-0.688190960236,1.01233147412
0.524472962347,-0.442866709743,-0.727184425829,1.00913712177
0.520704534897,-0.383613732685,-0.762697378672,1.00085445081
0.514443866541,-0.322524670529,-0.794559843611,0.993188702049
0.505720922628,-0.259891913008,-0.822619317771,0.988191301428
0.494577453665,-0.196015238421,-0.846741500479,0.973094674085
0.481066795482,-0.131200378813,-0.866810936066,0.949142448096
0.465253613957,-0.657575566480E-01,-0.882731566471,0.914483097895
0.411568118698,-0.827047643329,-0.382888860293,0.739338037813
0.424962910141,-0.790105285662,-0.441746717671,0.777770286789
0.436229314964,-0.749205760256,-0.498392128314,0.810205067811
0.445310906442,-0.704553908523,-0.552541389029,0.835622494051
0.452162200280,-0.656373365046,-0.603923298355,0.853603268879
0.456748882422,-0.604905437530,-0.652280514850,0.873303653246
0.459047980901,-0.550407898232,-0.697370845960,0.884116105484
0.459047980901,-0.493153692932,-0.738968461017,0.883454003502
0.456748882422,-0.433429573914,-0.776865022294,0.879293181323
0.452162200280,-0.371534663789,-0.810870728440,0.878264092414
0.445310906442,-0.307778957372,-0.840815265087,0.874431444571
0.436229314964,-0.242481769100,-0.866548657849,0.859076185474
0.424962910141,-0.175970133778,-0.887942023458,0.833661012357
0.411568118698,-0.108577168652,-0.904888215261,0.803325142517
0.355934576282,-0.830492554593,-0.428477180458,0.648402652582
0.366897591547,-0.791722867386,-0.488427127190,0.679775407101
0.375946402110,-0.748822546265,-0.545828816522,0.706246954275
0.383033797862,-0.702015413894,-0.600382768199,0.724237058488
0.388122801928,-0.651545675835,-0.651804359393,0.742448056133
0.391186863587,-0.597676646464,-0.699825309651,0.754564295095
0.392209996795,-0.540689375183,-0.744195080593,0.755977492779
0.391186863587,-0.480881180114,-0.784682183033,0.756776019531
0.388122801928,-0.418564096906,-0.821075384727,0.758277727112
0.383033797862,-0.354063250761,-0.853184812427,0.755281093428
0.375946402110,-0.287715160168,-0.880842942499,0.738911589022
0.366897591547,-0.219865981192,-0.903905474943,0.717232751018
0.355934576282,-0.150869701487,-0.922252086243,0.694636434919
0.298689386164,-0.829535459356,-0.471863934057,0.550414819227
0.307287385441,-0.788710286800,-0.532457083946,0.575288031516
0.314222299258,-0.743616495772,-0.590168496165,0.594275576258
0.319456594821,-0.694498140637,-0.644685827886,0.609302574461
0.322961943336,-0.641621057307,-0.695714023128,0.622297967278
0.324719373331,-0.585271424496,-0.742976909636,0.625545407237
0.324719373331,-0.525754214875,-0.786218693574,0.629297666258
0.322961943336,-0.463391544517,-0.825205343916,0.632354382869
0.319456594821,-0.398520929556,-0.859725859057,0.629821893439
0.314222299258,-0.331493459499,-0.889593408788,0.615075590874
0.307287385441,-0.262671897075,-0.914646345445,0.598811626742
0.298689386164,-0.192428714912,-0.934749078775,0.586485043633
0.240170198604,-0.824198639309,-0.512849762274,0.447178090628
0.246542842277,-0.781119435124,-0.573645408762,0.464507144195
0.251536685477,-0.733671789994,-0.631232920899,0.478353635502
0.255123799940,-0.682121056726,-0.685290238275,0.489833087457
0.257284124589,-0.626755534810,-0.735515043231,0.495063129763
0.258005577724,-0.567884858090,-0.781626451584,0.499910495582
0.257284124589,-0.505838263123,-0.823366583482,0.503963619746
0.255123799940,-0.440962747915,-0.860502005608,0.502961108387
0.251536685477,-0.373621131319,-0.892825036662,0.490803610160
0.246542842277,-0.304190023956,-0.920154908832,0.479887726251
0.240170198604,-0.233057722004,-0.942338778740,0.475079671005
0.180712871639,-0.814531422432,-0.551254405782,0.340074710071
0.185063814588,-0.769035739638,-0.611829564250,0.349367089251
0.188349134613,-0.719111843172,-0.668881723849,0.361123621656
0.190549914389,-0.665047201706,-0.722082370391,0.364945045468
0.191653481522,-0.607153126889,-0.771125167226,0.371211236789
0.191653481522,-0.545762980773,-0.815727719180,0.374337454600
0.190549914389,-0.481230256273,-0.855633198616,0.375838107268
0.188349134613,-0.413926541701,-0.890611824290,0.366572181065
0.185063814588,-0.344239381112,-0.920462184460,0.359198473295
0.180712871639,-0.272570042772,-0.945012396642,0.358192321678
0.120649195318,-0.800608231321,-0.586915864167,0.227439650511
0.123236312043,-0.752574351797,-0.646872983214,0.234018777236
0.125095249693,-0.700093658776,-0.703007857315,0.238868518622
0.126215024171,-0.643476250328,-0.754988796564,0.242882445734
0.126589018950,-0.583056667559,-0.802508655839,0.246360378264
0.126215024171,-0.519191917874,-0.845286649657,0.248358908920
0.125095249693,-0.452259365490,-0.883070011285,0.243205075011
0.123236312043,-0.382654501665,-0.915635486288,0.237908656420
0.120649195318,-0.310788607818,-0.942790651693,0.237594829692
0.603052173211E-01,-0.782526707000,-0.619689626826,0.115501823855
0.614305723130E-01,-0.731876595126,-0.678662607112,0.114651648760
0.621846094327E-01,-0.676802645907,-0.733533402677,0.119930039894
0.625627708935E-01,-0.617637754526,-0.783970346303,0.119942645643
0.625627708935E-01,-0.554739543918,-0.829668571245,0.123510310738
0.621846094327E-01,-0.488488203113,-0.870351854004,0.120038706642
0.614305723130E-01,-0.419284189181,-0.905774283963,0.118194522478
0.603052173211E-01,-0.347545806658,-0.935721749794,0.116951176923
0.307752764219E-16,-0.760405965600,-0.649448048330,0.167984834803E-02
0.253693466405E-16,-0.707106781187,-0.707106781187,0.192603345238E-02
0.198070064009E-16,-0.649448048330,-0.760405965600,0.118245886690E-02
0.141225493803E-16,-0.587785252292,-0.809016994375,0.318458608530E-03
0.835102214657E-17,-0.522498564716,-0.852640164354,0.128743069404E-02
0.252800808432E-17,-0.453990499740,-0.891006524188,0.192373475995E-02
-0.331059198841E-17,-0.382683432365,-0.923879532511,0.220663640586E-02
-0.599553417623E-01,-0.734385004827,-0.676079892971,0.115009535072
-0.607193337366E-01,-0.678449421978,-0.732133556346,0.119518057032
-0.611025313138E-01,-0.618259020727,-0.783595727373,0.117318451823
-0.611025313138E-01,-0.554191278329,-0.830143666898,0.121546286929
-0.607193337366E-01,-0.486647988346,-0.871485454812,0.119542197830
-0.599553417623E-01,-0.416052740841,-0.907361820793,0.117337797384
-0.119258442309,-0.704621250671,-0.699490040701,0.230392051381
-0.120408876978,-0.646106814969,-0.753689382966,0.232728575377
-0.120793170266,-0.583481310545,-0.803093126768,0.235046183580
-0.120408876978,-0.517143212925,-0.847386924416,0.237660435995
-0.119258442309,-0.447514620238,-0.886288941944,0.233082278384
-0.177616415006,-0.671289220009,-0.719599327557,0.340833340110
-0.178767649844,-0.610296947985,-0.771738143835,0.345858149138
-0.178767649844,-0.545374462025,-0.818907090908,0.348196376890
-0.177616415006,-0.476939852471,-0.860802408364,0.349737301814
-0.234746569611,-0.634579268498,-0.736344484632,0.450901988439
-0.235512287957,-0.571251659136,-0.786260455674,0.455091111861
-0.234746569611,-0.504209442103,-0.831063707877,0.459009548823
-0.290377153255,-0.594696392529,-0.749678137323,0.556461212303
-0.290377153255,-0.529214985840,-0.797253164076,0.562173613619
-0.344248133243,-0.551859056508,-0.759568828026,0.660439678239
0.344248133243,-0.589175105128E-15,-0.938878705030,0.678190846668
0.290377153255,0.404697349652E-01,-0.956056122526,0.588078645818
0.290377153255,-0.404697349652E-01,-0.956056122526,0.588078645818
0.234746569611,0.805729838195E-01,-0.968711537215,0.491794180226
0.235512287957,-0.345601093960E-15,-0.971871371232,0.497807871899
0.234746569611,-0.805729838195E-01,-0.968711537215,0.491794180226
0.177616415006,0.120114514831,-0.976741988678,0.381357708356
0.178767649844,0.401243029573E-01,-0.983072819114,0.391667087907
0.178767649844,-0.401243029573E-01,-0.983072819114,0.391667087907
0.177616415006,-0.120114514831,-0.976741988678,0.381357708356
0.119258442309,0.158900636341,-0.980065309920,0.259409373073
0.120408876978,0.797038893750E-01,-0.989519576544,0.269984967296
0.120793170266,0.106058962897E-16,-0.992677696948,0.273550122731
0.120408876978,-0.797038893750E-01,-0.989519576544,0.269984967296
0.119258442309,-0.158900636341,-0.980065309920,0.259409373073
0.599553417623E-01,0.196740158859,-0.978620798311,0.129628617565
0.607193337366E-01,0.118539805076,-0.991091053901,0.136976030200
0.611025313138E-01,0.395960423844E-01,-0.997345794644,0.140303360475
0.611025313138E-01,-0.395960423844E-01,-0.997345794644,0.140303360475
0.607193337366E-01,-0.118539805076,-0.991091053901,0.136976030200
0.599553417623E-01,-0.196740158859,-0.978620798311,0.129628617565
0.904698033405E-16,0.233445363856,-0.972369920398,0.113497548035E-02
0.772369496113E-16,0.156434465040,-0.987688340595,0.808719398342E-03
0.635279044038E-16,0.784590957278E-01,-0.996917333733,0.907831723614E-03
0.494271885405E-16,-0.179637858894E-15,-1.00000000000,0.101766146376E-02
0.350217376237E-16,-0.784590957278E-01,-0.996917333733,0.907831723605E-03
0.204003660485E-16,-0.156434465040,-0.987688340595,0.808719398330E-03
0.565321943274E-17,-0.233445363856,-0.972369920398,0.113497548034E-02
-0.603052173211E-01,0.268832980868,-0.961297097240,0.123452726164
-0.614305723130E-01,0.193192731499,-0.979235851714,0.132809214222
-0.621846094327E-01,0.116384726219,-0.991255602684,0.140667603484
-0.625627708935E-01,0.388732319872E-01,-0.997283696614,0.144353628357
-0.625627708935E-01,-0.388732319872E-01,-0.997283696614,0.144353628357
-0.621846094327E-01,-0.116384726219,-0.991255602684,0.140667603484
-0.614305723130E-01,-0.193192731499,-0.979235851714,0.132809214222
-0.603052173211E-01,-0.268832980868,-0.961297097240,0.123452726164
-0.120649195318,0.302725175681,-0.945410619613,0.237946493705
-0.123236312043,0.228623040495,-0.965683341862,0.255402876325
-0.125095249693,0.153170016828,-0.980250031599,0.271806415530
-0.126215024171,0.768119417254E-01,-0.989024617126,0.282918140030
-0.126589018950,-0.234212651196E-17,-0.991955251149,0.286437611404
-0.126215024171,-0.768119417254E-01,-0.989024617126,0.282918140030
-0.125095249693,-0.153170016828,-0.980250031599,0.271806415530
-0.123236312043,-0.228623040495,-0.965683341862,0.255402876325
-0.120649195318,-0.302725175681,-0.945410619613,0.237946493705
-0.180712871639,0.334950553220,-0.924743740136,0.350136856289
-0.185063814588,0.262538587866,-0.947008381384,0.366718489602
-0.188349134613,0.188614889176,-0.963820017987,0.388766386790
-0.190549914389,0.113605119986,-0.975081846226,0.406937413196
-0.191653481522,0.379411968738E-01,-0.980729018945,0.417158253256
-0.191653481522,-0.379411968738E-01,-0.980729018945,0.417158253256
-0.190549914389,-0.113605119986,-0.975081846226,0.406937413196
-0.188349134613,-0.188614889176,-0.963820017987,0.388766386790
-0.185063814588,-0.262538587866,-0.947008381384,0.366718489602
-0.180712871639,-0.334950553220,-0.924743740136,0.350136856289
-0.240170198604,0.365345179035,-0.899355978386,0.466237599932
-0.246542842277,0.294758586336,-0.923219368678,0.478688551226
-0.251536685477,0.222523544732,-0.941919618598,0.496212138724
-0.255123799940,0.149044031514,-0.955352146265,0.516325501695
-0.257284124589,0.747309837297E-01,-0.963441829746,0.531120926033
-0.258005577724,0.784253701202E-16,-0.966143427170,0.536797716008
-0.257284124589,-0.747309837297E-01,-0.963441829746,0.531120926033
-0.255123799940,-0.149044031514,-0.955352146265,0.516325501695
-0.251536685477,-0.222523544732,-0.941919618598,0.496212138724
-0.246542842277,-0.294758586336,-0.923219368678,0.478688551226
-0.240170198604,-0.365345179035,-0.899355978386,0.466237599932
-0.298689386164,0.393753622528,-0.869334650948,0.586019069346
-0.307287385441,0.325109604237,-0.894359104600,0.598992831879
-0.314222299258,0.254706043963,-0.914543152518,0.611159683452
-0.319456594821,0.182923976343,-0.929777555604,0.624231971822
-0.322961943336,0.110151896703,-0.939979862981,0.637417560939
-0.324719373331,0.367836584615E-01,-0.945094858230,0.645274420015
-0.324719373331,-0.367836584615E-01,-0.945094858230,0.645274420015
-0.322961943336,-0.110151896703,-0.939979862981,0.637417560939
-0.319456594821,-0.182923976343,-0.929777555604,0.624231971822
-0.314222299258,-0.254706043963,-0.914543152518,0.611159683452
-0.307287385441,-0.325109604237,-0.894359104600,0.598992831879
-0.298689386164,-0.393753622528,-0.869334650948,0.586019069346
-0.355934576282,0.420030022750,-0.834796596420,0.696995706053
-0.366897591547,0.353426992369,-0.860508871763,0.722594262612
-0.375946402110,0.284980037072,-0.881731637864,0.739450418006
-0.383033797862,0.215046263275,-0.898354169772,0.751418228031
-0.388122801928,0.143990534531,-0.910289743208,0.760181091574
-0.391186863587,0.721835679362E-01,-0.917476087033,0.766727748064
-0.392209996795,-0.449425205354E-16,-0.919875708133,0.768884890484
-0.391186863587,-0.721835679362E-01,-0.917476087033,0.766727748064
-0.388122801928,-0.143990534531,-0.910289743208,0.760181091574
-0.383033797862,-0.215046263275,-0.898354169772,0.751418228031
-0.375946402110,-0.284980037072,-0.881731637864,0.739450418006
-0.366897591547,-0.353426992369,-0.860508871763,0.722594262612
-0.355934576282,-0.420030022750,-0.834796596420,0.696995706053
-0.411568118698,0.444039173264,-0.795890002625,0.794749614292
-0.424962910141,0.379556397550,-0.821792836476,0.828500496903
-0.436229314964,0.313172649449,-0.843579798480,0.857856134015
-0.445310906442,0.245220405696,-0.861141770694,0.879185582934
-0.452162200280,0.176039998688,-0.874390795640,0.893705310314
-0.456748882422,0.105977911965,-0.883260516825,0.902036069720
-0.459047980901,0.353850448741E-01,-0.887706511089,0.906160556225
-0.459047980901,-0.353850448741E-01,-0.887706511089,0.906160556225
-0.456748882422,-0.105977911965,-0.883260516825,0.902036069720
-0.452162200280,-0.176039998688,-0.874390795640,0.893705310314
-0.445310906442,-0.245220405696,-0.861141770694,0.879185582934
-0.436229314964,-0.313172649449,-0.843579798480,0.857856134015
-0.424962910141,-0.379556397550,-0.821792836476,0.828500496903
-0.411568118698,-0.444039173264,-0.795890002625,0.794749614292
-0.465253613957,0.465657615668,-0.752796160771,0.896590265344
-0.481066795482,0.403355348617,-0.778382425949,0.927914516370
-0.494577453665,0.339122507446,-0.800243130099,0.960697498375
-0.505720922628,0.273266528913,-0.818273641634,0.989798383819
-0.514443866541,0.206102618575,-0.832387661367,1.01425733919
-0.520704534897,0.137952242128,-0.842517635560,1.03131155734
-0.524472962347,0.691415867736E-01,-0.848615079259,1.04130859195
-0.525731112119,-0.127910241575E-15,-0.850650808352,1.04460540846
-0.524472962347,-0.691415867736E-01,-0.848615079259,1.04130859195
-0.520704534897,-0.137952242128,-0.842517635560,1.03131155734
-0.514443866541,-0.206102618575,-0.832387661367,1.01425733919
-0.505720922628,-0.273266528913,-0.818273641634,0.989798383819
-0.494577453665,-0.339122507446,-0.800243130099,0.960697498375
-0.481066795482,-0.403355348617,-0.778382425949,0.927914516370
-0.465253613957,-0.465657615668,-0.752796160771,0.896590265344
-0.527806801237,0.444039173264,-0.724050546009,1.01380841295
-0.544984667315,0.379556397550,-0.747615311153,1.04569741729
-0.559433029131,0.313172649449,-0.767435715584,1.07256775821
-0.571079523430,0.245220405696,-0.783412490678,1.09865985211
-0.579865819844,0.176039998688,-0.795465618263,1.11915496529
-0.585747913037,0.105977911965,-0.803534731389,1.13491319329
-0.588696343100,0.353850448741E-01,-0.807579416665,1.14250398068
-0.588696343100,-0.353850448741E-01,-0.807579416665,1.14250398068
-0.585747913037,-0.105977911965,-0.803534731389,1.13491319329
-0.579865819844,-0.176039998688,-0.795465618263,1.11915496529
-0.571079523430,-0.245220405696,-0.783412490678,1.09865985211
-0.559433029131,-0.313172649449,-0.767435715584,1.07256775821
-0.544984667315,-0.379556397550,-0.747615311153,1.04569741729
-0.527806801237,-0.444039173264,-0.724050546009,1.01380841295
-0.587485993171,0.420030022750,-0.691689950640,1.13099457173
-0.605580941905,0.353426992369,-0.712994448692,1.16534755954
-0.620516409868,0.284980037072,-0.730579060441,1.19245393842
-0.632214474652,0.215046263275,-0.744352042176,1.21356681221
-0.640614104267,0.143990534531,-0.754241536498,1.22937514817
-0.645671475557,0.721835679362E-01,-0.760195947222,1.23951571077
-0.647360202837,-0.235812664817E-15,-0.762184208563,1.24281543368
-0.645671475557,-0.721835679362E-01,-0.760195947222,1.23951571077
-0.640614104267,-0.143990534531,-0.754241536498,1.22937514817
-0.632214474652,-0.215046263275,-0.744352042176,1.21356681221
-0.620516409868,-0.284980037072,-0.730579060441,1.19245393842
-0.605580941905,-0.353426992369,-0.712994448692,1.16534755954
-0.587485993171,-0.420030022750,-0.691689950640,1.13099457173
-0.643978595563,0.393753622528,-0.655934183591,1.23053074612
-0.662516005178,0.325109604237,-0.674815743826,1.27158600513
-0.677467778717,0.254706043963,-0.690045099952,1.30217963676
-0.688752994937,0.182923976343,-0.701539828409,1.32585680438
-0.696310576553,0.110151896703,-0.709237717999,1.34077244157
-0.700099620799,0.367836584615E-01,-0.713097106590,1.34882819606
-0.700099620799,-0.367836584615E-01,-0.713097106590,1.34882819606
-0.696310576553,-0.110151896703,-0.709237717999,1.34077244157
-0.688752994937,-0.182923976343,-0.701539828409,1.32585680438
-0.677467778717,-0.254706043963,-0.690045099952,1.30217963676
-0.662516005178,-0.325109604237,-0.674815743826,1.27158600513
-0.643978595563,-0.393753622528,-0.655934183591,1.23053074612
-0.697001063407,0.365345179035,-0.617018976827,1.31966061803
-0.715495195664,0.294758586336,-0.633390875181,1.36161456631
-0.729987893098,0.222523544732,-0.646220510330,1.39546944574
-0.740398104731,0.149044031514,-0.655436132038,1.42073908194
-0.746667611049,0.747309837297E-01,-0.660986201581,1.43596979090
-0.748761349594,-0.160081881901E-15,-0.662839679979,1.44162529722
-0.746667611049,-0.747309837297E-01,-0.660986201581,1.43596979090
-0.740398104731,-0.149044031514,-0.655436132038,1.42073908194
-0.729987893098,-0.222523544732,-0.646220510330,1.39546944574
-0.715495195664,-0.294758586336,-0.633390875181,1.36161456631
-0.697001063407,-0.365345179035,-0.617018976827,1.31966061803
-0.746298692806,0.334950553220,-0.575192479100,1.40035494470
-0.764266992496,0.262538587866,-0.589041131045,1.43936581160
-0.777834537618,0.188614889176,-0.599498003058,1.46893234620
-0.786923204379,0.113605119986,-0.606502883029,1.49013330969
-0.791480658985,0.379411968738E-01,-0.610015435897,1.50072688541
-0.791480658985,-0.379411968738E-01,-0.610015435897,1.50072688541
-0.786923204379,-0.113605119986,-0.606502883029,1.49013330969
-0.777834537618,-0.188614889176,-0.599498003058,1.46893234620
-0.764266992496,-0.262538587866,-0.589041131045,1.43936581160
-0.746298692806,-0.334950553220,-0.575192479100,1.40035494470
-0.791645004410,0.302725175681,-0.530712403286,1.47557473627
-0.808620484652,0.228623040495,-0.542092627838,1.50948785686
-0.820817985845,0.153170016828,-0.550269733910,1.53256741734
-0.828165435361,0.768119417254E-01,-0.555195404594,1.54690000396
-0.830619418567,-0.296029027652E-15,-0.556840535073,1.55084013495
-0.828165435361,-0.768119417254E-01,-0.555195404594,1.54690000396
-0.820817985845,-0.153170016828,-0.550269733910,1.53256741734
-0.808620484652,-0.228623040495,-0.542092627838,1.50948785686
-0.791645004410,-0.302725175681,-0.530712403286,1.47557473627
-0.832840949335,0.268832980868,-0.483843757331,1.54241585773
-0.848382585057,0.193192731499,-0.492872760323,1.57427243464
-0.858796161503,0.116384726219,-0.498922587674,1.59390002688
-0.864018733677,0.388732319872E-01,-0.501956671128,1.60337419275
-0.864018733677,-0.388732319872E-01,-0.501956671128,1.60337419275
-0.858796161503,-0.116384726219,-0.498922587674,1.59390002688
-0.848382585057,-0.193192731499,-0.492872760323,1.57427243464
-0.832840949335,-0.268832980868,-0.483843757331,1.54241585773
-0.869714096514,0.233445363856,-0.434857048257,1.58930338198
-0.883415308062,0.156434465040,-0.441707654031,1.61873771390
-0.891669970470,0.784590957278E-01,-0.445834985235,1.63467914096
-0.894427191000,0.359275717787E-15,-0.447213595500,1.64084221902
-0.891669970470,-0.784590957278E-01,-0.445834985235,1.63467914096
-0.883415308062,-0.156434465040,-0.441707654031,1.61873771390
-0.869714096514,-0.233445363856,-0.434857048257,1.58930338198
-0.902117895646,0.196740158859,-0.384026837926,1.62675702377
-0.913613298923,0.118539805076,-0.388920370570,1.65242399183
-0.919379080282,0.395960423844E-01,-0.391374833334,1.66509557023
-0.919379080282,-0.395960423844E-01,-0.391374833334,1.66509557023
-0.913613298923,-0.118539805076,-0.388920370570,1.65242399183
-0.902117895646,-0.196740158859,-0.384026837926,1.62675702377
-0.929931058927,0.158900636341,-0.331630537517,1.63761131469
-0.938901702091,0.797038893750E-01,-0.334829634036,1.65801726175
-0.941898272036,0.00000000000,-0.335898266052,1.66368193259
-0.938901702091,-0.797038893750E-01,-0.334829634036,1.65801726175
-0.929931058927,-0.158900636341,-0.331630537517,1.63761131469
-0.953057068840,0.120114514831,-0.277947345484,1.64757458467
-0.959234383595,0.401243029573E-01,-0.279748883182,1.66051970311
-0.959234383595,-0.401243029573E-01,-0.279748883182,1.66051970311
-0.953057068840,-0.120114514831,-0.277947345484,1.64757458467
-0.971423796548,0.805729838195E-01,-0.223257254706,1.64870295138
-0.974592477666,0.691202187920E-15,-0.223985496129,1.65595244316
-0.971423796548,-0.805729838195E-01,-0.223257254706,1.64870295138
-0.984983202867,0.404697349652E-01,-0.167840074538,1.64504810689
-0.984983202867,-0.404697349652E-01,-0.167840074538,1.64504810689
-0.993711088241,-0.136918704442E-14,-0.111974430591,1.59076709726
0.344248133243,0.892926710429,-0.290129475511,0.599027050511
0.290377153255,0.896757569410,-0.333926594588,0.514640459945
0.290377153255,0.921769241134,-0.256948584285,0.496573044527
0.234746569611,0.896400998591,-0.375977788946,0.421069413914
0.235512287957,0.924304600611,-0.300324770057,0.410713372535
0.234746569611,0.946197841167,-0.222718866348,0.398286070122
0.177616415006,0.891819406718,-0.416065565653,0.321960497578
0.178767649844,0.922558719110,-0.341946687604,0.315823078818
0.178767649844,0.947356902113,-0.265625728025,0.309093581250
0.177616415006,0.966054259426,-0.187594181590,0.295856620080
0.119258442309,0.882994502348,-0.453980321998,0.216431787705
0.120408876978,0.916459184939,-0.381581268783,0.215496450601
0.120793170266,0.944092592263,-0.306754278294,0.212378749910
0.120408876978,0.965718897608,-0.229975462055,0.204071903442
0.119258442309,0.981200496441,-0.151733350727,0.197343254647
0.599553417623E-01,0.869927634652,-0.489521467827,0.110980200634
0.607193337366E-01,0.905952790776,-0.419002032686,0.106790718105
0.611025313138E-01,0.936296366989,-0.345854873943,0.110584654836
0.611025313138E-01,0.960768067003,-0.270538725684,0.103781163133
0.607193337366E-01,0.979214419333,-0.193525924571,0.103323665090
0.599553417623E-01,0.991519739779,-0.115299447627,0.965644618330E-01
0.135814865901E-15,0.852640164354,-0.522498564716,0.352562412974E-03
0.144981992153E-15,0.891006524188,-0.453990499740,0.142541654905E-02
0.153255256212E-15,0.923879532511,-0.382683432365,0.140292097220E-02
0.160583650654E-15,0.951056516295,-0.309016994375,0.569427432665E-03
0.166921993491E-15,0.972369920398,-0.233445363856,0.991901066582E-03
0.172231206730E-15,0.987688340595,-0.156434465040,0.146003806300E-02
0.176478557307E-15,0.996917333733,-0.784590957278E-01,0.875228186503E-03
-0.603052173211E-01,0.831173908689,-0.552732497940,0.111081376850
-0.614305723130E-01,0.871608800539,-0.486337725874,0.115762659497
-0.621846094327E-01,0.906775241960,-0.417003279266,0.111395947842
-0.625627708935E-01,0.936460668950,-0.345148251058,0.113154509601
-0.625627708935E-01,0.960485647570,-0.271206969876,0.106973449030
-0.621846094327E-01,0.978704958534,-0.195626374731,0.105685360589
-0.614305723130E-01,0.991008474985,-0.118863313487,0.971330752865E-01
-0.603052173211E-01,0.997321828162,-0.413817814406E-01,0.935596233939E-01
-0.120649195318,0.805591706447,-0.580056699102,0.226617580474
-0.123236312043,0.847771030137,-0.515845996258,0.229142939901
-0.125095249693,0.884941041922,-0.448587261106,0.228748574043
-0.126215024171,0.916882111530,-0.378677912254,0.226366703146
-0.126589018950,0.943405505478,-0.306531030264,0.222669136734
-0.126215024171,0.964354502258,-0.232572916840,0.214651040229
-0.125095249693,0.979605318379,-0.157240575895,0.206701151953
-0.123236312043,0.989067839774,-0.809791313821E-01,0.192566324124
-0.120649195318,0.992686154269,-0.423919714464E-02,0.184059085811
-0.180712871639,0.775978146740,-0.604318437421,0.340368475966
-0.185063814588,0.819529606772,-0.542330718432,0.347774216180
-0.188349134613,0.858362102494,-0.477220184498,0.345767870731
-0.190549914389,0.892252031051,-0.409361751038,0.346215855733
-0.191653481522,0.921004249566,-0.339146156253,0.338780680370
-0.191653481522,0.944453198808,-0.266977711208,0.332369316505
-0.190549914389,0.962463856498,-0.193271971743,0.318957298521
-0.188349134613,0.974932514789,-0.118453345655,0.304081536964
-0.185063814588,0.981787377431,-0.429526488944E-01,0.284321100440
-0.180712871639,0.982988973180,0.327953751325E-01,0.270982381510
-0.240170198604,0.742440494578,-0.625380194532,0.455446278828
-0.246542842277,0.786948384136,-0.565622548727,0.463432340068
-0.251536685477,0.827055234123,-0.502701636729,0.467579969830
-0.255123799940,0.862536745414,-0.436969346195,0.464887173004
-0.257284124589,0.893194486273,-0.368793287529,0.460860626202
-0.258005577724,0.918857002086,-0.298554737999,0.449756588981
-0.257284124589,0.939380774230,-0.226646509438,0.438821276428
-0.255123799940,0.954651022710,-0.153470751422,0.419114162836
-0.251536685477,0.964582348064,-0.794367022349E-01,0.395705309250
-0.246542842277,0.969119208967,-0.495840018853E-02,0.374045199293
-0.240170198604,0.968236232848,0.695476319045E-01,0.350774600140
-0.298689386164,0.705109823668,-0.643121129462,0.568071023817
-0.307287385441,0.750121661594,-0.585569770016,0.580285473673
-0.314222299258,0.791073728481,-0.524849219069,0.586832333644
-0.319456594821,0.827744385593,-0.461288105358,0.588739073882
-0.322961943336,0.859935165830,-0.395230431173,0.581613014045
-0.324719373331,0.887471847857,-0.327033710563,0.573351278528
-0.324719373331,0.910205399017,-0.257067034417,0.557521310873
-0.322961943336,0.928012781918,-0.185709072890,0.541933558754
-0.319456594821,0.940797620330,-0.113346025982,0.512065722491
-0.314222299258,0.948490720790,-0.403695333660E-01,0.484127184839
-0.307287385441,0.951050447082,0.328254452247E-01,0.460704638601
-0.298689386164,0.948462945583,0.105842767578,0.418594281602
-0.355934576282,0.664142327629,-0.657438625317,0.679483430860
-0.366897591547,0.709177622907,-0.602040909312,0.693112238928
-0.375946402110,0.750512945302,-0.543502181849,0.704816613044
-0.383033797862,0.787932637174,-0.482127855420,0.708982325215
-0.388122801928,0.821241469795,-0.418238136607,0.705688001841
-0.391186863587,0.850265661910,-0.352166355481,0.694435386408
-0.392209996795,0.874853786402,-0.284257226526,0.681193667721
-0.391186863587,0.894877560324,-0.214865050171,0.661374652269
-0.388122801928,0.910232514193,-0.144351864306,0.638045060353
-0.383033797862,0.920838537031,-0.730855554341E-01,0.596791665967
-0.375946402110,0.926640294327,-0.143793930679E-02,0.574028706193
-0.366897591547,0.927607516733,0.702171789417E-01,0.533532489151
-0.355934576282,0.923735157984,0.141505955036,0.482072409580
-0.411568118698,0.619720722544,-0.668249885687,0.788515240586
-0.424962910141,0.664282055008,-0.614927537518,0.804976446388
-0.436229314964,0.705516393506,-0.558525382826,0.818497414533
-0.445310906442,0.743217219745,-0.499325906476,0.827752028476
-0.452162200280,0.777195712697,-0.437625603459,0.826793418927
-0.456748882422,0.807281694287,-0.373733493917,0.818156402167
-0.459047980901,0.833324481716,-0.307969575451,0.802851909768
-0.459047980901,0.855193642142,-0.240663220437,0.783727236216
-0.456748882422,0.872779645938,-0.172151526401,0.761117795243
-0.452162200280,0.885994415266,-0.102777627697,0.720781310584
-0.445310906442,0.894771765200,-0.328889769453E-01,0.683982531741
-0.436229314964,0.899067735212,0.371643951424E-01,0.654006180115
-0.424962910141,0.898860809342,0.107031632865,0.594417810387
-0.411568118698,0.894152023958,0.176362812758,0.546227268348
-0.465253613957,0.572055577341,-0.675493516722,0.892053508702
-0.481066795482,0.615642020874,-0.624147130426,0.912427312397
-0.494577453665,0.656281825525,-0.569813397361,0.927172140300
-0.505720922628,0.693780477560,-0.512752374322,0.940098768951
-0.514443866541,0.727958497701,-0.453237171692,0.943893246783
-0.520704534897,0.758652300163,-0.391552646262,0.937646958897
-0.524472962347,0.785714975624,-0.327994037822,0.924962070227
-0.525731112119,0.809016994375,-0.262865556060,0.902509524799
-0.524472962347,0.828446826286,-0.196478924526,0.883945093281
-0.520704534897,0.843911474622,-0.129151888636,0.844215197514
-0.514443866541,0.855336921151,-0.612066948490E-01,0.801421459057
-0.505720922628,0.862668480416,0.703145169386E-02,0.766161112532
-0.494577453665,0.865871061477,0.752359436968E-01,0.719433038249
-0.481066795482,0.864929335863,0.143080334944,0.647061855298
-0.465253613957,0.859847810944,0.210239902765,0.615952358054
-0.527806801237,0.551397339202,-0.646050272726,1.00873838023
-0.544984667315,0.593735036187,-0.592005421593,1.02394213324
-0.559433029131,0.633099067291,-0.534995567190,1.04428299028
-0.571079523430,0.669292281478,-0.475306237990,1.05073588395
-0.579865819844,0.702133408453,-0.413236382365,1.05285557361
-0.585747913037,0.731457966532,-0.349096871328,1.04009487141
-0.588696343100,0.757119086432,-0.283208941564,1.01966146263
-0.588696343100,0.778988246857,-0.215902586550,0.997075021904
-0.585747913037,0.796955918183,-0.147514903812,0.961554000156
-0.579865819844,0.810932111022,-0.783884066031E-01,0.911339676544
-0.571079523430,0.820846826933,-0.886930845957E-02,0.868932471524
-0.559433029131,0.826650408997,0.606942107782E-01,0.824939983217
-0.544984667315,0.828313790521,0.129953748791,0.740776079326
-0.527806801237,0.825828640615,0.198562425719,0.700811416381
-0.587485993171,0.528039819635,-0.613216239762,1.11100733751
-0.605580941905,0.568883069599,-0.556456445668,1.13124543090
-0.620516409868,0.606758301589,-0.496793466682,1.14822655609
-0.632214474652,0.641467910200,-0.434538580823,1.15141841294
-0.640614104267,0.672830805948,-0.370016588792,1.14796404016
-0.645671475557,0.700683360059,-0.303564119402,1.12576847869
-0.647360202837,0.724880258171,-0.235527873290,1.10508182969
-0.645671475557,0.745295258473,-0.166262814091,1.06940563158
-0.640614104267,0.761821850346,-0.961303164907E-01,1.01942006595
-0.632214474652,0.774373810058,-0.254962808370E-01,0.965519016465
-0.620516409868,0.782885650614,0.452707758605E-01,0.926682116639
-0.605580941905,0.787312963424,0.115801642586,0.835302035227
-0.587485993171,0.787632649990,0.185728340590,0.781899368855
-0.643978595563,0.502153918607,-0.577176758441,1.20897840028
-0.662516005178,0.541323517720,-0.517727140534,1.22909849667
-0.677467778717,0.577563392692,-0.455475505622,1.24196912585
-0.688752994937,0.610677407880,-0.390758768897,1.23948251001
-0.696310576553,0.640486345262,-0.323927187055,1.22570476349
-0.700099620799,0.666828874394,-0.255342462649,1.20147491183
-0.700099620799,0.689562425553,-0.185375786503,1.17064259582
-0.696310576553,0.708563961349,-0.114405828772,1.12040697075
-0.688752994937,0.723730642618,-0.428166895212E-01,1.05784130012
-0.677467778717,0.734980385002,0.290041800808E-01,1.02083460642
-0.662516005178,0.742252303208,0.100668074706,0.929656772204
-0.643978595563,0.745507040523,0.171787138599,0.860049908914
-0.697001063407,0.473922049454,-0.538133262910,1.29988528337
-0.715495195664,0.511305106787,-0.476060618782,1.31705664214
-0.729987893098,0.545828670342,-0.411325587052,1.32275401670
-0.740398104731,0.577299665742,-0.344290200914,1.31082131015
-0.746667611049,0.605542090216,-0.275329358381,1.29247289477
-0.748761349594,0.630397996903,-0.204828725660,1.26011189593
-0.746667611049,0.651728378174,-0.133182580291,1.21790302961
-0.740398104731,0.669413943038,-0.607916061403E-01,1.14489559840
-0.729987893098,0.683355784283,0.119393474414E-01,1.10890990221
-0.715495195664,0.693475931619,0.846035297563E-01,1.02250591758
-0.697001063407,0.699717787724,0.156794563527,0.937695617415
-0.746298692806,0.443535142152,-0.496301157355,1.38271941068
-0.764266992496,0.479082520717,-0.431712754648,1.39137704604
-0.777834537618,0.511871276166,-0.364638490460,1.38719883453
-0.786923204379,0.541712606333,-0.295464587641,1.36981550577
-0.791480658985,0.568434680729,-0.224589359046,1.34184766984
-0.791480658985,0.591883629971,-0.152420914000,1.30479839821
-0.786923204379,0.611924431781,-0.793748083462E-01,1.22926973823
-0.777834537618,0.628441688462,-0.587165161734E-02,1.18706414920
-0.764266992496,0.641340291376,0.676653148900E-01,1.11160688098
-0.746298692806,0.650545968592,0.140812655198,1.01450767168
-0.791645004410,0.411190265513,-0.451907902719,1.45257696770
-0.808620484652,0.444912321322,-0.384949266965,1.45015111195
-0.820817985845,0.476005477927,-0.315716041874,1.44037857686
-0.828165435361,0.504286011992,-0.244617312926,1.41142026171
-0.830619418567,0.529586819418,-0.172073188494,1.38565608434
-0.828165435361,0.551758402720,-0.985123175112E-01,1.30912966173
-0.820817985845,0.570669754384,-0.243693566627E-01,1.25996631191
-0.808620484652,0.586209130960,0.499175979106E-01,1.19428067212
-0.791645004410,0.598284713334,0.123909599238,1.09367355321
-0.832840949335,0.377088798542,-0.405191301887,1.50545608973
-0.848382585057,0.409050013186,-0.336043265197,1.49752946552
-0.858796161503,0.438538719847,-0.264864010736,1.47285336863
-0.864018733677,0.465376673664,-0.192083782409,1.45258698649
-0.864018733677,0.489401652284,-0.118142501227,1.38556559535
-0.858796161503,0.510468436422,-0.434871062012E-01,1.32437745968
-0.848382585057,0.528449687632,0.314311471890E-01,1.26786897514
-0.832840949335,0.543236718016,0.106159414612,1.17199564609
-0.869714096514,0.341435044712,-0.356397952529,1.54910407054
-0.883415308062,0.371748034460,-0.285273188991,1.52377628372
-0.891669970470,0.399769073957,-0.212389621379,1.51135059680
-0.894427191000,0.425325404176,-0.138196601125,1.45485846118
-0.891669970470,0.448259461843,-0.631515528699E-01,1.38760008795
-0.883415308062,0.468429850867,0.122828457086E-01,1.33052933349
-0.869714096514,0.485712214091,0.876415164589E-01,1.25078387239
-0.902117895646,0.304435174078,-0.305781829315,1.56853682981
-0.913613298923,0.333254438472,-0.232921058022,1.55565872030
-0.919379080282,0.359983735549,-0.158599548800,1.51589469696
-0.919379080282,0.384455435563,-0.832834005415E-01,1.44557498183
-0.913613298923,0.406516067028,-0.744494990680E-02,1.38269790583
-0.902117895646,0.426027279205,0.684401908847E-01,1.32198816812
-0.929931058927,0.266296386661,-0.253602957582,1.59396477360
-0.938901702091,0.293812048964,-0.179270950502,1.56489836780
-0.941898272036,0.319458234741,-0.103798272591,1.50407887743
-0.938901702091,0.343071761634,-0.276651437735E-01,1.42690116688
-0.929931058927,0.364502380754,0.486440136892E-01,1.38591196943
-0.953057068840,0.227226207755,-0.200126145327,1.60236112443
-0.959234383595,0.253657906776,-0.124607638850,1.55468688928
-0.959234383595,0.278456089778,-0.482866792714E-01,1.46706481226
-0.953057068840,0.301461060463,0.283452387357E-01,1.43451964530
-0.971423796548,0.187431845611,-0.145619747121,1.60028509754
-0.974592477666,0.213022865649,-0.692153247974E-01,1.50628574911
-0.971423796548,0.237228688186,0.763917547708E-02,1.47328035072
-0.984983202867,0.147119560723,-0.903544405209E-01,1.54518233013
-0.984983202867,0.172131232447,-0.133764302181E-01,1.49924552783
-0.993711088241,0.106494011872,-0.346020019880E-01,1.52278428533
0.344248133243,0.551859056508,0.759568828026,0.332847200009
0.290377153255,0.594696392529,0.749678137323,0.283983912325
0.290377153255,0.529214985840,0.797253164076,0.245981243188
0.234746569611,0.634579268498,0.736344484632,0.229394132809
0.235512287957,0.571251659136,0.786260455674,0.205656557880
0.234746569611,0.504209442103,0.831063707877,0.228066595766
0.177616415006,0.671289220009,0.719599327557,0.167905493073
0.178767649844,0.610296947985,0.771738143835,0.166086405143
0.178767649844,0.545374462025,0.818907090908,0.157879802529
0.177616415006,0.476939852471,0.860802408364,0.201510142820
0.119258442309,0.704621250671,0.699490040701,0.107672779079
0.120408876978,0.646106814969,0.753689382966,0.117879672885
0.120793170266,0.583481310545,0.803093126768,0.102057068200
0.120408876978,0.517143212925,0.847386924416,0.129280685258
0.119258442309,0.447514620238,0.886288941944,0.117443170250
0.599553417623E-01,0.734385004827,0.676079892971,0.517491957410E-01
0.607193337366E-01,0.678449421978,0.732133556346,0.599115113037E-01
0.611025313138E-01,0.618259020727,0.783595727373,0.554551964740E-01
0.611025313138E-01,0.554191278329,0.830143666898,0.570768407967E-01
0.607193337366E-01,0.486647988346,0.871485454812,0.667691643017E-01
0.599553417623E-01,0.416052740841,0.907361820793,0.535826256504E-01
-0.110617806559E-15,0.760405965600,0.649448048330,0.177411136295E-02
-0.947432217191E-16,0.707106781187,0.707106781187,0.227853240814E-02
-0.782845134121E-16,0.649448048330,0.760405965600,0.206837923825E-02
-0.613431550477E-16,0.587785252292,0.809016994375,0.141843308669E-02
-0.440235957337E-16,0.522498564716,0.852640164354,0.134421520020E-02
-0.264326163128E-16,0.453990499740,0.891006524188,0.191854489516E-02
-0.867867102245E-17,0.382683432365,0.923879532511,0.242959185657E-02
-0.603052173211E-01,0.782526707000,0.619689626826,0.608163798229E-01
-0.614305723130E-01,0.731876595126,0.678662607112,0.558157405123E-01
-0.621846094327E-01,0.676802645907,0.733533402677,0.597723557083E-01
-0.625627708935E-01,0.617637754526,0.783970346303,0.541008446327E-01
-0.625627708935E-01,0.554739543918,0.829668571245,0.601070596557E-01
-0.621846094327E-01,0.488488203113,0.870351854004,0.700021678837E-01
-0.614305723130E-01,0.419284189181,0.905774283963,0.508190095296E-01
-0.603052173211E-01,0.347545806658,0.935721749794,0.992617758474E-01
-0.120649195318,0.800608231321,0.586915864167,0.121848497484
-0.123236312043,0.752574351797,0.646872983214,0.116431977907
-0.125095249693,0.700093658776,0.703007857315,0.115048199933
-0.126215024171,0.643476250328,0.754988796564,0.122105617783
-0.126589018950,0.583056667559,0.802508655839,0.107200420554
-0.126215024171,0.519191917874,0.845286649657,0.135013202046
-0.125095249693,0.452259365490,0.883070011285,0.127883807867
-0.123236312043,0.382654501665,0.915635486288,0.122483405566
-0.120649195318,0.310788607818,0.942790651693,0.218812573616
-0.180712871639,0.814531422432,0.551254405782,0.177227451140
-0.185063814588,0.769035739638,0.611829564250,0.186273779670
-0.188349134613,0.719111843172,0.668881723849,0.170153575255
-0.190549914389,0.665047201706,0.722082370391,0.182116780775
-0.191653481522,0.607153126889,0.771125167226,0.179857620399
-0.191653481522,0.545762980773,0.815727719180,0.167196519397
-0.190549914389,0.481230256273,0.855633198616,0.213867571911
-0.188349134613,0.413926541701,0.890611824290,0.176031424917
-0.185063814588,0.344239381112,0.920462184460,0.209296905337
-0.180712871639,0.272570042772,0.945012396642,0.331749061130
-0.240170198604,0.824198639309,0.512849762274,0.241873029686
-0.246542842277,0.781119435124,0.573645408762,0.245511575277
-0.251536685477,0.733671789994,0.631232920899,0.247950749116
-0.255123799940,0.682121056726,0.685290238275,0.226870733174
-0.257284124589,0.626755534810,0.735515043231,0.253121459330
-0.258005577724,0.567884858090,0.781626451584,0.232304550599
-0.257284124589,0.505838263123,0.823366583482,0.235393650709
-0.255123799940,0.440962747915,0.860502005608,0.289218785400
-0.251536685477,0.373621131319,0.892825036662,0.229283522933
-0.246542842277,0.304190023956,0.920154908832,0.276620484816
-0.240170198604,0.233057722004,0.942338778740,0.432064468334
-0.298689386164,0.829535459356,0.471863934057,0.321213707657
-0.307287385441,0.788710286800,0.532457083946,0.302853677442
-0.314222299258,0.743616495772,0.590168496165,0.317399383985
-0.319456594821,0.694498140637,0.644685827886,0.305025770895
-0.322961943336,0.641621057307,0.695714023128,0.289951615278
-0.324719373331,0.585271424496,0.742976909636,0.320406610729
-0.324719373331,0.525754214875,0.786218693574,0.286807951460
-0.322961943336,0.463391544517,0.825205343916,0.298812667017
-0.319456594821,0.398520929556,0.859725859057,0.362266562555
-0.314222299258,0.331493459499,0.889593408788,0.297675787654
-0.307287385441,0.262671897075,0.914646345445,0.298952569655
-0.298689386164,0.192428714912,0.934749078775,0.482957775410
-0.355934576282,0.830492554593,0.428477180458,0.403335947729
-0.366897591547,0.791722867386,0.488427127190,0.381770271261
-0.375946402110,0.748822546265,0.545828816522,0.371004897836
-0.383033797862,0.702015413894,0.600382768199,0.387043568517
-0.388122801928,0.651545675835,0.651804359393,0.364237962419
-0.391186863587,0.597676646464,0.699825309651,0.352670903151
-0.392209996795,0.540689375183,0.744195080593,0.386612823078
-0.391186863587,0.480881180114,0.784682183033,0.345801632537
-0.388122801928,0.418564096906,0.821075384727,0.349069592672
-0.383033797862,0.354063250761,0.853184812427,0.427445412647
-0.375946402110,0.287715160168,0.880842942499,0.393516724799
-0.366897591547,0.219865981192,0.903905474943,0.309377973066
-0.355934576282,0.150869701487,0.922252086243,0.426654517362
-0.411568118698,0.827047643329,0.382888860293,0.463527784372
-0.424962910141,0.790105285662,0.441746717671,0.477859549448
-0.436229314964,0.749205760256,0.498392128314,0.444757432033
-0.445310906442,0.704553908523,0.552541389029,0.439795047885
-0.452162200280,0.656373365046,0.603923298355,0.454669099443
-0.456748882422,0.604905437530,0.652280514850,0.426333239720
-0.459047980901,0.550407898232,0.697370845960,0.411229892139
-0.459047980901,0.493153692932,0.738968461017,0.449350884087
-0.456748882422,0.433429573914,0.776865022294,0.414825579939
-0.452162200280,0.371534663789,0.810870728440,0.385502658779
-0.445310906442,0.307778957372,0.840815265087,0.463026321409
-0.436229314964,0.242481769100,0.866548657849,0.495336739766
-0.424962910141,0.175970133778,0.887942023458,0.411502396446
-0.411568118698,0.108577168652,0.904888215261,0.351431664059
-0.465253613957,0.819207405919,0.335318208256,0.542423554175
-0.481066795482,0.783843042420,0.392638285365,0.542050036637
-0.494577453665,0.744726981819,0.448079083284,0.553885481713
-0.505720922628,0.702046444776,0.501375246491,0.512771097086
-0.514443866541,0.656005712554,0.552271684296,0.506692371651
-0.520704534897,0.606825149272,0.600524791785,0.521679737669
-0.524472962347,0.554740147179,0.645903615777,0.495032057567
-0.525731112119,0.500000000000,0.688190960236,0.464566073490
-0.524472962347,0.442866709743,0.727184425829,0.503017679214
-0.520704534897,0.383613732685,0.762697378672,0.493902157608
-0.514443866541,0.322524670529,0.794559843611,0.437191865050
-0.505720922628,0.259891913008,0.822619317771,0.455546674963
-0.494577453665,0.196015238421,0.846741500479,0.535409644273
-0.481066795482,0.131200378813,0.866810936066,0.545050039690
-0.465253613957,0.657575566480E-01,0.882731566471,0.479232882169
-0.527806801237,0.784821470197,0.324769519023,0.622813075144
-0.544984667315,0.746504830226,0.381735839084,0.610873253955
-0.559433029131,0.704449391281,0.436790271230,0.632509558605
-0.571079523430,0.658865784057,0.489657080535,0.590523016473
-0.579865819844,0.609982309749,0.540071488573,0.569043941085
-0.585747913037,0.558043796624,0.587780999543,0.582673428266
-0.588696343100,0.503310373820,0.632546664860,0.573099700154
-0.588696343100,0.446056168521,0.674144279918,0.521072365530
-0.585747913037,0.386567933007,0.712365506986,0.544818201355
-0.579865819844,0.325143608492,0.747018918658,0.563486657029
-0.571079523430,0.262090832907,0.777930956593,0.517767498608
-0.559433029131,0.197725400125,0.804946800765,0.469135445568
-0.544984667315,0.132369678342,0.827931144871,0.512226149798
-0.527806801237,0.663509955198E-01,0.846768873992,0.571294450282
-0.587485993171,0.746376578698,0.312701472014,0.705369778993
-0.605580941905,0.705016065005,0.369085452011,0.679947698705
-0.620516409868,0.659977290410,0.423543812643,0.705729710462
-0.632214474652,0.611495234471,0.475792429804,0.673258223743
-0.640614104267,0.559822841285,0.525558708223,0.632155989515
-0.645671475557,0.505229699804,0.572583003666,0.635951378122
-0.647360202837,0.448000637324,0.616619977572,0.645323374306
-0.645671475557,0.388434233454,0.657439877048,0.588196317622
-0.640614104267,0.326841262355,0.694829733558,0.574092933264
-0.632214474652,0.263543071338,0.728594474032,0.605428943179
-0.620516409868,0.198869904312,0.758557938620,0.599694236770
-0.605580941905,0.133159178811,0.784563799764,0.533012533337
-0.587485993171,0.667537255926E-01,0.806476377799,0.494247053024
-0.643978595563,0.704101811811,0.299219329358,0.788878171186
-0.662516005178,0.659665937098,0.354842774078,0.746679672681
-0.677467778717,0.611659851305,0.408545756435,0.770830691806
-0.688752994937,0.560343370575,0.460037627828,0.752061825815
-0.696310576553,0.505994227405,0.509039706519,0.702396414118
-0.700099620799,0.448906567516,0.555286785902,0.680962265196
-0.700099620799,0.389389357895,0.598528569840,0.707407981909
-0.696310576553,0.327764714614,0.638531027307,0.664088843283
-0.688752994937,0.264366159494,0.675077658999,0.616045283952
-0.677467778717,0.199536815032,0.707970669058,0.621860739912
-0.662516005178,0.133627547373,0.737032035576,0.651056944072
-0.643978595563,0.669950673674E-01,0.762104474075,0.620944596136
-0.697001063407,0.658245113616,0.284434329872,0.872698560945
-0.715495195664,0.610762520952,0.339169232068,0.817685510962
-0.729987893098,0.559864215038,0.392007317089,0.827121449589
-0.740398104731,0.505834846637,0.442653085880,0.824510146533
-0.746667611049,0.448976577102,0.490823300001,0.777679394870
-0.748761349594,0.389607388526,0.536248565649,0.726543813424
-0.746667611049,0.328059305415,0.578674840252,0.747877799702
-0.740398104731,0.264676537826,0.617864853212,0.732778274778
-0.729987893098,0.199813556364,0.653599432852,0.675124153103
-0.715495195664,0.133833109784,0.685678732138,0.633142666200
-0.697001063407,0.671041963112E-01,0.713923346338,0.653507559130
-0.746298692806,0.609070346275,0.268461495199,0.954049267026
-0.764266992496,0.558627869085,0.322227975296,0.892382888386
-0.777834537618,0.504968735712,0.374139022347,0.879990250598
-0.786923204379,0.448401922834,0.423895725396,0.883596182125
-0.791480658985,0.389253149949,0.471211578495,0.855626621981
-0.791480658985,0.327863003833,0.515814130448,0.782159780883
-0.786923204379,0.264584977401,0.557446553621,0.777901043587
-0.777834537618,0.199783434240,0.595869122788,0.781362913032
-0.764266992496,0.133831510559,0.630860595507,0.745873872051
-0.746298692806,0.671089666143E-01,0.662219486059,0.674516063602
-0.791645004410,0.556854735611,0.251417959620,1.02872293648
-0.808620484652,0.503593977086,0.304180896909,0.972417067540
-0.820817985845,0.447357581018,0.355146489238,0.934308479453
-0.828165435361,0.388477837188,0.404013590969,0.930225981112
-0.830619418567,0.327302654394,0.450493456031,0.923498658338
-0.828165435361,0.264193504734,0.494311444062,0.849321580328
-0.820817985845,0.199523287732,0.535208643209,0.806571634714
-0.808620484652,0.133674126954,0.572943399984,0.803076874123
-0.791645004410,0.670351121085E-01,0.607292747147,0.795555124179
-0.832840949335,0.501886675144,0.233421760819,1.09425181708
-0.848382585057,0.445999542747,0.285186600740,1.05174303785
-0.858796161503,0.387416560467,0.335227626642,0.997563798647
-0.864018733677,0.326491833883,0.383242364911,0.969620194116
-0.864018733677,0.263593623275,0.428940589853,0.977483006692
-0.858796161503,0.199102117674,0.472046077969,0.920959714193
-0.848382585057,0.133407136802,0.512298277591,0.854069027301
-0.832840949335,0.669057748023E-01,0.549453883787,0.817498519538
-0.869714096514,0.444463826438,0.214591000073,1.14763902842
-0.883415308062,0.386187385588,0.265399127156,1.12379811564
-0.891669970470,0.325529971084,0.314570980365,1.06654719922
-0.894427191000,0.262865556060,0.361803398875,1.00909461360
-0.891669970470,0.198580487470,0.406805179119,1.01107035969
-0.883415308062,0.133071104141,0.449298870157,0.979116133310
-0.869714096514,0.667412932035E-01,0.489022484254,0.911552916986
-0.902117895646,0.384891443810,0.195043274267,1.19349907932
-0.913613298923,0.324502374953,0.244967240016,1.18319956670
-0.919379080282,0.262078226351,0.293354921575,1.13811602556
-0.919379080282,0.198010483953,0.339902861100,1.05742252781
-0.913613298923,0.132700941321,0.384319138483,1.03596520027
-0.902117895646,0.665591798242E-01,0.426325202089,1.01753220810
-0.929931058927,0.323480854379,0.174895290083,1.23406390129
-0.938901702091,0.261289721939,0.224034093431,1.22652242768
-0.941898272036,0.197436047056,0.271747405617,1.19950129351
-0.938901702091,0.132326119895,0.317731634881,1.11214775270
-0.929931058927,0.663742239452E-01,0.361694191326,1.05805486602
-0.953057068840,0.260548034359,0.154262585634,1.27837023458
-0.959234383595,0.196893510860,0.202737127115,1.25888253115
-0.959234383595,0.131971024900,0.249906074189,1.24779325199
-0.953057068840,0.661986668199E-01,0.295465666442,1.16949380206
-0.971423796548,0.196412234981,0.133259301553,1.32537867108
-0.974592477666,0.131655371352,0.181208072862,1.28385831262
-0.971423796548,0.660424085863E-01,0.227978524797,1.27624995874
-0.984983202867,0.131394623902,0.111997959262,1.37734344762
-0.984983202867,0.659132172125E-01,0.159572986015,1.31092922987
-0.993711088241,0.658169189352E-01,0.905892172835E-01,1.42420134123
0.344248133243,-0.551859056508,0.759568828026,0.332847200009
0.290377153255,-0.529214985840,0.797253164076,0.245981243188
0.290377153255,-0.594696392529,0.749678137323,0.283983912325
0.234746569611,-0.504209442103,0.831063707877,0.228066595766
0.235512287957,-0.571251659136,0.786260455674,0.205656557880
0.234746569611,-0.634579268498,0.736344484632,0.229394132809
0.177616415006,-0.476939852471,0.860802408364,0.201510142820
0.178767649844,-0.545374462025,0.818907090908,0.157879802529
0.178767649844,-0.610296947985,0.771738143835,0.166086405143
0.177616415006,-0.671289220009,0.719599327557,0.167905493073
0.119258442309,-0.447514620238,0.886288941944,0.117443170250
0.120408876978,-0.517143212925,0.847386924416,0.129280685258
0.120793170266,-0.583481310545,0.803093126768,0.102057068200
0.120408876978,-0.646106814969,0.753689382966,0.117879672885
0.119258442309,-0.704621250671,0.699490040701,0.107672779079
0.599553417623E-01,-0.416052740841,0.907361820793,0.535826256504E-01
0.607193337366E-01,-0.486647988346,0.871485454812,0.667691643017E-01
0.611025313138E-01,-0.554191278329,0.830143666898,0.570768407967E-01
0.611025313138E-01,-0.618259020727,0.783595727373,0.554551964740E-01
0.607193337366E-01,-0.678449421978,0.732133556346,0.599115113038E-01
0.599553417623E-01,-0.734385004827,0.676079892971,0.517491957411E-01
0.352604875335E-16,-0.382683432365,0.923879532511,0.242959185657E-02
0.387200689138E-16,-0.453990499740,0.891006524188,0.191854489515E-02
0.419409281934E-16,-0.522498564716,0.852640164354,0.134421520020E-02
0.449032077040E-16,-0.587785252292,0.809016994375,0.141843308669E-02
0.475886440072E-16,-0.649448048330,0.760405965600,0.206837923824E-02
0.499806804953E-16,-0.707106781187,0.707106781187,0.227853240813E-02
0.520645694679E-16,-0.760405965600,0.649448048330,0.177411136294E-02
-0.603052173211E-01,-0.347545806658,0.935721749794,0.992617758474E-01
-0.614305723130E-01,-0.419284189181,0.905774283963,0.508190095296E-01
-0.621846094327E-01,-0.488488203113,0.870351854004,0.700021678837E-01
-0.625627708935E-01,-0.554739543918,0.829668571245,0.601070596557E-01
-0.625627708935E-01,-0.617637754526,0.783970346303,0.541008446328E-01
-0.621846094327E-01,-0.676802645907,0.733533402677,0.597723557083E-01
-0.614305723130E-01,-0.731876595126,0.678662607112,0.558157405123E-01
-0.603052173211E-01,-0.782526707000,0.619689626826,0.608163798229E-01
-0.120649195318,-0.310788607818,0.942790651693,0.218812573616
-0.123236312043,-0.382654501665,0.915635486288,0.122483405566
-0.125095249693,-0.452259365490,0.883070011285,0.127883807867
-0.126215024171,-0.519191917874,0.845286649657,0.135013202046
-0.126589018950,-0.583056667559,0.802508655839,0.107200420554
-0.126215024171,-0.643476250328,0.754988796564,0.122105617783
-0.125095249693,-0.700093658776,0.703007857315,0.115048199933
-0.123236312043,-0.752574351797,0.646872983214,0.116431977907
-0.120649195318,-0.800608231321,0.586915864167,0.121848497484
-0.180712871639,-0.272570042772,0.945012396642,0.331749061130
-0.185063814588,-0.344239381112,0.920462184460,0.209296905337
-0.188349134613,-0.413926541701,0.890611824290,0.176031424917
-0.190549914389,-0.481230256273,0.855633198616,0.213867571911
-0.191653481522,-0.545762980773,0.815727719180,0.167196519397
-0.191653481522,-0.607153126889,0.771125167226,0.179857620399
-0.190549914389,-0.665047201706,0.722082370391,0.182116780775
-0.188349134613,-0.719111843172,0.668881723849,0.170153575255
-0.185063814588,-0.769035739638,0.611829564250,0.186273779670
-0.180712871639,-0.814531422432,0.551254405782,0.177227451140
-0.240170198604,-0.233057722004,0.942338778740,0.432064468334
-0.246542842277,-0.304190023956,0.920154908832,0.276620484816
-0.251536685477,-0.373621131319,0.892825036662,0.229283522933
-0.255123799940,-0.440962747915,0.860502005608,0.289218785400
-0.257284124589,-0.505838263123,0.823366583482,0.235393650709
-0.258005577724,-0.567884858090,0.781626451584,0.232304550599
-0.257284124589,-0.626755534810,0.735515043231,0.253121459330
-0.255123799940,-0.682121056726,0.685290238275,0.226870733174
-0.251536685477,-0.733671789994,0.631232920899,0.247950749116
-0.246542842277,-0.781119435124,0.573645408762,0.245511575277
-0.240170198604,-0.824198639309,0.512849762274,0.241873029686
-0.298689386164,-0.192428714912,0.934749078775,0.482957775410
-0.307287385441,-0.262671897075,0.914646345445,0.298952569655
-0.314222299258,-0.331493459499,0.889593408788,0.297675787654
-0.319456594821,-0.398520929556,0.859725859057,0.362266562555
-0.322961943336,-0.463391544517,0.825205343916,0.298812667017
-0.324719373331,-0.525754214875,0.786218693574,0.286807951460
-0.324719373331,-0.585271424496,0.742976909636,0.320406610729
-0.322961943336,-0.641621057307,0.695714023128,0.289951615278
-0.319456594821,-0.694498140637,0.644685827886,0.305025770895
-0.314222299258,-0.743616495772,0.590168496165,0.317399383985
-0.307287385441,-0.788710286800,0.532457083946,0.302853677442
-0.298689386164,-0.829535459356,0.471863934057,0.321213707657
-0.355934576282,-0.150869701487,0.922252086243,0.426654517362
-0.366897591547,-0.219865981192,0.903905474943,0.309377973066
-0.375946402110,-0.287715160168,0.880842942499,0.393516724799
-0.383033797862,-0.354063250761,0.853184812427,0.427445412647
-0.388122801928,-0.418564096906,0.821075384727,0.349069592672
-0.391186863587,-0.480881180114,0.784682183033,0.345801632537
-0.392209996795,-0.540689375183,0.744195080593,0.386612823078
-0.391186863587,-0.597676646464,0.699825309651,0.352670903151
-0.388122801928,-0.651545675835,0.651804359393,0.364237962419
-0.383033797862,-0.702015413894,0.600382768199,0.387043568517
-0.375946402110,-0.748822546265,0.545828816522,0.371004897836
-0.366897591547,-0.791722867386,0.488427127190,0.381770271261
-0.355934576282,-0.830492554593,0.428477180458,0.403335947729
-0.411568118698,-0.108577168652,0.904888215261,0.351431664059
-0.424962910141,-0.175970133778,0.887942023458,0.411502396446
-0.436229314964,-0.242481769100,0.866548657849,0.495336739766
-0.445310906442,-0.307778957372,0.840815265087,0.463026321409
-0.452162200280,-0.371534663789,0.810870728440,0.385502658779
-0.456748882422,-0.433429573914,0.776865022294,0.414825579939
-0.459047980901,-0.493153692932,0.738968461017,0.449350884087
-0.459047980901,-0.550407898232,0.697370845960,0.411229892139
-0.456748882422,-0.604905437530,0.652280514850,0.426333239720
-0.452162200280,-0.656373365046,0.603923298355,0.454669099443
-0.445310906442,-0.704553908523,0.552541389029,0.439795047885
-0.436229314964,-0.749205760256,0.498392128314,0.444757432033
-0.424962910141,-0.790105285662,0.441746717671,0.477859549448
-0.411568118698,-0.827047643329,0.382888860293,0.463527784372
-0.465253613957,-0.657575566480E-01,0.882731566471,0.479232882169
-0.481066795482,-0.131200378813,0.866810936066,0.545050039690
-0.494577453665,-0.196015238421,0.846741500479,0.535409644273
-0.505720922628,-0.259891913008,0.822619317771,0.455546674963
-0.514443866541,-0.322524670529,0.794559843611,0.437191865050
-0.520704534897,-0.383613732685,0.762697378672,0.493902157608
-0.524472962347,-0.442866709743,0.727184425829,0.503017679214
-0.525731112119,-0.500000000000,0.688190960236,0.464566073490
-0.524472962347,-0.554740147179,0.645903615777,0.495032057566
-0.520704534897,-0.606825149272,0.600524791785,0.521679737669
-0.514443866541,-0.656005712554,0.552271684296,0.506692371651
-0.505720922628,-0.702046444776,0.501375246491,0.512771097086
-0.494577453665,-0.744726981819,0.448079083284,0.553885481713
-0.481066795482,-0.783843042420,0.392638285365,0.542050036637
-0.465253613957,-0.819207405919,0.335318208256,0.542423554175
-0.527806801237,-0.663509955198E-01,0.846768873992,0.571294450282
-0.544984667315,-0.132369678342,0.827931144871,0.512226149798
-0.559433029131,-0.197725400125,0.804946800765,0.469135445568
-0.571079523430,-0.262090832907,0.777930956593,0.517767498608
-0.579865819844,-0.325143608492,0.747018918658,0.563486657029
-0.585747913037,-0.386567933007,0.712365506986,0.544818201355
-0.588696343100,-0.446056168521,0.674144279918,0.521072365530
-0.588696343100,-0.503310373820,0.632546664860,0.573099700154
-0.585747913037,-0.558043796624,0.587780999543,0.582673428266
-0.579865819844,-0.609982309749,0.540071488573,0.569043941085
-0.571079523430,-0.658865784057,0.489657080535,0.590523016473
-0.559433029131,-0.704449391281,0.436790271230,0.632509558605
-0.544984667315,-0.746504830226,0.381735839084,0.610873253955
-0.527806801237,-0.784821470197,0.324769519023,0.622813075144
-0.587485993171,-0.667537255926E-01,0.806476377799,0.494247053024
-0.605580941905,-0.133159178811,0.784563799764,0.533012533337
-0.620516409868,-0.198869904312,0.758557938620,0.599694236770
-0.632214474652,-0.263543071338,0.728594474032,0.605428943179
-0.640614104267,-0.326841262355,0.694829733558,0.574092933264
-0.645671475557,-0.388434233454,0.657439877048,0.588196317622
-0.647360202837,-0.448000637324,0.616619977572,0.645323374305
-0.645671475557,-0.505229699804,0.572583003666,0.635951378122
-0.640614104267,-0.559822841285,0.525558708223,0.632155989515
-0.632214474652,-0.611495234471,0.475792429804,0.673258223743
-0.620516409868,-0.659977290410,0.423543812643,0.705729710462
-0.605580941905,-0.705016065005,0.369085452011,0.679947698705
-0.587485993171,-0.746376578698,0.312701472014,0.705369778993
-0.643978595563,-0.669950673674E-01,0.762104474075,0.620944596136
-0.662516005178,-0.133627547373,0.737032035576,0.651056944072
-0.677467778717,-0.199536815032,0.707970669058,0.621860739912
-0.688752994937,-0.264366159494,0.675077658999,0.616045283952
-0.696310576553,-0.327764714614,0.638531027307,0.664088843283
-0.700099620799,-0.389389357895,0.598528569840,0.707407981909
-0.700099620799,-0.448906567516,0.555286785902,0.680962265196
-0.696310576553,-0.505994227405,0.509039706519,0.702396414118
-0.688752994937,-0.560343370575,0.460037627828,0.752061825815
-0.677467778717,-0.611659851305,0.408545756435,0.770830691806
-0.662516005178,-0.659665937098,0.354842774078,0.746679672681
-0.643978595563,-0.704101811811,0.299219329358,0.788878171186
-0.697001063407,-0.671041963112E-01,0.713923346338,0.653507559130
-0.715495195664,-0.133833109784,0.685678732138,0.633142666200
-0.729987893098,-0.199813556364,0.653599432852,0.675124153103
-0.740398104731,-0.264676537826,0.617864853212,0.732778274778
-0.746667611049,-0.328059305415,0.578674840252,0.747877799702
-0.748761349594,-0.389607388526,0.536248565649,0.726543813423
-0.746667611049,-0.448976577102,0.490823300001,0.777679394870
-0.740398104731,-0.505834846637,0.442653085880,0.824510146533
-0.729987893098,-0.559864215038,0.392007317089,0.827121449589
-0.715495195664,-0.610762520952,0.339169232068,0.817685510962
-0.697001063407,-0.658245113616,0.284434329872,0.872698560945
-0.746298692806,-0.671089666143E-01,0.662219486059,0.674516063602
-0.764266992496,-0.133831510559,0.630860595507,0.745873872051
-0.777834537618,-0.199783434240,0.595869122788,0.781362913032
-0.786923204379,-0.264584977401,0.557446553621,0.777901043587
-0.791480658985,-0.327863003833,0.515814130448,0.782159780883
-0.791480658985,-0.389253149949,0.471211578495,0.855626621981
-0.786923204379,-0.448401922834,0.423895725396,0.883596182125
-0.777834537618,-0.504968735712,0.374139022347,0.879990250598
-0.764266992496,-0.558627869085,0.322227975296,0.892382888386
-0.746298692806,-0.609070346275,0.268461495199,0.954049267026
-0.791645004410,-0.670351121085E-01,0.607292747147,0.795555124180
-0.808620484652,-0.133674126954,0.572943399984,0.803076874123
-0.820817985845,-0.199523287732,0.535208643209,0.806571634714
-0.828165435361,-0.264193504734,0.494311444062,0.849321580329
-0.830619418567,-0.327302654394,0.450493456031,0.923498658338
-0.828165435361,-0.388477837188,0.404013590969,0.930225981112
-0.820817985845,-0.447357581018,0.355146489238,0.934308479453
-0.808620484652,-0.503593977086,0.304180896909,0.972417067540
-0.791645004410,-0.556854735611,0.251417959620,1.02872293648
-0.832840949335,-0.669057748023E-01,0.549453883787,0.817498519538
-0.848382585057,-0.133407136802,0.512298277591,0.854069027301
-0.858796161503,-0.199102117674,0.472046077969,0.920959714193
-0.864018733677,-0.263593623275,0.428940589853,0.977483006692
-0.864018733677,-0.326491833883,0.383242364911,0.969620194116
-0.858796161503,-0.387416560467,0.335227626642,0.997563798647
-0.848382585057,-0.445999542747,0.285186600740,1.05174303785
-0.832840949335,-0.501886675144,0.233421760819,1.09425181708
-0.869714096514,-0.667412932035E-01,0.489022484254,0.911552916986
-0.883415308062,-0.133071104141,0.449298870157,0.979116133310
-0.891669970470,-0.198580487470,0.406805179119,1.01107035969
-0.894427191000,-0.262865556060,0.361803398875,1.00909461360
-0.891669970470,-0.325529971084,0.314570980365,1.06654719922
-0.883415308062,-0.386187385588,0.265399127156,1.12379811564
-0.869714096514,-0.444463826438,0.214591000073,1.14763902842
-0.902117895646,-0.665591798242E-01,0.426325202089,1.01753220810
-0.913613298923,-0.132700941321,0.384319138483,1.03596520027
-0.919379080282,-0.198010483953,0.339902861100,1.05742252781
-0.919379080282,-0.262078226351,0.293354921575,1.13811602556
-0.913613298923,-0.324502374953,0.244967240016,1.18319956670
-0.902117895646,-0.384891443810,0.195043274267,1.19349907932
-0.929931058927,-0.663742239452E-01,0.361694191326,1.05805486602
-0.938901702091,-0.132326119895,0.317731634881,1.11214775270
-0.941898272036,-0.197436047056,0.271747405617,1.19950129351
-0.938901702091,-0.261289721939,0.224034093431,1.22652242768
-0.929931058927,-0.323480854379,0.174895290083,1.23406390129
-0.953057068840,-0.661986668199E-01,0.295465666442,1.16949380206
-0.959234383595,-0.131971024900,0.249906074189,1.24779325199
-0.959234383595,-0.196893510860,0.202737127115,1.25888253115
-0.953057068840,-0.260548034359,0.154262585634,1.27837023458
-0.971423796548,-0.660424085863E-01,0.227978524797,1.27624995874
-0.974592477666,-0.131655371352,0.181208072862,1.28385831262
-0.971423796548,-0.196412234981,0.133259301553,1.32537867108
-0.984983202867,-0.659132172125E-01,0.159572986015,1.31092922987
-0.984983202867,-0.131394623902,0.111997959262,1.37734344762
-0.993711088241,-0.658169189352E-01,0.905892172835E-01,1.42420134123
0.344248133243,-0.892926710429,-0.290129475511,0.599027050511
0.290377153255,-0.921769241134,-0.256948584285,0.496573044527
0.290377153255,-0.896757569410,-0.333926594588,0.514640459945
0.234746569611,-0.946197841167,-0.222718866348,0.398286070122
0.235512287957,-0.924304600611,-0.300324770057,0.410713372535
0.234746569611,-0.896400998591,-0.375977788946,0.421069413914
0.177616415006,-0.966054259426,-0.187594181590,0.295856620080
0.178767649844,-0.947356902113,-0.265625728025,0.309093581250
0.178767649844,-0.922558719110,-0.341946687604,0.315823078818
0.177616415006,-0.891819406718,-0.416065565653,0.321960497578
0.119258442309,-0.981200496441,-0.151733350727,0.197343254647
0.120408876978,-0.965718897608,-0.229975462055,0.204071903442
0.120793170266,-0.944092592263,-0.306754278294,0.212378749910
0.120408876978,-0.916459184939,-0.381581268783,0.215496450601
0.119258442309,-0.882994502348,-0.453980321998,0.216431787705
0.599553417623E-01,-0.991519739779,-0.115299447627,0.965644618330E-01
0.607193337366E-01,-0.979214419333,-0.193525924571,0.103323665090
0.611025313138E-01,-0.960768067003,-0.270538725684,0.103781163133
0.611025313138E-01,-0.936296366989,-0.345854873943,0.110584654836
0.607193337366E-01,-0.905952790776,-0.419002032686,0.106790718105
0.599553417623E-01,-0.869927634652,-0.489521467827,0.110980200634
-0.154880826252E-15,-0.996917333733,-0.784590957278E-01,0.875228186500E-03
-0.129168901813E-15,-0.987688340595,-0.156434465040,0.146003806301E-02
-0.102660608141E-15,-0.972369920398,-0.233445363856,0.991901066588E-03
-0.755193776827E-16,-0.951056516295,-0.309016994375,0.569427432672E-03
-0.479125451477E-16,-0.923879532511,-0.382683432365,0.140292097220E-02
-0.200103158394E-16,-0.891006524188,-0.453990499740,0.142541654905E-02
0.801528372020E-17,-0.852640164354,-0.522498564716,0.352562412980E-03
-0.603052173211E-01,-0.997321828162,-0.413817814406E-01,0.935596233939E-01
-0.614305723130E-01,-0.991008474985,-0.118863313487,0.971330752865E-01
-0.621846094327E-01,-0.978704958534,-0.195626374731,0.105685360589
-0.625627708935E-01,-0.960485647570,-0.271206969876,0.106973449030
-0.625627708935E-01,-0.936460668950,-0.345148251058,0.113154509601
-0.621846094327E-01,-0.906775241960,-0.417003279266,0.111395947842
-0.614305723130E-01,-0.871608800539,-0.486337725874,0.115762659497
-0.603052173211E-01,-0.831173908689,-0.552732497940,0.111081376850
-0.120649195318,-0.992686154269,-0.423919714464E-02,0.184059085811
-0.123236312043,-0.989067839774,-0.809791313821E-01,0.192566324124
-0.125095249693,-0.979605318379,-0.157240575895,0.206701151953
-0.126215024171,-0.964354502258,-0.232572916840,0.214651040229
-0.126589018950,-0.943405505478,-0.306531030264,0.222669136734
-0.126215024171,-0.916882111530,-0.378677912254,0.226366703146
-0.125095249693,-0.884941041922,-0.448587261106,0.228748574043
-0.123236312043,-0.847771030137,-0.515845996258,0.229142939901
-0.120649195318,-0.805591706447,-0.580056699102,0.226617580474
-0.180712871639,-0.982988973180,0.327953751325E-01,0.270982381510
-0.185063814588,-0.981787377431,-0.429526488944E-01,0.284321100440
-0.188349134613,-0.974932514789,-0.118453345655,0.304081536964
-0.190549914389,-0.962463856498,-0.193271971743,0.318957298521
-0.191653481522,-0.944453198808,-0.266977711208,0.332369316505
-0.191653481522,-0.921004249566,-0.339146156253,0.338780680370
-0.190549914389,-0.892252031051,-0.409361751038,0.346215855733
-0.188349134613,-0.858362102494,-0.477220184498,0.345767870731
-0.185063814588,-0.819529606772,-0.542330718432,0.347774216180
-0.180712871639,-0.775978146740,-0.604318437421,0.340368475966
-0.240170198604,-0.968236232848,0.695476319045E-01,0.350774600140
-0.246542842277,-0.969119208967,-0.495840018853E-02,0.374045199293
-0.251536685477,-0.964582348064,-0.794367022349E-01,0.395705309250
-0.255123799940,-0.954651022710,-0.153470751422,0.419114162836
-0.257284124589,-0.939380774230,-0.226646509438,0.438821276428
-0.258005577724,-0.918857002086,-0.298554737999,0.449756588981
-0.257284124589,-0.893194486273,-0.368793287529,0.460860626202
-0.255123799940,-0.862536745414,-0.436969346195,0.464887173004
-0.251536685477,-0.827055234123,-0.502701636729,0.467579969830
-0.246542842277,-0.786948384136,-0.565622548727,0.463432340068
-0.240170198604,-0.742440494578,-0.625380194532,0.455446278828
-0.298689386164,-0.948462945583,0.105842767578,0.418594281602
-0.307287385441,-0.951050447082,0.328254452247E-01,0.460704638601
-0.314222299258,-0.948490720790,-0.403695333660E-01,0.484127184839
-0.319456594821,-0.940797620330,-0.113346025982,0.512065722491
-0.322961943336,-0.928012781918,-0.185709072890,0.541933558754
-0.324719373331,-0.910205399017,-0.257067034417,0.557521310873
-0.324719373331,-0.887471847857,-0.327033710563,0.573351278528
-0.322961943336,-0.859935165830,-0.395230431173,0.581613014045
-0.319456594821,-0.827744385593,-0.461288105358,0.588739073882
-0.314222299258,-0.791073728481,-0.524849219069,0.586832333644
-0.307287385441,-0.750121661594,-0.585569770016,0.580285473673
-0.298689386164,-0.705109823668,-0.643121129462,0.568071023817
-0.355934576282,-0.923735157984,0.141505955036,0.482072409580
-0.366897591547,-0.927607516733,0.702171789417E-01,0.533532489151
-0.375946402110,-0.926640294327,-0.143793930679E-02,0.574028706193
-0.383033797862,-0.920838537031,-0.730855554341E-01,0.596791665967
-0.388122801928,-0.910232514193,-0.144351864306,0.638045060353
-0.391186863587,-0.894877560324,-0.214865050171,0.661374652269
-0.392209996795,-0.874853786402,-0.284257226526,0.681193667721
-0.391186863587,-0.850265661910,-0.352166355481,0.694435386408
-0.388122801928,-0.821241469795,-0.418238136607,0.705688001841
-0.383033797862,-0.787932637174,-0.482127855420,0.708982325215
-0.375946402110,-0.750512945302,-0.543502181849,0.704816613044
-0.366897591547,-0.709177622907,-0.602040909312,0.693112238928
-0.355934576282,-0.664142327629,-0.657438625317,0.679483430860
-0.411568118698,-0.894152023958,0.176362812758,0.546227268348
-0.424962910141,-0.898860809342,0.107031632865,0.594417810387
-0.436229314964,-0.899067735212,0.371643951424E-01,0.654006180115
-0.445310906442,-0.894771765200,-0.328889769453E-01,0.683982531741
-0.452162200280,-0.885994415266,-0.102777627697,0.720781310584
-0.456748882422,-0.872779645938,-0.172151526401,0.761117795243
-0.459047980901,-0.855193642142,-0.240663220437,0.783727236216
-0.459047980901,-0.833324481716,-0.307969575451,0.802851909768
-0.456748882422,-0.807281694287,-0.373733493917,0.818156402167
-0.452162200280,-0.777195712697,-0.437625603459,0.826793418927
-0.445310906442,-0.743217219745,-0.499325906476,0.827752028476
-0.436229314964,-0.705516393506,-0.558525382826,0.818497414533
-0.424962910141,-0.664282055008,-0.614927537518,0.804976446388
-0.411568118698,-0.619720722544,-0.668249885687,0.788515240586
-0.465253613957,-0.859847810944,0.210239902765,0.615952358054
-0.481066795482,-0.864929335863,0.143080334944,0.647061855298
-0.494577453665,-0.865871061477,0.752359436968E-01,0.719433038249
-0.505720922628,-0.862668480416,0.703145169386E-02,0.766161112532
-0.514443866541,-0.855336921151,-0.612066948490E-01,0.801421459057
-0.520704534897,-0.843911474622,-0.129151888636,0.844215197514
-0.524472962347,-0.828446826286,-0.196478924526,0.883945093281
-0.525731112119,-0.809016994375,-0.262865556060,0.902509524799
-0.524472962347,-0.785714975624,-0.327994037822,0.924962070227
-0.520704534897,-0.758652300163,-0.391552646262,0.937646958897
-0.514443866541,-0.727958497701,-0.453237171692,0.943893246783
-0.505720922628,-0.693780477560,-0.512752374322,0.940098768951
-0.494577453665,-0.656281825525,-0.569813397361,0.927172140300
-0.481066795482,-0.615642020874,-0.624147130426,0.912427312396
-0.465253613957,-0.572055577341,-0.675493516722,0.892053508702
-0.527806801237,-0.825828640615,0.198562425719,0.700811416381
-0.544984667315,-0.828313790521,0.129953748791,0.740776079326
-0.559433029131,-0.826650408997,0.606942107782E-01,0.824939983217
-0.571079523430,-0.820846826933,-0.886930845957E-02,0.868932471524
-0.579865819844,-0.810932111022,-0.783884066031E-01,0.911339676544
-0.585747913037,-0.796955918183,-0.147514903812,0.961554000156
-0.588696343100,-0.778988246857,-0.215902586550,0.997075021904
-0.588696343100,-0.757119086432,-0.283208941564,1.01966146263
-0.585747913037,-0.731457966532,-0.349096871328,1.04009487141
-0.579865819844,-0.702133408453,-0.413236382365,1.05285557361
-0.571079523430,-0.669292281478,-0.475306237990,1.05073588395
-0.559433029131,-0.633099067291,-0.534995567190,1.04428299028
-0.544984667315,-0.593735036187,-0.592005421593,1.02394213324
-0.527806801237,-0.551397339202,-0.646050272726,1.00873838023
-0.587485993171,-0.787632649990,0.185728340590,0.781899368855
-0.605580941905,-0.787312963424,0.115801642586,0.835302035227
-0.620516409868,-0.782885650614,0.452707758605E-01,0.926682116639
-0.632214474652,-0.774373810058,-0.254962808370E-01,0.965519016465
-0.640614104267,-0.761821850346,-0.961303164907E-01,1.01942006595
-0.645671475557,-0.745295258473,-0.166262814091,1.06940563158
-0.647360202837,-0.724880258171,-0.235527873290,1.10508182969
-0.645671475557,-0.700683360059,-0.303564119402,1.12576847869
-0.640614104267,-0.672830805948,-0.370016588792,1.14796404016
-0.632214474652,-0.641467910200,-0.434538580823,1.15141841294
-0.620516409868,-0.606758301589,-0.496793466682,1.14822655609
-0.605580941905,-0.568883069599,-0.556456445668,1.13124543090
-0.587485993171,-0.528039819635,-0.613216239762,1.11100733751
-0.643978595563,-0.745507040523,0.171787138599,0.860049908914
-0.662516005178,-0.742252303208,0.100668074706,0.929656772204
-0.677467778717,-0.734980385002,0.290041800808E-01,1.02083460642
-0.688752994937,-0.723730642618,-0.428166895212E-01,1.05784130012
-0.696310576553,-0.708563961349,-0.114405828772,1.12040697075
-0.700099620799,-0.689562425553,-0.185375786503,1.17064259582
-0.700099620799,-0.666828874394,-0.255342462649,1.20147491183
-0.696310576553,-0.640486345262,-0.323927187055,1.22570476349
-0.688752994937,-0.610677407880,-0.390758768897,1.23948251001
-0.677467778717,-0.577563392692,-0.455475505622,1.24196912585
-0.662516005178,-0.541323517720,-0.517727140534,1.22909849667
-0.643978595563,-0.502153918607,-0.577176758441,1.20897840028
-0.697001063407,-0.699717787724,0.156794563527,0.937695617415
-0.715495195664,-0.693475931619,0.846035297563E-01,1.02250591758
-0.729987893098,-0.683355784283,0.119393474414E-01,1.10890990221
-0.740398104731,-0.669413943038,-0.607916061403E-01,1.14489559840
-0.746667611049,-0.651728378174,-0.133182580291,1.21790302961
-0.748761349594,-0.630397996903,-0.204828725660,1.26011189593
-0.746667611049,-0.605542090216,-0.275329358381,1.29247289477
-0.740398104731,-0.577299665742,-0.344290200914,1.31082131015
-0.729987893098,-0.545828670342,-0.411325587052,1.32275401670
-0.715495195664,-0.511305106787,-0.476060618782,1.31705664214
-0.697001063407,-0.473922049454,-0.538133262910,1.29988528337
-0.746298692806,-0.650545968592,0.140812655198,1.01450767168
-0.764266992496,-0.641340291376,0.676653148900E-01,1.11160688098
-0.777834537618,-0.628441688462,-0.587165161734E-02,1.18706414920
-0.786923204379,-0.611924431781,-0.793748083462E-01,1.22926973823
-0.791480658985,-0.591883629971,-0.152420914000,1.30479839821
-0.791480658985,-0.568434680729,-0.224589359046,1.34184766984
-0.786923204379,-0.541712606333,-0.295464587641,1.36981550577
-0.777834537618,-0.511871276166,-0.364638490460,1.38719883453
-0.764266992496,-0.479082520717,-0.431712754648,1.39137704604
-0.746298692806,-0.443535142152,-0.496301157355,1.38271941068
-0.791645004410,-0.598284713334,0.123909599238,1.09367355321
-0.808620484652,-0.586209130960,0.499175979106E-01,1.19428067212
-0.820817985845,-0.570669754384,-0.243693566627E-01,1.25996631191
-0.828165435361,-0.551758402720,-0.985123175112E-01,1.30912966173
-0.830619418567,-0.529586819418,-0.172073188494,1.38565608434
-0.828165435361,-0.504286011992,-0.244617312926,1.41142026171
-0.820817985845,-0.476005477927,-0.315716041874,1.44037857686
-0.808620484652,-0.444912321322,-0.384949266965,1.45015111195
-0.791645004410,-0.411190265513,-0.451907902719,1.45257696770
-0.832840949335,-0.543236718016,0.106159414612,1.17199564609
-0.848382585057,-0.528449687632,0.314311471890E-01,1.26786897514
-0.858796161503,-0.510468436422,-0.434871062012E-01,1.32437745968
-0.864018733677,-0.489401652284,-0.118142501227,1.38556559535
-0.864018733677,-0.465376673664,-0.192083782409,1.45258698649
-0.858796161503,-0.438538719847,-0.264864010736,1.47285336863
-0.848382585057,-0.409050013186,-0.336043265197,1.49752946552
-0.832840949335,-0.377088798542,-0.405191301887,1.50545608973
-0.869714096514,-0.485712214091,0.876415164589E-01,1.25078387239
-0.883415308062,-0.468429850867,0.122828457086E-01,1.33052933349
-0.891669970470,-0.448259461843,-0.631515528699E-01,1.38760008795
-0.894427191000,-0.425325404176,-0.138196601125,1.45485846118
-0.891669970470,-0.399769073957,-0.212389621379,1.51135059680
-0.883415308062,-0.371748034460,-0.285273188991,1.52377628372
-0.869714096514,-0.341435044712,-0.356397952529,1.54910407054
-0.902117895646,-0.426027279205,0.684401908847E-01,1.32198816812
-0.913613298923,-0.406516067028,-0.744494990680E-02,1.38269790583
-0.919379080282,-0.384455435563,-0.832834005415E-01,1.44557498183
-0.919379080282,-0.359983735549,-0.158599548800,1.51589469696
-0.913613298923,-0.333254438472,-0.232921058022,1.55565872030
-0.902117895646,-0.304435174078,-0.305781829315,1.56853682981
-0.929931058927,-0.364502380754,0.486440136892E-01,1.38591196943
-0.938901702091,-0.343071761634,-0.276651437735E-01,1.42690116688
-0.941898272036,-0.319458234741,-0.103798272591,1.50407887743
-0.938901702091,-0.293812048964,-0.179270950502,1.56489836780
-0.929931058927,-0.266296386661,-0.253602957582,1.59396477360
-0.953057068840,-0.301461060463,0.283452387357E-01,1.43451964530
-0.959234383595,-0.278456089778,-0.482866792714E-01,1.46706481226
-0.959234383595,-0.253657906776,-0.124607638850,1.55468688928
-0.953057068840,-0.227226207755,-0.200126145327,1.60236112443
-0.971423796548,-0.237228688186,0.763917547708E-02,1.47328035072
-0.974592477666,-0.213022865649,-0.692153247974E-01,1.50628574911
-0.971423796548,-0.187431845611,-0.145619747121,1.60028509754
-0.984983202867,-0.172131232447,-0.133764302181E-01,1.49924552783
-0.984983202867,-0.147119560723,-0.903544405209E-01,1.54518233013
-0.993711088241,-0.106494011872,-0.346020019880E-01,1.52278428533
