 $MeshFormat
 $quadratic
 $EndMeshFormat
 $PhysicalNames
 $
 "Cube mesh by EK"
 $EndPhysicalNames
 $Nodes
        5426
           1    0.50000000000000000         0.48333333333333328        -0.48333333333333334     
           2    0.50000000000000000         0.48333333333333328        -0.41428571428571426     
           3    0.50000000000000000         0.48333333333333328        -0.34523809523809523     
           4    0.50000000000000000         0.48333333333333328        -0.27619047619047621     
           5    0.50000000000000000         0.48333333333333328        -0.20714285714285713     
           6    0.50000000000000000         0.48333333333333328        -0.13809523809523805     
           7    0.50000000000000000         0.48333333333333328         -6.9047619047619024E-002
           8    0.50000000000000000         0.48333333333333328          1.1102230246251565E-016
           9    0.50000000000000000         0.48333333333333328          6.9047619047619135E-002
          10    0.50000000000000000         0.48333333333333328         0.13809523809523827     
          11    0.50000000000000000         0.48333333333333328         0.20714285714285730     
          12    0.50000000000000000         0.48333333333333328         0.27619047619047632     
          13    0.50000000000000000         0.48333333333333328         0.34523809523809534     
          14    0.50000000000000000         0.48333333333333328         0.41428571428571448     
          15    0.50000000000000000         0.48333333333333328         0.48333333333333350     
          16    0.48333333355662411         0.50000000022329072        -0.48333333333333334     
          17    0.48333333355662411         0.50000000022329072        -0.41428571428571426     
          18    0.48333333355662411         0.50000000022329072        -0.34523809523809523     
          19    0.48333333355662411         0.50000000022329072        -0.27619047619047621     
          20    0.48333333355662411         0.50000000022329072        -0.20714285714285713     
          21    0.48333333355662411         0.50000000022329072        -0.13809523809523805     
          22    0.48333333355662411         0.50000000022329072         -6.9047619047619024E-002
          23    0.48333333355662411         0.50000000022329072          1.1102230246251565E-016
          24    0.48333333355662411         0.50000000022329072          6.9047619047619135E-002
          25    0.48333333355662411         0.50000000022329072         0.13809523809523827     
          26    0.48333333355662411         0.50000000022329072         0.20714285714285730     
          27    0.48333333355662411         0.50000000022329072         0.27619047619047632     
          28    0.48333333355662411         0.50000000022329072         0.34523809523809534     
          29    0.48333333355662411         0.50000000022329072         0.41428571428571448     
          30    0.48333333355662411         0.50000000022329072         0.48333333333333350     
          31    0.48333333333333328         0.48333333333333328         0.50000000000000000     
          32    0.49444444444444446         0.49444444444444446         0.49444444444444446     
          33    0.41428574108061089         0.48333333333333328         0.50000000229670505     
          34    0.34523812203299187         0.48333333333333328         0.50000000414682888     
          35    0.27619050298537284         0.48333333333333328         0.50000000599695271     
          36    0.20714288393775382         0.48333333333333328         0.50000000784707654     
          37    0.13809526489013479         0.48333333333333328         0.50000000969720038     
          38     6.9047645842515770E-002    0.48333333333333328         0.50000001154732421     
          39     2.6794896634818599E-008    0.48333333333333328         0.50000001339744804     
          40    -6.9047592252722279E-002    0.48333333333333328         0.50000001524757187     
          41   -0.13809521130034141         0.48333333333333328         0.50000001709769548     
          42   -0.20714283034796044         0.48333333333333328         0.50000001894781931     
          43   -0.27619044939557946         0.48333333333333328         0.50000002079794315     
          44   -0.34523806844319838         0.48333333333333328         0.50000002264806698     
          45   -0.41428568749081751         0.48333333333333328         0.50000002449819081     
          46   -0.48333330653843654         0.48333333333333328         0.50000002634831464     
          47    0.41428574063402934         0.50000000022329072         0.48333333585332916     
          48    0.34523812158641021         0.50000000022329072         0.48333333770345299     
          49    0.27619050253879118         0.50000000022329072         0.48333333955357682     
          50    0.20714288349117216         0.50000000022329072         0.48333334140370066     
          51    0.13809526444355313         0.50000000022329072         0.48333334325382449     
          52     6.9047645395934110E-002    0.50000000022329072         0.48333334510394821     
          53     2.6348315085300555E-008    0.50000000022329072         0.48333334695407204     
          54    -6.9047592699303939E-002    0.50000000022329072         0.48333334880419587     
          55   -0.13809521174692307         0.50000000022329072         0.48333335065431970     
          56   -0.20714283079454210         0.50000000022329072         0.48333335250444354     
          57   -0.27619044984216112         0.50000000022329072         0.48333335435456737     
          58   -0.34523806888978004         0.50000000022329072         0.48333335620469109     
          59   -0.41428568793739917         0.50000000022329072         0.48333335805481492     
          60   -0.48333330698501820         0.50000000022329072         0.48333335990493875     
          61   -0.49999997365168469         0.48333333333333328         0.48333336012822958     
          62   -0.49444441779840809         0.49444444444444446         0.49444447109048018     
          63   -0.50000000459340943         0.48333333333333328         0.41428576787550764     
          64   -0.50000000829365709         0.48333333333333328         0.34523814882788861     
          65   -0.50000001199390454         0.48333333333333328         0.27619052978026970     
          66   -0.50000001569415220         0.48333333333333328         0.20714291073265079     
          67   -0.50000001939439986         0.48333333333333328         0.13809529168503176     
          68   -0.50000002309464753         0.48333333333333328          6.9047672637412738E-002
          69   -0.50000002679489519         0.48333333333333328          5.3589793713726408E-008
          70   -0.50000003049514286         0.48333333333333328         -6.9047565457825200E-002
          71   -0.50000003419539030         0.48333333333333328        -0.13809518450544422     
          72   -0.50000003789563796         0.48333333333333328        -0.20714280355306314     
          73   -0.50000004159588562         0.48333333333333328        -0.27619042260068205     
          74   -0.50000004529613329         0.48333333333333328        -0.34523804164830096     
          75   -0.50000004899638095         0.48333333333333328        -0.41428566069591999     
          76   -0.50000005269662862         0.48333333333333328        -0.48333327974353890     
          77   -0.48333333815003354         0.50000000022329072         0.41428576698234432     
          78   -0.48333334185028110         0.50000000022329072         0.34523814793472540     
          79   -0.48333334555052876         0.50000000022329072         0.27619052888710649     
          80   -0.48333334925077642         0.50000000022329072         0.20714290983948747     
          81   -0.48333335295102398         0.50000000022329072         0.13809529079186844     
          82   -0.48333335665127164         0.50000000022329072          6.9047671744249639E-002
          83   -0.48333336035151930         0.50000000022329072          5.2696630614690321E-008
          84   -0.48333336405176686         0.50000000022329072         -6.9047566350988410E-002
          85   -0.48333336775201452         0.50000000022329072        -0.13809518539860743     
          86   -0.48333337145226207         0.50000000022329072        -0.20714280444622635     
          87   -0.48333337515250974         0.50000000022329072        -0.27619042349384526     
          88   -0.48333337885275740         0.50000000022329072        -0.34523804254146417     
          89   -0.48333338255300495         0.50000000022329072        -0.41428566158908320     
          90   -0.48333338625325262         0.50000000022329072        -0.48333328063670211     
          91   -0.48333338692312500         0.48333333333333328        -0.49999994730336861     
          92   -0.49444449773651511         0.49444444444444446        -0.49444439115237093     
          93   -0.41428579467040283         0.48333333333333328        -0.49999995330031977     
          94   -0.34523817562278403         0.48333333333333328        -0.49999995885069115     
          95   -0.27619055657516522         0.48333333333333328        -0.49999996440106265     
          96   -0.20714293752754642         0.48333333333333328        -0.49999996995143414     
          97   -0.13809531847992762         0.48333333333333328        -0.49999997550180553     
          98    -6.9047699432308818E-002    0.48333333333333328        -0.49999998105217702     
          99    -8.0384689793433495E-008    0.48333333333333328        -0.49999998660254852     
         100     6.9047538662928898E-002    0.48333333333333328        -0.49999999215291990     
         101    0.13809515771054781         0.48333333333333328        -0.49999999770329118     
         102    0.20714277675816672         0.48333333333333328        -0.50000000325366267     
         103    0.27619039580578553         0.48333333333333328        -0.50000000880403417     
         104    0.34523801485340422         0.48333333333333328        -0.50000001435440544     
         105    0.41428563390102313         0.48333333333333328        -0.50000001990477694     
         106    0.48333325294864193         0.48333333333333328        -0.50000002545514843     
         107   -0.41428579333065807         0.50000000022329072        -0.48333328685694399     
         108   -0.34523817428303916         0.50000000022329072        -0.48333329240731548     
         109   -0.27619055523542035         0.50000000022329072        -0.48333329795768687     
         110   -0.20714293618780155         0.50000000022329072        -0.48333330350805837     
         111   -0.13809531714018275         0.50000000022329072        -0.48333330905842975     
         112    -6.9047698092563947E-002    0.50000000022329072        -0.48333331460880113     
         113    -7.9044945033857061E-008    0.50000000022329072        -0.48333332015917263     
         114     6.9047540002673768E-002    0.50000000022329072        -0.48333332570954401     
         115    0.13809515905029268         0.50000000022329072        -0.48333333125991551     
         116    0.20714277809791160         0.50000000022329072        -0.48333333681028701     
         117    0.27619039714553040         0.50000000022329072        -0.48333334236065839     
         118    0.34523801619314909         0.50000000022329072        -0.48333334791102978     
         119    0.41428563524076800         0.50000000022329072        -0.48333335346140127     
         120    0.49444436450633455         0.49444444444444446        -0.49444447079275622     
         121   -0.41428571428571426         0.50000000000000000        -0.41428571428571426     
         122   -0.41428571428571426         0.50000000000000000        -0.34523809523809523     
         123   -0.41428571428571426         0.50000000000000000        -0.27619047619047621     
         124   -0.41428571428571426         0.50000000000000000        -0.20714285714285713     
         125   -0.41428571428571426         0.50000000000000000        -0.13809523809523805     
         126   -0.41428571428571426         0.50000000000000000         -6.9047619047619024E-002
         127   -0.41428571428571426         0.50000000000000000          1.1102230246251565E-016
         128   -0.41428571428571426         0.50000000000000000          6.9047619047619135E-002
         129   -0.41428571428571426         0.50000000000000000         0.13809523809523827     
         130   -0.41428571428571426         0.50000000000000000         0.20714285714285730     
         131   -0.41428571428571426         0.50000000000000000         0.27619047619047632     
         132   -0.41428571428571426         0.50000000000000000         0.34523809523809534     
         133   -0.41428571428571426         0.50000000000000000         0.41428571428571448     
         134   -0.34523809523809523         0.50000000000000000        -0.41428571428571426     
         135   -0.34523809523809523         0.50000000000000000        -0.34523809523809523     
         136   -0.34523809523809523         0.50000000000000000        -0.27619047619047621     
         137   -0.34523809523809523         0.50000000000000000        -0.20714285714285713     
         138   -0.34523809523809523         0.50000000000000000        -0.13809523809523805     
         139   -0.34523809523809523         0.50000000000000000         -6.9047619047619024E-002
         140   -0.34523809523809523         0.50000000000000000          1.1102230246251565E-016
         141   -0.34523809523809523         0.50000000000000000          6.9047619047619135E-002
         142   -0.34523809523809523         0.50000000000000000         0.13809523809523827     
         143   -0.34523809523809523         0.50000000000000000         0.20714285714285730     
         144   -0.34523809523809523         0.50000000000000000         0.27619047619047632     
         145   -0.34523809523809523         0.50000000000000000         0.34523809523809534     
         146   -0.34523809523809523         0.50000000000000000         0.41428571428571448     
         147   -0.27619047619047621         0.50000000000000000        -0.41428571428571426     
         148   -0.27619047619047621         0.50000000000000000        -0.34523809523809523     
         149   -0.27619047619047621         0.50000000000000000        -0.27619047619047621     
         150   -0.27619047619047621         0.50000000000000000        -0.20714285714285713     
         151   -0.27619047619047621         0.50000000000000000        -0.13809523809523805     
         152   -0.27619047619047621         0.50000000000000000         -6.9047619047619024E-002
         153   -0.27619047619047621         0.50000000000000000          1.1102230246251565E-016
         154   -0.27619047619047621         0.50000000000000000          6.9047619047619135E-002
         155   -0.27619047619047621         0.50000000000000000         0.13809523809523827     
         156   -0.27619047619047621         0.50000000000000000         0.20714285714285730     
         157   -0.27619047619047621         0.50000000000000000         0.27619047619047632     
         158   -0.27619047619047621         0.50000000000000000         0.34523809523809534     
         159   -0.27619047619047621         0.50000000000000000         0.41428571428571448     
         160   -0.20714285714285713         0.50000000000000000        -0.41428571428571426     
         161   -0.20714285714285713         0.50000000000000000        -0.34523809523809523     
         162   -0.20714285714285713         0.50000000000000000        -0.27619047619047621     
         163   -0.20714285714285713         0.50000000000000000        -0.20714285714285713     
         164   -0.20714285714285713         0.50000000000000000        -0.13809523809523805     
         165   -0.20714285714285713         0.50000000000000000         -6.9047619047619024E-002
         166   -0.20714285714285713         0.50000000000000000          1.1102230246251565E-016
         167   -0.20714285714285713         0.50000000000000000          6.9047619047619135E-002
         168   -0.20714285714285713         0.50000000000000000         0.13809523809523827     
         169   -0.20714285714285713         0.50000000000000000         0.20714285714285730     
         170   -0.20714285714285713         0.50000000000000000         0.27619047619047632     
         171   -0.20714285714285713         0.50000000000000000         0.34523809523809534     
         172   -0.20714285714285713         0.50000000000000000         0.41428571428571448     
         173   -0.13809523809523805         0.50000000000000000        -0.41428571428571426     
         174   -0.13809523809523805         0.50000000000000000        -0.34523809523809523     
         175   -0.13809523809523805         0.50000000000000000        -0.27619047619047621     
         176   -0.13809523809523805         0.50000000000000000        -0.20714285714285713     
         177   -0.13809523809523805         0.50000000000000000        -0.13809523809523805     
         178   -0.13809523809523805         0.50000000000000000         -6.9047619047619024E-002
         179   -0.13809523809523805         0.50000000000000000          1.1102230246251565E-016
         180   -0.13809523809523805         0.50000000000000000          6.9047619047619135E-002
         181   -0.13809523809523805         0.50000000000000000         0.13809523809523827     
         182   -0.13809523809523805         0.50000000000000000         0.20714285714285730     
         183   -0.13809523809523805         0.50000000000000000         0.27619047619047632     
         184   -0.13809523809523805         0.50000000000000000         0.34523809523809534     
         185   -0.13809523809523805         0.50000000000000000         0.41428571428571448     
         186    -6.9047619047619024E-002    0.50000000000000000        -0.41428571428571426     
         187    -6.9047619047619024E-002    0.50000000000000000        -0.34523809523809523     
         188    -6.9047619047619024E-002    0.50000000000000000        -0.27619047619047621     
         189    -6.9047619047619024E-002    0.50000000000000000        -0.20714285714285713     
         190    -6.9047619047619024E-002    0.50000000000000000        -0.13809523809523805     
         191    -6.9047619047619024E-002    0.50000000000000000         -6.9047619047619024E-002
         192    -6.9047619047619024E-002    0.50000000000000000          1.1102230246251565E-016
         193    -6.9047619047619024E-002    0.50000000000000000          6.9047619047619135E-002
         194    -6.9047619047619024E-002    0.50000000000000000         0.13809523809523827     
         195    -6.9047619047619024E-002    0.50000000000000000         0.20714285714285730     
         196    -6.9047619047619024E-002    0.50000000000000000         0.27619047619047632     
         197    -6.9047619047619024E-002    0.50000000000000000         0.34523809523809534     
         198    -6.9047619047619024E-002    0.50000000000000000         0.41428571428571448     
         199     1.1102230246251565E-016    0.50000000000000000        -0.41428571428571426     
         200     1.1102230246251565E-016    0.50000000000000000        -0.34523809523809523     
         201     1.1102230246251565E-016    0.50000000000000000        -0.27619047619047621     
         202     1.1102230246251565E-016    0.50000000000000000        -0.20714285714285713     
         203     1.1102230246251565E-016    0.50000000000000000        -0.13809523809523805     
         204     1.1102230246251565E-016    0.50000000000000000         -6.9047619047619024E-002
         205     1.1102230246251565E-016    0.50000000000000000          1.1102230246251565E-016
         206     1.1102230246251565E-016    0.50000000000000000          6.9047619047619135E-002
         207     1.1102230246251565E-016    0.50000000000000000         0.13809523809523827     
         208     1.1102230246251565E-016    0.50000000000000000         0.20714285714285730     
         209     1.1102230246251565E-016    0.50000000000000000         0.27619047619047632     
         210     1.1102230246251565E-016    0.50000000000000000         0.34523809523809534     
         211     1.1102230246251565E-016    0.50000000000000000         0.41428571428571448     
         212     6.9047619047619135E-002    0.50000000000000000        -0.41428571428571426     
         213     6.9047619047619135E-002    0.50000000000000000        -0.34523809523809523     
         214     6.9047619047619135E-002    0.50000000000000000        -0.27619047619047621     
         215     6.9047619047619135E-002    0.50000000000000000        -0.20714285714285713     
         216     6.9047619047619135E-002    0.50000000000000000        -0.13809523809523805     
         217     6.9047619047619135E-002    0.50000000000000000         -6.9047619047619024E-002
         218     6.9047619047619135E-002    0.50000000000000000          1.1102230246251565E-016
         219     6.9047619047619135E-002    0.50000000000000000          6.9047619047619135E-002
         220     6.9047619047619135E-002    0.50000000000000000         0.13809523809523827     
         221     6.9047619047619135E-002    0.50000000000000000         0.20714285714285730     
         222     6.9047619047619135E-002    0.50000000000000000         0.27619047619047632     
         223     6.9047619047619135E-002    0.50000000000000000         0.34523809523809534     
         224     6.9047619047619135E-002    0.50000000000000000         0.41428571428571448     
         225    0.13809523809523827         0.50000000000000000        -0.41428571428571426     
         226    0.13809523809523827         0.50000000000000000        -0.34523809523809523     
         227    0.13809523809523827         0.50000000000000000        -0.27619047619047621     
         228    0.13809523809523827         0.50000000000000000        -0.20714285714285713     
         229    0.13809523809523827         0.50000000000000000        -0.13809523809523805     
         230    0.13809523809523827         0.50000000000000000         -6.9047619047619024E-002
         231    0.13809523809523827         0.50000000000000000          1.1102230246251565E-016
         232    0.13809523809523827         0.50000000000000000          6.9047619047619135E-002
         233    0.13809523809523827         0.50000000000000000         0.13809523809523827     
         234    0.13809523809523827         0.50000000000000000         0.20714285714285730     
         235    0.13809523809523827         0.50000000000000000         0.27619047619047632     
         236    0.13809523809523827         0.50000000000000000         0.34523809523809534     
         237    0.13809523809523827         0.50000000000000000         0.41428571428571448     
         238    0.20714285714285730         0.50000000000000000        -0.41428571428571426     
         239    0.20714285714285730         0.50000000000000000        -0.34523809523809523     
         240    0.20714285714285730         0.50000000000000000        -0.27619047619047621     
         241    0.20714285714285730         0.50000000000000000        -0.20714285714285713     
         242    0.20714285714285730         0.50000000000000000        -0.13809523809523805     
         243    0.20714285714285730         0.50000000000000000         -6.9047619047619024E-002
         244    0.20714285714285730         0.50000000000000000          1.1102230246251565E-016
         245    0.20714285714285730         0.50000000000000000          6.9047619047619135E-002
         246    0.20714285714285730         0.50000000000000000         0.13809523809523827     
         247    0.20714285714285730         0.50000000000000000         0.20714285714285730     
         248    0.20714285714285730         0.50000000000000000         0.27619047619047632     
         249    0.20714285714285730         0.50000000000000000         0.34523809523809534     
         250    0.20714285714285730         0.50000000000000000         0.41428571428571448     
         251    0.27619047619047632         0.50000000000000000        -0.41428571428571426     
         252    0.27619047619047632         0.50000000000000000        -0.34523809523809523     
         253    0.27619047619047632         0.50000000000000000        -0.27619047619047621     
         254    0.27619047619047632         0.50000000000000000        -0.20714285714285713     
         255    0.27619047619047632         0.50000000000000000        -0.13809523809523805     
         256    0.27619047619047632         0.50000000000000000         -6.9047619047619024E-002
         257    0.27619047619047632         0.50000000000000000          1.1102230246251565E-016
         258    0.27619047619047632         0.50000000000000000          6.9047619047619135E-002
         259    0.27619047619047632         0.50000000000000000         0.13809523809523827     
         260    0.27619047619047632         0.50000000000000000         0.20714285714285730     
         261    0.27619047619047632         0.50000000000000000         0.27619047619047632     
         262    0.27619047619047632         0.50000000000000000         0.34523809523809534     
         263    0.27619047619047632         0.50000000000000000         0.41428571428571448     
         264    0.34523809523809534         0.50000000000000000        -0.41428571428571426     
         265    0.34523809523809534         0.50000000000000000        -0.34523809523809523     
         266    0.34523809523809534         0.50000000000000000        -0.27619047619047621     
         267    0.34523809523809534         0.50000000000000000        -0.20714285714285713     
         268    0.34523809523809534         0.50000000000000000        -0.13809523809523805     
         269    0.34523809523809534         0.50000000000000000         -6.9047619047619024E-002
         270    0.34523809523809534         0.50000000000000000          1.1102230246251565E-016
         271    0.34523809523809534         0.50000000000000000          6.9047619047619135E-002
         272    0.34523809523809534         0.50000000000000000         0.13809523809523827     
         273    0.34523809523809534         0.50000000000000000         0.20714285714285730     
         274    0.34523809523809534         0.50000000000000000         0.27619047619047632     
         275    0.34523809523809534         0.50000000000000000         0.34523809523809534     
         276    0.34523809523809534         0.50000000000000000         0.41428571428571448     
         277    0.41428571428571448         0.50000000000000000        -0.41428571428571426     
         278    0.41428571428571448         0.50000000000000000        -0.34523809523809523     
         279    0.41428571428571448         0.50000000000000000        -0.27619047619047621     
         280    0.41428571428571448         0.50000000000000000        -0.20714285714285713     
         281    0.41428571428571448         0.50000000000000000        -0.13809523809523805     
         282    0.41428571428571448         0.50000000000000000         -6.9047619047619024E-002
         283    0.41428571428571448         0.50000000000000000          1.1102230246251565E-016
         284    0.41428571428571448         0.50000000000000000          6.9047619047619135E-002
         285    0.41428571428571448         0.50000000000000000         0.13809523809523827     
         286    0.41428571428571448         0.50000000000000000         0.20714285714285730     
         287    0.41428571428571448         0.50000000000000000         0.27619047619047632     
         288    0.41428571428571448         0.50000000000000000         0.34523809523809534     
         289    0.41428571428571448         0.50000000000000000         0.41428571428571448     
         290   -0.50000005269662862        -0.48333327974353868        -0.48333333333333334     
         291   -0.50000005269662862        -0.48333327974353868        -0.41428571428571426     
         292   -0.50000005269662862        -0.48333327974353868        -0.34523809523809523     
         293   -0.50000005269662862        -0.48333327974353868        -0.27619047619047621     
         294   -0.50000005269662862        -0.48333327974353868        -0.20714285714285713     
         295   -0.50000005269662862        -0.48333327974353868        -0.13809523809523805     
         296   -0.50000005269662862        -0.48333327974353868         -6.9047619047619024E-002
         297   -0.50000005269662862        -0.48333327974353868          1.1102230246251565E-016
         298   -0.50000005269662862        -0.48333327974353868          6.9047619047619135E-002
         299   -0.50000005269662862        -0.48333327974353868         0.13809523809523827     
         300   -0.50000005269662862        -0.48333327974353868         0.20714285714285730     
         301   -0.50000005269662862        -0.48333327974353868         0.27619047619047632     
         302   -0.50000005269662862        -0.48333327974353868         0.34523809523809534     
         303   -0.50000005269662862        -0.48333327974353868         0.41428571428571448     
         304   -0.50000005269662862        -0.48333327974353868         0.48333333333333350     
         305   -0.48333338714641583        -0.49999994752665922        -0.48333333333333334     
         306   -0.48333338714641583        -0.49999994752665922        -0.41428571428571426     
         307   -0.48333338714641583        -0.49999994752665922        -0.34523809523809523     
         308   -0.48333338714641583        -0.49999994752665922        -0.27619047619047621     
         309   -0.48333338714641583        -0.49999994752665922        -0.20714285714285713     
         310   -0.48333338714641583        -0.49999994752665922        -0.13809523809523805     
         311   -0.48333338714641583        -0.49999994752665922         -6.9047619047619024E-002
         312   -0.48333338714641583        -0.49999994752665922          1.1102230246251565E-016
         313   -0.48333338714641583        -0.49999994752665922          6.9047619047619135E-002
         314   -0.48333338714641583        -0.49999994752665922         0.13809523809523827     
         315   -0.48333338714641583        -0.49999994752665922         0.20714285714285730     
         316   -0.48333338714641583        -0.49999994752665922         0.27619047619047632     
         317   -0.48333338714641583        -0.49999994752665922         0.34523809523809534     
         318   -0.48333338714641583        -0.49999994752665922         0.41428571428571448     
         319   -0.48333338714641583        -0.49999994752665922         0.48333333333333350     
         320   -0.48333338602996179        -0.48333328063670189         0.50000000000000000     
         321   -0.49444449773651511        -0.49444439115237093         0.49444444444444446     
         322   -0.41428579377723951        -0.48333328433694811         0.50000000229670505     
         323   -0.34523817472962059        -0.48333328803719566         0.50000000414682888     
         324   -0.27619055568200168        -0.48333329173744333         0.50000000599695271     
         325   -0.20714293663438277        -0.48333329543769099         0.50000000784707654     
         326   -0.13809531758676385        -0.48333329913793854         0.50000000969720038     
         327    -6.9047698539144942E-002   -0.48333330283818621         0.50000001154732421     
         328    -7.9491525806218988E-008   -0.48333330653843387         0.50000001339744804     
         329     6.9047539556092996E-002   -0.48333331023868142         0.50000001524757187     
         330    0.13809515860371202        -0.48333331393892909         0.50000001709769548     
         331    0.20714277765133093        -0.48333331763917664         0.50000001894781931     
         332    0.27619039669894985        -0.48333332133942430         0.50000002079794315     
         333    0.34523801574656865        -0.48333332503967197         0.50000002264806698     
         334    0.41428563479418767        -0.48333332873991952         0.50000002449819081     
         335    0.48333325384180659        -0.48333333244016718         0.50000002634831464     
         336   -0.41428579422382117        -0.49999995122690544         0.48333333585332916     
         337   -0.34523817517620214        -0.49999995492715310         0.48333333770345299     
         338   -0.27619055612858323        -0.49999995862740065         0.48333333955357682     
         339   -0.20714293708096432        -0.49999996232764832         0.48333334140370066     
         340   -0.13809531803334540        -0.49999996602789587         0.48333334325382449     
         341    -6.9047698985726491E-002   -0.49999996972814353         0.48333334510394821     
         342    -7.9938107466759334E-008   -0.49999997342839120         0.48333334695407204     
         343     6.9047539109511336E-002   -0.49999997712863875         0.48333334880419587     
         344    0.13809515815713036        -0.49999998082888641         0.48333335065431970     
         345    0.20714277720474938        -0.49999998452913408         0.48333335250444354     
         346    0.27619039625236830        -0.49999998822938163         0.48333335435456737     
         347    0.34523801529998710        -0.49999999192962929         0.48333335620469109     
         348    0.41428563434760612        -0.49999999562987696         0.48333335805481492     
         349    0.48333325339522504        -0.49999999933012451         0.48333335990493875     
         350    0.49999992095505474        -0.48333333333333039         0.48333336012822958     
         351    0.49444436450633600        -0.49444444414672051         0.49444447109048018     
         352    0.49999995189677948        -0.48333333333333206         0.41428576787550764     
         353    0.49999995559702715        -0.48333333333333228         0.34523814882788861     
         354    0.49999995929727459        -0.48333333333333250         0.27619052978026970     
         355    0.49999996299752225        -0.48333333333333273         0.20714291073265079     
         356    0.49999996669776992        -0.48333333333333284         0.13809529168503176     
         357    0.49999997039801758        -0.48333333333333306          6.9047672637412738E-002
         358    0.49999997409826524        -0.48333333333333328          5.3589793713726408E-008
         359    0.49999997779851291        -0.48333333333333350         -6.9047565457825200E-002
         360    0.49999998149876035        -0.48333333333333373        -0.13809518450544422     
         361    0.49999998519900801        -0.48333333333333384        -0.20714280355306314     
         362    0.49999998889925568        -0.48333333333333406        -0.27619042260068205     
         363    0.49999999259950334        -0.48333333333333428        -0.34523804164830096     
         364    0.49999999629975100        -0.48333333333333450        -0.41428566069591999     
         365    0.49999999999999867        -0.48333333333333461        -0.48333327974353890     
         366    0.48333328456024038        -0.49999999933012618         0.41428576698234432     
         367    0.48333328826048794        -0.49999999933012640         0.34523814793472540     
         368    0.48333329196073560        -0.49999999933012662         0.27619052888710649     
         369    0.48333329566098326        -0.49999999933012684         0.20714290983948747     
         370    0.48333329936123082        -0.49999999933012695         0.13809529079186844     
         371    0.48333330306147848        -0.49999999933012718          6.9047671744249639E-002
         372    0.48333330676172614        -0.49999999933012740          5.2696630614690321E-008
         373    0.48333331046197370        -0.49999999933012762         -6.9047566350988410E-002
         374    0.48333331416222136        -0.49999999933012784        -0.13809518539860743     
         375    0.48333331786246891        -0.49999999933012795        -0.20714280444622635     
         376    0.48333332156271658        -0.49999999933012818        -0.27619042349384526     
         377    0.48333332526296424        -0.49999999933012840        -0.34523804254146417     
         378    0.48333332896321179        -0.49999999933012862        -0.41428566158908320     
         379    0.48333333266345946        -0.49999999933012873        -0.48333328063670211     
         380    0.48333333422649505        -0.48333333244017151        -0.49999994730336861     
         381    0.49444444444444302        -0.49444444414672484        -0.49444439115237093     
         382    0.41428574197377299        -0.48333332873992529        -0.49999995330031977     
         383    0.34523812292615430        -0.48333332503967763        -0.49999995885069115     
         384    0.27619050387853561        -0.48333332133943008        -0.49999996440106265     
         385    0.20714288483091692        -0.48333331763918241        -0.49999996995143414     
         386    0.13809526578329812        -0.48333331393893486        -0.49999997550180553     
         387     6.9047646735679535E-002   -0.48333331023868720        -0.49999998105217702     
         388     2.7688060511010804E-008   -0.48333330653843953        -0.49999998660254852     
         389    -6.9047591359558069E-002   -0.48333330283819198        -0.49999999215291990     
         390   -0.13809521040717687        -0.48333329913794432        -0.49999999770329118     
         391   -0.20714282945479567        -0.48333329543769665        -0.50000000325366267     
         392   -0.27619044850241437        -0.48333329173744910        -0.50000000880403417     
         393   -0.34523806755003295        -0.48333328803720144        -0.50000001435440544     
         394   -0.41428568659765175        -0.48333328433695377        -0.50000001990477694     
         395   -0.48333330564527044        -0.48333328063670622        -0.50000002545514843     
         396    0.41428573974086502        -0.49999999562988251        -0.48333328685694399     
         397    0.34523812069324622        -0.49999999192963496        -0.48333329240731548     
         398    0.27619050164562753        -0.49999998822938729        -0.48333329795768687     
         399    0.20714288259800884        -0.49999998452913974        -0.48333330350805837     
         400    0.13809526355039003        -0.49999998082889208        -0.48333330905842975     
         401     6.9047644502771455E-002   -0.49999997712864441        -0.48333331460880113     
         402     2.5455152652398283E-008   -0.49999997342839686        -0.48333332015917263     
         403    -6.9047593592466150E-002   -0.49999996972814920        -0.48333332570954401     
         404   -0.13809521264008495        -0.49999996602790153        -0.48333333125991551     
         405   -0.20714283168770375        -0.49999996232765398        -0.48333333681028701     
         406   -0.27619045073532245        -0.49999995862740632        -0.48333334236065839     
         407   -0.34523806978294103        -0.49999995492715865        -0.48333334791102978     
         408   -0.41428568883055983        -0.49999995122691110        -0.48333335346140127     
         409   -0.49444441779840520        -0.49444439115237526        -0.49444447079275622     
         410    0.41428566069592121        -0.49999999540658768        -0.41428571428571426     
         411    0.41428566069592121        -0.49999999540658768        -0.34523809523809523     
         412    0.41428566069592121        -0.49999999540658768        -0.27619047619047621     
         413    0.41428566069592121        -0.49999999540658768        -0.20714285714285713     
         414    0.41428566069592121        -0.49999999540658768        -0.13809523809523805     
         415    0.41428566069592121        -0.49999999540658768         -6.9047619047619024E-002
         416    0.41428566069592121        -0.49999999540658768          1.1102230246251565E-016
         417    0.41428566069592121        -0.49999999540658768          6.9047619047619135E-002
         418    0.41428566069592121        -0.49999999540658768         0.13809523809523827     
         419    0.41428566069592121        -0.49999999540658768         0.20714285714285730     
         420    0.41428566069592121        -0.49999999540658768         0.27619047619047632     
         421    0.41428566069592121        -0.49999999540658768         0.34523809523809534     
         422    0.41428566069592121        -0.49999999540658768         0.41428571428571448     
         423    0.34523804164830230        -0.49999999170634013        -0.41428571428571426     
         424    0.34523804164830230        -0.49999999170634013        -0.34523809523809523     
         425    0.34523804164830230        -0.49999999170634013        -0.27619047619047621     
         426    0.34523804164830230        -0.49999999170634013        -0.20714285714285713     
         427    0.34523804164830230        -0.49999999170634013        -0.13809523809523805     
         428    0.34523804164830230        -0.49999999170634013         -6.9047619047619024E-002
         429    0.34523804164830230        -0.49999999170634013          1.1102230246251565E-016
         430    0.34523804164830230        -0.49999999170634013          6.9047619047619135E-002
         431    0.34523804164830230        -0.49999999170634013         0.13809523809523827     
         432    0.34523804164830230        -0.49999999170634013         0.20714285714285730     
         433    0.34523804164830230        -0.49999999170634013         0.27619047619047632     
         434    0.34523804164830230        -0.49999999170634013         0.34523809523809534     
         435    0.34523804164830230        -0.49999999170634013         0.41428571428571448     
         436    0.27619042260068338        -0.49999998800609247        -0.41428571428571426     
         437    0.27619042260068338        -0.49999998800609247        -0.34523809523809523     
         438    0.27619042260068338        -0.49999998800609247        -0.27619047619047621     
         439    0.27619042260068338        -0.49999998800609247        -0.20714285714285713     
         440    0.27619042260068338        -0.49999998800609247        -0.13809523809523805     
         441    0.27619042260068338        -0.49999998800609247         -6.9047619047619024E-002
         442    0.27619042260068338        -0.49999998800609247          1.1102230246251565E-016
         443    0.27619042260068338        -0.49999998800609247          6.9047619047619135E-002
         444    0.27619042260068338        -0.49999998800609247         0.13809523809523827     
         445    0.27619042260068338        -0.49999998800609247         0.20714285714285730     
         446    0.27619042260068338        -0.49999998800609247         0.27619047619047632     
         447    0.27619042260068338        -0.49999998800609247         0.34523809523809534     
         448    0.27619042260068338        -0.49999998800609247         0.41428571428571448     
         449    0.20714280355306447        -0.49999998430584480        -0.41428571428571426     
         450    0.20714280355306447        -0.49999998430584480        -0.34523809523809523     
         451    0.20714280355306447        -0.49999998430584480        -0.27619047619047621     
         452    0.20714280355306447        -0.49999998430584480        -0.20714285714285713     
         453    0.20714280355306447        -0.49999998430584480        -0.13809523809523805     
         454    0.20714280355306447        -0.49999998430584480         -6.9047619047619024E-002
         455    0.20714280355306447        -0.49999998430584480          1.1102230246251565E-016
         456    0.20714280355306447        -0.49999998430584480          6.9047619047619135E-002
         457    0.20714280355306447        -0.49999998430584480         0.13809523809523827     
         458    0.20714280355306447        -0.49999998430584480         0.20714285714285730     
         459    0.20714280355306447        -0.49999998430584480         0.27619047619047632     
         460    0.20714280355306447        -0.49999998430584480         0.34523809523809534     
         461    0.20714280355306447        -0.49999998430584480         0.41428571428571448     
         462    0.13809518450544545        -0.49999998060559725        -0.41428571428571426     
         463    0.13809518450544545        -0.49999998060559725        -0.34523809523809523     
         464    0.13809518450544545        -0.49999998060559725        -0.27619047619047621     
         465    0.13809518450544545        -0.49999998060559725        -0.20714285714285713     
         466    0.13809518450544545        -0.49999998060559725        -0.13809523809523805     
         467    0.13809518450544545        -0.49999998060559725         -6.9047619047619024E-002
         468    0.13809518450544545        -0.49999998060559725          1.1102230246251565E-016
         469    0.13809518450544545        -0.49999998060559725          6.9047619047619135E-002
         470    0.13809518450544545        -0.49999998060559725         0.13809523809523827     
         471    0.13809518450544545        -0.49999998060559725         0.20714285714285730     
         472    0.13809518450544545        -0.49999998060559725         0.27619047619047632     
         473    0.13809518450544545        -0.49999998060559725         0.34523809523809534     
         474    0.13809518450544545        -0.49999998060559725         0.41428571428571448     
         475     6.9047565457826421E-002   -0.49999997690534959        -0.41428571428571426     
         476     6.9047565457826421E-002   -0.49999997690534959        -0.34523809523809523     
         477     6.9047565457826421E-002   -0.49999997690534959        -0.27619047619047621     
         478     6.9047565457826421E-002   -0.49999997690534959        -0.20714285714285713     
         479     6.9047565457826421E-002   -0.49999997690534959        -0.13809523809523805     
         480     6.9047565457826421E-002   -0.49999997690534959         -6.9047619047619024E-002
         481     6.9047565457826421E-002   -0.49999997690534959          1.1102230246251565E-016
         482     6.9047565457826421E-002   -0.49999997690534959          6.9047619047619135E-002
         483     6.9047565457826421E-002   -0.49999997690534959         0.13809523809523827     
         484     6.9047565457826421E-002   -0.49999997690534959         0.20714285714285730     
         485     6.9047565457826421E-002   -0.49999997690534959         0.27619047619047632     
         486     6.9047565457826421E-002   -0.49999997690534959         0.34523809523809534     
         487     6.9047565457826421E-002   -0.49999997690534959         0.41428571428571448     
         488    -5.3589792603503383E-008   -0.49999997320510192        -0.41428571428571426     
         489    -5.3589792603503383E-008   -0.49999997320510192        -0.34523809523809523     
         490    -5.3589792603503383E-008   -0.49999997320510192        -0.27619047619047621     
         491    -5.3589792603503383E-008   -0.49999997320510192        -0.20714285714285713     
         492    -5.3589792603503383E-008   -0.49999997320510192        -0.13809523809523805     
         493    -5.3589792603503383E-008   -0.49999997320510192         -6.9047619047619024E-002
         494    -5.3589792603503383E-008   -0.49999997320510192          1.1102230246251565E-016
         495    -5.3589792603503383E-008   -0.49999997320510192          6.9047619047619135E-002
         496    -5.3589792603503383E-008   -0.49999997320510192         0.13809523809523827     
         497    -5.3589792603503383E-008   -0.49999997320510192         0.20714285714285730     
         498    -5.3589792603503383E-008   -0.49999997320510192         0.27619047619047632     
         499    -5.3589792603503383E-008   -0.49999997320510192         0.34523809523809534     
         500    -5.3589792603503383E-008   -0.49999997320510192         0.41428571428571448     
         501    -6.9047672637411517E-002   -0.49999996950485437        -0.41428571428571426     
         502    -6.9047672637411517E-002   -0.49999996950485437        -0.34523809523809523     
         503    -6.9047672637411517E-002   -0.49999996950485437        -0.27619047619047621     
         504    -6.9047672637411517E-002   -0.49999996950485437        -0.20714285714285713     
         505    -6.9047672637411517E-002   -0.49999996950485437        -0.13809523809523805     
         506    -6.9047672637411517E-002   -0.49999996950485437         -6.9047619047619024E-002
         507    -6.9047672637411517E-002   -0.49999996950485437          1.1102230246251565E-016
         508    -6.9047672637411517E-002   -0.49999996950485437          6.9047619047619135E-002
         509    -6.9047672637411517E-002   -0.49999996950485437         0.13809523809523827     
         510    -6.9047672637411517E-002   -0.49999996950485437         0.20714285714285730     
         511    -6.9047672637411517E-002   -0.49999996950485437         0.27619047619047632     
         512    -6.9047672637411517E-002   -0.49999996950485437         0.34523809523809534     
         513    -6.9047672637411517E-002   -0.49999996950485437         0.41428571428571448     
         514   -0.13809529168503054        -0.49999996580460671        -0.41428571428571426     
         515   -0.13809529168503054        -0.49999996580460671        -0.34523809523809523     
         516   -0.13809529168503054        -0.49999996580460671        -0.27619047619047621     
         517   -0.13809529168503054        -0.49999996580460671        -0.20714285714285713     
         518   -0.13809529168503054        -0.49999996580460671        -0.13809523809523805     
         519   -0.13809529168503054        -0.49999996580460671         -6.9047619047619024E-002
         520   -0.13809529168503054        -0.49999996580460671          1.1102230246251565E-016
         521   -0.13809529168503054        -0.49999996580460671          6.9047619047619135E-002
         522   -0.13809529168503054        -0.49999996580460671         0.13809523809523827     
         523   -0.13809529168503054        -0.49999996580460671         0.20714285714285730     
         524   -0.13809529168503054        -0.49999996580460671         0.27619047619047632     
         525   -0.13809529168503054        -0.49999996580460671         0.34523809523809534     
         526   -0.13809529168503054        -0.49999996580460671         0.41428571428571448     
         527   -0.20714291073264945        -0.49999996210435915        -0.41428571428571426     
         528   -0.20714291073264945        -0.49999996210435915        -0.34523809523809523     
         529   -0.20714291073264945        -0.49999996210435915        -0.27619047619047621     
         530   -0.20714291073264945        -0.49999996210435915        -0.20714285714285713     
         531   -0.20714291073264945        -0.49999996210435915        -0.13809523809523805     
         532   -0.20714291073264945        -0.49999996210435915         -6.9047619047619024E-002
         533   -0.20714291073264945        -0.49999996210435915          1.1102230246251565E-016
         534   -0.20714291073264945        -0.49999996210435915          6.9047619047619135E-002
         535   -0.20714291073264945        -0.49999996210435915         0.13809523809523827     
         536   -0.20714291073264945        -0.49999996210435915         0.20714285714285730     
         537   -0.20714291073264945        -0.49999996210435915         0.27619047619047632     
         538   -0.20714291073264945        -0.49999996210435915         0.34523809523809534     
         539   -0.20714291073264945        -0.49999996210435915         0.41428571428571448     
         540   -0.27619052978026837        -0.49999995840411149        -0.41428571428571426     
         541   -0.27619052978026837        -0.49999995840411149        -0.34523809523809523     
         542   -0.27619052978026837        -0.49999995840411149        -0.27619047619047621     
         543   -0.27619052978026837        -0.49999995840411149        -0.20714285714285713     
         544   -0.27619052978026837        -0.49999995840411149        -0.13809523809523805     
         545   -0.27619052978026837        -0.49999995840411149         -6.9047619047619024E-002
         546   -0.27619052978026837        -0.49999995840411149          1.1102230246251565E-016
         547   -0.27619052978026837        -0.49999995840411149          6.9047619047619135E-002
         548   -0.27619052978026837        -0.49999995840411149         0.13809523809523827     
         549   -0.27619052978026837        -0.49999995840411149         0.20714285714285730     
         550   -0.27619052978026837        -0.49999995840411149         0.27619047619047632     
         551   -0.27619052978026837        -0.49999995840411149         0.34523809523809534     
         552   -0.27619052978026837        -0.49999995840411149         0.41428571428571448     
         553   -0.34523814882788728        -0.49999995470386382        -0.41428571428571426     
         554   -0.34523814882788728        -0.49999995470386382        -0.34523809523809523     
         555   -0.34523814882788728        -0.49999995470386382        -0.27619047619047621     
         556   -0.34523814882788728        -0.49999995470386382        -0.20714285714285713     
         557   -0.34523814882788728        -0.49999995470386382        -0.13809523809523805     
         558   -0.34523814882788728        -0.49999995470386382         -6.9047619047619024E-002
         559   -0.34523814882788728        -0.49999995470386382          1.1102230246251565E-016
         560   -0.34523814882788728        -0.49999995470386382          6.9047619047619135E-002
         561   -0.34523814882788728        -0.49999995470386382         0.13809523809523827     
         562   -0.34523814882788728        -0.49999995470386382         0.20714285714285730     
         563   -0.34523814882788728        -0.49999995470386382         0.27619047619047632     
         564   -0.34523814882788728        -0.49999995470386382         0.34523809523809534     
         565   -0.34523814882788728        -0.49999995470386382         0.41428571428571448     
         566   -0.41428576787550631        -0.49999995100361627        -0.41428571428571426     
         567   -0.41428576787550631        -0.49999995100361627        -0.34523809523809523     
         568   -0.41428576787550631        -0.49999995100361627        -0.27619047619047621     
         569   -0.41428576787550631        -0.49999995100361627        -0.20714285714285713     
         570   -0.41428576787550631        -0.49999995100361627        -0.13809523809523805     
         571   -0.41428576787550631        -0.49999995100361627         -6.9047619047619024E-002
         572   -0.41428576787550631        -0.49999995100361627          1.1102230246251565E-016
         573   -0.41428576787550631        -0.49999995100361627          6.9047619047619135E-002
         574   -0.41428576787550631        -0.49999995100361627         0.13809523809523827     
         575   -0.41428576787550631        -0.49999995100361627         0.20714285714285730     
         576   -0.41428576787550631        -0.49999995100361627         0.27619047619047632     
         577   -0.41428576787550631        -0.49999995100361627         0.34523809523809534     
         578   -0.41428576787550631        -0.49999995100361627         0.41428571428571448     
         579    0.50000000000000000        -0.41428571428571426        -0.48333333333333334     
         580    0.50000000000000000        -0.41428571428571426        -0.41428571428571426     
         581    0.50000000000000000        -0.41428571428571426        -0.34523809523809523     
         582    0.50000000000000000        -0.41428571428571426        -0.27619047619047621     
         583    0.50000000000000000        -0.41428571428571426        -0.20714285714285713     
         584    0.50000000000000000        -0.41428571428571426        -0.13809523809523805     
         585    0.50000000000000000        -0.41428571428571426         -6.9047619047619024E-002
         586    0.50000000000000000        -0.41428571428571426          1.1102230246251565E-016
         587    0.50000000000000000        -0.41428571428571426          6.9047619047619135E-002
         588    0.50000000000000000        -0.41428571428571426         0.13809523809523827     
         589    0.50000000000000000        -0.41428571428571426         0.20714285714285730     
         590    0.50000000000000000        -0.41428571428571426         0.27619047619047632     
         591    0.50000000000000000        -0.41428571428571426         0.34523809523809534     
         592    0.50000000000000000        -0.41428571428571426         0.41428571428571448     
         593    0.50000000000000000        -0.41428571428571426         0.48333333333333350     
         594    0.50000000000000000        -0.34523809523809523        -0.48333333333333334     
         595    0.50000000000000000        -0.34523809523809523        -0.41428571428571426     
         596    0.50000000000000000        -0.34523809523809523        -0.34523809523809523     
         597    0.50000000000000000        -0.34523809523809523        -0.27619047619047621     
         598    0.50000000000000000        -0.34523809523809523        -0.20714285714285713     
         599    0.50000000000000000        -0.34523809523809523        -0.13809523809523805     
         600    0.50000000000000000        -0.34523809523809523         -6.9047619047619024E-002
         601    0.50000000000000000        -0.34523809523809523          1.1102230246251565E-016
         602    0.50000000000000000        -0.34523809523809523          6.9047619047619135E-002
         603    0.50000000000000000        -0.34523809523809523         0.13809523809523827     
         604    0.50000000000000000        -0.34523809523809523         0.20714285714285730     
         605    0.50000000000000000        -0.34523809523809523         0.27619047619047632     
         606    0.50000000000000000        -0.34523809523809523         0.34523809523809534     
         607    0.50000000000000000        -0.34523809523809523         0.41428571428571448     
         608    0.50000000000000000        -0.34523809523809523         0.48333333333333350     
         609    0.50000000000000000        -0.27619047619047621        -0.48333333333333334     
         610    0.50000000000000000        -0.27619047619047621        -0.41428571428571426     
         611    0.50000000000000000        -0.27619047619047621        -0.34523809523809523     
         612    0.50000000000000000        -0.27619047619047621        -0.27619047619047621     
         613    0.50000000000000000        -0.27619047619047621        -0.20714285714285713     
         614    0.50000000000000000        -0.27619047619047621        -0.13809523809523805     
         615    0.50000000000000000        -0.27619047619047621         -6.9047619047619024E-002
         616    0.50000000000000000        -0.27619047619047621          1.1102230246251565E-016
         617    0.50000000000000000        -0.27619047619047621          6.9047619047619135E-002
         618    0.50000000000000000        -0.27619047619047621         0.13809523809523827     
         619    0.50000000000000000        -0.27619047619047621         0.20714285714285730     
         620    0.50000000000000000        -0.27619047619047621         0.27619047619047632     
         621    0.50000000000000000        -0.27619047619047621         0.34523809523809534     
         622    0.50000000000000000        -0.27619047619047621         0.41428571428571448     
         623    0.50000000000000000        -0.27619047619047621         0.48333333333333350     
         624    0.50000000000000000        -0.20714285714285713        -0.48333333333333334     
         625    0.50000000000000000        -0.20714285714285713        -0.41428571428571426     
         626    0.50000000000000000        -0.20714285714285713        -0.34523809523809523     
         627    0.50000000000000000        -0.20714285714285713        -0.27619047619047621     
         628    0.50000000000000000        -0.20714285714285713        -0.20714285714285713     
         629    0.50000000000000000        -0.20714285714285713        -0.13809523809523805     
         630    0.50000000000000000        -0.20714285714285713         -6.9047619047619024E-002
         631    0.50000000000000000        -0.20714285714285713          1.1102230246251565E-016
         632    0.50000000000000000        -0.20714285714285713          6.9047619047619135E-002
         633    0.50000000000000000        -0.20714285714285713         0.13809523809523827     
         634    0.50000000000000000        -0.20714285714285713         0.20714285714285730     
         635    0.50000000000000000        -0.20714285714285713         0.27619047619047632     
         636    0.50000000000000000        -0.20714285714285713         0.34523809523809534     
         637    0.50000000000000000        -0.20714285714285713         0.41428571428571448     
         638    0.50000000000000000        -0.20714285714285713         0.48333333333333350     
         639    0.50000000000000000        -0.13809523809523805        -0.48333333333333334     
         640    0.50000000000000000        -0.13809523809523805        -0.41428571428571426     
         641    0.50000000000000000        -0.13809523809523805        -0.34523809523809523     
         642    0.50000000000000000        -0.13809523809523805        -0.27619047619047621     
         643    0.50000000000000000        -0.13809523809523805        -0.20714285714285713     
         644    0.50000000000000000        -0.13809523809523805        -0.13809523809523805     
         645    0.50000000000000000        -0.13809523809523805         -6.9047619047619024E-002
         646    0.50000000000000000        -0.13809523809523805          1.1102230246251565E-016
         647    0.50000000000000000        -0.13809523809523805          6.9047619047619135E-002
         648    0.50000000000000000        -0.13809523809523805         0.13809523809523827     
         649    0.50000000000000000        -0.13809523809523805         0.20714285714285730     
         650    0.50000000000000000        -0.13809523809523805         0.27619047619047632     
         651    0.50000000000000000        -0.13809523809523805         0.34523809523809534     
         652    0.50000000000000000        -0.13809523809523805         0.41428571428571448     
         653    0.50000000000000000        -0.13809523809523805         0.48333333333333350     
         654    0.50000000000000000         -6.9047619047619024E-002   -0.48333333333333334     
         655    0.50000000000000000         -6.9047619047619024E-002   -0.41428571428571426     
         656    0.50000000000000000         -6.9047619047619024E-002   -0.34523809523809523     
         657    0.50000000000000000         -6.9047619047619024E-002   -0.27619047619047621     
         658    0.50000000000000000         -6.9047619047619024E-002   -0.20714285714285713     
         659    0.50000000000000000         -6.9047619047619024E-002   -0.13809523809523805     
         660    0.50000000000000000         -6.9047619047619024E-002    -6.9047619047619024E-002
         661    0.50000000000000000         -6.9047619047619024E-002     1.1102230246251565E-016
         662    0.50000000000000000         -6.9047619047619024E-002     6.9047619047619135E-002
         663    0.50000000000000000         -6.9047619047619024E-002    0.13809523809523827     
         664    0.50000000000000000         -6.9047619047619024E-002    0.20714285714285730     
         665    0.50000000000000000         -6.9047619047619024E-002    0.27619047619047632     
         666    0.50000000000000000         -6.9047619047619024E-002    0.34523809523809534     
         667    0.50000000000000000         -6.9047619047619024E-002    0.41428571428571448     
         668    0.50000000000000000         -6.9047619047619024E-002    0.48333333333333350     
         669    0.50000000000000000          1.1102230246251565E-016   -0.48333333333333334     
         670    0.50000000000000000          1.1102230246251565E-016   -0.41428571428571426     
         671    0.50000000000000000          1.1102230246251565E-016   -0.34523809523809523     
         672    0.50000000000000000          1.1102230246251565E-016   -0.27619047619047621     
         673    0.50000000000000000          1.1102230246251565E-016   -0.20714285714285713     
         674    0.50000000000000000          1.1102230246251565E-016   -0.13809523809523805     
         675    0.50000000000000000          1.1102230246251565E-016    -6.9047619047619024E-002
         676    0.50000000000000000          1.1102230246251565E-016     1.1102230246251565E-016
         677    0.50000000000000000          1.1102230246251565E-016     6.9047619047619135E-002
         678    0.50000000000000000          1.1102230246251565E-016    0.13809523809523827     
         679    0.50000000000000000          1.1102230246251565E-016    0.20714285714285730     
         680    0.50000000000000000          1.1102230246251565E-016    0.27619047619047632     
         681    0.50000000000000000          1.1102230246251565E-016    0.34523809523809534     
         682    0.50000000000000000          1.1102230246251565E-016    0.41428571428571448     
         683    0.50000000000000000          1.1102230246251565E-016    0.48333333333333350     
         684    0.50000000000000000          6.9047619047619135E-002   -0.48333333333333334     
         685    0.50000000000000000          6.9047619047619135E-002   -0.41428571428571426     
         686    0.50000000000000000          6.9047619047619135E-002   -0.34523809523809523     
         687    0.50000000000000000          6.9047619047619135E-002   -0.27619047619047621     
         688    0.50000000000000000          6.9047619047619135E-002   -0.20714285714285713     
         689    0.50000000000000000          6.9047619047619135E-002   -0.13809523809523805     
         690    0.50000000000000000          6.9047619047619135E-002    -6.9047619047619024E-002
         691    0.50000000000000000          6.9047619047619135E-002     1.1102230246251565E-016
         692    0.50000000000000000          6.9047619047619135E-002     6.9047619047619135E-002
         693    0.50000000000000000          6.9047619047619135E-002    0.13809523809523827     
         694    0.50000000000000000          6.9047619047619135E-002    0.20714285714285730     
         695    0.50000000000000000          6.9047619047619135E-002    0.27619047619047632     
         696    0.50000000000000000          6.9047619047619135E-002    0.34523809523809534     
         697    0.50000000000000000          6.9047619047619135E-002    0.41428571428571448     
         698    0.50000000000000000          6.9047619047619135E-002    0.48333333333333350     
         699    0.50000000000000000         0.13809523809523827        -0.48333333333333334     
         700    0.50000000000000000         0.13809523809523827        -0.41428571428571426     
         701    0.50000000000000000         0.13809523809523827        -0.34523809523809523     
         702    0.50000000000000000         0.13809523809523827        -0.27619047619047621     
         703    0.50000000000000000         0.13809523809523827        -0.20714285714285713     
         704    0.50000000000000000         0.13809523809523827        -0.13809523809523805     
         705    0.50000000000000000         0.13809523809523827         -6.9047619047619024E-002
         706    0.50000000000000000         0.13809523809523827          1.1102230246251565E-016
         707    0.50000000000000000         0.13809523809523827          6.9047619047619135E-002
         708    0.50000000000000000         0.13809523809523827         0.13809523809523827     
         709    0.50000000000000000         0.13809523809523827         0.20714285714285730     
         710    0.50000000000000000         0.13809523809523827         0.27619047619047632     
         711    0.50000000000000000         0.13809523809523827         0.34523809523809534     
         712    0.50000000000000000         0.13809523809523827         0.41428571428571448     
         713    0.50000000000000000         0.13809523809523827         0.48333333333333350     
         714    0.50000000000000000         0.20714285714285730        -0.48333333333333334     
         715    0.50000000000000000         0.20714285714285730        -0.41428571428571426     
         716    0.50000000000000000         0.20714285714285730        -0.34523809523809523     
         717    0.50000000000000000         0.20714285714285730        -0.27619047619047621     
         718    0.50000000000000000         0.20714285714285730        -0.20714285714285713     
         719    0.50000000000000000         0.20714285714285730        -0.13809523809523805     
         720    0.50000000000000000         0.20714285714285730         -6.9047619047619024E-002
         721    0.50000000000000000         0.20714285714285730          1.1102230246251565E-016
         722    0.50000000000000000         0.20714285714285730          6.9047619047619135E-002
         723    0.50000000000000000         0.20714285714285730         0.13809523809523827     
         724    0.50000000000000000         0.20714285714285730         0.20714285714285730     
         725    0.50000000000000000         0.20714285714285730         0.27619047619047632     
         726    0.50000000000000000         0.20714285714285730         0.34523809523809534     
         727    0.50000000000000000         0.20714285714285730         0.41428571428571448     
         728    0.50000000000000000         0.20714285714285730         0.48333333333333350     
         729    0.50000000000000000         0.27619047619047632        -0.48333333333333334     
         730    0.50000000000000000         0.27619047619047632        -0.41428571428571426     
         731    0.50000000000000000         0.27619047619047632        -0.34523809523809523     
         732    0.50000000000000000         0.27619047619047632        -0.27619047619047621     
         733    0.50000000000000000         0.27619047619047632        -0.20714285714285713     
         734    0.50000000000000000         0.27619047619047632        -0.13809523809523805     
         735    0.50000000000000000         0.27619047619047632         -6.9047619047619024E-002
         736    0.50000000000000000         0.27619047619047632          1.1102230246251565E-016
         737    0.50000000000000000         0.27619047619047632          6.9047619047619135E-002
         738    0.50000000000000000         0.27619047619047632         0.13809523809523827     
         739    0.50000000000000000         0.27619047619047632         0.20714285714285730     
         740    0.50000000000000000         0.27619047619047632         0.27619047619047632     
         741    0.50000000000000000         0.27619047619047632         0.34523809523809534     
         742    0.50000000000000000         0.27619047619047632         0.41428571428571448     
         743    0.50000000000000000         0.27619047619047632         0.48333333333333350     
         744    0.50000000000000000         0.34523809523809534        -0.48333333333333334     
         745    0.50000000000000000         0.34523809523809534        -0.41428571428571426     
         746    0.50000000000000000         0.34523809523809534        -0.34523809523809523     
         747    0.50000000000000000         0.34523809523809534        -0.27619047619047621     
         748    0.50000000000000000         0.34523809523809534        -0.20714285714285713     
         749    0.50000000000000000         0.34523809523809534        -0.13809523809523805     
         750    0.50000000000000000         0.34523809523809534         -6.9047619047619024E-002
         751    0.50000000000000000         0.34523809523809534          1.1102230246251565E-016
         752    0.50000000000000000         0.34523809523809534          6.9047619047619135E-002
         753    0.50000000000000000         0.34523809523809534         0.13809523809523827     
         754    0.50000000000000000         0.34523809523809534         0.20714285714285730     
         755    0.50000000000000000         0.34523809523809534         0.27619047619047632     
         756    0.50000000000000000         0.34523809523809534         0.34523809523809534     
         757    0.50000000000000000         0.34523809523809534         0.41428571428571448     
         758    0.50000000000000000         0.34523809523809534         0.48333333333333350     
         759    0.50000000000000000         0.41428571428571448        -0.48333333333333334     
         760    0.50000000000000000         0.41428571428571448        -0.41428571428571426     
         761    0.50000000000000000         0.41428571428571448        -0.34523809523809523     
         762    0.50000000000000000         0.41428571428571448        -0.27619047619047621     
         763    0.50000000000000000         0.41428571428571448        -0.20714285714285713     
         764    0.50000000000000000         0.41428571428571448        -0.13809523809523805     
         765    0.50000000000000000         0.41428571428571448         -6.9047619047619024E-002
         766    0.50000000000000000         0.41428571428571448          1.1102230246251565E-016
         767    0.50000000000000000         0.41428571428571448          6.9047619047619135E-002
         768    0.50000000000000000         0.41428571428571448         0.13809523809523827     
         769    0.50000000000000000         0.41428571428571448         0.20714285714285730     
         770    0.50000000000000000         0.41428571428571448         0.27619047619047632     
         771    0.50000000000000000         0.41428571428571448         0.34523809523809534     
         772    0.50000000000000000         0.41428571428571448         0.41428571428571448     
         773    0.50000000000000000         0.41428571428571448         0.48333333333333350     
         774    0.48333333333333328        -0.41428571428571426        -0.50000000000000000     
         775    0.48333333333333328        -0.34523809523809523        -0.50000000000000000     
         776    0.48333333333333328        -0.27619047619047621        -0.50000000000000000     
         777    0.48333333333333328        -0.20714285714285713        -0.50000000000000000     
         778    0.48333333333333328        -0.13809523809523805        -0.50000000000000000     
         779    0.48333333333333328         -6.9047619047619024E-002   -0.50000000000000000     
         780    0.48333333333333328          1.1102230246251565E-016   -0.50000000000000000     
         781    0.48333333333333328          6.9047619047619135E-002   -0.50000000000000000     
         782    0.48333333333333328         0.13809523809523827        -0.50000000000000000     
         783    0.48333333333333328         0.20714285714285730        -0.50000000000000000     
         784    0.48333333333333328         0.27619047619047632        -0.50000000000000000     
         785    0.48333333333333328         0.34523809523809534        -0.50000000000000000     
         786    0.48333333333333328         0.41428571428571448        -0.50000000000000000     
         787    0.48333333355662411        -0.41428571428571426         0.50000000022329072     
         788    0.48333333355662411        -0.34523809523809523         0.50000000022329072     
         789    0.48333333355662411        -0.27619047619047621         0.50000000022329072     
         790    0.48333333355662411        -0.20714285714285713         0.50000000022329072     
         791    0.48333333355662411        -0.13809523809523805         0.50000000022329072     
         792    0.48333333355662411         -6.9047619047619024E-002    0.50000000022329072     
         793    0.48333333355662411          1.1102230246251565E-016    0.50000000022329072     
         794    0.48333333355662411          6.9047619047619135E-002    0.50000000022329072     
         795    0.48333333355662411         0.13809523809523827         0.50000000022329072     
         796    0.48333333355662411         0.20714285714285730         0.50000000022329072     
         797    0.48333333355662411         0.27619047619047632         0.50000000022329072     
         798    0.48333333355662411         0.34523809523809534         0.50000000022329072     
         799    0.48333333355662411         0.41428571428571448         0.50000000022329072     
         800   -0.48333333333333334        -0.41428571428571426        -0.50000000000000000     
         801   -0.48333333333333334        -0.34523809523809523        -0.50000000000000000     
         802   -0.48333333333333334        -0.27619047619047621        -0.50000000000000000     
         803   -0.48333333333333334        -0.20714285714285713        -0.50000000000000000     
         804   -0.48333333333333334        -0.13809523809523805        -0.50000000000000000     
         805   -0.48333333333333334         -6.9047619047619024E-002   -0.50000000000000000     
         806   -0.48333333333333334          1.1102230246251565E-016   -0.50000000000000000     
         807   -0.48333333333333334          6.9047619047619135E-002   -0.50000000000000000     
         808   -0.48333333333333334         0.13809523809523827        -0.50000000000000000     
         809   -0.48333333333333334         0.20714285714285730        -0.50000000000000000     
         810   -0.48333333333333334         0.27619047619047632        -0.50000000000000000     
         811   -0.48333333333333334         0.34523809523809534        -0.50000000000000000     
         812   -0.48333333333333334         0.41428571428571448        -0.50000000000000000     
         813   -0.41428571428571426        -0.41428571428571426        -0.50000000000000000     
         814   -0.41428571428571426        -0.34523809523809523        -0.50000000000000000     
         815   -0.41428571428571426        -0.27619047619047621        -0.50000000000000000     
         816   -0.41428571428571426        -0.20714285714285713        -0.50000000000000000     
         817   -0.41428571428571426        -0.13809523809523805        -0.50000000000000000     
         818   -0.41428571428571426         -6.9047619047619024E-002   -0.50000000000000000     
         819   -0.41428571428571426          1.1102230246251565E-016   -0.50000000000000000     
         820   -0.41428571428571426          6.9047619047619135E-002   -0.50000000000000000     
         821   -0.41428571428571426         0.13809523809523827        -0.50000000000000000     
         822   -0.41428571428571426         0.20714285714285730        -0.50000000000000000     
         823   -0.41428571428571426         0.27619047619047632        -0.50000000000000000     
         824   -0.41428571428571426         0.34523809523809534        -0.50000000000000000     
         825   -0.41428571428571426         0.41428571428571448        -0.50000000000000000     
         826   -0.34523809523809523        -0.41428571428571426        -0.50000000000000000     
         827   -0.34523809523809523        -0.34523809523809523        -0.50000000000000000     
         828   -0.34523809523809523        -0.27619047619047621        -0.50000000000000000     
         829   -0.34523809523809523        -0.20714285714285713        -0.50000000000000000     
         830   -0.34523809523809523        -0.13809523809523805        -0.50000000000000000     
         831   -0.34523809523809523         -6.9047619047619024E-002   -0.50000000000000000     
         832   -0.34523809523809523          1.1102230246251565E-016   -0.50000000000000000     
         833   -0.34523809523809523          6.9047619047619135E-002   -0.50000000000000000     
         834   -0.34523809523809523         0.13809523809523827        -0.50000000000000000     
         835   -0.34523809523809523         0.20714285714285730        -0.50000000000000000     
         836   -0.34523809523809523         0.27619047619047632        -0.50000000000000000     
         837   -0.34523809523809523         0.34523809523809534        -0.50000000000000000     
         838   -0.34523809523809523         0.41428571428571448        -0.50000000000000000     
         839   -0.27619047619047621        -0.41428571428571426        -0.50000000000000000     
         840   -0.27619047619047621        -0.34523809523809523        -0.50000000000000000     
         841   -0.27619047619047621        -0.27619047619047621        -0.50000000000000000     
         842   -0.27619047619047621        -0.20714285714285713        -0.50000000000000000     
         843   -0.27619047619047621        -0.13809523809523805        -0.50000000000000000     
         844   -0.27619047619047621         -6.9047619047619024E-002   -0.50000000000000000     
         845   -0.27619047619047621          1.1102230246251565E-016   -0.50000000000000000     
         846   -0.27619047619047621          6.9047619047619135E-002   -0.50000000000000000     
         847   -0.27619047619047621         0.13809523809523827        -0.50000000000000000     
         848   -0.27619047619047621         0.20714285714285730        -0.50000000000000000     
         849   -0.27619047619047621         0.27619047619047632        -0.50000000000000000     
         850   -0.27619047619047621         0.34523809523809534        -0.50000000000000000     
         851   -0.27619047619047621         0.41428571428571448        -0.50000000000000000     
         852   -0.20714285714285713        -0.41428571428571426        -0.50000000000000000     
         853   -0.20714285714285713        -0.34523809523809523        -0.50000000000000000     
         854   -0.20714285714285713        -0.27619047619047621        -0.50000000000000000     
         855   -0.20714285714285713        -0.20714285714285713        -0.50000000000000000     
         856   -0.20714285714285713        -0.13809523809523805        -0.50000000000000000     
         857   -0.20714285714285713         -6.9047619047619024E-002   -0.50000000000000000     
         858   -0.20714285714285713          1.1102230246251565E-016   -0.50000000000000000     
         859   -0.20714285714285713          6.9047619047619135E-002   -0.50000000000000000     
         860   -0.20714285714285713         0.13809523809523827        -0.50000000000000000     
         861   -0.20714285714285713         0.20714285714285730        -0.50000000000000000     
         862   -0.20714285714285713         0.27619047619047632        -0.50000000000000000     
         863   -0.20714285714285713         0.34523809523809534        -0.50000000000000000     
         864   -0.20714285714285713         0.41428571428571448        -0.50000000000000000     
         865   -0.13809523809523805        -0.41428571428571426        -0.50000000000000000     
         866   -0.13809523809523805        -0.34523809523809523        -0.50000000000000000     
         867   -0.13809523809523805        -0.27619047619047621        -0.50000000000000000     
         868   -0.13809523809523805        -0.20714285714285713        -0.50000000000000000     
         869   -0.13809523809523805        -0.13809523809523805        -0.50000000000000000     
         870   -0.13809523809523805         -6.9047619047619024E-002   -0.50000000000000000     
         871   -0.13809523809523805          1.1102230246251565E-016   -0.50000000000000000     
         872   -0.13809523809523805          6.9047619047619135E-002   -0.50000000000000000     
         873   -0.13809523809523805         0.13809523809523827        -0.50000000000000000     
         874   -0.13809523809523805         0.20714285714285730        -0.50000000000000000     
         875   -0.13809523809523805         0.27619047619047632        -0.50000000000000000     
         876   -0.13809523809523805         0.34523809523809534        -0.50000000000000000     
         877   -0.13809523809523805         0.41428571428571448        -0.50000000000000000     
         878    -6.9047619047619024E-002   -0.41428571428571426        -0.50000000000000000     
         879    -6.9047619047619024E-002   -0.34523809523809523        -0.50000000000000000     
         880    -6.9047619047619024E-002   -0.27619047619047621        -0.50000000000000000     
         881    -6.9047619047619024E-002   -0.20714285714285713        -0.50000000000000000     
         882    -6.9047619047619024E-002   -0.13809523809523805        -0.50000000000000000     
         883    -6.9047619047619024E-002    -6.9047619047619024E-002   -0.50000000000000000     
         884    -6.9047619047619024E-002     1.1102230246251565E-016   -0.50000000000000000     
         885    -6.9047619047619024E-002     6.9047619047619135E-002   -0.50000000000000000     
         886    -6.9047619047619024E-002    0.13809523809523827        -0.50000000000000000     
         887    -6.9047619047619024E-002    0.20714285714285730        -0.50000000000000000     
         888    -6.9047619047619024E-002    0.27619047619047632        -0.50000000000000000     
         889    -6.9047619047619024E-002    0.34523809523809534        -0.50000000000000000     
         890    -6.9047619047619024E-002    0.41428571428571448        -0.50000000000000000     
         891     1.1102230246251565E-016   -0.41428571428571426        -0.50000000000000000     
         892     1.1102230246251565E-016   -0.34523809523809523        -0.50000000000000000     
         893     1.1102230246251565E-016   -0.27619047619047621        -0.50000000000000000     
         894     1.1102230246251565E-016   -0.20714285714285713        -0.50000000000000000     
         895     1.1102230246251565E-016   -0.13809523809523805        -0.50000000000000000     
         896     1.1102230246251565E-016    -6.9047619047619024E-002   -0.50000000000000000     
         897     1.1102230246251565E-016     1.1102230246251565E-016   -0.50000000000000000     
         898     1.1102230246251565E-016     6.9047619047619135E-002   -0.50000000000000000     
         899     1.1102230246251565E-016    0.13809523809523827        -0.50000000000000000     
         900     1.1102230246251565E-016    0.20714285714285730        -0.50000000000000000     
         901     1.1102230246251565E-016    0.27619047619047632        -0.50000000000000000     
         902     1.1102230246251565E-016    0.34523809523809534        -0.50000000000000000     
         903     1.1102230246251565E-016    0.41428571428571448        -0.50000000000000000     
         904     6.9047619047619135E-002   -0.41428571428571426        -0.50000000000000000     
         905     6.9047619047619135E-002   -0.34523809523809523        -0.50000000000000000     
         906     6.9047619047619135E-002   -0.27619047619047621        -0.50000000000000000     
         907     6.9047619047619135E-002   -0.20714285714285713        -0.50000000000000000     
         908     6.9047619047619135E-002   -0.13809523809523805        -0.50000000000000000     
         909     6.9047619047619135E-002    -6.9047619047619024E-002   -0.50000000000000000     
         910     6.9047619047619135E-002     1.1102230246251565E-016   -0.50000000000000000     
         911     6.9047619047619135E-002     6.9047619047619135E-002   -0.50000000000000000     
         912     6.9047619047619135E-002    0.13809523809523827        -0.50000000000000000     
         913     6.9047619047619135E-002    0.20714285714285730        -0.50000000000000000     
         914     6.9047619047619135E-002    0.27619047619047632        -0.50000000000000000     
         915     6.9047619047619135E-002    0.34523809523809534        -0.50000000000000000     
         916     6.9047619047619135E-002    0.41428571428571448        -0.50000000000000000     
         917    0.13809523809523827        -0.41428571428571426        -0.50000000000000000     
         918    0.13809523809523827        -0.34523809523809523        -0.50000000000000000     
         919    0.13809523809523827        -0.27619047619047621        -0.50000000000000000     
         920    0.13809523809523827        -0.20714285714285713        -0.50000000000000000     
         921    0.13809523809523827        -0.13809523809523805        -0.50000000000000000     
         922    0.13809523809523827         -6.9047619047619024E-002   -0.50000000000000000     
         923    0.13809523809523827          1.1102230246251565E-016   -0.50000000000000000     
         924    0.13809523809523827          6.9047619047619135E-002   -0.50000000000000000     
         925    0.13809523809523827         0.13809523809523827        -0.50000000000000000     
         926    0.13809523809523827         0.20714285714285730        -0.50000000000000000     
         927    0.13809523809523827         0.27619047619047632        -0.50000000000000000     
         928    0.13809523809523827         0.34523809523809534        -0.50000000000000000     
         929    0.13809523809523827         0.41428571428571448        -0.50000000000000000     
         930    0.20714285714285730        -0.41428571428571426        -0.50000000000000000     
         931    0.20714285714285730        -0.34523809523809523        -0.50000000000000000     
         932    0.20714285714285730        -0.27619047619047621        -0.50000000000000000     
         933    0.20714285714285730        -0.20714285714285713        -0.50000000000000000     
         934    0.20714285714285730        -0.13809523809523805        -0.50000000000000000     
         935    0.20714285714285730         -6.9047619047619024E-002   -0.50000000000000000     
         936    0.20714285714285730          1.1102230246251565E-016   -0.50000000000000000     
         937    0.20714285714285730          6.9047619047619135E-002   -0.50000000000000000     
         938    0.20714285714285730         0.13809523809523827        -0.50000000000000000     
         939    0.20714285714285730         0.20714285714285730        -0.50000000000000000     
         940    0.20714285714285730         0.27619047619047632        -0.50000000000000000     
         941    0.20714285714285730         0.34523809523809534        -0.50000000000000000     
         942    0.20714285714285730         0.41428571428571448        -0.50000000000000000     
         943    0.27619047619047632        -0.41428571428571426        -0.50000000000000000     
         944    0.27619047619047632        -0.34523809523809523        -0.50000000000000000     
         945    0.27619047619047632        -0.27619047619047621        -0.50000000000000000     
         946    0.27619047619047632        -0.20714285714285713        -0.50000000000000000     
         947    0.27619047619047632        -0.13809523809523805        -0.50000000000000000     
         948    0.27619047619047632         -6.9047619047619024E-002   -0.50000000000000000     
         949    0.27619047619047632          1.1102230246251565E-016   -0.50000000000000000     
         950    0.27619047619047632          6.9047619047619135E-002   -0.50000000000000000     
         951    0.27619047619047632         0.13809523809523827        -0.50000000000000000     
         952    0.27619047619047632         0.20714285714285730        -0.50000000000000000     
         953    0.27619047619047632         0.27619047619047632        -0.50000000000000000     
         954    0.27619047619047632         0.34523809523809534        -0.50000000000000000     
         955    0.27619047619047632         0.41428571428571448        -0.50000000000000000     
         956    0.34523809523809534        -0.41428571428571426        -0.50000000000000000     
         957    0.34523809523809534        -0.34523809523809523        -0.50000000000000000     
         958    0.34523809523809534        -0.27619047619047621        -0.50000000000000000     
         959    0.34523809523809534        -0.20714285714285713        -0.50000000000000000     
         960    0.34523809523809534        -0.13809523809523805        -0.50000000000000000     
         961    0.34523809523809534         -6.9047619047619024E-002   -0.50000000000000000     
         962    0.34523809523809534          1.1102230246251565E-016   -0.50000000000000000     
         963    0.34523809523809534          6.9047619047619135E-002   -0.50000000000000000     
         964    0.34523809523809534         0.13809523809523827        -0.50000000000000000     
         965    0.34523809523809534         0.20714285714285730        -0.50000000000000000     
         966    0.34523809523809534         0.27619047619047632        -0.50000000000000000     
         967    0.34523809523809534         0.34523809523809534        -0.50000000000000000     
         968    0.34523809523809534         0.41428571428571448        -0.50000000000000000     
         969    0.41428571428571448        -0.41428571428571426        -0.50000000000000000     
         970    0.41428571428571448        -0.34523809523809523        -0.50000000000000000     
         971    0.41428571428571448        -0.27619047619047621        -0.50000000000000000     
         972    0.41428571428571448        -0.20714285714285713        -0.50000000000000000     
         973    0.41428571428571448        -0.13809523809523805        -0.50000000000000000     
         974    0.41428571428571448         -6.9047619047619024E-002   -0.50000000000000000     
         975    0.41428571428571448          1.1102230246251565E-016   -0.50000000000000000     
         976    0.41428571428571448          6.9047619047619135E-002   -0.50000000000000000     
         977    0.41428571428571448         0.13809523809523827        -0.50000000000000000     
         978    0.41428571428571448         0.20714285714285730        -0.50000000000000000     
         979    0.41428571428571448         0.27619047619047632        -0.50000000000000000     
         980    0.41428571428571448         0.34523809523809534        -0.50000000000000000     
         981    0.41428571428571448         0.41428571428571448        -0.50000000000000000     
         982   -0.48333333333333334        -0.41428571428571426         0.50000000000000000     
         983   -0.48333333333333334        -0.34523809523809523         0.50000000000000000     
         984   -0.48333333333333334        -0.27619047619047621         0.50000000000000000     
         985   -0.48333333333333334        -0.20714285714285713         0.50000000000000000     
         986   -0.48333333333333334        -0.13809523809523805         0.50000000000000000     
         987   -0.48333333333333334         -6.9047619047619024E-002    0.50000000000000000     
         988   -0.48333333333333334          1.1102230246251565E-016    0.50000000000000000     
         989   -0.48333333333333334          6.9047619047619135E-002    0.50000000000000000     
         990   -0.48333333333333334         0.13809523809523827         0.50000000000000000     
         991   -0.48333333333333334         0.20714285714285730         0.50000000000000000     
         992   -0.48333333333333334         0.27619047619047632         0.50000000000000000     
         993   -0.48333333333333334         0.34523809523809534         0.50000000000000000     
         994   -0.48333333333333334         0.41428571428571448         0.50000000000000000     
         995   -0.41428571428571426        -0.41428571428571426         0.50000000000000000     
         996   -0.41428571428571426        -0.34523809523809523         0.50000000000000000     
         997   -0.41428571428571426        -0.27619047619047621         0.50000000000000000     
         998   -0.41428571428571426        -0.20714285714285713         0.50000000000000000     
         999   -0.41428571428571426        -0.13809523809523805         0.50000000000000000     
        1000   -0.41428571428571426         -6.9047619047619024E-002    0.50000000000000000     
        1001   -0.41428571428571426          1.1102230246251565E-016    0.50000000000000000     
        1002   -0.41428571428571426          6.9047619047619135E-002    0.50000000000000000     
        1003   -0.41428571428571426         0.13809523809523827         0.50000000000000000     
        1004   -0.41428571428571426         0.20714285714285730         0.50000000000000000     
        1005   -0.41428571428571426         0.27619047619047632         0.50000000000000000     
        1006   -0.41428571428571426         0.34523809523809534         0.50000000000000000     
        1007   -0.41428571428571426         0.41428571428571448         0.50000000000000000     
        1008   -0.34523809523809523        -0.41428571428571426         0.50000000000000000     
        1009   -0.34523809523809523        -0.34523809523809523         0.50000000000000000     
        1010   -0.34523809523809523        -0.27619047619047621         0.50000000000000000     
        1011   -0.34523809523809523        -0.20714285714285713         0.50000000000000000     
        1012   -0.34523809523809523        -0.13809523809523805         0.50000000000000000     
        1013   -0.34523809523809523         -6.9047619047619024E-002    0.50000000000000000     
        1014   -0.34523809523809523          1.1102230246251565E-016    0.50000000000000000     
        1015   -0.34523809523809523          6.9047619047619135E-002    0.50000000000000000     
        1016   -0.34523809523809523         0.13809523809523827         0.50000000000000000     
        1017   -0.34523809523809523         0.20714285714285730         0.50000000000000000     
        1018   -0.34523809523809523         0.27619047619047632         0.50000000000000000     
        1019   -0.34523809523809523         0.34523809523809534         0.50000000000000000     
        1020   -0.34523809523809523         0.41428571428571448         0.50000000000000000     
        1021   -0.27619047619047621        -0.41428571428571426         0.50000000000000000     
        1022   -0.27619047619047621        -0.34523809523809523         0.50000000000000000     
        1023   -0.27619047619047621        -0.27619047619047621         0.50000000000000000     
        1024   -0.27619047619047621        -0.20714285714285713         0.50000000000000000     
        1025   -0.27619047619047621        -0.13809523809523805         0.50000000000000000     
        1026   -0.27619047619047621         -6.9047619047619024E-002    0.50000000000000000     
        1027   -0.27619047619047621          1.1102230246251565E-016    0.50000000000000000     
        1028   -0.27619047619047621          6.9047619047619135E-002    0.50000000000000000     
        1029   -0.27619047619047621         0.13809523809523827         0.50000000000000000     
        1030   -0.27619047619047621         0.20714285714285730         0.50000000000000000     
        1031   -0.27619047619047621         0.27619047619047632         0.50000000000000000     
        1032   -0.27619047619047621         0.34523809523809534         0.50000000000000000     
        1033   -0.27619047619047621         0.41428571428571448         0.50000000000000000     
        1034   -0.20714285714285713        -0.41428571428571426         0.50000000000000000     
        1035   -0.20714285714285713        -0.34523809523809523         0.50000000000000000     
        1036   -0.20714285714285713        -0.27619047619047621         0.50000000000000000     
        1037   -0.20714285714285713        -0.20714285714285713         0.50000000000000000     
        1038   -0.20714285714285713        -0.13809523809523805         0.50000000000000000     
        1039   -0.20714285714285713         -6.9047619047619024E-002    0.50000000000000000     
        1040   -0.20714285714285713          1.1102230246251565E-016    0.50000000000000000     
        1041   -0.20714285714285713          6.9047619047619135E-002    0.50000000000000000     
        1042   -0.20714285714285713         0.13809523809523827         0.50000000000000000     
        1043   -0.20714285714285713         0.20714285714285730         0.50000000000000000     
        1044   -0.20714285714285713         0.27619047619047632         0.50000000000000000     
        1045   -0.20714285714285713         0.34523809523809534         0.50000000000000000     
        1046   -0.20714285714285713         0.41428571428571448         0.50000000000000000     
        1047   -0.13809523809523805        -0.41428571428571426         0.50000000000000000     
        1048   -0.13809523809523805        -0.34523809523809523         0.50000000000000000     
        1049   -0.13809523809523805        -0.27619047619047621         0.50000000000000000     
        1050   -0.13809523809523805        -0.20714285714285713         0.50000000000000000     
        1051   -0.13809523809523805        -0.13809523809523805         0.50000000000000000     
        1052   -0.13809523809523805         -6.9047619047619024E-002    0.50000000000000000     
        1053   -0.13809523809523805          1.1102230246251565E-016    0.50000000000000000     
        1054   -0.13809523809523805          6.9047619047619135E-002    0.50000000000000000     
        1055   -0.13809523809523805         0.13809523809523827         0.50000000000000000     
        1056   -0.13809523809523805         0.20714285714285730         0.50000000000000000     
        1057   -0.13809523809523805         0.27619047619047632         0.50000000000000000     
        1058   -0.13809523809523805         0.34523809523809534         0.50000000000000000     
        1059   -0.13809523809523805         0.41428571428571448         0.50000000000000000     
        1060    -6.9047619047619024E-002   -0.41428571428571426         0.50000000000000000     
        1061    -6.9047619047619024E-002   -0.34523809523809523         0.50000000000000000     
        1062    -6.9047619047619024E-002   -0.27619047619047621         0.50000000000000000     
        1063    -6.9047619047619024E-002   -0.20714285714285713         0.50000000000000000     
        1064    -6.9047619047619024E-002   -0.13809523809523805         0.50000000000000000     
        1065    -6.9047619047619024E-002    -6.9047619047619024E-002    0.50000000000000000     
        1066    -6.9047619047619024E-002     1.1102230246251565E-016    0.50000000000000000     
        1067    -6.9047619047619024E-002     6.9047619047619135E-002    0.50000000000000000     
        1068    -6.9047619047619024E-002    0.13809523809523827         0.50000000000000000     
        1069    -6.9047619047619024E-002    0.20714285714285730         0.50000000000000000     
        1070    -6.9047619047619024E-002    0.27619047619047632         0.50000000000000000     
        1071    -6.9047619047619024E-002    0.34523809523809534         0.50000000000000000     
        1072    -6.9047619047619024E-002    0.41428571428571448         0.50000000000000000     
        1073     1.1102230246251565E-016   -0.41428571428571426         0.50000000000000000     
        1074     1.1102230246251565E-016   -0.34523809523809523         0.50000000000000000     
        1075     1.1102230246251565E-016   -0.27619047619047621         0.50000000000000000     
        1076     1.1102230246251565E-016   -0.20714285714285713         0.50000000000000000     
        1077     1.1102230246251565E-016   -0.13809523809523805         0.50000000000000000     
        1078     1.1102230246251565E-016    -6.9047619047619024E-002    0.50000000000000000     
        1079     1.1102230246251565E-016     1.1102230246251565E-016    0.50000000000000000     
        1080     1.1102230246251565E-016     6.9047619047619135E-002    0.50000000000000000     
        1081     1.1102230246251565E-016    0.13809523809523827         0.50000000000000000     
        1082     1.1102230246251565E-016    0.20714285714285730         0.50000000000000000     
        1083     1.1102230246251565E-016    0.27619047619047632         0.50000000000000000     
        1084     1.1102230246251565E-016    0.34523809523809534         0.50000000000000000     
        1085     1.1102230246251565E-016    0.41428571428571448         0.50000000000000000     
        1086     6.9047619047619135E-002   -0.41428571428571426         0.50000000000000000     
        1087     6.9047619047619135E-002   -0.34523809523809523         0.50000000000000000     
        1088     6.9047619047619135E-002   -0.27619047619047621         0.50000000000000000     
        1089     6.9047619047619135E-002   -0.20714285714285713         0.50000000000000000     
        1090     6.9047619047619135E-002   -0.13809523809523805         0.50000000000000000     
        1091     6.9047619047619135E-002    -6.9047619047619024E-002    0.50000000000000000     
        1092     6.9047619047619135E-002     1.1102230246251565E-016    0.50000000000000000     
        1093     6.9047619047619135E-002     6.9047619047619135E-002    0.50000000000000000     
        1094     6.9047619047619135E-002    0.13809523809523827         0.50000000000000000     
        1095     6.9047619047619135E-002    0.20714285714285730         0.50000000000000000     
        1096     6.9047619047619135E-002    0.27619047619047632         0.50000000000000000     
        1097     6.9047619047619135E-002    0.34523809523809534         0.50000000000000000     
        1098     6.9047619047619135E-002    0.41428571428571448         0.50000000000000000     
        1099    0.13809523809523827        -0.41428571428571426         0.50000000000000000     
        1100    0.13809523809523827        -0.34523809523809523         0.50000000000000000     
        1101    0.13809523809523827        -0.27619047619047621         0.50000000000000000     
        1102    0.13809523809523827        -0.20714285714285713         0.50000000000000000     
        1103    0.13809523809523827        -0.13809523809523805         0.50000000000000000     
        1104    0.13809523809523827         -6.9047619047619024E-002    0.50000000000000000     
        1105    0.13809523809523827          1.1102230246251565E-016    0.50000000000000000     
        1106    0.13809523809523827          6.9047619047619135E-002    0.50000000000000000     
        1107    0.13809523809523827         0.13809523809523827         0.50000000000000000     
        1108    0.13809523809523827         0.20714285714285730         0.50000000000000000     
        1109    0.13809523809523827         0.27619047619047632         0.50000000000000000     
        1110    0.13809523809523827         0.34523809523809534         0.50000000000000000     
        1111    0.13809523809523827         0.41428571428571448         0.50000000000000000     
        1112    0.20714285714285730        -0.41428571428571426         0.50000000000000000     
        1113    0.20714285714285730        -0.34523809523809523         0.50000000000000000     
        1114    0.20714285714285730        -0.27619047619047621         0.50000000000000000     
        1115    0.20714285714285730        -0.20714285714285713         0.50000000000000000     
        1116    0.20714285714285730        -0.13809523809523805         0.50000000000000000     
        1117    0.20714285714285730         -6.9047619047619024E-002    0.50000000000000000     
        1118    0.20714285714285730          1.1102230246251565E-016    0.50000000000000000     
        1119    0.20714285714285730          6.9047619047619135E-002    0.50000000000000000     
        1120    0.20714285714285730         0.13809523809523827         0.50000000000000000     
        1121    0.20714285714285730         0.20714285714285730         0.50000000000000000     
        1122    0.20714285714285730         0.27619047619047632         0.50000000000000000     
        1123    0.20714285714285730         0.34523809523809534         0.50000000000000000     
        1124    0.20714285714285730         0.41428571428571448         0.50000000000000000     
        1125    0.27619047619047632        -0.41428571428571426         0.50000000000000000     
        1126    0.27619047619047632        -0.34523809523809523         0.50000000000000000     
        1127    0.27619047619047632        -0.27619047619047621         0.50000000000000000     
        1128    0.27619047619047632        -0.20714285714285713         0.50000000000000000     
        1129    0.27619047619047632        -0.13809523809523805         0.50000000000000000     
        1130    0.27619047619047632         -6.9047619047619024E-002    0.50000000000000000     
        1131    0.27619047619047632          1.1102230246251565E-016    0.50000000000000000     
        1132    0.27619047619047632          6.9047619047619135E-002    0.50000000000000000     
        1133    0.27619047619047632         0.13809523809523827         0.50000000000000000     
        1134    0.27619047619047632         0.20714285714285730         0.50000000000000000     
        1135    0.27619047619047632         0.27619047619047632         0.50000000000000000     
        1136    0.27619047619047632         0.34523809523809534         0.50000000000000000     
        1137    0.27619047619047632         0.41428571428571448         0.50000000000000000     
        1138    0.34523809523809534        -0.41428571428571426         0.50000000000000000     
        1139    0.34523809523809534        -0.34523809523809523         0.50000000000000000     
        1140    0.34523809523809534        -0.27619047619047621         0.50000000000000000     
        1141    0.34523809523809534        -0.20714285714285713         0.50000000000000000     
        1142    0.34523809523809534        -0.13809523809523805         0.50000000000000000     
        1143    0.34523809523809534         -6.9047619047619024E-002    0.50000000000000000     
        1144    0.34523809523809534          1.1102230246251565E-016    0.50000000000000000     
        1145    0.34523809523809534          6.9047619047619135E-002    0.50000000000000000     
        1146    0.34523809523809534         0.13809523809523827         0.50000000000000000     
        1147    0.34523809523809534         0.20714285714285730         0.50000000000000000     
        1148    0.34523809523809534         0.27619047619047632         0.50000000000000000     
        1149    0.34523809523809534         0.34523809523809534         0.50000000000000000     
        1150    0.34523809523809534         0.41428571428571448         0.50000000000000000     
        1151    0.41428571428571448        -0.41428571428571426         0.50000000000000000     
        1152    0.41428571428571448        -0.34523809523809523         0.50000000000000000     
        1153    0.41428571428571448        -0.27619047619047621         0.50000000000000000     
        1154    0.41428571428571448        -0.20714285714285713         0.50000000000000000     
        1155    0.41428571428571448        -0.13809523809523805         0.50000000000000000     
        1156    0.41428571428571448         -6.9047619047619024E-002    0.50000000000000000     
        1157    0.41428571428571448          1.1102230246251565E-016    0.50000000000000000     
        1158    0.41428571428571448          6.9047619047619135E-002    0.50000000000000000     
        1159    0.41428571428571448         0.13809523809523827         0.50000000000000000     
        1160    0.41428571428571448         0.20714285714285730         0.50000000000000000     
        1161    0.41428571428571448         0.27619047619047632         0.50000000000000000     
        1162    0.41428571428571448         0.34523809523809534         0.50000000000000000     
        1163    0.41428571428571448         0.41428571428571448         0.50000000000000000     
        1164   -0.50000000000000000        -0.41428571428571426         0.48333333333333328     
        1165   -0.50000000000000000        -0.34523809523809523         0.48333333333333328     
        1166   -0.50000000000000000        -0.27619047619047621         0.48333333333333328     
        1167   -0.50000000000000000        -0.20714285714285713         0.48333333333333328     
        1168   -0.50000000000000000        -0.13809523809523805         0.48333333333333328     
        1169   -0.50000000000000000         -6.9047619047619024E-002    0.48333333333333328     
        1170   -0.50000000000000000          1.1102230246251565E-016    0.48333333333333328     
        1171   -0.50000000000000000          6.9047619047619135E-002    0.48333333333333328     
        1172   -0.50000000000000000         0.13809523809523827         0.48333333333333328     
        1173   -0.50000000000000000         0.20714285714285730         0.48333333333333328     
        1174   -0.50000000000000000         0.27619047619047632         0.48333333333333328     
        1175   -0.50000000000000000         0.34523809523809534         0.48333333333333328     
        1176   -0.50000000000000000         0.41428571428571448         0.48333333333333328     
        1177   -0.49999999977670917        -0.41428571428571426        -0.48333333311004251     
        1178   -0.49999999977670917        -0.34523809523809523        -0.48333333311004251     
        1179   -0.49999999977670917        -0.27619047619047621        -0.48333333311004251     
        1180   -0.49999999977670917        -0.20714285714285713        -0.48333333311004251     
        1181   -0.49999999977670917        -0.13809523809523805        -0.48333333311004251     
        1182   -0.49999999977670917         -6.9047619047619024E-002   -0.48333333311004251     
        1183   -0.49999999977670917          1.1102230246251565E-016   -0.48333333311004251     
        1184   -0.49999999977670917          6.9047619047619135E-002   -0.48333333311004251     
        1185   -0.49999999977670917         0.13809523809523827        -0.48333333311004251     
        1186   -0.49999999977670917         0.20714285714285730        -0.48333333311004251     
        1187   -0.49999999977670917         0.27619047619047632        -0.48333333311004251     
        1188   -0.49999999977670917         0.34523809523809534        -0.48333333311004251     
        1189   -0.49999999977670917         0.41428571428571448        -0.48333333311004251     
        1190   -0.50000000000000000        -0.41428571428571426        -0.41428571428571426     
        1191   -0.50000000000000000        -0.41428571428571426        -0.34523809523809523     
        1192   -0.50000000000000000        -0.41428571428571426        -0.27619047619047621     
        1193   -0.50000000000000000        -0.41428571428571426        -0.20714285714285713     
        1194   -0.50000000000000000        -0.41428571428571426        -0.13809523809523805     
        1195   -0.50000000000000000        -0.41428571428571426         -6.9047619047619024E-002
        1196   -0.50000000000000000        -0.41428571428571426          1.1102230246251565E-016
        1197   -0.50000000000000000        -0.41428571428571426          6.9047619047619135E-002
        1198   -0.50000000000000000        -0.41428571428571426         0.13809523809523827     
        1199   -0.50000000000000000        -0.41428571428571426         0.20714285714285730     
        1200   -0.50000000000000000        -0.41428571428571426         0.27619047619047632     
        1201   -0.50000000000000000        -0.41428571428571426         0.34523809523809534     
        1202   -0.50000000000000000        -0.41428571428571426         0.41428571428571448     
        1203   -0.50000000000000000        -0.34523809523809523        -0.41428571428571426     
        1204   -0.50000000000000000        -0.34523809523809523        -0.34523809523809523     
        1205   -0.50000000000000000        -0.34523809523809523        -0.27619047619047621     
        1206   -0.50000000000000000        -0.34523809523809523        -0.20714285714285713     
        1207   -0.50000000000000000        -0.34523809523809523        -0.13809523809523805     
        1208   -0.50000000000000000        -0.34523809523809523         -6.9047619047619024E-002
        1209   -0.50000000000000000        -0.34523809523809523          1.1102230246251565E-016
        1210   -0.50000000000000000        -0.34523809523809523          6.9047619047619135E-002
        1211   -0.50000000000000000        -0.34523809523809523         0.13809523809523827     
        1212   -0.50000000000000000        -0.34523809523809523         0.20714285714285730     
        1213   -0.50000000000000000        -0.34523809523809523         0.27619047619047632     
        1214   -0.50000000000000000        -0.34523809523809523         0.34523809523809534     
        1215   -0.50000000000000000        -0.34523809523809523         0.41428571428571448     
        1216   -0.50000000000000000        -0.27619047619047621        -0.41428571428571426     
        1217   -0.50000000000000000        -0.27619047619047621        -0.34523809523809523     
        1218   -0.50000000000000000        -0.27619047619047621        -0.27619047619047621     
        1219   -0.50000000000000000        -0.27619047619047621        -0.20714285714285713     
        1220   -0.50000000000000000        -0.27619047619047621        -0.13809523809523805     
        1221   -0.50000000000000000        -0.27619047619047621         -6.9047619047619024E-002
        1222   -0.50000000000000000        -0.27619047619047621          1.1102230246251565E-016
        1223   -0.50000000000000000        -0.27619047619047621          6.9047619047619135E-002
        1224   -0.50000000000000000        -0.27619047619047621         0.13809523809523827     
        1225   -0.50000000000000000        -0.27619047619047621         0.20714285714285730     
        1226   -0.50000000000000000        -0.27619047619047621         0.27619047619047632     
        1227   -0.50000000000000000        -0.27619047619047621         0.34523809523809534     
        1228   -0.50000000000000000        -0.27619047619047621         0.41428571428571448     
        1229   -0.50000000000000000        -0.20714285714285713        -0.41428571428571426     
        1230   -0.50000000000000000        -0.20714285714285713        -0.34523809523809523     
        1231   -0.50000000000000000        -0.20714285714285713        -0.27619047619047621     
        1232   -0.50000000000000000        -0.20714285714285713        -0.20714285714285713     
        1233   -0.50000000000000000        -0.20714285714285713        -0.13809523809523805     
        1234   -0.50000000000000000        -0.20714285714285713         -6.9047619047619024E-002
        1235   -0.50000000000000000        -0.20714285714285713          1.1102230246251565E-016
        1236   -0.50000000000000000        -0.20714285714285713          6.9047619047619135E-002
        1237   -0.50000000000000000        -0.20714285714285713         0.13809523809523827     
        1238   -0.50000000000000000        -0.20714285714285713         0.20714285714285730     
        1239   -0.50000000000000000        -0.20714285714285713         0.27619047619047632     
        1240   -0.50000000000000000        -0.20714285714285713         0.34523809523809534     
        1241   -0.50000000000000000        -0.20714285714285713         0.41428571428571448     
        1242   -0.50000000000000000        -0.13809523809523805        -0.41428571428571426     
        1243   -0.50000000000000000        -0.13809523809523805        -0.34523809523809523     
        1244   -0.50000000000000000        -0.13809523809523805        -0.27619047619047621     
        1245   -0.50000000000000000        -0.13809523809523805        -0.20714285714285713     
        1246   -0.50000000000000000        -0.13809523809523805        -0.13809523809523805     
        1247   -0.50000000000000000        -0.13809523809523805         -6.9047619047619024E-002
        1248   -0.50000000000000000        -0.13809523809523805          1.1102230246251565E-016
        1249   -0.50000000000000000        -0.13809523809523805          6.9047619047619135E-002
        1250   -0.50000000000000000        -0.13809523809523805         0.13809523809523827     
        1251   -0.50000000000000000        -0.13809523809523805         0.20714285714285730     
        1252   -0.50000000000000000        -0.13809523809523805         0.27619047619047632     
        1253   -0.50000000000000000        -0.13809523809523805         0.34523809523809534     
        1254   -0.50000000000000000        -0.13809523809523805         0.41428571428571448     
        1255   -0.50000000000000000         -6.9047619047619024E-002   -0.41428571428571426     
        1256   -0.50000000000000000         -6.9047619047619024E-002   -0.34523809523809523     
        1257   -0.50000000000000000         -6.9047619047619024E-002   -0.27619047619047621     
        1258   -0.50000000000000000         -6.9047619047619024E-002   -0.20714285714285713     
        1259   -0.50000000000000000         -6.9047619047619024E-002   -0.13809523809523805     
        1260   -0.50000000000000000         -6.9047619047619024E-002    -6.9047619047619024E-002
        1261   -0.50000000000000000         -6.9047619047619024E-002     1.1102230246251565E-016
        1262   -0.50000000000000000         -6.9047619047619024E-002     6.9047619047619135E-002
        1263   -0.50000000000000000         -6.9047619047619024E-002    0.13809523809523827     
        1264   -0.50000000000000000         -6.9047619047619024E-002    0.20714285714285730     
        1265   -0.50000000000000000         -6.9047619047619024E-002    0.27619047619047632     
        1266   -0.50000000000000000         -6.9047619047619024E-002    0.34523809523809534     
        1267   -0.50000000000000000         -6.9047619047619024E-002    0.41428571428571448     
        1268   -0.50000000000000000          1.1102230246251565E-016   -0.41428571428571426     
        1269   -0.50000000000000000          1.1102230246251565E-016   -0.34523809523809523     
        1270   -0.50000000000000000          1.1102230246251565E-016   -0.27619047619047621     
        1271   -0.50000000000000000          1.1102230246251565E-016   -0.20714285714285713     
        1272   -0.50000000000000000          1.1102230246251565E-016   -0.13809523809523805     
        1273   -0.50000000000000000          1.1102230246251565E-016    -6.9047619047619024E-002
        1274   -0.50000000000000000          1.1102230246251565E-016     1.1102230246251565E-016
        1275   -0.50000000000000000          1.1102230246251565E-016     6.9047619047619135E-002
        1276   -0.50000000000000000          1.1102230246251565E-016    0.13809523809523827     
        1277   -0.50000000000000000          1.1102230246251565E-016    0.20714285714285730     
        1278   -0.50000000000000000          1.1102230246251565E-016    0.27619047619047632     
        1279   -0.50000000000000000          1.1102230246251565E-016    0.34523809523809534     
        1280   -0.50000000000000000          1.1102230246251565E-016    0.41428571428571448     
        1281   -0.50000000000000000          6.9047619047619135E-002   -0.41428571428571426     
        1282   -0.50000000000000000          6.9047619047619135E-002   -0.34523809523809523     
        1283   -0.50000000000000000          6.9047619047619135E-002   -0.27619047619047621     
        1284   -0.50000000000000000          6.9047619047619135E-002   -0.20714285714285713     
        1285   -0.50000000000000000          6.9047619047619135E-002   -0.13809523809523805     
        1286   -0.50000000000000000          6.9047619047619135E-002    -6.9047619047619024E-002
        1287   -0.50000000000000000          6.9047619047619135E-002     1.1102230246251565E-016
        1288   -0.50000000000000000          6.9047619047619135E-002     6.9047619047619135E-002
        1289   -0.50000000000000000          6.9047619047619135E-002    0.13809523809523827     
        1290   -0.50000000000000000          6.9047619047619135E-002    0.20714285714285730     
        1291   -0.50000000000000000          6.9047619047619135E-002    0.27619047619047632     
        1292   -0.50000000000000000          6.9047619047619135E-002    0.34523809523809534     
        1293   -0.50000000000000000          6.9047619047619135E-002    0.41428571428571448     
        1294   -0.50000000000000000         0.13809523809523827        -0.41428571428571426     
        1295   -0.50000000000000000         0.13809523809523827        -0.34523809523809523     
        1296   -0.50000000000000000         0.13809523809523827        -0.27619047619047621     
        1297   -0.50000000000000000         0.13809523809523827        -0.20714285714285713     
        1298   -0.50000000000000000         0.13809523809523827        -0.13809523809523805     
        1299   -0.50000000000000000         0.13809523809523827         -6.9047619047619024E-002
        1300   -0.50000000000000000         0.13809523809523827          1.1102230246251565E-016
        1301   -0.50000000000000000         0.13809523809523827          6.9047619047619135E-002
        1302   -0.50000000000000000         0.13809523809523827         0.13809523809523827     
        1303   -0.50000000000000000         0.13809523809523827         0.20714285714285730     
        1304   -0.50000000000000000         0.13809523809523827         0.27619047619047632     
        1305   -0.50000000000000000         0.13809523809523827         0.34523809523809534     
        1306   -0.50000000000000000         0.13809523809523827         0.41428571428571448     
        1307   -0.50000000000000000         0.20714285714285730        -0.41428571428571426     
        1308   -0.50000000000000000         0.20714285714285730        -0.34523809523809523     
        1309   -0.50000000000000000         0.20714285714285730        -0.27619047619047621     
        1310   -0.50000000000000000         0.20714285714285730        -0.20714285714285713     
        1311   -0.50000000000000000         0.20714285714285730        -0.13809523809523805     
        1312   -0.50000000000000000         0.20714285714285730         -6.9047619047619024E-002
        1313   -0.50000000000000000         0.20714285714285730          1.1102230246251565E-016
        1314   -0.50000000000000000         0.20714285714285730          6.9047619047619135E-002
        1315   -0.50000000000000000         0.20714285714285730         0.13809523809523827     
        1316   -0.50000000000000000         0.20714285714285730         0.20714285714285730     
        1317   -0.50000000000000000         0.20714285714285730         0.27619047619047632     
        1318   -0.50000000000000000         0.20714285714285730         0.34523809523809534     
        1319   -0.50000000000000000         0.20714285714285730         0.41428571428571448     
        1320   -0.50000000000000000         0.27619047619047632        -0.41428571428571426     
        1321   -0.50000000000000000         0.27619047619047632        -0.34523809523809523     
        1322   -0.50000000000000000         0.27619047619047632        -0.27619047619047621     
        1323   -0.50000000000000000         0.27619047619047632        -0.20714285714285713     
        1324   -0.50000000000000000         0.27619047619047632        -0.13809523809523805     
        1325   -0.50000000000000000         0.27619047619047632         -6.9047619047619024E-002
        1326   -0.50000000000000000         0.27619047619047632          1.1102230246251565E-016
        1327   -0.50000000000000000         0.27619047619047632          6.9047619047619135E-002
        1328   -0.50000000000000000         0.27619047619047632         0.13809523809523827     
        1329   -0.50000000000000000         0.27619047619047632         0.20714285714285730     
        1330   -0.50000000000000000         0.27619047619047632         0.27619047619047632     
        1331   -0.50000000000000000         0.27619047619047632         0.34523809523809534     
        1332   -0.50000000000000000         0.27619047619047632         0.41428571428571448     
        1333   -0.50000000000000000         0.34523809523809534        -0.41428571428571426     
        1334   -0.50000000000000000         0.34523809523809534        -0.34523809523809523     
        1335   -0.50000000000000000         0.34523809523809534        -0.27619047619047621     
        1336   -0.50000000000000000         0.34523809523809534        -0.20714285714285713     
        1337   -0.50000000000000000         0.34523809523809534        -0.13809523809523805     
        1338   -0.50000000000000000         0.34523809523809534         -6.9047619047619024E-002
        1339   -0.50000000000000000         0.34523809523809534          1.1102230246251565E-016
        1340   -0.50000000000000000         0.34523809523809534          6.9047619047619135E-002
        1341   -0.50000000000000000         0.34523809523809534         0.13809523809523827     
        1342   -0.50000000000000000         0.34523809523809534         0.20714285714285730     
        1343   -0.50000000000000000         0.34523809523809534         0.27619047619047632     
        1344   -0.50000000000000000         0.34523809523809534         0.34523809523809534     
        1345   -0.50000000000000000         0.34523809523809534         0.41428571428571448     
        1346   -0.50000000000000000         0.41428571428571448        -0.41428571428571426     
        1347   -0.50000000000000000         0.41428571428571448        -0.34523809523809523     
        1348   -0.50000000000000000         0.41428571428571448        -0.27619047619047621     
        1349   -0.50000000000000000         0.41428571428571448        -0.20714285714285713     
        1350   -0.50000000000000000         0.41428571428571448        -0.13809523809523805     
        1351   -0.50000000000000000         0.41428571428571448         -6.9047619047619024E-002
        1352   -0.50000000000000000         0.41428571428571448          1.1102230246251565E-016
        1353   -0.50000000000000000         0.41428571428571448          6.9047619047619135E-002
        1354   -0.50000000000000000         0.41428571428571448         0.13809523809523827     
        1355   -0.50000000000000000         0.41428571428571448         0.20714285714285730     
        1356   -0.50000000000000000         0.41428571428571448         0.27619047619047632     
        1357   -0.50000000000000000         0.41428571428571448         0.34523809523809534     
        1358   -0.50000000000000000         0.41428571428571448         0.41428571428571448     
        1359    0.50000000000000000         0.48333333333333328        -0.44880952380952377     
        1360    0.49583333344497871         0.49583333344497865        -0.48333333333333334     
        1361    0.49583333344497871         0.49583333344497865        -0.44880952380952377     
        1362    0.48333333355662411         0.50000000022329072        -0.44880952380952377     
        1363    0.49583333344497871         0.49583333344497865        -0.41428571428571426     
        1364    0.50000000000000000         0.48333333333333328        -0.37976190476190474     
        1365    0.49583333344497871         0.49583333344497865        -0.37976190476190474     
        1366    0.48333333355662411         0.50000000022329072        -0.37976190476190474     
        1367    0.49583333344497871         0.49583333344497865        -0.34523809523809523     
        1368    0.50000000000000000         0.48333333333333328        -0.31071428571428572     
        1369    0.49583333344497871         0.49583333344497865        -0.31071428571428572     
        1370    0.48333333355662411         0.50000000022329072        -0.31071428571428572     
        1371    0.49583333344497871         0.49583333344497865        -0.27619047619047621     
        1372    0.50000000000000000         0.48333333333333328        -0.24166666666666667     
        1373    0.49583333344497871         0.49583333344497865        -0.24166666666666667     
        1374    0.48333333355662411         0.50000000022329072        -0.24166666666666667     
        1375    0.49583333344497871         0.49583333344497865        -0.20714285714285713     
        1376    0.50000000000000000         0.48333333333333328        -0.17261904761904759     
        1377    0.49583333344497871         0.49583333344497865        -0.17261904761904759     
        1378    0.48333333355662411         0.50000000022329072        -0.17261904761904759     
        1379    0.49583333344497871         0.49583333344497865        -0.13809523809523805     
        1380    0.50000000000000000         0.48333333333333328        -0.10357142857142854     
        1381    0.49583333344497871         0.49583333344497865        -0.10357142857142854     
        1382    0.48333333355662411         0.50000000022329072        -0.10357142857142854     
        1383    0.49583333344497871         0.49583333344497865         -6.9047619047619024E-002
        1384    0.50000000000000000         0.48333333333333328         -3.4523809523809457E-002
        1385    0.49583333344497871         0.49583333344497865         -3.4523809523809457E-002
        1386    0.48333333355662411         0.50000000022329072         -3.4523809523809457E-002
        1387    0.49583333344497871         0.49583333344497865          1.1102230246251565E-016
        1388    0.50000000000000000         0.48333333333333328          3.4523809523809623E-002
        1389    0.49583333344497871         0.49583333344497865          3.4523809523809623E-002
        1390    0.48333333355662411         0.50000000022329072          3.4523809523809623E-002
        1391    0.49583333344497871         0.49583333344497865          6.9047619047619135E-002
        1392    0.50000000000000000         0.48333333333333328         0.10357142857142870     
        1393    0.49583333344497871         0.49583333344497865         0.10357142857142870     
        1394    0.48333333355662411         0.50000000022329072         0.10357142857142870     
        1395    0.49583333344497871         0.49583333344497865         0.13809523809523827     
        1396    0.50000000000000000         0.48333333333333328         0.17261904761904778     
        1397    0.49583333344497871         0.49583333344497865         0.17261904761904778     
        1398    0.48333333355662411         0.50000000022329072         0.17261904761904778     
        1399    0.49583333344497871         0.49583333344497865         0.20714285714285730     
        1400    0.50000000000000000         0.48333333333333328         0.24166666666666681     
        1401    0.49583333344497871         0.49583333344497865         0.24166666666666681     
        1402    0.48333333355662411         0.50000000022329072         0.24166666666666681     
        1403    0.49583333344497871         0.49583333344497865         0.27619047619047632     
        1404    0.50000000000000000         0.48333333333333328         0.31071428571428583     
        1405    0.49583333344497871         0.49583333344497865         0.31071428571428583     
        1406    0.48333333355662411         0.50000000022329072         0.31071428571428583     
        1407    0.49583333344497871         0.49583333344497865         0.34523809523809534     
        1408    0.50000000000000000         0.48333333333333328         0.37976190476190491     
        1409    0.49583333344497871         0.49583333344497865         0.37976190476190491     
        1410    0.48333333355662411         0.50000000022329072         0.37976190476190491     
        1411    0.49583333344497871         0.49583333344497865         0.41428571428571448     
        1412    0.50000000000000000         0.48333333333333328         0.44880952380952399     
        1413    0.49583333344497871         0.49583333344497865         0.44880952380952399     
        1414    0.48333333355662411         0.50000000022329072         0.44880952380952399     
        1415    0.49583333344497871         0.49583333344497865         0.48333333333333350     
        1416    0.49027777777777776         0.49861111111111112         0.49027777777777776     
        1417    0.49861111111111112         0.49027777777777776         0.49027777777777776     
        1418    0.48333333344497870         0.49583333344497865         0.49583333333333340     
        1419    0.49027777777777776         0.49027777777777776         0.49861111111111112     
        1420    0.49583333333333329         0.48333333333333328         0.49583333333333340     
        1421    0.44880953720697209         0.48333333333333328         0.50000000114835252     
        1422    0.44880953731861750         0.49583333344497865         0.49583333448168593     
        1423    0.44880953709532673         0.50000000022329072         0.48333333459333133     
        1424    0.41428574085732012         0.49583333344497865         0.49583333574168376     
        1425    0.37976193155680138         0.48333333333333328         0.50000000322176696     
        1426    0.37976193133351061         0.49583333344497865         0.49583333666674567     
        1427    0.37976193111021977         0.50000000022329072         0.48333333677839108     
        1428    0.34523812180970104         0.49583333344497865         0.49583333759180759     
        1429    0.31071431250918236         0.48333333333333328         0.50000000507189080     
        1430    0.31071431228589153         0.49583333344497865         0.49583333851686950     
        1431    0.31071431206260069         0.50000000022329072         0.48333333862851491     
        1432    0.27619050276208201         0.49583333344497865         0.49583333944193142     
        1433    0.24166669346156333         0.48333333333333328         0.50000000692201463     
        1434    0.24166669323827250         0.49583333344497865         0.49583334036699334     
        1435    0.24166669301498167         0.50000000022329072         0.48333334047863874     
        1436    0.20714288371446299         0.49583333344497865         0.49583334129205525     
        1437    0.17261907441394431         0.48333333333333328         0.50000000877213846     
        1438    0.17261907419065348         0.49583333344497865         0.49583334221711717     
        1439    0.17261907396736265         0.50000000022329072         0.48333334232876257     
        1440    0.13809526466684396         0.49583333344497865         0.49583334314217908     
        1441    0.10357145536632528         0.48333333333333328         0.50000001062226229     
        1442    0.10357145514303445         0.49583333344497865         0.49583334406724100     
        1443    0.10357145491974362         0.50000000022329072         0.48333334417888635     
        1444     6.9047645619224940E-002    0.49583333344497865         0.49583334499230286     
        1445     3.4523836318706203E-002    0.48333333333333328         0.50000001247238612     
        1446     3.4523836095415372E-002    0.49583333344497865         0.49583334591736478     
        1447     3.4523835872124597E-002    0.50000000022329072         0.48333334602901012     
        1448     2.6571605860059577E-008    0.49583333344497865         0.49583334684242669     
        1449    -3.4523782728912822E-002    0.48333333333333328         0.50000001432250996     
        1450    -3.4523782952203597E-002    0.49583333344497865         0.49583334776748861     
        1451    -3.4523783175494427E-002    0.50000000022329072         0.48333334787913396     
        1452    -6.9047592476013109E-002    0.49583333344497865         0.49583334869255052     
        1453   -0.10357140177653185         0.48333333333333328         0.50000001617263368     
        1454   -0.10357140199982268         0.49583333344497865         0.49583334961761233     
        1455   -0.10357140222311351         0.50000000022329072         0.48333334972925779     
        1456   -0.13809521152363224         0.49583333344497865         0.49583335054267424     
        1457   -0.17261902082415093         0.48333333333333328         0.50000001802275740     
        1458   -0.17261902104744176         0.49583333344497865         0.49583335146773616     
        1459   -0.17261902127073259         0.50000000022329072         0.48333335157938162     
        1460   -0.20714283057125127         0.49583333344497865         0.49583335239279808     
        1461   -0.24166663987176995         0.48333333333333328         0.50000001987288123     
        1462   -0.24166664009506078         0.49583333344497865         0.49583335331785999     
        1463   -0.24166664031835161         0.50000000022329072         0.48333335342950545     
        1464   -0.27619044961887029         0.49583333344497865         0.49583335424292191     
        1465   -0.31071425891938892         0.48333333333333328         0.50000002172300506     
        1466   -0.31071425914267975         0.49583333344497865         0.49583335516798382     
        1467   -0.31071425936597058         0.50000000022329072         0.48333335527962923     
        1468   -0.34523806866648921         0.49583333344497865         0.49583335609304569     
        1469   -0.37976187796700794         0.48333333333333328         0.50000002357312889     
        1470   -0.37976187819029877         0.49583333344497865         0.49583335701810760     
        1471   -0.37976187841358960         0.50000000022329072         0.48333335712975301     
        1472   -0.41428568771410834         0.49583333344497865         0.49583335794316952     
        1473   -0.44880949701462702         0.48333333333333328         0.50000002542325273     
        1474   -0.44880949723791785         0.49583333344497865         0.49583335886823143     
        1475   -0.44880949746120868         0.50000000022329072         0.48333335897987684     
        1476   -0.48333330676172737         0.49583333344497865         0.49583335979329335     
        1477   -0.49027777777777776         0.49861111111111112         0.49027777777777776     
        1478   -0.49027777777777776         0.49027777777777776         0.49861111111111112     
        1479   -0.49583330698501810         0.49583333344497865         0.48333336001658417     
        1480   -0.49861111111111112         0.49027777777777776         0.49027777777777776     
        1481   -0.49583330676172727         0.48333333333333328         0.49583335990493876     
        1482   -0.49999998912254706         0.48333333333333328         0.44880956400186861     
        1483   -0.49583332245588047         0.49583333344497865         0.44880956389022320     
        1484   -0.48333332256752587         0.50000000022329072         0.44880956344364153     
        1485   -0.49583333803838814         0.49583333344497865         0.41428576742892598     
        1486   -0.50000000644353326         0.48333333333333328         0.37976195835169813     
        1487   -0.49583333988851197         0.49583333344497865         0.37976195790511647     
        1488   -0.48333334000015732         0.50000000022329072         0.37976195745853486     
        1489   -0.49583334173863575         0.49583333344497865         0.34523814838130701     
        1490   -0.50000001014378082         0.48333333333333328         0.31071433930407916     
        1491   -0.49583334358875947         0.49583333344497865         0.31071433885749755     
        1492   -0.48333334370040493         0.50000000022329072         0.31071433841091595     
        1493   -0.49583334543888330         0.49583333344497865         0.27619052933368810     
        1494   -0.50000001384402837         0.48333333333333328         0.24166672025646024     
        1495   -0.49583334728900713         0.49583333344497865         0.24166671980987864     
        1496   -0.48333334740065259         0.50000000022329072         0.24166671936329698     
        1497   -0.49583334913913096         0.49583333344497865         0.20714291028606913     
        1498   -0.50000001754427603         0.48333333333333328         0.17261910120884127     
        1499   -0.49583335098925480         0.49583333344497865         0.17261910076225961     
        1500   -0.48333335110090020         0.50000000022329072         0.17261910031567795     
        1501   -0.49583335283937857         0.49583333344497865         0.13809529123845010     
        1502   -0.50000002124452370         0.48333333333333328         0.10357148216122225     
        1503   -0.49583335468950240         0.49583333344497865         0.10357148171464059     
        1504   -0.48333335480114781         0.50000000022329072         0.10357148126805904     
        1505   -0.49583335653962624         0.49583333344497865          6.9047672190831189E-002
        1506   -0.50000002494477136         0.48333333333333328          3.4523863113603226E-002
        1507   -0.49583335838975007         0.49583333344497865          3.4523862667021676E-002
        1508   -0.48333335850139547         0.50000000022329072          3.4523862220440127E-002
        1509   -0.49583336023987390         0.49583333344497865          5.3143212164208364E-008
        1510   -0.50000002864501902         0.48333333333333328         -3.4523755934015743E-002
        1511   -0.49583336208999773         0.49583333344497865         -3.4523756380597292E-002
        1512   -0.48333336220164308         0.50000000022329072         -3.4523756827178897E-002
        1513   -0.49583336394012151         0.49583333344497865         -6.9047565904406805E-002
        1514   -0.50000003234526658         0.48333333333333328        -0.10357137498163471     
        1515   -0.49583336579024523         0.49583333344497865        -0.10357137542821632     
        1516   -0.48333336590189069         0.50000000022329072        -0.10357137587479792     
        1517   -0.49583336764036906         0.49583333344497865        -0.13809518495202583     
        1518   -0.50000003604551413         0.48333333333333328        -0.17261899402925368     
        1519   -0.49583336949049289         0.49583333344497865        -0.17261899447583529     
        1520   -0.48333336960213830         0.50000000022329072        -0.17261899492241689     
        1521   -0.49583337134061667         0.49583333344497865        -0.20714280399964474     
        1522   -0.50000003974576179         0.48333333333333328        -0.24166661307687259     
        1523   -0.49583337319074050         0.49583333344497865        -0.24166661352345420     
        1524   -0.48333337330238590         0.50000000022329072        -0.24166661397003580     
        1525   -0.49583337504086433         0.49583333344497865        -0.27619042304726366     
        1526   -0.50000004344600946         0.48333333333333328        -0.31071423212449151     
        1527   -0.49583337689098816         0.49583333344497865        -0.31071423257107311     
        1528   -0.48333337700263357         0.50000000022329072        -0.31071423301765472     
        1529   -0.49583337874111200         0.49583333344497865        -0.34523804209488257     
        1530   -0.50000004714625712         0.48333333333333328        -0.37976185117211048     
        1531   -0.49583338059123583         0.49583333344497865        -0.37976185161869208     
        1532   -0.48333338070288118         0.50000000022329072        -0.37976185206527369     
        1533   -0.49583338244135960         0.49583333344497865        -0.41428566114250159     
        1534   -0.50000005084650478         0.48333333333333328        -0.44880947021972944     
        1535   -0.49583338429148344         0.49583333344497865        -0.44880947066631105     
        1536   -0.48333338440312879         0.50000000022329072        -0.44880947111289266     
        1537   -0.49583338614160727         0.49583333344497865        -0.48333328019012051     
        1538   -0.49027777777777776         0.49861111111111112        -0.49027777777777776     
        1539   -0.49861111111111112         0.49027777777777776        -0.49027777777777776     
        1540   -0.48333338658818881         0.49583333344497865        -0.49583328063670201     
        1541   -0.49027777777777776         0.49027777777777776        -0.49861111111111112     
        1542   -0.49583338647654346         0.48333333333333328        -0.49583328019012041     
        1543   -0.44880959079676391         0.48333333333333328        -0.49999995030184419     
        1544   -0.44880959046182772         0.49583333344497865        -0.49583328363517759     
        1545   -0.44880958979195534         0.50000000022329072        -0.48333328374682305     
        1546   -0.41428579400053045         0.49583333344497865        -0.49583328674529853     
        1547   -0.37976198514659343         0.48333333333333328        -0.49999995607550546     
        1548   -0.37976198447672105         0.49583333344497865        -0.49583328952048422     
        1549   -0.37976198380684861         0.50000000022329072        -0.48333328963212974     
        1550   -0.34523817495291159         0.49583333344497865        -0.49583329229566997     
        1551   -0.31071436609897463         0.48333333333333328        -0.49999996162587690     
        1552   -0.31071436542910219         0.49583333344497865        -0.49583329507085572     
        1553   -0.31071436475922976         0.50000000022329072        -0.48333329518250118     
        1554   -0.27619055590529279         0.49583333344497865        -0.49583329784604141     
        1555   -0.24166674705135582         0.48333333333333328        -0.49999996717624839     
        1556   -0.24166674638148339         0.49583333344497865        -0.49583330062122716     
        1557   -0.24166674571161095         0.50000000022329072        -0.48333330073287262     
        1558   -0.20714293685767399         0.49583333344497865        -0.49583330339641291     
        1559   -0.17261912800373702         0.48333333333333328        -0.49999997272661983     
        1560   -0.17261912733386459         0.49583333344497865        -0.49583330617159860     
        1561   -0.17261912666399215         0.50000000022329072        -0.48333330628324406     
        1562   -0.13809531781005518         0.49583333344497865        -0.49583330894678429     
        1563   -0.10357150895611822         0.48333333333333328        -0.49999997827699127     
        1564   -0.10357150828624578         0.49583333344497865        -0.49583331172197004     
        1565   -0.10357150761637335         0.50000000022329072        -0.48333331183361544     
        1566    -6.9047698762436382E-002    0.49583333344497865        -0.49583331449715573     
        1567    -3.4523889908499306E-002    0.48333333333333328        -0.49999998382736277     
        1568    -3.4523889238626870E-002    0.49583333344497865        -0.49583331727234148     
        1569    -3.4523888568754491E-002    0.50000000022329072        -0.48333331738398688     
        1570    -7.9714817413645278E-008    0.49583333344497865        -0.49583332004752723     
        1571     3.4523729139119552E-002    0.48333333333333328        -0.49999998937773421     
        1572     3.4523729808991932E-002    0.49583333344497865        -0.49583332282271292     
        1573     3.4523730478864367E-002    0.50000000022329072        -0.48333332293435832     
        1574     6.9047539332801333E-002    0.49583333344497865        -0.49583332559789861     
        1575    0.10357134818673835         0.48333333333333328        -0.49999999492810554     
        1576    0.10357134885661079         0.49583333344497865        -0.49583332837308425     
        1577    0.10357134952648323         0.50000000022329072        -0.48333332848472976     
        1578    0.13809515838042025         0.49583333344497865        -0.49583333114827000     
        1579    0.17261896723435727         0.48333333333333328        -0.50000000047847692     
        1580    0.17261896790422970         0.49583333344497865        -0.49583333392345574     
        1581    0.17261896857410214         0.50000000022329072        -0.48333333403510126     
        1582    0.20714277742803916         0.49583333344497865        -0.49583333669864149     
        1583    0.24166658628197613         0.48333333333333328        -0.50000000602884842     
        1584    0.24166658695184856         0.49583333344497865        -0.49583333947382724     
        1585    0.24166658762172100         0.50000000022329072        -0.48333333958547270     
        1586    0.27619039647565796         0.49583333344497865        -0.49583334224901293     
        1587    0.31071420532959487         0.48333333333333328        -0.50000001157921981     
        1588    0.31071420599946731         0.49583333344497865        -0.49583334502419857     
        1589    0.31071420666933974         0.50000000022329072        -0.48333334513584408     
        1590    0.34523801552327665         0.49583333344497865        -0.49583334779938426     
        1591    0.37976182437721367         0.48333333333333328        -0.50000001712959119     
        1592    0.37976182504708611         0.49583333344497865        -0.49583335057457001     
        1593    0.37976182571695855         0.50000000022329072        -0.48333335068621552     
        1594    0.41428563457089557         0.49583333344497865        -0.49583335334975576     
        1595    0.44880944342483253         0.48333333333333328        -0.50000002267996269     
        1596    0.44880944409470497         0.49583333344497865        -0.49583335612494150     
        1597    0.44880948439869606         0.50000000022329072        -0.48333334339736733     
        1598    0.48333329325263302         0.49583333344497865        -0.49583334606090756     
        1599    0.49027777777777776         0.49861111111111112        -0.49027777777777776     
        1600    0.49027777777777776         0.49027777777777776        -0.49861111111111112     
        1601    0.49861111111111112         0.49027777777777776        -0.49027777777777776     
        1602    0.49583329314098762         0.48333333333333328        -0.49583334606090756     
        1603   -0.44880958794183151         0.50000000022329072        -0.44880947422301359     
        1604   -0.44880954841935961         0.50000000011164536        -0.41428568793739873     
        1605   -0.41428575380818616         0.50000000011164536        -0.44880950057132912     
        1606   -0.44880954656923583         0.50000000011164536        -0.37976187841358922     
        1607   -0.44880954656923583         0.50000000011164536        -0.34523806888977970     
        1608   -0.41428571428571426         0.50000000000000000        -0.37976190476190474     
        1609   -0.44880954471911200         0.50000000011164536        -0.31071425936597025     
        1610   -0.44880954471911200         0.50000000011164536        -0.27619044984216073     
        1611   -0.41428571428571426         0.50000000000000000        -0.31071428571428572     
        1612   -0.44880954286898816         0.50000000011164536        -0.24166664031835128     
        1613   -0.44880954286898816         0.50000000011164536        -0.20714283079454174     
        1614   -0.41428571428571426         0.50000000000000000        -0.24166666666666667     
        1615   -0.44880954101886439         0.50000000011164536        -0.17261902127073228     
        1616   -0.44880954101886439         0.50000000011164536        -0.13809521174692274     
        1617   -0.41428571428571426         0.50000000000000000        -0.17261904761904759     
        1618   -0.44880953916874056         0.50000000011164536        -0.10357140222311323     
        1619   -0.44880953916874056         0.50000000011164536         -6.9047592699303717E-002
        1620   -0.41428571428571426         0.50000000000000000        -0.10357142857142854     
        1621   -0.44880953731861678         0.50000000011164536         -3.4523783175494205E-002
        1622   -0.44880953731861678         0.50000000011164536          2.6348315362856312E-008
        1623   -0.41428571428571426         0.50000000000000000         -3.4523809523809457E-002
        1624   -0.44880953546849295         0.50000000011164536          3.4523835872124875E-002
        1625   -0.44880953546849295         0.50000000011164536          6.9047645395934387E-002
        1626   -0.41428571428571426         0.50000000000000000          3.4523809523809623E-002
        1627   -0.44880953361836912         0.50000000011164536         0.10357145491974379     
        1628   -0.44880953361836912         0.50000000011164536         0.13809526444355336     
        1629   -0.41428571428571426         0.50000000000000000         0.10357142857142870     
        1630   -0.44880953176824534         0.50000000011164536         0.17261907396736287     
        1631   -0.44880953176824534         0.50000000011164536         0.20714288349117238     
        1632   -0.41428571428571426         0.50000000000000000         0.17261904761904778     
        1633   -0.44880952991812151         0.50000000011164536         0.24166669301498189     
        1634   -0.44880952991812151         0.50000000011164536         0.27619050253879140     
        1635   -0.41428571428571426         0.50000000000000000         0.24166666666666681     
        1636   -0.44880952806799768         0.50000000011164536         0.31071431206260086     
        1637   -0.44880952806799768         0.50000000011164536         0.34523812158641037     
        1638   -0.41428571428571426         0.50000000000000000         0.31071428571428583     
        1639   -0.44880952621787390         0.50000000011164536         0.37976193111021983     
        1640   -0.44880952621787390         0.50000000011164536         0.41428574063402940     
        1641   -0.41428571428571426         0.50000000000000000         0.37976190476190491     
        1642   -0.44880951063536623         0.50000000011164536         0.44880953709532662     
        1643   -0.41428570111155671         0.50000000011164536         0.44880953617026470     
        1644   -0.37976194428437671         0.50000000011164536        -0.44880950334651487     
        1645   -0.37976190476190474         0.50000000000000000        -0.41428571428571426     
        1646   -0.34523813476056719         0.50000000011164536        -0.44880950334651487     
        1647   -0.37976190476190474         0.50000000000000000        -0.37976190476190474     
        1648   -0.37976190476190474         0.50000000000000000        -0.34523809523809523     
        1649   -0.34523809523809523         0.50000000000000000        -0.37976190476190474     
        1650   -0.37976190476190474         0.50000000000000000        -0.31071428571428572     
        1651   -0.37976190476190474         0.50000000000000000        -0.27619047619047621     
        1652   -0.34523809523809523         0.50000000000000000        -0.31071428571428572     
        1653   -0.37976190476190474         0.50000000000000000        -0.24166666666666667     
        1654   -0.37976190476190474         0.50000000000000000        -0.20714285714285713     
        1655   -0.34523809523809523         0.50000000000000000        -0.24166666666666667     
        1656   -0.37976190476190474         0.50000000000000000        -0.17261904761904759     
        1657   -0.37976190476190474         0.50000000000000000        -0.13809523809523805     
        1658   -0.34523809523809523         0.50000000000000000        -0.17261904761904759     
        1659   -0.37976190476190474         0.50000000000000000        -0.10357142857142854     
        1660   -0.37976190476190474         0.50000000000000000         -6.9047619047619024E-002
        1661   -0.34523809523809523         0.50000000000000000        -0.10357142857142854     
        1662   -0.37976190476190474         0.50000000000000000         -3.4523809523809457E-002
        1663   -0.37976190476190474         0.50000000000000000          1.1102230246251565E-016
        1664   -0.34523809523809523         0.50000000000000000         -3.4523809523809457E-002
        1665   -0.37976190476190474         0.50000000000000000          3.4523809523809623E-002
        1666   -0.37976190476190474         0.50000000000000000          6.9047619047619135E-002
        1667   -0.34523809523809523         0.50000000000000000          3.4523809523809623E-002
        1668   -0.37976190476190474         0.50000000000000000         0.10357142857142870     
        1669   -0.37976190476190474         0.50000000000000000         0.13809523809523827     
        1670   -0.34523809523809523         0.50000000000000000         0.10357142857142870     
        1671   -0.37976190476190474         0.50000000000000000         0.17261904761904778     
        1672   -0.37976190476190474         0.50000000000000000         0.20714285714285730     
        1673   -0.34523809523809523         0.50000000000000000         0.17261904761904778     
        1674   -0.37976190476190474         0.50000000000000000         0.24166666666666681     
        1675   -0.37976190476190474         0.50000000000000000         0.27619047619047632     
        1676   -0.34523809523809523         0.50000000000000000         0.24166666666666681     
        1677   -0.37976190476190474         0.50000000000000000         0.31071428571428583     
        1678   -0.37976190476190474         0.50000000000000000         0.34523809523809534     
        1679   -0.34523809523809523         0.50000000000000000         0.31071428571428583     
        1680   -0.37976190476190474         0.50000000000000000         0.37976190476190491     
        1681   -0.37976190476190474         0.50000000000000000         0.41428571428571448     
        1682   -0.34523809523809523         0.50000000000000000         0.37976190476190491     
        1683   -0.37976189158774720         0.50000000011164536         0.44880953617026470     
        1684   -0.34523808206393763         0.50000000011164536         0.44880953524520278     
        1685   -0.31071432523675779         0.50000000011164536        -0.44880950612170056     
        1686   -0.31071428571428572         0.50000000000000000        -0.41428571428571426     
        1687   -0.27619051571294828         0.50000000011164536        -0.44880950612170056     
        1688   -0.31071428571428572         0.50000000000000000        -0.37976190476190474     
        1689   -0.31071428571428572         0.50000000000000000        -0.34523809523809523     
        1690   -0.27619047619047621         0.50000000000000000        -0.37976190476190474     
        1691   -0.31071428571428572         0.50000000000000000        -0.31071428571428572     
        1692   -0.31071428571428572         0.50000000000000000        -0.27619047619047621     
        1693   -0.27619047619047621         0.50000000000000000        -0.31071428571428572     
        1694   -0.31071428571428572         0.50000000000000000        -0.24166666666666667     
        1695   -0.31071428571428572         0.50000000000000000        -0.20714285714285713     
        1696   -0.27619047619047621         0.50000000000000000        -0.24166666666666667     
        1697   -0.31071428571428572         0.50000000000000000        -0.17261904761904759     
        1698   -0.31071428571428572         0.50000000000000000        -0.13809523809523805     
        1699   -0.27619047619047621         0.50000000000000000        -0.17261904761904759     
        1700   -0.31071428571428572         0.50000000000000000        -0.10357142857142854     
        1701   -0.31071428571428572         0.50000000000000000         -6.9047619047619024E-002
        1702   -0.27619047619047621         0.50000000000000000        -0.10357142857142854     
        1703   -0.31071428571428572         0.50000000000000000         -3.4523809523809457E-002
        1704   -0.31071428571428572         0.50000000000000000          1.1102230246251565E-016
        1705   -0.27619047619047621         0.50000000000000000         -3.4523809523809457E-002
        1706   -0.31071428571428572         0.50000000000000000          3.4523809523809623E-002
        1707   -0.31071428571428572         0.50000000000000000          6.9047619047619135E-002
        1708   -0.27619047619047621         0.50000000000000000          3.4523809523809623E-002
        1709   -0.31071428571428572         0.50000000000000000         0.10357142857142870     
        1710   -0.31071428571428572         0.50000000000000000         0.13809523809523827     
        1711   -0.27619047619047621         0.50000000000000000         0.10357142857142870     
        1712   -0.31071428571428572         0.50000000000000000         0.17261904761904778     
        1713   -0.31071428571428572         0.50000000000000000         0.20714285714285730     
        1714   -0.27619047619047621         0.50000000000000000         0.17261904761904778     
        1715   -0.31071428571428572         0.50000000000000000         0.24166666666666681     
        1716   -0.31071428571428572         0.50000000000000000         0.27619047619047632     
        1717   -0.27619047619047621         0.50000000000000000         0.24166666666666681     
        1718   -0.31071428571428572         0.50000000000000000         0.31071428571428583     
        1719   -0.31071428571428572         0.50000000000000000         0.34523809523809534     
        1720   -0.27619047619047621         0.50000000000000000         0.31071428571428583     
        1721   -0.31071428571428572         0.50000000000000000         0.37976190476190491     
        1722   -0.31071428571428572         0.50000000000000000         0.41428571428571448     
        1723   -0.27619047619047621         0.50000000000000000         0.37976190476190491     
        1724   -0.31071427254012812         0.50000000011164536         0.44880953524520278     
        1725   -0.27619046301631867         0.50000000011164536         0.44880953432014092     
        1726   -0.24166670618913888         0.50000000011164536        -0.44880950889688631     
        1727   -0.24166666666666667         0.50000000000000000        -0.41428571428571426     
        1728   -0.20714289666532934         0.50000000011164536        -0.44880950889688631     
        1729   -0.24166666666666667         0.50000000000000000        -0.37976190476190474     
        1730   -0.24166666666666667         0.50000000000000000        -0.34523809523809523     
        1731   -0.20714285714285713         0.50000000000000000        -0.37976190476190474     
        1732   -0.24166666666666667         0.50000000000000000        -0.31071428571428572     
        1733   -0.24166666666666667         0.50000000000000000        -0.27619047619047621     
        1734   -0.20714285714285713         0.50000000000000000        -0.31071428571428572     
        1735   -0.24166666666666667         0.50000000000000000        -0.24166666666666667     
        1736   -0.24166666666666667         0.50000000000000000        -0.20714285714285713     
        1737   -0.20714285714285713         0.50000000000000000        -0.24166666666666667     
        1738   -0.24166666666666667         0.50000000000000000        -0.17261904761904759     
        1739   -0.24166666666666667         0.50000000000000000        -0.13809523809523805     
        1740   -0.20714285714285713         0.50000000000000000        -0.17261904761904759     
        1741   -0.24166666666666667         0.50000000000000000        -0.10357142857142854     
        1742   -0.24166666666666667         0.50000000000000000         -6.9047619047619024E-002
        1743   -0.20714285714285713         0.50000000000000000        -0.10357142857142854     
        1744   -0.24166666666666667         0.50000000000000000         -3.4523809523809457E-002
        1745   -0.24166666666666667         0.50000000000000000          1.1102230246251565E-016
        1746   -0.20714285714285713         0.50000000000000000         -3.4523809523809457E-002
        1747   -0.24166666666666667         0.50000000000000000          3.4523809523809623E-002
        1748   -0.24166666666666667         0.50000000000000000          6.9047619047619135E-002
        1749   -0.20714285714285713         0.50000000000000000          3.4523809523809623E-002
        1750   -0.24166666666666667         0.50000000000000000         0.10357142857142870     
        1751   -0.24166666666666667         0.50000000000000000         0.13809523809523827     
        1752   -0.20714285714285713         0.50000000000000000         0.10357142857142870     
        1753   -0.24166666666666667         0.50000000000000000         0.17261904761904778     
        1754   -0.24166666666666667         0.50000000000000000         0.20714285714285730     
        1755   -0.20714285714285713         0.50000000000000000         0.17261904761904778     
        1756   -0.24166666666666667         0.50000000000000000         0.24166666666666681     
        1757   -0.24166666666666667         0.50000000000000000         0.27619047619047632     
        1758   -0.20714285714285713         0.50000000000000000         0.24166666666666681     
        1759   -0.24166666666666667         0.50000000000000000         0.31071428571428583     
        1760   -0.24166666666666667         0.50000000000000000         0.34523809523809534     
        1761   -0.20714285714285713         0.50000000000000000         0.31071428571428583     
        1762   -0.24166666666666667         0.50000000000000000         0.37976190476190491     
        1763   -0.24166666666666667         0.50000000000000000         0.41428571428571448     
        1764   -0.20714285714285713         0.50000000000000000         0.37976190476190491     
        1765   -0.24166665349250913         0.50000000011164536         0.44880953432014092     
        1766   -0.20714284396869961         0.50000000011164536         0.44880953339507901     
        1767   -0.17261908714151994         0.50000000011164536        -0.44880951167207200     
        1768   -0.17261904761904759         0.50000000000000000        -0.41428571428571426     
        1769   -0.13809527761771040         0.50000000011164536        -0.44880951167207200     
        1770   -0.17261904761904759         0.50000000000000000        -0.37976190476190474     
        1771   -0.17261904761904759         0.50000000000000000        -0.34523809523809523     
        1772   -0.13809523809523805         0.50000000000000000        -0.37976190476190474     
        1773   -0.17261904761904759         0.50000000000000000        -0.31071428571428572     
        1774   -0.17261904761904759         0.50000000000000000        -0.27619047619047621     
        1775   -0.13809523809523805         0.50000000000000000        -0.31071428571428572     
        1776   -0.17261904761904759         0.50000000000000000        -0.24166666666666667     
        1777   -0.17261904761904759         0.50000000000000000        -0.20714285714285713     
        1778   -0.13809523809523805         0.50000000000000000        -0.24166666666666667     
        1779   -0.17261904761904759         0.50000000000000000        -0.17261904761904759     
        1780   -0.17261904761904759         0.50000000000000000        -0.13809523809523805     
        1781   -0.13809523809523805         0.50000000000000000        -0.17261904761904759     
        1782   -0.17261904761904759         0.50000000000000000        -0.10357142857142854     
        1783   -0.17261904761904759         0.50000000000000000         -6.9047619047619024E-002
        1784   -0.13809523809523805         0.50000000000000000        -0.10357142857142854     
        1785   -0.17261904761904759         0.50000000000000000         -3.4523809523809457E-002
        1786   -0.17261904761904759         0.50000000000000000          1.1102230246251565E-016
        1787   -0.13809523809523805         0.50000000000000000         -3.4523809523809457E-002
        1788   -0.17261904761904759         0.50000000000000000          3.4523809523809623E-002
        1789   -0.17261904761904759         0.50000000000000000          6.9047619047619135E-002
        1790   -0.13809523809523805         0.50000000000000000          3.4523809523809623E-002
        1791   -0.17261904761904759         0.50000000000000000         0.10357142857142870     
        1792   -0.17261904761904759         0.50000000000000000         0.13809523809523827     
        1793   -0.13809523809523805         0.50000000000000000         0.10357142857142870     
        1794   -0.17261904761904759         0.50000000000000000         0.17261904761904778     
        1795   -0.17261904761904759         0.50000000000000000         0.20714285714285730     
        1796   -0.13809523809523805         0.50000000000000000         0.17261904761904778     
        1797   -0.17261904761904759         0.50000000000000000         0.24166666666666681     
        1798   -0.17261904761904759         0.50000000000000000         0.27619047619047632     
        1799   -0.13809523809523805         0.50000000000000000         0.24166666666666681     
        1800   -0.17261904761904759         0.50000000000000000         0.31071428571428583     
        1801   -0.17261904761904759         0.50000000000000000         0.34523809523809534     
        1802   -0.13809523809523805         0.50000000000000000         0.31071428571428583     
        1803   -0.17261904761904759         0.50000000000000000         0.37976190476190491     
        1804   -0.17261904761904759         0.50000000000000000         0.41428571428571448     
        1805   -0.13809523809523805         0.50000000000000000         0.37976190476190491     
        1806   -0.17261903444489007         0.50000000011164536         0.44880953339507901     
        1807   -0.13809522492108056         0.50000000011164536         0.44880953247001709     
        1808   -0.10357146809390100         0.50000000011164536        -0.44880951444725770     
        1809   -0.10357142857142854         0.50000000000000000        -0.41428571428571426     
        1810    -6.9047658570091486E-002    0.50000000011164536        -0.44880951444725770     
        1811   -0.10357142857142854         0.50000000000000000        -0.37976190476190474     
        1812   -0.10357142857142854         0.50000000000000000        -0.34523809523809523     
        1813    -6.9047619047619024E-002    0.50000000000000000        -0.37976190476190474     
        1814   -0.10357142857142854         0.50000000000000000        -0.31071428571428572     
        1815   -0.10357142857142854         0.50000000000000000        -0.27619047619047621     
        1816    -6.9047619047619024E-002    0.50000000000000000        -0.31071428571428572     
        1817   -0.10357142857142854         0.50000000000000000        -0.24166666666666667     
        1818   -0.10357142857142854         0.50000000000000000        -0.20714285714285713     
        1819    -6.9047619047619024E-002    0.50000000000000000        -0.24166666666666667     
        1820   -0.10357142857142854         0.50000000000000000        -0.17261904761904759     
        1821   -0.10357142857142854         0.50000000000000000        -0.13809523809523805     
        1822    -6.9047619047619024E-002    0.50000000000000000        -0.17261904761904759     
        1823   -0.10357142857142854         0.50000000000000000        -0.10357142857142854     
        1824   -0.10357142857142854         0.50000000000000000         -6.9047619047619024E-002
        1825    -6.9047619047619024E-002    0.50000000000000000        -0.10357142857142854     
        1826   -0.10357142857142854         0.50000000000000000         -3.4523809523809457E-002
        1827   -0.10357142857142854         0.50000000000000000          1.1102230246251565E-016
        1828    -6.9047619047619024E-002    0.50000000000000000         -3.4523809523809457E-002
        1829   -0.10357142857142854         0.50000000000000000          3.4523809523809623E-002
        1830   -0.10357142857142854         0.50000000000000000          6.9047619047619135E-002
        1831    -6.9047619047619024E-002    0.50000000000000000          3.4523809523809623E-002
        1832   -0.10357142857142854         0.50000000000000000         0.10357142857142870     
        1833   -0.10357142857142854         0.50000000000000000         0.13809523809523827     
        1834    -6.9047619047619024E-002    0.50000000000000000         0.10357142857142870     
        1835   -0.10357142857142854         0.50000000000000000         0.17261904761904778     
        1836   -0.10357142857142854         0.50000000000000000         0.20714285714285730     
        1837    -6.9047619047619024E-002    0.50000000000000000         0.17261904761904778     
        1838   -0.10357142857142854         0.50000000000000000         0.24166666666666681     
        1839   -0.10357142857142854         0.50000000000000000         0.27619047619047632     
        1840    -6.9047619047619024E-002    0.50000000000000000         0.24166666666666681     
        1841   -0.10357142857142854         0.50000000000000000         0.31071428571428583     
        1842   -0.10357142857142854         0.50000000000000000         0.34523809523809534     
        1843    -6.9047619047619024E-002    0.50000000000000000         0.31071428571428583     
        1844   -0.10357142857142854         0.50000000000000000         0.37976190476190491     
        1845   -0.10357142857142854         0.50000000000000000         0.41428571428571448     
        1846    -6.9047619047619024E-002    0.50000000000000000         0.37976190476190491     
        1847   -0.10357141539727105         0.50000000011164536         0.44880953247001709     
        1848    -6.9047605873461482E-002    0.50000000011164536         0.44880953154495518     
        1849    -3.4523849046282029E-002    0.50000000011164536        -0.44880951722244344     
        1850    -3.4523809523809457E-002    0.50000000000000000        -0.41428571428571426     
        1851    -3.9522472461417379E-008    0.50000000011164536        -0.44880951722244344     
        1852    -3.4523809523809457E-002    0.50000000000000000        -0.37976190476190474     
        1853    -3.4523809523809457E-002    0.50000000000000000        -0.34523809523809523     
        1854     1.1102230246251565E-016    0.50000000000000000        -0.37976190476190474     
        1855    -3.4523809523809457E-002    0.50000000000000000        -0.31071428571428572     
        1856    -3.4523809523809457E-002    0.50000000000000000        -0.27619047619047621     
        1857     1.1102230246251565E-016    0.50000000000000000        -0.31071428571428572     
        1858    -3.4523809523809457E-002    0.50000000000000000        -0.24166666666666667     
        1859    -3.4523809523809457E-002    0.50000000000000000        -0.20714285714285713     
        1860     1.1102230246251565E-016    0.50000000000000000        -0.24166666666666667     
        1861    -3.4523809523809457E-002    0.50000000000000000        -0.17261904761904759     
        1862    -3.4523809523809457E-002    0.50000000000000000        -0.13809523809523805     
        1863     1.1102230246251565E-016    0.50000000000000000        -0.17261904761904759     
        1864    -3.4523809523809457E-002    0.50000000000000000        -0.10357142857142854     
        1865    -3.4523809523809457E-002    0.50000000000000000         -6.9047619047619024E-002
        1866     1.1102230246251565E-016    0.50000000000000000        -0.10357142857142854     
        1867    -3.4523809523809457E-002    0.50000000000000000         -3.4523809523809457E-002
        1868    -3.4523809523809457E-002    0.50000000000000000          1.1102230246251565E-016
        1869     1.1102230246251565E-016    0.50000000000000000         -3.4523809523809457E-002
        1870    -3.4523809523809457E-002    0.50000000000000000          3.4523809523809623E-002
        1871    -3.4523809523809457E-002    0.50000000000000000          6.9047619047619135E-002
        1872     1.1102230246251565E-016    0.50000000000000000          3.4523809523809623E-002
        1873    -3.4523809523809457E-002    0.50000000000000000         0.10357142857142870     
        1874    -3.4523809523809457E-002    0.50000000000000000         0.13809523809523827     
        1875     1.1102230246251565E-016    0.50000000000000000         0.10357142857142870     
        1876    -3.4523809523809457E-002    0.50000000000000000         0.17261904761904778     
        1877    -3.4523809523809457E-002    0.50000000000000000         0.20714285714285730     
        1878     1.1102230246251565E-016    0.50000000000000000         0.17261904761904778     
        1879    -3.4523809523809457E-002    0.50000000000000000         0.24166666666666681     
        1880    -3.4523809523809457E-002    0.50000000000000000         0.27619047619047632     
        1881     1.1102230246251565E-016    0.50000000000000000         0.24166666666666681     
        1882    -3.4523809523809457E-002    0.50000000000000000         0.31071428571428583     
        1883    -3.4523809523809457E-002    0.50000000000000000         0.34523809523809534     
        1884     1.1102230246251565E-016    0.50000000000000000         0.31071428571428583     
        1885    -3.4523809523809457E-002    0.50000000000000000         0.37976190476190491     
        1886    -3.4523809523809457E-002    0.50000000000000000         0.41428571428571448     
        1887     1.1102230246251565E-016    0.50000000000000000         0.37976190476190491     
        1888    -3.4523796349651914E-002    0.50000000011164536         0.44880953154495518     
        1889     1.3174157598161429E-008    0.50000000011164536         0.44880953061989326     
        1890     3.4523770001336940E-002    0.50000000011164536        -0.44880951999762914     
        1891     3.4523809523809623E-002    0.50000000000000000        -0.41428571428571426     
        1892     6.9047579525146452E-002    0.50000000011164536        -0.44880951999762914     
        1893     3.4523809523809623E-002    0.50000000000000000        -0.37976190476190474     
        1894     3.4523809523809623E-002    0.50000000000000000        -0.34523809523809523     
        1895     6.9047619047619135E-002    0.50000000000000000        -0.37976190476190474     
        1896     3.4523809523809623E-002    0.50000000000000000        -0.31071428571428572     
        1897     3.4523809523809623E-002    0.50000000000000000        -0.27619047619047621     
        1898     6.9047619047619135E-002    0.50000000000000000        -0.31071428571428572     
        1899     3.4523809523809623E-002    0.50000000000000000        -0.24166666666666667     
        1900     3.4523809523809623E-002    0.50000000000000000        -0.20714285714285713     
        1901     6.9047619047619135E-002    0.50000000000000000        -0.24166666666666667     
        1902     3.4523809523809623E-002    0.50000000000000000        -0.17261904761904759     
        1903     3.4523809523809623E-002    0.50000000000000000        -0.13809523809523805     
        1904     6.9047619047619135E-002    0.50000000000000000        -0.17261904761904759     
        1905     3.4523809523809623E-002    0.50000000000000000        -0.10357142857142854     
        1906     3.4523809523809623E-002    0.50000000000000000         -6.9047619047619024E-002
        1907     6.9047619047619135E-002    0.50000000000000000        -0.10357142857142854     
        1908     3.4523809523809623E-002    0.50000000000000000         -3.4523809523809457E-002
        1909     3.4523809523809623E-002    0.50000000000000000          1.1102230246251565E-016
        1910     6.9047619047619135E-002    0.50000000000000000         -3.4523809523809457E-002
        1911     3.4523809523809623E-002    0.50000000000000000          3.4523809523809623E-002
        1912     3.4523809523809623E-002    0.50000000000000000          6.9047619047619135E-002
        1913     6.9047619047619135E-002    0.50000000000000000          3.4523809523809623E-002
        1914     3.4523809523809623E-002    0.50000000000000000         0.10357142857142870     
        1915     3.4523809523809623E-002    0.50000000000000000         0.13809523809523827     
        1916     6.9047619047619135E-002    0.50000000000000000         0.10357142857142870     
        1917     3.4523809523809623E-002    0.50000000000000000         0.17261904761904778     
        1918     3.4523809523809623E-002    0.50000000000000000         0.20714285714285730     
        1919     6.9047619047619135E-002    0.50000000000000000         0.17261904761904778     
        1920     3.4523809523809623E-002    0.50000000000000000         0.24166666666666681     
        1921     3.4523809523809623E-002    0.50000000000000000         0.27619047619047632     
        1922     6.9047619047619135E-002    0.50000000000000000         0.24166666666666681     
        1923     3.4523809523809623E-002    0.50000000000000000         0.31071428571428583     
        1924     3.4523809523809623E-002    0.50000000000000000         0.34523809523809534     
        1925     6.9047619047619135E-002    0.50000000000000000         0.31071428571428583     
        1926     3.4523809523809623E-002    0.50000000000000000         0.37976190476190491     
        1927     3.4523809523809623E-002    0.50000000000000000         0.41428571428571448     
        1928     6.9047619047619135E-002    0.50000000000000000         0.37976190476190491     
        1929     3.4523822697967110E-002    0.50000000011164536         0.44880953061989326     
        1930     6.9047632221776623E-002    0.50000000011164536         0.44880952969483134     
        1931    0.10357138904895591         0.50000000011164536        -0.44880952277281488     
        1932    0.10357142857142870         0.50000000000000000        -0.41428571428571426     
        1933    0.13809519857276548         0.50000000011164536        -0.44880952277281488     
        1934    0.10357142857142870         0.50000000000000000        -0.37976190476190474     
        1935    0.10357142857142870         0.50000000000000000        -0.34523809523809523     
        1936    0.13809523809523827         0.50000000000000000        -0.37976190476190474     
        1937    0.10357142857142870         0.50000000000000000        -0.31071428571428572     
        1938    0.10357142857142870         0.50000000000000000        -0.27619047619047621     
        1939    0.13809523809523827         0.50000000000000000        -0.31071428571428572     
        1940    0.10357142857142870         0.50000000000000000        -0.24166666666666667     
        1941    0.10357142857142870         0.50000000000000000        -0.20714285714285713     
        1942    0.13809523809523827         0.50000000000000000        -0.24166666666666667     
        1943    0.10357142857142870         0.50000000000000000        -0.17261904761904759     
        1944    0.10357142857142870         0.50000000000000000        -0.13809523809523805     
        1945    0.13809523809523827         0.50000000000000000        -0.17261904761904759     
        1946    0.10357142857142870         0.50000000000000000        -0.10357142857142854     
        1947    0.10357142857142870         0.50000000000000000         -6.9047619047619024E-002
        1948    0.13809523809523827         0.50000000000000000        -0.10357142857142854     
        1949    0.10357142857142870         0.50000000000000000         -3.4523809523809457E-002
        1950    0.10357142857142870         0.50000000000000000          1.1102230246251565E-016
        1951    0.13809523809523827         0.50000000000000000         -3.4523809523809457E-002
        1952    0.10357142857142870         0.50000000000000000          3.4523809523809623E-002
        1953    0.10357142857142870         0.50000000000000000          6.9047619047619135E-002
        1954    0.13809523809523827         0.50000000000000000          3.4523809523809623E-002
        1955    0.10357142857142870         0.50000000000000000         0.10357142857142870     
        1956    0.10357142857142870         0.50000000000000000         0.13809523809523827     
        1957    0.13809523809523827         0.50000000000000000         0.10357142857142870     
        1958    0.10357142857142870         0.50000000000000000         0.17261904761904778     
        1959    0.10357142857142870         0.50000000000000000         0.20714285714285730     
        1960    0.13809523809523827         0.50000000000000000         0.17261904761904778     
        1961    0.10357142857142870         0.50000000000000000         0.24166666666666681     
        1962    0.10357142857142870         0.50000000000000000         0.27619047619047632     
        1963    0.13809523809523827         0.50000000000000000         0.24166666666666681     
        1964    0.10357142857142870         0.50000000000000000         0.31071428571428583     
        1965    0.10357142857142870         0.50000000000000000         0.34523809523809534     
        1966    0.13809523809523827         0.50000000000000000         0.31071428571428583     
        1967    0.10357142857142870         0.50000000000000000         0.37976190476190491     
        1968    0.10357142857142870         0.50000000000000000         0.41428571428571448     
        1969    0.13809523809523827         0.50000000000000000         0.37976190476190491     
        1970    0.10357144174558619         0.50000000011164536         0.44880952969483134     
        1971    0.13809525126939570         0.50000000011164536         0.44880952876976948     
        1972    0.17261900809657493         0.50000000011164536        -0.44880952554800063     
        1973    0.17261904761904778         0.50000000000000000        -0.41428571428571426     
        1974    0.20714281762038445         0.50000000011164536        -0.44880952554800063     
        1975    0.17261904761904778         0.50000000000000000        -0.37976190476190474     
        1976    0.17261904761904778         0.50000000000000000        -0.34523809523809523     
        1977    0.20714285714285730         0.50000000000000000        -0.37976190476190474     
        1978    0.17261904761904778         0.50000000000000000        -0.31071428571428572     
        1979    0.17261904761904778         0.50000000000000000        -0.27619047619047621     
        1980    0.20714285714285730         0.50000000000000000        -0.31071428571428572     
        1981    0.17261904761904778         0.50000000000000000        -0.24166666666666667     
        1982    0.17261904761904778         0.50000000000000000        -0.20714285714285713     
        1983    0.20714285714285730         0.50000000000000000        -0.24166666666666667     
        1984    0.17261904761904778         0.50000000000000000        -0.17261904761904759     
        1985    0.17261904761904778         0.50000000000000000        -0.13809523809523805     
        1986    0.20714285714285730         0.50000000000000000        -0.17261904761904759     
        1987    0.17261904761904778         0.50000000000000000        -0.10357142857142854     
        1988    0.17261904761904778         0.50000000000000000         -6.9047619047619024E-002
        1989    0.20714285714285730         0.50000000000000000        -0.10357142857142854     
        1990    0.17261904761904778         0.50000000000000000         -3.4523809523809457E-002
        1991    0.17261904761904778         0.50000000000000000          1.1102230246251565E-016
        1992    0.20714285714285730         0.50000000000000000         -3.4523809523809457E-002
        1993    0.17261904761904778         0.50000000000000000          3.4523809523809623E-002
        1994    0.17261904761904778         0.50000000000000000          6.9047619047619135E-002
        1995    0.20714285714285730         0.50000000000000000          3.4523809523809623E-002
        1996    0.17261904761904778         0.50000000000000000         0.10357142857142870     
        1997    0.17261904761904778         0.50000000000000000         0.13809523809523827     
        1998    0.20714285714285730         0.50000000000000000         0.10357142857142870     
        1999    0.17261904761904778         0.50000000000000000         0.17261904761904778     
        2000    0.17261904761904778         0.50000000000000000         0.20714285714285730     
        2001    0.20714285714285730         0.50000000000000000         0.17261904761904778     
        2002    0.17261904761904778         0.50000000000000000         0.24166666666666681     
        2003    0.17261904761904778         0.50000000000000000         0.27619047619047632     
        2004    0.20714285714285730         0.50000000000000000         0.24166666666666681     
        2005    0.17261904761904778         0.50000000000000000         0.31071428571428583     
        2006    0.17261904761904778         0.50000000000000000         0.34523809523809534     
        2007    0.20714285714285730         0.50000000000000000         0.31071428571428583     
        2008    0.17261904761904778         0.50000000000000000         0.37976190476190491     
        2009    0.17261904761904778         0.50000000000000000         0.41428571428571448     
        2010    0.20714285714285730         0.50000000000000000         0.37976190476190491     
        2011    0.17261906079320521         0.50000000011164536         0.44880952876976948     
        2012    0.20714287031701473         0.50000000011164536         0.44880952784470757     
        2013    0.24166662714419385         0.50000000011164536        -0.44880952832318632     
        2014    0.24166666666666681         0.50000000000000000        -0.41428571428571426     
        2015    0.27619043666800336         0.50000000011164536        -0.44880952832318632     
        2016    0.24166666666666681         0.50000000000000000        -0.37976190476190474     
        2017    0.24166666666666681         0.50000000000000000        -0.34523809523809523     
        2018    0.27619047619047632         0.50000000000000000        -0.37976190476190474     
        2019    0.24166666666666681         0.50000000000000000        -0.31071428571428572     
        2020    0.24166666666666681         0.50000000000000000        -0.27619047619047621     
        2021    0.27619047619047632         0.50000000000000000        -0.31071428571428572     
        2022    0.24166666666666681         0.50000000000000000        -0.24166666666666667     
        2023    0.24166666666666681         0.50000000000000000        -0.20714285714285713     
        2024    0.27619047619047632         0.50000000000000000        -0.24166666666666667     
        2025    0.24166666666666681         0.50000000000000000        -0.17261904761904759     
        2026    0.24166666666666681         0.50000000000000000        -0.13809523809523805     
        2027    0.27619047619047632         0.50000000000000000        -0.17261904761904759     
        2028    0.24166666666666681         0.50000000000000000        -0.10357142857142854     
        2029    0.24166666666666681         0.50000000000000000         -6.9047619047619024E-002
        2030    0.27619047619047632         0.50000000000000000        -0.10357142857142854     
        2031    0.24166666666666681         0.50000000000000000         -3.4523809523809457E-002
        2032    0.24166666666666681         0.50000000000000000          1.1102230246251565E-016
        2033    0.27619047619047632         0.50000000000000000         -3.4523809523809457E-002
        2034    0.24166666666666681         0.50000000000000000          3.4523809523809623E-002
        2035    0.24166666666666681         0.50000000000000000          6.9047619047619135E-002
        2036    0.27619047619047632         0.50000000000000000          3.4523809523809623E-002
        2037    0.24166666666666681         0.50000000000000000         0.10357142857142870     
        2038    0.24166666666666681         0.50000000000000000         0.13809523809523827     
        2039    0.27619047619047632         0.50000000000000000         0.10357142857142870     
        2040    0.24166666666666681         0.50000000000000000         0.17261904761904778     
        2041    0.24166666666666681         0.50000000000000000         0.20714285714285730     
        2042    0.27619047619047632         0.50000000000000000         0.17261904761904778     
        2043    0.24166666666666681         0.50000000000000000         0.24166666666666681     
        2044    0.24166666666666681         0.50000000000000000         0.27619047619047632     
        2045    0.27619047619047632         0.50000000000000000         0.24166666666666681     
        2046    0.24166666666666681         0.50000000000000000         0.31071428571428583     
        2047    0.24166666666666681         0.50000000000000000         0.34523809523809534     
        2048    0.27619047619047632         0.50000000000000000         0.31071428571428583     
        2049    0.24166666666666681         0.50000000000000000         0.37976190476190491     
        2050    0.24166666666666681         0.50000000000000000         0.41428571428571448     
        2051    0.27619047619047632         0.50000000000000000         0.37976190476190491     
        2052    0.24166667984082424         0.50000000011164536         0.44880952784470757     
        2053    0.27619048936463375         0.50000000011164536         0.44880952691964565     
        2054    0.31071424619181270         0.50000000011164536        -0.44880953109837202     
        2055    0.31071428571428583         0.50000000000000000        -0.41428571428571426     
        2056    0.34523805571562222         0.50000000011164536        -0.44880953109837202     
        2057    0.31071428571428583         0.50000000000000000        -0.37976190476190474     
        2058    0.31071428571428583         0.50000000000000000        -0.34523809523809523     
        2059    0.34523809523809534         0.50000000000000000        -0.37976190476190474     
        2060    0.31071428571428583         0.50000000000000000        -0.31071428571428572     
        2061    0.31071428571428583         0.50000000000000000        -0.27619047619047621     
        2062    0.34523809523809534         0.50000000000000000        -0.31071428571428572     
        2063    0.31071428571428583         0.50000000000000000        -0.24166666666666667     
        2064    0.31071428571428583         0.50000000000000000        -0.20714285714285713     
        2065    0.34523809523809534         0.50000000000000000        -0.24166666666666667     
        2066    0.31071428571428583         0.50000000000000000        -0.17261904761904759     
        2067    0.31071428571428583         0.50000000000000000        -0.13809523809523805     
        2068    0.34523809523809534         0.50000000000000000        -0.17261904761904759     
        2069    0.31071428571428583         0.50000000000000000        -0.10357142857142854     
        2070    0.31071428571428583         0.50000000000000000         -6.9047619047619024E-002
        2071    0.34523809523809534         0.50000000000000000        -0.10357142857142854     
        2072    0.31071428571428583         0.50000000000000000         -3.4523809523809457E-002
        2073    0.31071428571428583         0.50000000000000000          1.1102230246251565E-016
        2074    0.34523809523809534         0.50000000000000000         -3.4523809523809457E-002
        2075    0.31071428571428583         0.50000000000000000          3.4523809523809623E-002
        2076    0.31071428571428583         0.50000000000000000          6.9047619047619135E-002
        2077    0.34523809523809534         0.50000000000000000          3.4523809523809623E-002
        2078    0.31071428571428583         0.50000000000000000         0.10357142857142870     
        2079    0.31071428571428583         0.50000000000000000         0.13809523809523827     
        2080    0.34523809523809534         0.50000000000000000         0.10357142857142870     
        2081    0.31071428571428583         0.50000000000000000         0.17261904761904778     
        2082    0.31071428571428583         0.50000000000000000         0.20714285714285730     
        2083    0.34523809523809534         0.50000000000000000         0.17261904761904778     
        2084    0.31071428571428583         0.50000000000000000         0.24166666666666681     
        2085    0.31071428571428583         0.50000000000000000         0.27619047619047632     
        2086    0.34523809523809534         0.50000000000000000         0.24166666666666681     
        2087    0.31071428571428583         0.50000000000000000         0.31071428571428583     
        2088    0.31071428571428583         0.50000000000000000         0.34523809523809534     
        2089    0.34523809523809534         0.50000000000000000         0.31071428571428583     
        2090    0.31071428571428583         0.50000000000000000         0.37976190476190491     
        2091    0.31071428571428583         0.50000000000000000         0.41428571428571448     
        2092    0.34523809523809534         0.50000000000000000         0.37976190476190491     
        2093    0.31071429888844326         0.50000000011164536         0.44880952691964565     
        2094    0.34523810841225278         0.50000000011164536         0.44880952599458374     
        2095    0.37976186523943167         0.50000000011164536        -0.44880953387355776     
        2096    0.37976190476190491         0.50000000000000000        -0.41428571428571426     
        2097    0.41428567476324124         0.50000000011164536        -0.44880953387355776     
        2098    0.37976190476190491         0.50000000000000000        -0.37976190476190474     
        2099    0.37976190476190491         0.50000000000000000        -0.34523809523809523     
        2100    0.41428571428571448         0.50000000000000000        -0.37976190476190474     
        2101    0.37976190476190491         0.50000000000000000        -0.31071428571428572     
        2102    0.37976190476190491         0.50000000000000000        -0.27619047619047621     
        2103    0.41428571428571448         0.50000000000000000        -0.31071428571428572     
        2104    0.37976190476190491         0.50000000000000000        -0.24166666666666667     
        2105    0.37976190476190491         0.50000000000000000        -0.20714285714285713     
        2106    0.41428571428571448         0.50000000000000000        -0.24166666666666667     
        2107    0.37976190476190491         0.50000000000000000        -0.17261904761904759     
        2108    0.37976190476190491         0.50000000000000000        -0.13809523809523805     
        2109    0.41428571428571448         0.50000000000000000        -0.17261904761904759     
        2110    0.37976190476190491         0.50000000000000000        -0.10357142857142854     
        2111    0.37976190476190491         0.50000000000000000         -6.9047619047619024E-002
        2112    0.41428571428571448         0.50000000000000000        -0.10357142857142854     
        2113    0.37976190476190491         0.50000000000000000         -3.4523809523809457E-002
        2114    0.37976190476190491         0.50000000000000000          1.1102230246251565E-016
        2115    0.41428571428571448         0.50000000000000000         -3.4523809523809457E-002
        2116    0.37976190476190491         0.50000000000000000          3.4523809523809623E-002
        2117    0.37976190476190491         0.50000000000000000          6.9047619047619135E-002
        2118    0.41428571428571448         0.50000000000000000          3.4523809523809623E-002
        2119    0.37976190476190491         0.50000000000000000         0.10357142857142870     
        2120    0.37976190476190491         0.50000000000000000         0.13809523809523827     
        2121    0.41428571428571448         0.50000000000000000         0.10357142857142870     
        2122    0.37976190476190491         0.50000000000000000         0.17261904761904778     
        2123    0.37976190476190491         0.50000000000000000         0.20714285714285730     
        2124    0.41428571428571448         0.50000000000000000         0.17261904761904778     
        2125    0.37976190476190491         0.50000000000000000         0.24166666666666681     
        2126    0.37976190476190491         0.50000000000000000         0.27619047619047632     
        2127    0.41428571428571448         0.50000000000000000         0.24166666666666681     
        2128    0.37976190476190491         0.50000000000000000         0.31071428571428583     
        2129    0.37976190476190491         0.50000000000000000         0.34523809523809534     
        2130    0.41428571428571448         0.50000000000000000         0.31071428571428583     
        2131    0.37976190476190491         0.50000000000000000         0.37976190476190491     
        2132    0.37976190476190491         0.50000000000000000         0.41428571428571448     
        2133    0.41428571428571448         0.50000000000000000         0.37976190476190491     
        2134    0.37976191793606234         0.50000000011164536         0.44880952599458374     
        2135    0.41428572745987191         0.50000000011164536         0.44880952506952182     
        2136    0.44880952392116930         0.50000000011164536        -0.44880952380952377     
        2137    0.44880952392116930         0.50000000011164536        -0.41428571428571426     
        2138    0.44880952392116930         0.50000000011164536        -0.37976190476190474     
        2139    0.44880952392116930         0.50000000011164536        -0.34523809523809523     
        2140    0.44880952392116930         0.50000000011164536        -0.31071428571428572     
        2141    0.44880952392116930         0.50000000011164536        -0.27619047619047621     
        2142    0.44880952392116930         0.50000000011164536        -0.24166666666666667     
        2143    0.44880952392116930         0.50000000011164536        -0.20714285714285713     
        2144    0.44880952392116930         0.50000000011164536        -0.17261904761904759     
        2145    0.44880952392116930         0.50000000011164536        -0.13809523809523805     
        2146    0.44880952392116930         0.50000000011164536        -0.10357142857142854     
        2147    0.44880952392116930         0.50000000011164536         -6.9047619047619024E-002
        2148    0.44880952392116930         0.50000000011164536         -3.4523809523809457E-002
        2149    0.44880952392116930         0.50000000011164536          1.1102230246251565E-016
        2150    0.44880952392116930         0.50000000011164536          3.4523809523809623E-002
        2151    0.44880952392116930         0.50000000011164536          6.9047619047619135E-002
        2152    0.44880952392116930         0.50000000011164536         0.10357142857142870     
        2153    0.44880952392116930         0.50000000011164536         0.13809523809523827     
        2154    0.44880952392116930         0.50000000011164536         0.17261904761904778     
        2155    0.44880952392116930         0.50000000011164536         0.20714285714285730     
        2156    0.44880952392116930         0.50000000011164536         0.24166666666666681     
        2157    0.44880952392116930         0.50000000011164536         0.27619047619047632     
        2158    0.44880952392116930         0.50000000011164536         0.31071428571428583     
        2159    0.44880952392116930         0.50000000011164536         0.34523809523809534     
        2160    0.44880952392116930         0.50000000011164536         0.37976190476190491     
        2161    0.44880952392116930         0.50000000011164536         0.41428571428571448     
        2162    0.44880953709532673         0.50000000022329072         0.44880952506952182     
        2163   -0.50000005269662862        -0.48333327974353868        -0.44880952380952377     
        2164   -0.49583338658818887        -0.49583328030176560        -0.48333333333333334     
        2165   -0.49583338658818887        -0.49583328030176560        -0.44880952380952377     
        2166   -0.48333338714641583        -0.49999994752665922        -0.44880952380952377     
        2167   -0.49583338658818887        -0.49583328030176560        -0.41428571428571426     
        2168   -0.50000005269662862        -0.48333327974353868        -0.37976190476190474     
        2169   -0.49583338658818887        -0.49583328030176560        -0.37976190476190474     
        2170   -0.48333338714641583        -0.49999994752665922        -0.37976190476190474     
        2171   -0.49583338658818887        -0.49583328030176560        -0.34523809523809523     
        2172   -0.50000005269662862        -0.48333327974353868        -0.31071428571428572     
        2173   -0.49583338658818887        -0.49583328030176560        -0.31071428571428572     
        2174   -0.48333338714641583        -0.49999994752665922        -0.31071428571428572     
        2175   -0.49583338658818887        -0.49583328030176560        -0.27619047619047621     
        2176   -0.50000005269662862        -0.48333327974353868        -0.24166666666666667     
        2177   -0.49583338658818887        -0.49583328030176560        -0.24166666666666667     
        2178   -0.48333338714641583        -0.49999994752665922        -0.24166666666666667     
        2179   -0.49583338658818887        -0.49583328030176560        -0.20714285714285713     
        2180   -0.50000005269662862        -0.48333327974353868        -0.17261904761904759     
        2181   -0.49583338658818887        -0.49583328030176560        -0.17261904761904759     
        2182   -0.48333338714641583        -0.49999994752665922        -0.17261904761904759     
        2183   -0.49583338658818887        -0.49583328030176560        -0.13809523809523805     
        2184   -0.50000005269662862        -0.48333327974353868        -0.10357142857142854     
        2185   -0.49583338658818887        -0.49583328030176560        -0.10357142857142854     
        2186   -0.48333338714641583        -0.49999994752665922        -0.10357142857142854     
        2187   -0.49583338658818887        -0.49583328030176560         -6.9047619047619024E-002
        2188   -0.50000005269662862        -0.48333327974353868         -3.4523809523809457E-002
        2189   -0.49583338658818887        -0.49583328030176560         -3.4523809523809457E-002
        2190   -0.48333338714641583        -0.49999994752665922         -3.4523809523809457E-002
        2191   -0.49583338658818887        -0.49583328030176560          1.1102230246251565E-016
        2192   -0.50000005269662862        -0.48333327974353868          3.4523809523809623E-002
        2193   -0.49583338658818887        -0.49583328030176560          3.4523809523809623E-002
        2194   -0.48333338714641583        -0.49999994752665922          3.4523809523809623E-002
        2195   -0.49583338658818887        -0.49583328030176560          6.9047619047619135E-002
        2196   -0.50000005269662862        -0.48333327974353868         0.10357142857142870     
        2197   -0.49583338658818887        -0.49583328030176560         0.10357142857142870     
        2198   -0.48333338714641583        -0.49999994752665922         0.10357142857142870     
        2199   -0.49583338658818887        -0.49583328030176560         0.13809523809523827     
        2200   -0.50000005269662862        -0.48333327974353868         0.17261904761904778     
        2201   -0.49583338658818887        -0.49583328030176560         0.17261904761904778     
        2202   -0.48333338714641583        -0.49999994752665922         0.17261904761904778     
        2203   -0.49583338658818887        -0.49583328030176560         0.20714285714285730     
        2204   -0.50000005269662862        -0.48333327974353868         0.24166666666666681     
        2205   -0.49583338658818887        -0.49583328030176560         0.24166666666666681     
        2206   -0.48333338714641583        -0.49999994752665922         0.24166666666666681     
        2207   -0.49583338658818887        -0.49583328030176560         0.27619047619047632     
        2208   -0.50000005269662862        -0.48333327974353868         0.31071428571428583     
        2209   -0.49583338658818887        -0.49583328030176560         0.31071428571428583     
        2210   -0.48333338714641583        -0.49999994752665922         0.31071428571428583     
        2211   -0.49583338658818887        -0.49583328030176560         0.34523809523809534     
        2212   -0.50000005269662862        -0.48333327974353868         0.37976190476190491     
        2213   -0.49583338658818887        -0.49583328030176560         0.37976190476190491     
        2214   -0.48333338714641583        -0.49999994752665922         0.37976190476190491     
        2215   -0.49583338658818887        -0.49583328030176560         0.41428571428571448     
        2216   -0.50000005269662862        -0.48333327974353868         0.44880952380952399     
        2217   -0.49583338658818887        -0.49583328030176560         0.44880952380952399     
        2218   -0.48333338714641583        -0.49999994752665922         0.44880952380952399     
        2219   -0.49583338658818887        -0.49583328030176560         0.48333333333333350     
        2220   -0.49027777777777776        -0.49861111111111112         0.49027777777777776     
        2221   -0.49861111111111112        -0.49027777777777776         0.49027777777777776     
        2222   -0.48333338658818881        -0.49583328074834720         0.49583333333333340     
        2223   -0.49027777777777776        -0.49027777777777776         0.49861111111111112     
        2224   -0.49583338602996185        -0.48333328019012028         0.49583333333333340     
        2225   -0.44880958990360065        -0.48333328248682500         0.50000000114835252     
        2226   -0.44880959046182767        -0.49583328259847032         0.49583333448168593     
        2227   -0.44880959068511850        -0.49999994937678233         0.48333333459333133     
        2228   -0.41428579400053034        -0.49583328444859343         0.49583333574168376     
        2229   -0.37976198425343005        -0.48333328618707189         0.50000000322176696     
        2230   -0.37976198447672088        -0.49583328629871720         0.49583333666674567     
        2231   -0.37976198470001166        -0.49999995307702927         0.48333333677839108     
        2232   -0.34523817495291137        -0.49583328814884103         0.49583333759180759     
        2233   -0.31071436520581114        -0.48333328988731949         0.50000000507189080     
        2234   -0.31071436542910191        -0.49583328999896487         0.49583333851686950     
        2235   -0.31071436565239269        -0.49999995677727688         0.48333333862851491     
        2236   -0.27619055590529246        -0.49583329184908864         0.49583333944193142     
        2237   -0.24166674615819222        -0.48333329358756716         0.50000000692201463     
        2238   -0.24166674638148300        -0.49583329369921247         0.49583334036699334     
        2239   -0.24166674660477377        -0.49999996047752449         0.48333334047863874     
        2240   -0.20714293685767354        -0.49583329554933631         0.49583334129205525     
        2241   -0.17261912711057331        -0.48333329728781477         0.50000000877213846     
        2242   -0.17261912733386409        -0.49583329739946008         0.49583334221711717     
        2243   -0.17261912755715486        -0.49999996417777209         0.48333334232876257     
        2244   -0.13809531781005463        -0.49583329924958386         0.49583334314217908     
        2245   -0.10357150806295440        -0.48333330098806238         0.50000001062226229     
        2246   -0.10357150828624517        -0.49583330109970769         0.49583334406724100     
        2247   -0.10357150850953595        -0.49999996787801970         0.48333334417888635     
        2248    -6.9047698762435716E-002   -0.49583330294983152         0.49583334499230286     
        2249    -3.4523889015335374E-002   -0.48333330468831004         0.50000001247238612     
        2250    -3.4523889238626149E-002   -0.49583330479995535         0.49583334591736478     
        2251    -3.4523889461916979E-002   -0.49999997157826737         0.48333334602901012     
        2252    -7.9714816636489161E-008   -0.49583330665007919         0.49583334684242669     
        2253     3.4523730032283595E-002   -0.48333330838855765         0.50000001432250996     
        2254     3.4523729808992765E-002   -0.49583330850020296         0.49583334776748861     
        2255     3.4523729585701934E-002   -0.49999997527851497         0.48333334787913396     
        2256     6.9047539332802166E-002   -0.49583331035032674         0.49583334869255052     
        2257    0.10357134907990251        -0.48333331208880526         0.50000001617263368     
        2258    0.10357134885661168        -0.49583331220045057         0.49583334961761233     
        2259    0.10357134863332085        -0.49999997897876258         0.48333334972925779     
        2260    0.13809515838042119        -0.49583331405057440         0.49583335054267424     
        2261    0.17261896812752148        -0.48333331578905286         0.50000001802275740     
        2262    0.17261896790423065        -0.49583331590069818         0.49583335146773616     
        2263    0.17261896768093987        -0.49999998267901025         0.48333335157938162     
        2264    0.20714277742804016        -0.49583331775082201         0.49583335239279808     
        2265    0.24166658717514039        -0.48333331948930047         0.50000001987288123     
        2266    0.24166658695184962        -0.49583331960094584         0.49583335331785999     
        2267    0.24166658672855884        -0.49999998637925785         0.48333335342950545     
        2268    0.27619039647565907        -0.49583332145106962         0.49583335424292191     
        2269    0.31071420622275925        -0.48333332318954814         0.50000002172300506     
        2270    0.31071420599946847        -0.49583332330119345         0.49583335516798382     
        2271    0.31071420577617770        -0.49999999007950546         0.48333335527962923     
        2272    0.34523801552327787        -0.49583332515131728         0.49583335609304569     
        2273    0.37976182527037816        -0.48333332688979574         0.50000002357312889     
        2274    0.37976182504708739        -0.49583332700144106         0.49583335701810760     
        2275    0.37976182482379661        -0.49999999377975313         0.48333335712975301     
        2276    0.41428563457089690        -0.49583332885156489         0.49583335794316952     
        2277    0.44880944431799713        -0.48333333059004335         0.50000002542325273     
        2278    0.44880944409470636        -0.49583333070168872         0.49583335886823143     
        2279    0.44880944387141558        -0.49999999748000074         0.48333335897987684     
        2280    0.48333325361851581        -0.49583333255181250         0.49583335979329335     
        2281    0.49027777777777776        -0.49861111111111112         0.49027777777777776     
        2282    0.49027777777777776        -0.49027777777777776         0.49861111111111112     
        2283    0.49583325384180654        -0.49583333299839411         0.48333336001658417     
        2284    0.49861111111111112        -0.49027777777777776         0.49027777777777776     
        2285    0.49583325406509732        -0.48333333288674879         0.49583335990493876     
        2286    0.49999993642591711        -0.48333333333333123         0.44880956400186861     
        2287    0.49583326931266891        -0.49583333299839494         0.44880956389022320     
        2288    0.48333326897773271        -0.49999999933012534         0.44880956344364153     
        2289    0.49583328489517658        -0.49583333299839577         0.41428576742892598     
        2290    0.49999995374690331        -0.48333333333333217         0.37976195835169813     
        2291    0.49583328674530042        -0.49583333299839588         0.37976195790511647     
        2292    0.48333328641036416        -0.49999999933012629         0.37976195745853486     
        2293    0.49583328859542419        -0.49583333299839599         0.34523814838130701     
        2294    0.49999995744715087        -0.48333333333333239         0.31071433930407916     
        2295    0.49583329044554791        -0.49583333299839610         0.31071433885749755     
        2296    0.48333329011061177        -0.49999999933012651         0.31071433841091595     
        2297    0.49583329229567175        -0.49583333299839621         0.27619052933368810     
        2298    0.49999996114739842        -0.48333333333333262         0.24166672025646024     
        2299    0.49583329414579558        -0.49583333299839633         0.24166671980987864     
        2300    0.48333329381085943        -0.49999999933012673         0.24166671936329698     
        2301    0.49583329599591941        -0.49583333299839644         0.20714291028606913     
        2302    0.49999996484764608        -0.48333333333333278         0.17261910120884127     
        2303    0.49583329784604324        -0.49583333299839649         0.17261910076225961     
        2304    0.48333329751110704        -0.49999999933012690         0.17261910031567795     
        2305    0.49583329969616702        -0.49583333299839655         0.13809529123845010     
        2306    0.49999996854789375        -0.48333333333333295         0.10357148216122225     
        2307    0.49583330154629085        -0.49583333299839666         0.10357148171464059     
        2308    0.48333330121135465        -0.49999999933012707         0.10357148126805904     
        2309    0.49583330339641468        -0.49583333299839677          6.9047672190831189E-002
        2310    0.49999997224814141        -0.48333333333333317          3.4523863113603226E-002
        2311    0.49583330524653851        -0.49583333299839688          3.4523862667021676E-002
        2312    0.48333330491160231        -0.49999999933012729          3.4523862220440127E-002
        2313    0.49583330709666235        -0.49583333299839699          5.3143212164208364E-008
        2314    0.49999997594838907        -0.48333333333333339         -3.4523755934015743E-002
        2315    0.49583330894678618        -0.49583333299839710         -3.4523756380597292E-002
        2316    0.48333330861184992        -0.49999999933012751         -3.4523756827178897E-002
        2317    0.49583331079690995        -0.49583333299839721         -6.9047565904406805E-002
        2318    0.49999997964863663        -0.48333333333333361        -0.10357137498163471     
        2319    0.49583331264703367        -0.49583333299839732        -0.10357137542821632     
        2320    0.48333331231209753        -0.49999999933012773        -0.10357137587479792     
        2321    0.49583331449715751        -0.49583333299839744        -0.13809518495202583     
        2322    0.49999998334888418        -0.48333333333333378        -0.17261899402925368     
        2323    0.49583331634728134        -0.49583333299839749        -0.17261899447583529     
        2324    0.48333331601234514        -0.49999999933012790        -0.17261899492241689     
        2325    0.49583331819740512        -0.49583333299839755        -0.20714280399964474     
        2326    0.49999998704913184        -0.48333333333333395        -0.24166661307687259     
        2327    0.49583332004752895        -0.49583333299839766        -0.24166661352345420     
        2328    0.48333331971259275        -0.49999999933012806        -0.24166661397003580     
        2329    0.49583332189765278        -0.49583333299839777        -0.27619042304726366     
        2330    0.49999999074937951        -0.48333333333333417        -0.31071423212449151     
        2331    0.49583332374777661        -0.49583333299839788        -0.31071423257107311     
        2332    0.48333332341284041        -0.49999999933012829        -0.31071423301765472     
        2333    0.49583332559790044        -0.49583333299839799        -0.34523804209488257     
        2334    0.49999999444962717        -0.48333333333333439        -0.37976185117211048     
        2335    0.49583332744802427        -0.49583333299839810        -0.37976185161869208     
        2336    0.48333332711308802        -0.49999999933012851        -0.37976185206527369     
        2337    0.49583332929814805        -0.49583333299839821        -0.41428566114250159     
        2338    0.49999999814987484        -0.48333333333333456        -0.44880947021972944     
        2339    0.49583333114827188        -0.49583333299839827        -0.44880947066631105     
        2340    0.48333333081333563        -0.49999999933012867        -0.44880947111289266     
        2341    0.49583333299839571        -0.49583333299839832        -0.48333328019012051     
        2342    0.49027777777777776        -0.49861111111111112        -0.49027777777777776     
        2343    0.49861111111111112        -0.49027777777777776        -0.49027777777777776     
        2344    0.48333333344497725        -0.49583333255181677        -0.49583328063670201     
        2345    0.49027777777777776        -0.49027777777777776        -0.49861111111111112     
        2346    0.49583333377991351        -0.48333333288675306        -0.49583328019012041     
        2347    0.44880953810013402        -0.48333333059004840        -0.49999995030184419     
        2348    0.44880953731861623        -0.49583333070169366        -0.49583328363517759     
        2349    0.44880953620216224        -0.49999999748000562        -0.48333328374682305     
        2350    0.41428574085731901        -0.49583332885157055        -0.49583328674529853     
        2351    0.37976193244996365        -0.48333332688980146        -0.49999995607550546     
        2352    0.37976193133350966        -0.49583332700144672        -0.49583328952048422     
        2353    0.37976193021705562        -0.49999999377975873        -0.48333328963212974     
        2354    0.34523812180970026        -0.49583332515132295        -0.49583329229566997     
        2355    0.31071431340234495        -0.48333332318955385        -0.49999996162587690     
        2356    0.31071431228589091        -0.49583332330119917        -0.49583329507085572     
        2357    0.31071431116943687        -0.49999999007951113        -0.48333329518250118     
        2358    0.27619050276208157        -0.49583332145107534        -0.49583329784604141     
        2359    0.24166669435472626        -0.48333331948930625        -0.49999996717624839     
        2360    0.24166669323827222        -0.49583331960095151        -0.49583330062122716     
        2361    0.24166669212181818        -0.49999998637926352        -0.48333330073287262     
        2362    0.20714288371446288        -0.49583331775082773        -0.49583330339641291     
        2363    0.17261907530710752        -0.48333331578905864        -0.49999997272661983     
        2364    0.17261907419065348        -0.49583331590070395        -0.49583330617159860     
        2365    0.17261907307419944        -0.49999998267901591        -0.48333330628324406     
        2366    0.13809526466684408        -0.49583331405058012        -0.49583330894678429     
        2367    0.10357145625948883        -0.48333331208881103        -0.49999997827699127     
        2368    0.10357145514303479        -0.49583331220045629        -0.49583331172197004     
        2369    0.10357145402658074        -0.49999997897876824        -0.48333331183361544     
        2370     6.9047645619225495E-002   -0.49583331035033246        -0.49583331449715573     
        2371     3.4523837211870023E-002   -0.48333330838856337        -0.49999998382736277     
        2372     3.4523836095415983E-002   -0.49583330850020862        -0.49583331727234148     
        2373     3.4523834978962054E-002   -0.49999997527852064        -0.48333331738398688     
        2374     2.6571606581704543E-008   -0.49583330665008485        -0.49583332004752723     
        2375    -3.4523781835748779E-002   -0.48333330468831576        -0.49999998937773421     
        2376    -3.4523782952202708E-002   -0.49583330479996107        -0.49583332282271292     
        2377    -3.4523784068656749E-002   -0.49999997157827303        -0.48333332293435832     
        2378    -6.9047592476012110E-002   -0.49583330294983724        -0.49583332559789861     
        2379   -0.10357140088336747        -0.48333330098806815        -0.49999999492810554     
        2380   -0.10357140199982151        -0.49583330109971341        -0.49583332837308425     
        2381   -0.10357140311627555        -0.49999996787802536        -0.48333332848472976     
        2382   -0.13809521152363091        -0.49583329924958958        -0.49583333114827000     
        2383   -0.17261901993098627        -0.48333329728782048        -0.50000000047847692     
        2384   -0.17261902104744031        -0.49583329739946574        -0.49583333392345574     
        2385   -0.17261902216389435        -0.49999996417777776        -0.48333333403510126     
        2386   -0.20714283057124971        -0.49583329554934197        -0.49583333669864149     
        2387   -0.24166663897860502        -0.48333329358757288        -0.50000000602884842     
        2388   -0.24166664009505906        -0.49583329369921819        -0.49583333947382724     
        2389   -0.24166664121151310        -0.49999996047753015        -0.48333333958547270     
        2390   -0.27619044961886841        -0.49583329184909436        -0.49583334224901293     
        2391   -0.31071425802622366        -0.48333328988732527        -0.50000001157921981     
        2392   -0.31071425914267770        -0.49583328999897053        -0.49583334502419857     
        2393   -0.31071426025913174        -0.49999995677728248        -0.48333334513584408     
        2394   -0.34523806866648699        -0.49583328814884670        -0.49583334779938426     
        2395   -0.37976187707384235        -0.48333328618707760        -0.50000001712959119     
        2396   -0.37976187819029639        -0.49583328629872286        -0.49583335057457001     
        2397   -0.37976187930675043        -0.49999995307703488        -0.48333335068621552     
        2398   -0.41428568771410579        -0.49583328444859909        -0.49583335334975576     
        2399   -0.44880949612146109        -0.48333328248683000        -0.50000002267996269     
        2400   -0.44880949723791513        -0.49583328259847531        -0.49583335612494150     
        2401   -0.44880953798848783        -0.49999994937678516        -0.48333334339736733     
        2402   -0.48333334639584313        -0.49583328074834937        -0.49583334606090756     
        2403   -0.49027777777777776        -0.49861111111111112        -0.49027777777777776     
        2404   -0.49027777777777776        -0.49027777777777776        -0.49861111111111112     
        2405   -0.49861111111111112        -0.49027777777777776        -0.49027777777777776     
        2406   -0.49583334583761618        -0.48333328019012245        -0.49583334606090756     
        2407    0.44880953435203841        -0.49999999748000556        -0.44880947422301359     
        2408    0.44880949482956650        -0.49999999736835815        -0.41428568793739873     
        2409    0.41428570021839312        -0.49999999551823510        -0.44880950057132912     
        2410    0.44880949297944273        -0.49999999736835804        -0.37976187841358922     
        2411    0.44880949297944273        -0.49999999736835804        -0.34523806888977970     
        2412    0.41428566069592121        -0.49999999540658768        -0.37976190476190474     
        2413    0.44880949112931889        -0.49999999736835793        -0.31071425936597025     
        2414    0.44880949112931889        -0.49999999736835793        -0.27619044984216073     
        2415    0.41428566069592121        -0.49999999540658768        -0.31071428571428572     
        2416    0.44880948927919506        -0.49999999736835782        -0.24166664031835128     
        2417    0.44880948927919506        -0.49999999736835782        -0.20714283079454174     
        2418    0.41428566069592121        -0.49999999540658768        -0.24166666666666667     
        2419    0.44880948742907129        -0.49999999736835776        -0.17261902127073228     
        2420    0.44880948742907129        -0.49999999736835776        -0.13809521174692274     
        2421    0.41428566069592121        -0.49999999540658768        -0.17261904761904759     
        2422    0.44880948557894745        -0.49999999736835765        -0.10357140222311323     
        2423    0.44880948557894745        -0.49999999736835765         -6.9047592699303717E-002
        2424    0.41428566069592121        -0.49999999540658768        -0.10357142857142854     
        2425    0.44880948372882368        -0.49999999736835754         -3.4523783175494205E-002
        2426    0.44880948372882368        -0.49999999736835754          2.6348315362856312E-008
        2427    0.41428566069592121        -0.49999999540658768         -3.4523809523809457E-002
        2428    0.44880948187869985        -0.49999999736835743          3.4523835872124875E-002
        2429    0.44880948187869985        -0.49999999736835743          6.9047645395934387E-002
        2430    0.41428566069592121        -0.49999999540658768          3.4523809523809623E-002
        2431    0.44880948002857601        -0.49999999736835732         0.10357145491974379     
        2432    0.44880948002857601        -0.49999999736835732         0.13809526444355336     
        2433    0.41428566069592121        -0.49999999540658768         0.10357142857142870     
        2434    0.44880947817845224        -0.49999999736835726         0.17261907396736287     
        2435    0.44880947817845224        -0.49999999736835726         0.20714288349117238     
        2436    0.41428566069592121        -0.49999999540658768         0.17261904761904778     
        2437    0.44880947632832840        -0.49999999736835715         0.24166669301498189     
        2438    0.44880947632832840        -0.49999999736835715         0.27619050253879140     
        2439    0.41428566069592121        -0.49999999540658768         0.24166666666666681     
        2440    0.44880947447820457        -0.49999999736835704         0.31071431206260086     
        2441    0.44880947447820457        -0.49999999736835704         0.34523812158641037     
        2442    0.41428566069592121        -0.49999999540658768         0.31071428571428583     
        2443    0.44880947262808080        -0.49999999736835693         0.37976193111021983     
        2444    0.44880947262808080        -0.49999999736835693         0.41428574063402940     
        2445    0.41428566069592121        -0.49999999540658768         0.37976190476190491     
        2446    0.44880945704557312        -0.49999999736835610         0.44880953709532662     
        2447    0.41428564752176367        -0.49999999551823232         0.44880953617026470     
        2448    0.37976189069458371        -0.49999999366811132        -0.44880950334651487     
        2449    0.37976185117211175        -0.49999999355646391        -0.41428571428571426     
        2450    0.34523808117077426        -0.49999999181798754        -0.44880950334651487     
        2451    0.37976185117211175        -0.49999999355646391        -0.37976190476190474     
        2452    0.37976185117211175        -0.49999999355646391        -0.34523809523809523     
        2453    0.34523804164830230        -0.49999999170634013        -0.37976190476190474     
        2454    0.37976185117211175        -0.49999999355646391        -0.31071428571428572     
        2455    0.37976185117211175        -0.49999999355646391        -0.27619047619047621     
        2456    0.34523804164830230        -0.49999999170634013        -0.31071428571428572     
        2457    0.37976185117211175        -0.49999999355646391        -0.24166666666666667     
        2458    0.37976185117211175        -0.49999999355646391        -0.20714285714285713     
        2459    0.34523804164830230        -0.49999999170634013        -0.24166666666666667     
        2460    0.37976185117211175        -0.49999999355646391        -0.17261904761904759     
        2461    0.37976185117211175        -0.49999999355646391        -0.13809523809523805     
        2462    0.34523804164830230        -0.49999999170634013        -0.17261904761904759     
        2463    0.37976185117211175        -0.49999999355646391        -0.10357142857142854     
        2464    0.37976185117211175        -0.49999999355646391         -6.9047619047619024E-002
        2465    0.34523804164830230        -0.49999999170634013        -0.10357142857142854     
        2466    0.37976185117211175        -0.49999999355646391         -3.4523809523809457E-002
        2467    0.37976185117211175        -0.49999999355646391          1.1102230246251565E-016
        2468    0.34523804164830230        -0.49999999170634013         -3.4523809523809457E-002
        2469    0.37976185117211175        -0.49999999355646391          3.4523809523809623E-002
        2470    0.37976185117211175        -0.49999999355646391          6.9047619047619135E-002
        2471    0.34523804164830230        -0.49999999170634013          3.4523809523809623E-002
        2472    0.37976185117211175        -0.49999999355646391         0.10357142857142870     
        2473    0.37976185117211175        -0.49999999355646391         0.13809523809523827     
        2474    0.34523804164830230        -0.49999999170634013         0.10357142857142870     
        2475    0.37976185117211175        -0.49999999355646391         0.17261904761904778     
        2476    0.37976185117211175        -0.49999999355646391         0.20714285714285730     
        2477    0.34523804164830230        -0.49999999170634013         0.17261904761904778     
        2478    0.37976185117211175        -0.49999999355646391         0.24166666666666681     
        2479    0.37976185117211175        -0.49999999355646391         0.27619047619047632     
        2480    0.34523804164830230        -0.49999999170634013         0.24166666666666681     
        2481    0.37976185117211175        -0.49999999355646391         0.31071428571428583     
        2482    0.37976185117211175        -0.49999999355646391         0.34523809523809534     
        2483    0.34523804164830230        -0.49999999170634013         0.31071428571428583     
        2484    0.37976185117211175        -0.49999999355646391         0.37976190476190491     
        2485    0.37976185117211175        -0.49999999355646391         0.41428571428571448     
        2486    0.34523804164830230        -0.49999999170634013         0.37976190476190491     
        2487    0.37976183799795421        -0.49999999366810854         0.44880953617026470     
        2488    0.34523802847414470        -0.49999999181798471         0.44880953524520278     
        2489    0.31071427164696491        -0.49999998996786371        -0.44880950612170056     
        2490    0.31071423212449284        -0.49999998985621630        -0.41428571428571426     
        2491    0.27619046212315546        -0.49999998811773988        -0.44880950612170056     
        2492    0.31071423212449284        -0.49999998985621630        -0.37976190476190474     
        2493    0.31071423212449284        -0.49999998985621630        -0.34523809523809523     
        2494    0.27619042260068338        -0.49999998800609247        -0.37976190476190474     
        2495    0.31071423212449284        -0.49999998985621630        -0.31071428571428572     
        2496    0.31071423212449284        -0.49999998985621630        -0.27619047619047621     
        2497    0.27619042260068338        -0.49999998800609247        -0.31071428571428572     
        2498    0.31071423212449284        -0.49999998985621630        -0.24166666666666667     
        2499    0.31071423212449284        -0.49999998985621630        -0.20714285714285713     
        2500    0.27619042260068338        -0.49999998800609247        -0.24166666666666667     
        2501    0.31071423212449284        -0.49999998985621630        -0.17261904761904759     
        2502    0.31071423212449284        -0.49999998985621630        -0.13809523809523805     
        2503    0.27619042260068338        -0.49999998800609247        -0.17261904761904759     
        2504    0.31071423212449284        -0.49999998985621630        -0.10357142857142854     
        2505    0.31071423212449284        -0.49999998985621630         -6.9047619047619024E-002
        2506    0.27619042260068338        -0.49999998800609247        -0.10357142857142854     
        2507    0.31071423212449284        -0.49999998985621630         -3.4523809523809457E-002
        2508    0.31071423212449284        -0.49999998985621630          1.1102230246251565E-016
        2509    0.27619042260068338        -0.49999998800609247         -3.4523809523809457E-002
        2510    0.31071423212449284        -0.49999998985621630          3.4523809523809623E-002
        2511    0.31071423212449284        -0.49999998985621630          6.9047619047619135E-002
        2512    0.27619042260068338        -0.49999998800609247          3.4523809523809623E-002
        2513    0.31071423212449284        -0.49999998985621630         0.10357142857142870     
        2514    0.31071423212449284        -0.49999998985621630         0.13809523809523827     
        2515    0.27619042260068338        -0.49999998800609247         0.10357142857142870     
        2516    0.31071423212449284        -0.49999998985621630         0.17261904761904778     
        2517    0.31071423212449284        -0.49999998985621630         0.20714285714285730     
        2518    0.27619042260068338        -0.49999998800609247         0.17261904761904778     
        2519    0.31071423212449284        -0.49999998985621630         0.24166666666666681     
        2520    0.31071423212449284        -0.49999998985621630         0.27619047619047632     
        2521    0.27619042260068338        -0.49999998800609247         0.24166666666666681     
        2522    0.31071423212449284        -0.49999998985621630         0.31071428571428583     
        2523    0.31071423212449284        -0.49999998985621630         0.34523809523809534     
        2524    0.27619042260068338        -0.49999998800609247         0.31071428571428583     
        2525    0.31071423212449284        -0.49999998985621630         0.37976190476190491     
        2526    0.31071423212449284        -0.49999998985621630         0.41428571428571448     
        2527    0.27619042260068338        -0.49999998800609247         0.37976190476190491     
        2528    0.31071421895033524        -0.49999998996786088         0.44880953524520278     
        2529    0.27619040942652584        -0.49999998811773705         0.44880953432014092     
        2530    0.24166665259934611        -0.49999998626761610        -0.44880950889688631     
        2531    0.24166661307687393        -0.49999998615596863        -0.41428571428571426     
        2532    0.20714284307553665        -0.49999998441749227        -0.44880950889688631     
        2533    0.24166661307687393        -0.49999998615596863        -0.37976190476190474     
        2534    0.24166661307687393        -0.49999998615596863        -0.34523809523809523     
        2535    0.20714280355306447        -0.49999998430584480        -0.37976190476190474     
        2536    0.24166661307687393        -0.49999998615596863        -0.31071428571428572     
        2537    0.24166661307687393        -0.49999998615596863        -0.27619047619047621     
        2538    0.20714280355306447        -0.49999998430584480        -0.31071428571428572     
        2539    0.24166661307687393        -0.49999998615596863        -0.24166666666666667     
        2540    0.24166661307687393        -0.49999998615596863        -0.20714285714285713     
        2541    0.20714280355306447        -0.49999998430584480        -0.24166666666666667     
        2542    0.24166661307687393        -0.49999998615596863        -0.17261904761904759     
        2543    0.24166661307687393        -0.49999998615596863        -0.13809523809523805     
        2544    0.20714280355306447        -0.49999998430584480        -0.17261904761904759     
        2545    0.24166661307687393        -0.49999998615596863        -0.10357142857142854     
        2546    0.24166661307687393        -0.49999998615596863         -6.9047619047619024E-002
        2547    0.20714280355306447        -0.49999998430584480        -0.10357142857142854     
        2548    0.24166661307687393        -0.49999998615596863         -3.4523809523809457E-002
        2549    0.24166661307687393        -0.49999998615596863          1.1102230246251565E-016
        2550    0.20714280355306447        -0.49999998430584480         -3.4523809523809457E-002
        2551    0.24166661307687393        -0.49999998615596863          3.4523809523809623E-002
        2552    0.24166661307687393        -0.49999998615596863          6.9047619047619135E-002
        2553    0.20714280355306447        -0.49999998430584480          3.4523809523809623E-002
        2554    0.24166661307687393        -0.49999998615596863         0.10357142857142870     
        2555    0.24166661307687393        -0.49999998615596863         0.13809523809523827     
        2556    0.20714280355306447        -0.49999998430584480         0.10357142857142870     
        2557    0.24166661307687393        -0.49999998615596863         0.17261904761904778     
        2558    0.24166661307687393        -0.49999998615596863         0.20714285714285730     
        2559    0.20714280355306447        -0.49999998430584480         0.17261904761904778     
        2560    0.24166661307687393        -0.49999998615596863         0.24166666666666681     
        2561    0.24166661307687393        -0.49999998615596863         0.27619047619047632     
        2562    0.20714280355306447        -0.49999998430584480         0.24166666666666681     
        2563    0.24166661307687393        -0.49999998615596863         0.31071428571428583     
        2564    0.24166661307687393        -0.49999998615596863         0.34523809523809534     
        2565    0.20714280355306447        -0.49999998430584480         0.31071428571428583     
        2566    0.24166661307687393        -0.49999998615596863         0.37976190476190491     
        2567    0.24166661307687393        -0.49999998615596863         0.41428571428571448     
        2568    0.20714280355306447        -0.49999998430584480         0.37976190476190491     
        2569    0.24166659990271638        -0.49999998626761322         0.44880953432014092     
        2570    0.20714279037890693        -0.49999998441748944         0.44880953339507901     
        2571    0.17261903355172725        -0.49999998256736844        -0.44880951167207200     
        2572    0.17261899402925496        -0.49999998245572103        -0.41428571428571426     
        2573    0.13809522402791774        -0.49999998071724466        -0.44880951167207200     
        2574    0.17261899402925496        -0.49999998245572103        -0.37976190476190474     
        2575    0.17261899402925496        -0.49999998245572103        -0.34523809523809523     
        2576    0.13809518450544545        -0.49999998060559725        -0.37976190476190474     
        2577    0.17261899402925496        -0.49999998245572103        -0.31071428571428572     
        2578    0.17261899402925496        -0.49999998245572103        -0.27619047619047621     
        2579    0.13809518450544545        -0.49999998060559725        -0.31071428571428572     
        2580    0.17261899402925496        -0.49999998245572103        -0.24166666666666667     
        2581    0.17261899402925496        -0.49999998245572103        -0.20714285714285713     
        2582    0.13809518450544545        -0.49999998060559725        -0.24166666666666667     
        2583    0.17261899402925496        -0.49999998245572103        -0.17261904761904759     
        2584    0.17261899402925496        -0.49999998245572103        -0.13809523809523805     
        2585    0.13809518450544545        -0.49999998060559725        -0.17261904761904759     
        2586    0.17261899402925496        -0.49999998245572103        -0.10357142857142854     
        2587    0.17261899402925496        -0.49999998245572103         -6.9047619047619024E-002
        2588    0.13809518450544545        -0.49999998060559725        -0.10357142857142854     
        2589    0.17261899402925496        -0.49999998245572103         -3.4523809523809457E-002
        2590    0.17261899402925496        -0.49999998245572103          1.1102230246251565E-016
        2591    0.13809518450544545        -0.49999998060559725         -3.4523809523809457E-002
        2592    0.17261899402925496        -0.49999998245572103          3.4523809523809623E-002
        2593    0.17261899402925496        -0.49999998245572103          6.9047619047619135E-002
        2594    0.13809518450544545        -0.49999998060559725          3.4523809523809623E-002
        2595    0.17261899402925496        -0.49999998245572103         0.10357142857142870     
        2596    0.17261899402925496        -0.49999998245572103         0.13809523809523827     
        2597    0.13809518450544545        -0.49999998060559725         0.10357142857142870     
        2598    0.17261899402925496        -0.49999998245572103         0.17261904761904778     
        2599    0.17261899402925496        -0.49999998245572103         0.20714285714285730     
        2600    0.13809518450544545        -0.49999998060559725         0.17261904761904778     
        2601    0.17261899402925496        -0.49999998245572103         0.24166666666666681     
        2602    0.17261899402925496        -0.49999998245572103         0.27619047619047632     
        2603    0.13809518450544545        -0.49999998060559725         0.24166666666666681     
        2604    0.17261899402925496        -0.49999998245572103         0.31071428571428583     
        2605    0.17261899402925496        -0.49999998245572103         0.34523809523809534     
        2606    0.13809518450544545        -0.49999998060559725         0.31071428571428583     
        2607    0.17261899402925496        -0.49999998245572103         0.37976190476190491     
        2608    0.17261899402925496        -0.49999998245572103         0.41428571428571448     
        2609    0.13809518450544545        -0.49999998060559725         0.37976190476190491     
        2610    0.17261898085509741        -0.49999998256736566         0.44880953339507901     
        2611    0.13809517133128790        -0.49999998071724183         0.44880953247001709     
        2612    0.10357141450410845        -0.49999997886712083        -0.44880951444725770     
        2613    0.10357137498163593        -0.49999997875547342        -0.41428571428571426     
        2614     6.9047604980298938E-002   -0.49999997701699700        -0.44880951444725770     
        2615    0.10357137498163593        -0.49999997875547342        -0.37976190476190474     
        2616    0.10357137498163593        -0.49999997875547342        -0.34523809523809523     
        2617     6.9047565457826421E-002   -0.49999997690534959        -0.37976190476190474     
        2618    0.10357137498163593        -0.49999997875547342        -0.31071428571428572     
        2619    0.10357137498163593        -0.49999997875547342        -0.27619047619047621     
        2620     6.9047565457826421E-002   -0.49999997690534959        -0.31071428571428572     
        2621    0.10357137498163593        -0.49999997875547342        -0.24166666666666667     
        2622    0.10357137498163593        -0.49999997875547342        -0.20714285714285713     
        2623     6.9047565457826421E-002   -0.49999997690534959        -0.24166666666666667     
        2624    0.10357137498163593        -0.49999997875547342        -0.17261904761904759     
        2625    0.10357137498163593        -0.49999997875547342        -0.13809523809523805     
        2626     6.9047565457826421E-002   -0.49999997690534959        -0.17261904761904759     
        2627    0.10357137498163593        -0.49999997875547342        -0.10357142857142854     
        2628    0.10357137498163593        -0.49999997875547342         -6.9047619047619024E-002
        2629     6.9047565457826421E-002   -0.49999997690534959        -0.10357142857142854     
        2630    0.10357137498163593        -0.49999997875547342         -3.4523809523809457E-002
        2631    0.10357137498163593        -0.49999997875547342          1.1102230246251565E-016
        2632     6.9047565457826421E-002   -0.49999997690534959         -3.4523809523809457E-002
        2633    0.10357137498163593        -0.49999997875547342          3.4523809523809623E-002
        2634    0.10357137498163593        -0.49999997875547342          6.9047619047619135E-002
        2635     6.9047565457826421E-002   -0.49999997690534959          3.4523809523809623E-002
        2636    0.10357137498163593        -0.49999997875547342         0.10357142857142870     
        2637    0.10357137498163593        -0.49999997875547342         0.13809523809523827     
        2638     6.9047565457826421E-002   -0.49999997690534959         0.10357142857142870     
        2639    0.10357137498163593        -0.49999997875547342         0.17261904761904778     
        2640    0.10357137498163593        -0.49999997875547342         0.20714285714285730     
        2641     6.9047565457826421E-002   -0.49999997690534959         0.17261904761904778     
        2642    0.10357137498163593        -0.49999997875547342         0.24166666666666681     
        2643    0.10357137498163593        -0.49999997875547342         0.27619047619047632     
        2644     6.9047565457826421E-002   -0.49999997690534959         0.24166666666666681     
        2645    0.10357137498163593        -0.49999997875547342         0.31071428571428583     
        2646    0.10357137498163593        -0.49999997875547342         0.34523809523809534     
        2647     6.9047565457826421E-002   -0.49999997690534959         0.31071428571428583     
        2648    0.10357137498163593        -0.49999997875547342         0.37976190476190491     
        2649    0.10357137498163593        -0.49999997875547342         0.41428571428571448     
        2650     6.9047565457826421E-002   -0.49999997690534959         0.37976190476190491     
        2651    0.10357136180747839        -0.49999997886711800         0.44880953247001709     
        2652     6.9047552283668878E-002   -0.49999997701699417         0.44880953154495518     
        2653     3.4523795456489537E-002   -0.49999997516687322        -0.44880951722244344     
        2654     3.4523755934016909E-002   -0.49999997505522575        -0.41428571428571426     
        2655    -1.4067319975552550E-008   -0.49999997331674939        -0.44880951722244344     
        2656     3.4523755934016909E-002   -0.49999997505522575        -0.37976190476190474     
        2657     3.4523755934016909E-002   -0.49999997505522575        -0.34523809523809523     
        2658    -5.3589792603503383E-008   -0.49999997320510192        -0.37976190476190474     
        2659     3.4523755934016909E-002   -0.49999997505522575        -0.31071428571428572     
        2660     3.4523755934016909E-002   -0.49999997505522575        -0.27619047619047621     
        2661    -5.3589792603503383E-008   -0.49999997320510192        -0.31071428571428572     
        2662     3.4523755934016909E-002   -0.49999997505522575        -0.24166666666666667     
        2663     3.4523755934016909E-002   -0.49999997505522575        -0.20714285714285713     
        2664    -5.3589792603503383E-008   -0.49999997320510192        -0.24166666666666667     
        2665     3.4523755934016909E-002   -0.49999997505522575        -0.17261904761904759     
        2666     3.4523755934016909E-002   -0.49999997505522575        -0.13809523809523805     
        2667    -5.3589792603503383E-008   -0.49999997320510192        -0.17261904761904759     
        2668     3.4523755934016909E-002   -0.49999997505522575        -0.10357142857142854     
        2669     3.4523755934016909E-002   -0.49999997505522575         -6.9047619047619024E-002
        2670    -5.3589792603503383E-008   -0.49999997320510192        -0.10357142857142854     
        2671     3.4523755934016909E-002   -0.49999997505522575         -3.4523809523809457E-002
        2672     3.4523755934016909E-002   -0.49999997505522575          1.1102230246251565E-016
        2673    -5.3589792603503383E-008   -0.49999997320510192         -3.4523809523809457E-002
        2674     3.4523755934016909E-002   -0.49999997505522575          3.4523809523809623E-002
        2675     3.4523755934016909E-002   -0.49999997505522575          6.9047619047619135E-002
        2676    -5.3589792603503383E-008   -0.49999997320510192          3.4523809523809623E-002
        2677     3.4523755934016909E-002   -0.49999997505522575         0.10357142857142870     
        2678     3.4523755934016909E-002   -0.49999997505522575         0.13809523809523827     
        2679    -5.3589792603503383E-008   -0.49999997320510192         0.10357142857142870     
        2680     3.4523755934016909E-002   -0.49999997505522575         0.17261904761904778     
        2681     3.4523755934016909E-002   -0.49999997505522575         0.20714285714285730     
        2682    -5.3589792603503383E-008   -0.49999997320510192         0.17261904761904778     
        2683     3.4523755934016909E-002   -0.49999997505522575         0.24166666666666681     
        2684     3.4523755934016909E-002   -0.49999997505522575         0.27619047619047632     
        2685    -5.3589792603503383E-008   -0.49999997320510192         0.24166666666666681     
        2686     3.4523755934016909E-002   -0.49999997505522575         0.31071428571428583     
        2687     3.4523755934016909E-002   -0.49999997505522575         0.34523809523809534     
        2688    -5.3589792603503383E-008   -0.49999997320510192         0.31071428571428583     
        2689     3.4523755934016909E-002   -0.49999997505522575         0.37976190476190491     
        2690     3.4523755934016909E-002   -0.49999997505522575         0.41428571428571448     
        2691    -5.3589792603503383E-008   -0.49999997320510192         0.37976190476190491     
        2692     3.4523742759859366E-002   -0.49999997516687034         0.44880953154495518     
        2693    -6.6763950035131359E-008   -0.49999997331674656         0.44880953061989326     
        2694    -3.4523823591129377E-002   -0.49999997146662556        -0.44880951999762914     
        2695    -3.4523863113602060E-002   -0.49999997135497815        -0.41428571428571426     
        2696    -6.9047633114938833E-002   -0.49999996961650178        -0.44880951999762914     
        2697    -3.4523863113602060E-002   -0.49999997135497815        -0.37976190476190474     
        2698    -3.4523863113602060E-002   -0.49999997135497815        -0.34523809523809523     
        2699    -6.9047672637411517E-002   -0.49999996950485437        -0.37976190476190474     
        2700    -3.4523863113602060E-002   -0.49999997135497815        -0.31071428571428572     
        2701    -3.4523863113602060E-002   -0.49999997135497815        -0.27619047619047621     
        2702    -6.9047672637411517E-002   -0.49999996950485437        -0.31071428571428572     
        2703    -3.4523863113602060E-002   -0.49999997135497815        -0.24166666666666667     
        2704    -3.4523863113602060E-002   -0.49999997135497815        -0.20714285714285713     
        2705    -6.9047672637411517E-002   -0.49999996950485437        -0.24166666666666667     
        2706    -3.4523863113602060E-002   -0.49999997135497815        -0.17261904761904759     
        2707    -3.4523863113602060E-002   -0.49999997135497815        -0.13809523809523805     
        2708    -6.9047672637411517E-002   -0.49999996950485437        -0.17261904761904759     
        2709    -3.4523863113602060E-002   -0.49999997135497815        -0.10357142857142854     
        2710    -3.4523863113602060E-002   -0.49999997135497815         -6.9047619047619024E-002
        2711    -6.9047672637411517E-002   -0.49999996950485437        -0.10357142857142854     
        2712    -3.4523863113602060E-002   -0.49999997135497815         -3.4523809523809457E-002
        2713    -3.4523863113602060E-002   -0.49999997135497815          1.1102230246251565E-016
        2714    -6.9047672637411517E-002   -0.49999996950485437         -3.4523809523809457E-002
        2715    -3.4523863113602060E-002   -0.49999997135497815          3.4523809523809623E-002
        2716    -3.4523863113602060E-002   -0.49999997135497815          6.9047619047619135E-002
        2717    -6.9047672637411517E-002   -0.49999996950485437          3.4523809523809623E-002
        2718    -3.4523863113602060E-002   -0.49999997135497815         0.10357142857142870     
        2719    -3.4523863113602060E-002   -0.49999997135497815         0.13809523809523827     
        2720    -6.9047672637411517E-002   -0.49999996950485437         0.10357142857142870     
        2721    -3.4523863113602060E-002   -0.49999997135497815         0.17261904761904778     
        2722    -3.4523863113602060E-002   -0.49999997135497815         0.20714285714285730     
        2723    -6.9047672637411517E-002   -0.49999996950485437         0.17261904761904778     
        2724    -3.4523863113602060E-002   -0.49999997135497815         0.24166666666666681     
        2725    -3.4523863113602060E-002   -0.49999997135497815         0.27619047619047632     
        2726    -6.9047672637411517E-002   -0.49999996950485437         0.24166666666666681     
        2727    -3.4523863113602060E-002   -0.49999997135497815         0.31071428571428583     
        2728    -3.4523863113602060E-002   -0.49999997135497815         0.34523809523809534     
        2729    -6.9047672637411517E-002   -0.49999996950485437         0.31071428571428583     
        2730    -3.4523863113602060E-002   -0.49999997135497815         0.37976190476190491     
        2731    -3.4523863113602060E-002   -0.49999997135497815         0.41428571428571448     
        2732    -6.9047672637411517E-002   -0.49999996950485437         0.37976190476190491     
        2733    -3.4523876287759492E-002   -0.49999997146662278         0.44880953061989326     
        2734    -6.9047685811569004E-002   -0.49999996961649895         0.44880952969483134     
        2735   -0.10357144263874823        -0.49999996776637795        -0.44880952277281488     
        2736   -0.10357148216122103        -0.49999996765473054        -0.41428571428571426     
        2737   -0.13809525216255775        -0.49999996591625412        -0.44880952277281488     
        2738   -0.10357148216122103        -0.49999996765473054        -0.37976190476190474     
        2739   -0.10357148216122103        -0.49999996765473054        -0.34523809523809523     
        2740   -0.13809529168503054        -0.49999996580460671        -0.37976190476190474     
        2741   -0.10357148216122103        -0.49999996765473054        -0.31071428571428572     
        2742   -0.10357148216122103        -0.49999996765473054        -0.27619047619047621     
        2743   -0.13809529168503054        -0.49999996580460671        -0.31071428571428572     
        2744   -0.10357148216122103        -0.49999996765473054        -0.24166666666666667     
        2745   -0.10357148216122103        -0.49999996765473054        -0.20714285714285713     
        2746   -0.13809529168503054        -0.49999996580460671        -0.24166666666666667     
        2747   -0.10357148216122103        -0.49999996765473054        -0.17261904761904759     
        2748   -0.10357148216122103        -0.49999996765473054        -0.13809523809523805     
        2749   -0.13809529168503054        -0.49999996580460671        -0.17261904761904759     
        2750   -0.10357148216122103        -0.49999996765473054        -0.10357142857142854     
        2751   -0.10357148216122103        -0.49999996765473054         -6.9047619047619024E-002
        2752   -0.13809529168503054        -0.49999996580460671        -0.10357142857142854     
        2753   -0.10357148216122103        -0.49999996765473054         -3.4523809523809457E-002
        2754   -0.10357148216122103        -0.49999996765473054          1.1102230246251565E-016
        2755   -0.13809529168503054        -0.49999996580460671         -3.4523809523809457E-002
        2756   -0.10357148216122103        -0.49999996765473054          3.4523809523809623E-002
        2757   -0.10357148216122103        -0.49999996765473054          6.9047619047619135E-002
        2758   -0.13809529168503054        -0.49999996580460671          3.4523809523809623E-002
        2759   -0.10357148216122103        -0.49999996765473054         0.10357142857142870     
        2760   -0.10357148216122103        -0.49999996765473054         0.13809523809523827     
        2761   -0.13809529168503054        -0.49999996580460671         0.10357142857142870     
        2762   -0.10357148216122103        -0.49999996765473054         0.17261904761904778     
        2763   -0.10357148216122103        -0.49999996765473054         0.20714285714285730     
        2764   -0.13809529168503054        -0.49999996580460671         0.17261904761904778     
        2765   -0.10357148216122103        -0.49999996765473054         0.24166666666666681     
        2766   -0.10357148216122103        -0.49999996765473054         0.27619047619047632     
        2767   -0.13809529168503054        -0.49999996580460671         0.24166666666666681     
        2768   -0.10357148216122103        -0.49999996765473054         0.31071428571428583     
        2769   -0.10357148216122103        -0.49999996765473054         0.34523809523809534     
        2770   -0.13809529168503054        -0.49999996580460671         0.31071428571428583     
        2771   -0.10357148216122103        -0.49999996765473054         0.37976190476190491     
        2772   -0.10357148216122103        -0.49999996765473054         0.41428571428571448     
        2773   -0.13809529168503054        -0.49999996580460671         0.37976190476190491     
        2774   -0.10357149533537852        -0.49999996776637512         0.44880952969483134     
        2775   -0.13809530485918797        -0.49999996591625129         0.44880952876976948     
        2776   -0.17261906168636715        -0.49999996406613034        -0.44880952554800063     
        2777   -0.17261910120884000        -0.49999996395448293        -0.41428571428571426     
        2778   -0.20714287121017660        -0.49999996221600657        -0.44880952554800063     
        2779   -0.17261910120884000        -0.49999996395448293        -0.37976190476190474     
        2780   -0.17261910120884000        -0.49999996395448293        -0.34523809523809523     
        2781   -0.20714291073264945        -0.49999996210435915        -0.37976190476190474     
        2782   -0.17261910120884000        -0.49999996395448293        -0.31071428571428572     
        2783   -0.17261910120884000        -0.49999996395448293        -0.27619047619047621     
        2784   -0.20714291073264945        -0.49999996210435915        -0.31071428571428572     
        2785   -0.17261910120884000        -0.49999996395448293        -0.24166666666666667     
        2786   -0.17261910120884000        -0.49999996395448293        -0.20714285714285713     
        2787   -0.20714291073264945        -0.49999996210435915        -0.24166666666666667     
        2788   -0.17261910120884000        -0.49999996395448293        -0.17261904761904759     
        2789   -0.17261910120884000        -0.49999996395448293        -0.13809523809523805     
        2790   -0.20714291073264945        -0.49999996210435915        -0.17261904761904759     
        2791   -0.17261910120884000        -0.49999996395448293        -0.10357142857142854     
        2792   -0.17261910120884000        -0.49999996395448293         -6.9047619047619024E-002
        2793   -0.20714291073264945        -0.49999996210435915        -0.10357142857142854     
        2794   -0.17261910120884000        -0.49999996395448293         -3.4523809523809457E-002
        2795   -0.17261910120884000        -0.49999996395448293          1.1102230246251565E-016
        2796   -0.20714291073264945        -0.49999996210435915         -3.4523809523809457E-002
        2797   -0.17261910120884000        -0.49999996395448293          3.4523809523809623E-002
        2798   -0.17261910120884000        -0.49999996395448293          6.9047619047619135E-002
        2799   -0.20714291073264945        -0.49999996210435915          3.4523809523809623E-002
        2800   -0.17261910120884000        -0.49999996395448293         0.10357142857142870     
        2801   -0.17261910120884000        -0.49999996395448293         0.13809523809523827     
        2802   -0.20714291073264945        -0.49999996210435915         0.10357142857142870     
        2803   -0.17261910120884000        -0.49999996395448293         0.17261904761904778     
        2804   -0.17261910120884000        -0.49999996395448293         0.20714285714285730     
        2805   -0.20714291073264945        -0.49999996210435915         0.17261904761904778     
        2806   -0.17261910120884000        -0.49999996395448293         0.24166666666666681     
        2807   -0.17261910120884000        -0.49999996395448293         0.27619047619047632     
        2808   -0.20714291073264945        -0.49999996210435915         0.24166666666666681     
        2809   -0.17261910120884000        -0.49999996395448293         0.31071428571428583     
        2810   -0.17261910120884000        -0.49999996395448293         0.34523809523809534     
        2811   -0.20714291073264945        -0.49999996210435915         0.31071428571428583     
        2812   -0.17261910120884000        -0.49999996395448293         0.37976190476190491     
        2813   -0.17261910120884000        -0.49999996395448293         0.41428571428571448     
        2814   -0.20714291073264945        -0.49999996210435915         0.37976190476190491     
        2815   -0.17261911438299743        -0.49999996406612751         0.44880952876976948     
        2816   -0.20714292390680689        -0.49999996221600373         0.44880952784470757     
        2817   -0.24166668073398595        -0.49999996036588273        -0.44880952832318632     
        2818   -0.24166672025645891        -0.49999996025423532        -0.41428571428571426     
        2819   -0.27619049025779541        -0.49999995851575890        -0.44880952832318632     
        2820   -0.24166672025645891        -0.49999996025423532        -0.37976190476190474     
        2821   -0.24166672025645891        -0.49999996025423532        -0.34523809523809523     
        2822   -0.27619052978026837        -0.49999995840411149        -0.37976190476190474     
        2823   -0.24166672025645891        -0.49999996025423532        -0.31071428571428572     
        2824   -0.24166672025645891        -0.49999996025423532        -0.27619047619047621     
        2825   -0.27619052978026837        -0.49999995840411149        -0.31071428571428572     
        2826   -0.24166672025645891        -0.49999996025423532        -0.24166666666666667     
        2827   -0.24166672025645891        -0.49999996025423532        -0.20714285714285713     
        2828   -0.27619052978026837        -0.49999995840411149        -0.24166666666666667     
        2829   -0.24166672025645891        -0.49999996025423532        -0.17261904761904759     
        2830   -0.24166672025645891        -0.49999996025423532        -0.13809523809523805     
        2831   -0.27619052978026837        -0.49999995840411149        -0.17261904761904759     
        2832   -0.24166672025645891        -0.49999996025423532        -0.10357142857142854     
        2833   -0.24166672025645891        -0.49999996025423532         -6.9047619047619024E-002
        2834   -0.27619052978026837        -0.49999995840411149        -0.10357142857142854     
        2835   -0.24166672025645891        -0.49999996025423532         -3.4523809523809457E-002
        2836   -0.24166672025645891        -0.49999996025423532          1.1102230246251565E-016
        2837   -0.27619052978026837        -0.49999995840411149         -3.4523809523809457E-002
        2838   -0.24166672025645891        -0.49999996025423532          3.4523809523809623E-002
        2839   -0.24166672025645891        -0.49999996025423532          6.9047619047619135E-002
        2840   -0.27619052978026837        -0.49999995840411149          3.4523809523809623E-002
        2841   -0.24166672025645891        -0.49999996025423532         0.10357142857142870     
        2842   -0.24166672025645891        -0.49999996025423532         0.13809523809523827     
        2843   -0.27619052978026837        -0.49999995840411149         0.10357142857142870     
        2844   -0.24166672025645891        -0.49999996025423532         0.17261904761904778     
        2845   -0.24166672025645891        -0.49999996025423532         0.20714285714285730     
        2846   -0.27619052978026837        -0.49999995840411149         0.17261904761904778     
        2847   -0.24166672025645891        -0.49999996025423532         0.24166666666666681     
        2848   -0.24166672025645891        -0.49999996025423532         0.27619047619047632     
        2849   -0.27619052978026837        -0.49999995840411149         0.24166666666666681     
        2850   -0.24166672025645891        -0.49999996025423532         0.31071428571428583     
        2851   -0.24166672025645891        -0.49999996025423532         0.34523809523809534     
        2852   -0.27619052978026837        -0.49999995840411149         0.31071428571428583     
        2853   -0.24166672025645891        -0.49999996025423532         0.37976190476190491     
        2854   -0.24166672025645891        -0.49999996025423532         0.41428571428571448     
        2855   -0.27619052978026837        -0.49999995840411149         0.37976190476190491     
        2856   -0.24166673343061634        -0.49999996036587990         0.44880952784470757     
        2857   -0.27619054295442580        -0.49999995851575607         0.44880952691964565     
        2858   -0.31071429978160470        -0.49999995666563507        -0.44880953109837202     
        2859   -0.31071433930407782        -0.49999995655398766        -0.41428571428571426     
        2860   -0.34523810930541415        -0.49999995481551124        -0.44880953109837202     
        2861   -0.31071433930407782        -0.49999995655398766        -0.37976190476190474     
        2862   -0.31071433930407782        -0.49999995655398766        -0.34523809523809523     
        2863   -0.34523814882788728        -0.49999995470386382        -0.37976190476190474     
        2864   -0.31071433930407782        -0.49999995655398766        -0.31071428571428572     
        2865   -0.31071433930407782        -0.49999995655398766        -0.27619047619047621     
        2866   -0.34523814882788728        -0.49999995470386382        -0.31071428571428572     
        2867   -0.31071433930407782        -0.49999995655398766        -0.24166666666666667     
        2868   -0.31071433930407782        -0.49999995655398766        -0.20714285714285713     
        2869   -0.34523814882788728        -0.49999995470386382        -0.24166666666666667     
        2870   -0.31071433930407782        -0.49999995655398766        -0.17261904761904759     
        2871   -0.31071433930407782        -0.49999995655398766        -0.13809523809523805     
        2872   -0.34523814882788728        -0.49999995470386382        -0.17261904761904759     
        2873   -0.31071433930407782        -0.49999995655398766        -0.10357142857142854     
        2874   -0.31071433930407782        -0.49999995655398766         -6.9047619047619024E-002
        2875   -0.34523814882788728        -0.49999995470386382        -0.10357142857142854     
        2876   -0.31071433930407782        -0.49999995655398766         -3.4523809523809457E-002
        2877   -0.31071433930407782        -0.49999995655398766          1.1102230246251565E-016
        2878   -0.34523814882788728        -0.49999995470386382         -3.4523809523809457E-002
        2879   -0.31071433930407782        -0.49999995655398766          3.4523809523809623E-002
        2880   -0.31071433930407782        -0.49999995655398766          6.9047619047619135E-002
        2881   -0.34523814882788728        -0.49999995470386382          3.4523809523809623E-002
        2882   -0.31071433930407782        -0.49999995655398766         0.10357142857142870     
        2883   -0.31071433930407782        -0.49999995655398766         0.13809523809523827     
        2884   -0.34523814882788728        -0.49999995470386382         0.10357142857142870     
        2885   -0.31071433930407782        -0.49999995655398766         0.17261904761904778     
        2886   -0.31071433930407782        -0.49999995655398766         0.20714285714285730     
        2887   -0.34523814882788728        -0.49999995470386382         0.17261904761904778     
        2888   -0.31071433930407782        -0.49999995655398766         0.24166666666666681     
        2889   -0.31071433930407782        -0.49999995655398766         0.27619047619047632     
        2890   -0.34523814882788728        -0.49999995470386382         0.24166666666666681     
        2891   -0.31071433930407782        -0.49999995655398766         0.31071428571428583     
        2892   -0.31071433930407782        -0.49999995655398766         0.34523809523809534     
        2893   -0.34523814882788728        -0.49999995470386382         0.31071428571428583     
        2894   -0.31071433930407782        -0.49999995655398766         0.37976190476190491     
        2895   -0.31071433930407782        -0.49999995655398766         0.41428571428571448     
        2896   -0.34523814882788728        -0.49999995470386382         0.37976190476190491     
        2897   -0.31071435247823526        -0.49999995666563224         0.44880952691964565     
        2898   -0.34523816200204471        -0.49999995481550846         0.44880952599458374     
        2899   -0.37976191882922355        -0.49999995296538746        -0.44880953387355776     
        2900   -0.37976195835169679        -0.49999995285374005        -0.41428571428571426     
        2901   -0.41428572835303307        -0.49999995111526369        -0.44880953387355776     
        2902   -0.37976195835169679        -0.49999995285374005        -0.37976190476190474     
        2903   -0.37976195835169679        -0.49999995285374005        -0.34523809523809523     
        2904   -0.41428576787550631        -0.49999995100361627        -0.37976190476190474     
        2905   -0.37976195835169679        -0.49999995285374005        -0.31071428571428572     
        2906   -0.37976195835169679        -0.49999995285374005        -0.27619047619047621     
        2907   -0.41428576787550631        -0.49999995100361627        -0.31071428571428572     
        2908   -0.37976195835169679        -0.49999995285374005        -0.24166666666666667     
        2909   -0.37976195835169679        -0.49999995285374005        -0.20714285714285713     
        2910   -0.41428576787550631        -0.49999995100361627        -0.24166666666666667     
        2911   -0.37976195835169679        -0.49999995285374005        -0.17261904761904759     
        2912   -0.37976195835169679        -0.49999995285374005        -0.13809523809523805     
        2913   -0.41428576787550631        -0.49999995100361627        -0.17261904761904759     
        2914   -0.37976195835169679        -0.49999995285374005        -0.10357142857142854     
        2915   -0.37976195835169679        -0.49999995285374005         -6.9047619047619024E-002
        2916   -0.41428576787550631        -0.49999995100361627        -0.10357142857142854     
        2917   -0.37976195835169679        -0.49999995285374005         -3.4523809523809457E-002
        2918   -0.37976195835169679        -0.49999995285374005          1.1102230246251565E-016
        2919   -0.41428576787550631        -0.49999995100361627         -3.4523809523809457E-002
        2920   -0.37976195835169679        -0.49999995285374005          3.4523809523809623E-002
        2921   -0.37976195835169679        -0.49999995285374005          6.9047619047619135E-002
        2922   -0.41428576787550631        -0.49999995100361627          3.4523809523809623E-002
        2923   -0.37976195835169679        -0.49999995285374005         0.10357142857142870     
        2924   -0.37976195835169679        -0.49999995285374005         0.13809523809523827     
        2925   -0.41428576787550631        -0.49999995100361627         0.10357142857142870     
        2926   -0.37976195835169679        -0.49999995285374005         0.17261904761904778     
        2927   -0.37976195835169679        -0.49999995285374005         0.20714285714285730     
        2928   -0.41428576787550631        -0.49999995100361627         0.17261904761904778     
        2929   -0.37976195835169679        -0.49999995285374005         0.24166666666666681     
        2930   -0.37976195835169679        -0.49999995285374005         0.27619047619047632     
        2931   -0.41428576787550631        -0.49999995100361627         0.24166666666666681     
        2932   -0.37976195835169679        -0.49999995285374005         0.31071428571428583     
        2933   -0.37976195835169679        -0.49999995285374005         0.34523809523809534     
        2934   -0.41428576787550631        -0.49999995100361627         0.31071428571428583     
        2935   -0.37976195835169679        -0.49999995285374005         0.37976190476190491     
        2936   -0.37976195835169679        -0.49999995285374005         0.41428571428571448     
        2937   -0.41428576787550631        -0.49999995100361627         0.37976190476190491     
        2938   -0.37976197152585423        -0.49999995296538469         0.44880952599458374     
        2939   -0.41428578104966374        -0.49999995111526085         0.44880952506952182     
        2940   -0.44880957751096107        -0.49999994926513774        -0.44880952380952377     
        2941   -0.44880957751096107        -0.49999994926513774        -0.41428571428571426     
        2942   -0.44880957751096107        -0.49999994926513774        -0.37976190476190474     
        2943   -0.44880957751096107        -0.49999994926513774        -0.34523809523809523     
        2944   -0.44880957751096107        -0.49999994926513774        -0.31071428571428572     
        2945   -0.44880957751096107        -0.49999994926513774        -0.27619047619047621     
        2946   -0.44880957751096107        -0.49999994926513774        -0.24166666666666667     
        2947   -0.44880957751096107        -0.49999994926513774        -0.20714285714285713     
        2948   -0.44880957751096107        -0.49999994926513774        -0.17261904761904759     
        2949   -0.44880957751096107        -0.49999994926513774        -0.13809523809523805     
        2950   -0.44880957751096107        -0.49999994926513774        -0.10357142857142854     
        2951   -0.44880957751096107        -0.49999994926513774         -6.9047619047619024E-002
        2952   -0.44880957751096107        -0.49999994926513774         -3.4523809523809457E-002
        2953   -0.44880957751096107        -0.49999994926513774          1.1102230246251565E-016
        2954   -0.44880957751096107        -0.49999994926513774          3.4523809523809623E-002
        2955   -0.44880957751096107        -0.49999994926513774          6.9047619047619135E-002
        2956   -0.44880957751096107        -0.49999994926513774         0.10357142857142870     
        2957   -0.44880957751096107        -0.49999994926513774         0.13809523809523827     
        2958   -0.44880957751096107        -0.49999994926513774         0.17261904761904778     
        2959   -0.44880957751096107        -0.49999994926513774         0.20714285714285730     
        2960   -0.44880957751096107        -0.49999994926513774         0.24166666666666681     
        2961   -0.44880957751096107        -0.49999994926513774         0.27619047619047632     
        2962   -0.44880957751096107        -0.49999994926513774         0.31071428571428583     
        2963   -0.44880957751096107        -0.49999994926513774         0.34523809523809534     
        2964   -0.44880957751096107        -0.49999994926513774         0.37976190476190491     
        2965   -0.44880957751096107        -0.49999994926513774         0.41428571428571448     
        2966   -0.44880959068511850        -0.49999994937678233         0.44880952506952182     
        2967    0.49999999999999933        -0.44880952380952444        -0.48333330653843609     
        2968    0.49999999814987550        -0.44880952380952438        -0.44880949701462669     
        2969    0.50000000000000000        -0.41428571428571426        -0.44880952380952377     
        2970    0.49999999814987550        -0.44880952380952438        -0.41428568749081712     
        2971    0.49999999629975167        -0.44880952380952427        -0.37976187796700761     
        2972    0.50000000000000000        -0.41428571428571426        -0.37976190476190474     
        2973    0.49999999629975167        -0.44880952380952427        -0.34523806844319810     
        2974    0.49999999444962784        -0.44880952380952416        -0.31071425891938864     
        2975    0.50000000000000000        -0.41428571428571426        -0.31071428571428572     
        2976    0.49999999444962784        -0.44880952380952416        -0.27619044939557913     
        2977    0.49999999259950401        -0.44880952380952405        -0.24166663987176967     
        2978    0.50000000000000000        -0.41428571428571426        -0.24166666666666667     
        2979    0.49999999259950401        -0.44880952380952405        -0.20714283034796013     
        2980    0.49999999074938017        -0.44880952380952399        -0.17261902082415068     
        2981    0.50000000000000000        -0.41428571428571426        -0.17261904761904759     
        2982    0.49999999074938017        -0.44880952380952399        -0.13809521130034114     
        2983    0.49999998889925645        -0.44880952380952388        -0.10357140177653162     
        2984    0.50000000000000000        -0.41428571428571426        -0.10357142857142854     
        2985    0.49999998889925645        -0.44880952380952388         -6.9047592252722112E-002
        2986    0.49999998704913262        -0.44880952380952377         -3.4523782728912655E-002
        2987    0.50000000000000000        -0.41428571428571426         -3.4523809523809457E-002
        2988    0.49999998704913262        -0.44880952380952377          2.6794896912374355E-008
        2989    0.49999998519900879        -0.44880952380952366          3.4523836318706425E-002
        2990    0.50000000000000000        -0.41428571428571426          3.4523809523809623E-002
        2991    0.49999998519900879        -0.44880952380952366          6.9047645842515937E-002
        2992    0.49999998334888496        -0.44880952380952355         0.10357145536632545     
        2993    0.50000000000000000        -0.41428571428571426         0.10357142857142870     
        2994    0.49999998334888496        -0.44880952380952355         0.13809526489013502     
        2995    0.49999998149876113        -0.44880952380952349         0.17261907441394453     
        2996    0.50000000000000000        -0.41428571428571426         0.17261904761904778     
        2997    0.49999998149876113        -0.44880952380952349         0.20714288393775404     
        2998    0.49999997964863729        -0.44880952380952338         0.24166669346156350     
        2999    0.50000000000000000        -0.41428571428571426         0.24166666666666681     
        3000    0.49999997964863729        -0.44880952380952338         0.27619050298537301     
        3001    0.49999997779851357        -0.44880952380952327         0.31071431250918247     
        3002    0.50000000000000000        -0.41428571428571426         0.31071428571428583     
        3003    0.49999997779851357        -0.44880952380952327         0.34523812203299198     
        3004    0.49999997594838974        -0.44880952380952316         0.37976193155680149     
        3005    0.50000000000000000        -0.41428571428571426         0.37976190476190491     
        3006    0.49999997594838974        -0.44880952380952316         0.41428574108061106     
        3007    0.49999996047752737        -0.44880952380952233         0.44880953720697203     
        3008    0.50000000000000000        -0.41428571428571426         0.44880952380952399     
        3009    0.49999996047752737        -0.44880952380952233         0.48333334673078154     
        3010    0.50000000000000000        -0.37976190476190474        -0.48333333333333334     
        3011    0.50000000000000000        -0.37976190476190474        -0.44880952380952377     
        3012    0.50000000000000000        -0.34523809523809523        -0.44880952380952377     
        3013    0.50000000000000000        -0.37976190476190474        -0.41428571428571426     
        3014    0.50000000000000000        -0.37976190476190474        -0.37976190476190474     
        3015    0.50000000000000000        -0.34523809523809523        -0.37976190476190474     
        3016    0.50000000000000000        -0.37976190476190474        -0.34523809523809523     
        3017    0.50000000000000000        -0.37976190476190474        -0.31071428571428572     
        3018    0.50000000000000000        -0.34523809523809523        -0.31071428571428572     
        3019    0.50000000000000000        -0.37976190476190474        -0.27619047619047621     
        3020    0.50000000000000000        -0.37976190476190474        -0.24166666666666667     
        3021    0.50000000000000000        -0.34523809523809523        -0.24166666666666667     
        3022    0.50000000000000000        -0.37976190476190474        -0.20714285714285713     
        3023    0.50000000000000000        -0.37976190476190474        -0.17261904761904759     
        3024    0.50000000000000000        -0.34523809523809523        -0.17261904761904759     
        3025    0.50000000000000000        -0.37976190476190474        -0.13809523809523805     
        3026    0.50000000000000000        -0.37976190476190474        -0.10357142857142854     
        3027    0.50000000000000000        -0.34523809523809523        -0.10357142857142854     
        3028    0.50000000000000000        -0.37976190476190474         -6.9047619047619024E-002
        3029    0.50000000000000000        -0.37976190476190474         -3.4523809523809457E-002
        3030    0.50000000000000000        -0.34523809523809523         -3.4523809523809457E-002
        3031    0.50000000000000000        -0.37976190476190474          1.1102230246251565E-016
        3032    0.50000000000000000        -0.37976190476190474          3.4523809523809623E-002
        3033    0.50000000000000000        -0.34523809523809523          3.4523809523809623E-002
        3034    0.50000000000000000        -0.37976190476190474          6.9047619047619135E-002
        3035    0.50000000000000000        -0.37976190476190474         0.10357142857142870     
        3036    0.50000000000000000        -0.34523809523809523         0.10357142857142870     
        3037    0.50000000000000000        -0.37976190476190474         0.13809523809523827     
        3038    0.50000000000000000        -0.37976190476190474         0.17261904761904778     
        3039    0.50000000000000000        -0.34523809523809523         0.17261904761904778     
        3040    0.50000000000000000        -0.37976190476190474         0.20714285714285730     
        3041    0.50000000000000000        -0.37976190476190474         0.24166666666666681     
        3042    0.50000000000000000        -0.34523809523809523         0.24166666666666681     
        3043    0.50000000000000000        -0.37976190476190474         0.27619047619047632     
        3044    0.50000000000000000        -0.37976190476190474         0.31071428571428583     
        3045    0.50000000000000000        -0.34523809523809523         0.31071428571428583     
        3046    0.50000000000000000        -0.37976190476190474         0.34523809523809534     
        3047    0.50000000000000000        -0.37976190476190474         0.37976190476190491     
        3048    0.50000000000000000        -0.34523809523809523         0.37976190476190491     
        3049    0.50000000000000000        -0.37976190476190474         0.41428571428571448     
        3050    0.50000000000000000        -0.37976190476190474         0.44880952380952399     
        3051    0.50000000000000000        -0.34523809523809523         0.44880952380952399     
        3052    0.50000000000000000        -0.37976190476190474         0.48333333333333350     
        3053    0.50000000000000000        -0.31071428571428572        -0.48333333333333334     
        3054    0.50000000000000000        -0.31071428571428572        -0.44880952380952377     
        3055    0.50000000000000000        -0.27619047619047621        -0.44880952380952377     
        3056    0.50000000000000000        -0.31071428571428572        -0.41428571428571426     
        3057    0.50000000000000000        -0.31071428571428572        -0.37976190476190474     
        3058    0.50000000000000000        -0.27619047619047621        -0.37976190476190474     
        3059    0.50000000000000000        -0.31071428571428572        -0.34523809523809523     
        3060    0.50000000000000000        -0.31071428571428572        -0.31071428571428572     
        3061    0.50000000000000000        -0.27619047619047621        -0.31071428571428572     
        3062    0.50000000000000000        -0.31071428571428572        -0.27619047619047621     
        3063    0.50000000000000000        -0.31071428571428572        -0.24166666666666667     
        3064    0.50000000000000000        -0.27619047619047621        -0.24166666666666667     
        3065    0.50000000000000000        -0.31071428571428572        -0.20714285714285713     
        3066    0.50000000000000000        -0.31071428571428572        -0.17261904761904759     
        3067    0.50000000000000000        -0.27619047619047621        -0.17261904761904759     
        3068    0.50000000000000000        -0.31071428571428572        -0.13809523809523805     
        3069    0.50000000000000000        -0.31071428571428572        -0.10357142857142854     
        3070    0.50000000000000000        -0.27619047619047621        -0.10357142857142854     
        3071    0.50000000000000000        -0.31071428571428572         -6.9047619047619024E-002
        3072    0.50000000000000000        -0.31071428571428572         -3.4523809523809457E-002
        3073    0.50000000000000000        -0.27619047619047621         -3.4523809523809457E-002
        3074    0.50000000000000000        -0.31071428571428572          1.1102230246251565E-016
        3075    0.50000000000000000        -0.31071428571428572          3.4523809523809623E-002
        3076    0.50000000000000000        -0.27619047619047621          3.4523809523809623E-002
        3077    0.50000000000000000        -0.31071428571428572          6.9047619047619135E-002
        3078    0.50000000000000000        -0.31071428571428572         0.10357142857142870     
        3079    0.50000000000000000        -0.27619047619047621         0.10357142857142870     
        3080    0.50000000000000000        -0.31071428571428572         0.13809523809523827     
        3081    0.50000000000000000        -0.31071428571428572         0.17261904761904778     
        3082    0.50000000000000000        -0.27619047619047621         0.17261904761904778     
        3083    0.50000000000000000        -0.31071428571428572         0.20714285714285730     
        3084    0.50000000000000000        -0.31071428571428572         0.24166666666666681     
        3085    0.50000000000000000        -0.27619047619047621         0.24166666666666681     
        3086    0.50000000000000000        -0.31071428571428572         0.27619047619047632     
        3087    0.50000000000000000        -0.31071428571428572         0.31071428571428583     
        3088    0.50000000000000000        -0.27619047619047621         0.31071428571428583     
        3089    0.50000000000000000        -0.31071428571428572         0.34523809523809534     
        3090    0.50000000000000000        -0.31071428571428572         0.37976190476190491     
        3091    0.50000000000000000        -0.27619047619047621         0.37976190476190491     
        3092    0.50000000000000000        -0.31071428571428572         0.41428571428571448     
        3093    0.50000000000000000        -0.31071428571428572         0.44880952380952399     
        3094    0.50000000000000000        -0.27619047619047621         0.44880952380952399     
        3095    0.50000000000000000        -0.31071428571428572         0.48333333333333350     
        3096    0.50000000000000000        -0.24166666666666667        -0.48333333333333334     
        3097    0.50000000000000000        -0.24166666666666667        -0.44880952380952377     
        3098    0.50000000000000000        -0.20714285714285713        -0.44880952380952377     
        3099    0.50000000000000000        -0.24166666666666667        -0.41428571428571426     
        3100    0.50000000000000000        -0.24166666666666667        -0.37976190476190474     
        3101    0.50000000000000000        -0.20714285714285713        -0.37976190476190474     
        3102    0.50000000000000000        -0.24166666666666667        -0.34523809523809523     
        3103    0.50000000000000000        -0.24166666666666667        -0.31071428571428572     
        3104    0.50000000000000000        -0.20714285714285713        -0.31071428571428572     
        3105    0.50000000000000000        -0.24166666666666667        -0.27619047619047621     
        3106    0.50000000000000000        -0.24166666666666667        -0.24166666666666667     
        3107    0.50000000000000000        -0.20714285714285713        -0.24166666666666667     
        3108    0.50000000000000000        -0.24166666666666667        -0.20714285714285713     
        3109    0.50000000000000000        -0.24166666666666667        -0.17261904761904759     
        3110    0.50000000000000000        -0.20714285714285713        -0.17261904761904759     
        3111    0.50000000000000000        -0.24166666666666667        -0.13809523809523805     
        3112    0.50000000000000000        -0.24166666666666667        -0.10357142857142854     
        3113    0.50000000000000000        -0.20714285714285713        -0.10357142857142854     
        3114    0.50000000000000000        -0.24166666666666667         -6.9047619047619024E-002
        3115    0.50000000000000000        -0.24166666666666667         -3.4523809523809457E-002
        3116    0.50000000000000000        -0.20714285714285713         -3.4523809523809457E-002
        3117    0.50000000000000000        -0.24166666666666667          1.1102230246251565E-016
        3118    0.50000000000000000        -0.24166666666666667          3.4523809523809623E-002
        3119    0.50000000000000000        -0.20714285714285713          3.4523809523809623E-002
        3120    0.50000000000000000        -0.24166666666666667          6.9047619047619135E-002
        3121    0.50000000000000000        -0.24166666666666667         0.10357142857142870     
        3122    0.50000000000000000        -0.20714285714285713         0.10357142857142870     
        3123    0.50000000000000000        -0.24166666666666667         0.13809523809523827     
        3124    0.50000000000000000        -0.24166666666666667         0.17261904761904778     
        3125    0.50000000000000000        -0.20714285714285713         0.17261904761904778     
        3126    0.50000000000000000        -0.24166666666666667         0.20714285714285730     
        3127    0.50000000000000000        -0.24166666666666667         0.24166666666666681     
        3128    0.50000000000000000        -0.20714285714285713         0.24166666666666681     
        3129    0.50000000000000000        -0.24166666666666667         0.27619047619047632     
        3130    0.50000000000000000        -0.24166666666666667         0.31071428571428583     
        3131    0.50000000000000000        -0.20714285714285713         0.31071428571428583     
        3132    0.50000000000000000        -0.24166666666666667         0.34523809523809534     
        3133    0.50000000000000000        -0.24166666666666667         0.37976190476190491     
        3134    0.50000000000000000        -0.20714285714285713         0.37976190476190491     
        3135    0.50000000000000000        -0.24166666666666667         0.41428571428571448     
        3136    0.50000000000000000        -0.24166666666666667         0.44880952380952399     
        3137    0.50000000000000000        -0.20714285714285713         0.44880952380952399     
        3138    0.50000000000000000        -0.24166666666666667         0.48333333333333350     
        3139    0.50000000000000000        -0.17261904761904759        -0.48333333333333334     
        3140    0.50000000000000000        -0.17261904761904759        -0.44880952380952377     
        3141    0.50000000000000000        -0.13809523809523805        -0.44880952380952377     
        3142    0.50000000000000000        -0.17261904761904759        -0.41428571428571426     
        3143    0.50000000000000000        -0.17261904761904759        -0.37976190476190474     
        3144    0.50000000000000000        -0.13809523809523805        -0.37976190476190474     
        3145    0.50000000000000000        -0.17261904761904759        -0.34523809523809523     
        3146    0.50000000000000000        -0.17261904761904759        -0.31071428571428572     
        3147    0.50000000000000000        -0.13809523809523805        -0.31071428571428572     
        3148    0.50000000000000000        -0.17261904761904759        -0.27619047619047621     
        3149    0.50000000000000000        -0.17261904761904759        -0.24166666666666667     
        3150    0.50000000000000000        -0.13809523809523805        -0.24166666666666667     
        3151    0.50000000000000000        -0.17261904761904759        -0.20714285714285713     
        3152    0.50000000000000000        -0.17261904761904759        -0.17261904761904759     
        3153    0.50000000000000000        -0.13809523809523805        -0.17261904761904759     
        3154    0.50000000000000000        -0.17261904761904759        -0.13809523809523805     
        3155    0.50000000000000000        -0.17261904761904759        -0.10357142857142854     
        3156    0.50000000000000000        -0.13809523809523805        -0.10357142857142854     
        3157    0.50000000000000000        -0.17261904761904759         -6.9047619047619024E-002
        3158    0.50000000000000000        -0.17261904761904759         -3.4523809523809457E-002
        3159    0.50000000000000000        -0.13809523809523805         -3.4523809523809457E-002
        3160    0.50000000000000000        -0.17261904761904759          1.1102230246251565E-016
        3161    0.50000000000000000        -0.17261904761904759          3.4523809523809623E-002
        3162    0.50000000000000000        -0.13809523809523805          3.4523809523809623E-002
        3163    0.50000000000000000        -0.17261904761904759          6.9047619047619135E-002
        3164    0.50000000000000000        -0.17261904761904759         0.10357142857142870     
        3165    0.50000000000000000        -0.13809523809523805         0.10357142857142870     
        3166    0.50000000000000000        -0.17261904761904759         0.13809523809523827     
        3167    0.50000000000000000        -0.17261904761904759         0.17261904761904778     
        3168    0.50000000000000000        -0.13809523809523805         0.17261904761904778     
        3169    0.50000000000000000        -0.17261904761904759         0.20714285714285730     
        3170    0.50000000000000000        -0.17261904761904759         0.24166666666666681     
        3171    0.50000000000000000        -0.13809523809523805         0.24166666666666681     
        3172    0.50000000000000000        -0.17261904761904759         0.27619047619047632     
        3173    0.50000000000000000        -0.17261904761904759         0.31071428571428583     
        3174    0.50000000000000000        -0.13809523809523805         0.31071428571428583     
        3175    0.50000000000000000        -0.17261904761904759         0.34523809523809534     
        3176    0.50000000000000000        -0.17261904761904759         0.37976190476190491     
        3177    0.50000000000000000        -0.13809523809523805         0.37976190476190491     
        3178    0.50000000000000000        -0.17261904761904759         0.41428571428571448     
        3179    0.50000000000000000        -0.17261904761904759         0.44880952380952399     
        3180    0.50000000000000000        -0.13809523809523805         0.44880952380952399     
        3181    0.50000000000000000        -0.17261904761904759         0.48333333333333350     
        3182    0.50000000000000000        -0.10357142857142854        -0.48333333333333334     
        3183    0.50000000000000000        -0.10357142857142854        -0.44880952380952377     
        3184    0.50000000000000000         -6.9047619047619024E-002   -0.44880952380952377     
        3185    0.50000000000000000        -0.10357142857142854        -0.41428571428571426     
        3186    0.50000000000000000        -0.10357142857142854        -0.37976190476190474     
        3187    0.50000000000000000         -6.9047619047619024E-002   -0.37976190476190474     
        3188    0.50000000000000000        -0.10357142857142854        -0.34523809523809523     
        3189    0.50000000000000000        -0.10357142857142854        -0.31071428571428572     
        3190    0.50000000000000000         -6.9047619047619024E-002   -0.31071428571428572     
        3191    0.50000000000000000        -0.10357142857142854        -0.27619047619047621     
        3192    0.50000000000000000        -0.10357142857142854        -0.24166666666666667     
        3193    0.50000000000000000         -6.9047619047619024E-002   -0.24166666666666667     
        3194    0.50000000000000000        -0.10357142857142854        -0.20714285714285713     
        3195    0.50000000000000000        -0.10357142857142854        -0.17261904761904759     
        3196    0.50000000000000000         -6.9047619047619024E-002   -0.17261904761904759     
        3197    0.50000000000000000        -0.10357142857142854        -0.13809523809523805     
        3198    0.50000000000000000        -0.10357142857142854        -0.10357142857142854     
        3199    0.50000000000000000         -6.9047619047619024E-002   -0.10357142857142854     
        3200    0.50000000000000000        -0.10357142857142854         -6.9047619047619024E-002
        3201    0.50000000000000000        -0.10357142857142854         -3.4523809523809457E-002
        3202    0.50000000000000000         -6.9047619047619024E-002    -3.4523809523809457E-002
        3203    0.50000000000000000        -0.10357142857142854          1.1102230246251565E-016
        3204    0.50000000000000000        -0.10357142857142854          3.4523809523809623E-002
        3205    0.50000000000000000         -6.9047619047619024E-002     3.4523809523809623E-002
        3206    0.50000000000000000        -0.10357142857142854          6.9047619047619135E-002
        3207    0.50000000000000000        -0.10357142857142854         0.10357142857142870     
        3208    0.50000000000000000         -6.9047619047619024E-002    0.10357142857142870     
        3209    0.50000000000000000        -0.10357142857142854         0.13809523809523827     
        3210    0.50000000000000000        -0.10357142857142854         0.17261904761904778     
        3211    0.50000000000000000         -6.9047619047619024E-002    0.17261904761904778     
        3212    0.50000000000000000        -0.10357142857142854         0.20714285714285730     
        3213    0.50000000000000000        -0.10357142857142854         0.24166666666666681     
        3214    0.50000000000000000         -6.9047619047619024E-002    0.24166666666666681     
        3215    0.50000000000000000        -0.10357142857142854         0.27619047619047632     
        3216    0.50000000000000000        -0.10357142857142854         0.31071428571428583     
        3217    0.50000000000000000         -6.9047619047619024E-002    0.31071428571428583     
        3218    0.50000000000000000        -0.10357142857142854         0.34523809523809534     
        3219    0.50000000000000000        -0.10357142857142854         0.37976190476190491     
        3220    0.50000000000000000         -6.9047619047619024E-002    0.37976190476190491     
        3221    0.50000000000000000        -0.10357142857142854         0.41428571428571448     
        3222    0.50000000000000000        -0.10357142857142854         0.44880952380952399     
        3223    0.50000000000000000         -6.9047619047619024E-002    0.44880952380952399     
        3224    0.50000000000000000        -0.10357142857142854         0.48333333333333350     
        3225    0.50000000000000000         -3.4523809523809457E-002   -0.48333333333333334     
        3226    0.50000000000000000         -3.4523809523809457E-002   -0.44880952380952377     
        3227    0.50000000000000000          1.1102230246251565E-016   -0.44880952380952377     
        3228    0.50000000000000000         -3.4523809523809457E-002   -0.41428571428571426     
        3229    0.50000000000000000         -3.4523809523809457E-002   -0.37976190476190474     
        3230    0.50000000000000000          1.1102230246251565E-016   -0.37976190476190474     
        3231    0.50000000000000000         -3.4523809523809457E-002   -0.34523809523809523     
        3232    0.50000000000000000         -3.4523809523809457E-002   -0.31071428571428572     
        3233    0.50000000000000000          1.1102230246251565E-016   -0.31071428571428572     
        3234    0.50000000000000000         -3.4523809523809457E-002   -0.27619047619047621     
        3235    0.50000000000000000         -3.4523809523809457E-002   -0.24166666666666667     
        3236    0.50000000000000000          1.1102230246251565E-016   -0.24166666666666667     
        3237    0.50000000000000000         -3.4523809523809457E-002   -0.20714285714285713     
        3238    0.50000000000000000         -3.4523809523809457E-002   -0.17261904761904759     
        3239    0.50000000000000000          1.1102230246251565E-016   -0.17261904761904759     
        3240    0.50000000000000000         -3.4523809523809457E-002   -0.13809523809523805     
        3241    0.50000000000000000         -3.4523809523809457E-002   -0.10357142857142854     
        3242    0.50000000000000000          1.1102230246251565E-016   -0.10357142857142854     
        3243    0.50000000000000000         -3.4523809523809457E-002    -6.9047619047619024E-002
        3244    0.50000000000000000         -3.4523809523809457E-002    -3.4523809523809457E-002
        3245    0.50000000000000000          1.1102230246251565E-016    -3.4523809523809457E-002
        3246    0.50000000000000000         -3.4523809523809457E-002     1.1102230246251565E-016
        3247    0.50000000000000000         -3.4523809523809457E-002     3.4523809523809623E-002
        3248    0.50000000000000000          1.1102230246251565E-016     3.4523809523809623E-002
        3249    0.50000000000000000         -3.4523809523809457E-002     6.9047619047619135E-002
        3250    0.50000000000000000         -3.4523809523809457E-002    0.10357142857142870     
        3251    0.50000000000000000          1.1102230246251565E-016    0.10357142857142870     
        3252    0.50000000000000000         -3.4523809523809457E-002    0.13809523809523827     
        3253    0.50000000000000000         -3.4523809523809457E-002    0.17261904761904778     
        3254    0.50000000000000000          1.1102230246251565E-016    0.17261904761904778     
        3255    0.50000000000000000         -3.4523809523809457E-002    0.20714285714285730     
        3256    0.50000000000000000         -3.4523809523809457E-002    0.24166666666666681     
        3257    0.50000000000000000          1.1102230246251565E-016    0.24166666666666681     
        3258    0.50000000000000000         -3.4523809523809457E-002    0.27619047619047632     
        3259    0.50000000000000000         -3.4523809523809457E-002    0.31071428571428583     
        3260    0.50000000000000000          1.1102230246251565E-016    0.31071428571428583     
        3261    0.50000000000000000         -3.4523809523809457E-002    0.34523809523809534     
        3262    0.50000000000000000         -3.4523809523809457E-002    0.37976190476190491     
        3263    0.50000000000000000          1.1102230246251565E-016    0.37976190476190491     
        3264    0.50000000000000000         -3.4523809523809457E-002    0.41428571428571448     
        3265    0.50000000000000000         -3.4523809523809457E-002    0.44880952380952399     
        3266    0.50000000000000000          1.1102230246251565E-016    0.44880952380952399     
        3267    0.50000000000000000         -3.4523809523809457E-002    0.48333333333333350     
        3268    0.50000000000000000          3.4523809523809623E-002   -0.48333333333333334     
        3269    0.50000000000000000          3.4523809523809623E-002   -0.44880952380952377     
        3270    0.50000000000000000          6.9047619047619135E-002   -0.44880952380952377     
        3271    0.50000000000000000          3.4523809523809623E-002   -0.41428571428571426     
        3272    0.50000000000000000          3.4523809523809623E-002   -0.37976190476190474     
        3273    0.50000000000000000          6.9047619047619135E-002   -0.37976190476190474     
        3274    0.50000000000000000          3.4523809523809623E-002   -0.34523809523809523     
        3275    0.50000000000000000          3.4523809523809623E-002   -0.31071428571428572     
        3276    0.50000000000000000          6.9047619047619135E-002   -0.31071428571428572     
        3277    0.50000000000000000          3.4523809523809623E-002   -0.27619047619047621     
        3278    0.50000000000000000          3.4523809523809623E-002   -0.24166666666666667     
        3279    0.50000000000000000          6.9047619047619135E-002   -0.24166666666666667     
        3280    0.50000000000000000          3.4523809523809623E-002   -0.20714285714285713     
        3281    0.50000000000000000          3.4523809523809623E-002   -0.17261904761904759     
        3282    0.50000000000000000          6.9047619047619135E-002   -0.17261904761904759     
        3283    0.50000000000000000          3.4523809523809623E-002   -0.13809523809523805     
        3284    0.50000000000000000          3.4523809523809623E-002   -0.10357142857142854     
        3285    0.50000000000000000          6.9047619047619135E-002   -0.10357142857142854     
        3286    0.50000000000000000          3.4523809523809623E-002    -6.9047619047619024E-002
        3287    0.50000000000000000          3.4523809523809623E-002    -3.4523809523809457E-002
        3288    0.50000000000000000          6.9047619047619135E-002    -3.4523809523809457E-002
        3289    0.50000000000000000          3.4523809523809623E-002     1.1102230246251565E-016
        3290    0.50000000000000000          3.4523809523809623E-002     3.4523809523809623E-002
        3291    0.50000000000000000          6.9047619047619135E-002     3.4523809523809623E-002
        3292    0.50000000000000000          3.4523809523809623E-002     6.9047619047619135E-002
        3293    0.50000000000000000          3.4523809523809623E-002    0.10357142857142870     
        3294    0.50000000000000000          6.9047619047619135E-002    0.10357142857142870     
        3295    0.50000000000000000          3.4523809523809623E-002    0.13809523809523827     
        3296    0.50000000000000000          3.4523809523809623E-002    0.17261904761904778     
        3297    0.50000000000000000          6.9047619047619135E-002    0.17261904761904778     
        3298    0.50000000000000000          3.4523809523809623E-002    0.20714285714285730     
        3299    0.50000000000000000          3.4523809523809623E-002    0.24166666666666681     
        3300    0.50000000000000000          6.9047619047619135E-002    0.24166666666666681     
        3301    0.50000000000000000          3.4523809523809623E-002    0.27619047619047632     
        3302    0.50000000000000000          3.4523809523809623E-002    0.31071428571428583     
        3303    0.50000000000000000          6.9047619047619135E-002    0.31071428571428583     
        3304    0.50000000000000000          3.4523809523809623E-002    0.34523809523809534     
        3305    0.50000000000000000          3.4523809523809623E-002    0.37976190476190491     
        3306    0.50000000000000000          6.9047619047619135E-002    0.37976190476190491     
        3307    0.50000000000000000          3.4523809523809623E-002    0.41428571428571448     
        3308    0.50000000000000000          3.4523809523809623E-002    0.44880952380952399     
        3309    0.50000000000000000          6.9047619047619135E-002    0.44880952380952399     
        3310    0.50000000000000000          3.4523809523809623E-002    0.48333333333333350     
        3311    0.50000000000000000         0.10357142857142870        -0.48333333333333334     
        3312    0.50000000000000000         0.10357142857142870        -0.44880952380952377     
        3313    0.50000000000000000         0.13809523809523827        -0.44880952380952377     
        3314    0.50000000000000000         0.10357142857142870        -0.41428571428571426     
        3315    0.50000000000000000         0.10357142857142870        -0.37976190476190474     
        3316    0.50000000000000000         0.13809523809523827        -0.37976190476190474     
        3317    0.50000000000000000         0.10357142857142870        -0.34523809523809523     
        3318    0.50000000000000000         0.10357142857142870        -0.31071428571428572     
        3319    0.50000000000000000         0.13809523809523827        -0.31071428571428572     
        3320    0.50000000000000000         0.10357142857142870        -0.27619047619047621     
        3321    0.50000000000000000         0.10357142857142870        -0.24166666666666667     
        3322    0.50000000000000000         0.13809523809523827        -0.24166666666666667     
        3323    0.50000000000000000         0.10357142857142870        -0.20714285714285713     
        3324    0.50000000000000000         0.10357142857142870        -0.17261904761904759     
        3325    0.50000000000000000         0.13809523809523827        -0.17261904761904759     
        3326    0.50000000000000000         0.10357142857142870        -0.13809523809523805     
        3327    0.50000000000000000         0.10357142857142870        -0.10357142857142854     
        3328    0.50000000000000000         0.13809523809523827        -0.10357142857142854     
        3329    0.50000000000000000         0.10357142857142870         -6.9047619047619024E-002
        3330    0.50000000000000000         0.10357142857142870         -3.4523809523809457E-002
        3331    0.50000000000000000         0.13809523809523827         -3.4523809523809457E-002
        3332    0.50000000000000000         0.10357142857142870          1.1102230246251565E-016
        3333    0.50000000000000000         0.10357142857142870          3.4523809523809623E-002
        3334    0.50000000000000000         0.13809523809523827          3.4523809523809623E-002
        3335    0.50000000000000000         0.10357142857142870          6.9047619047619135E-002
        3336    0.50000000000000000         0.10357142857142870         0.10357142857142870     
        3337    0.50000000000000000         0.13809523809523827         0.10357142857142870     
        3338    0.50000000000000000         0.10357142857142870         0.13809523809523827     
        3339    0.50000000000000000         0.10357142857142870         0.17261904761904778     
        3340    0.50000000000000000         0.13809523809523827         0.17261904761904778     
        3341    0.50000000000000000         0.10357142857142870         0.20714285714285730     
        3342    0.50000000000000000         0.10357142857142870         0.24166666666666681     
        3343    0.50000000000000000         0.13809523809523827         0.24166666666666681     
        3344    0.50000000000000000         0.10357142857142870         0.27619047619047632     
        3345    0.50000000000000000         0.10357142857142870         0.31071428571428583     
        3346    0.50000000000000000         0.13809523809523827         0.31071428571428583     
        3347    0.50000000000000000         0.10357142857142870         0.34523809523809534     
        3348    0.50000000000000000         0.10357142857142870         0.37976190476190491     
        3349    0.50000000000000000         0.13809523809523827         0.37976190476190491     
        3350    0.50000000000000000         0.10357142857142870         0.41428571428571448     
        3351    0.50000000000000000         0.10357142857142870         0.44880952380952399     
        3352    0.50000000000000000         0.13809523809523827         0.44880952380952399     
        3353    0.50000000000000000         0.10357142857142870         0.48333333333333350     
        3354    0.50000000000000000         0.17261904761904778        -0.48333333333333334     
        3355    0.50000000000000000         0.17261904761904778        -0.44880952380952377     
        3356    0.50000000000000000         0.20714285714285730        -0.44880952380952377     
        3357    0.50000000000000000         0.17261904761904778        -0.41428571428571426     
        3358    0.50000000000000000         0.17261904761904778        -0.37976190476190474     
        3359    0.50000000000000000         0.20714285714285730        -0.37976190476190474     
        3360    0.50000000000000000         0.17261904761904778        -0.34523809523809523     
        3361    0.50000000000000000         0.17261904761904778        -0.31071428571428572     
        3362    0.50000000000000000         0.20714285714285730        -0.31071428571428572     
        3363    0.50000000000000000         0.17261904761904778        -0.27619047619047621     
        3364    0.50000000000000000         0.17261904761904778        -0.24166666666666667     
        3365    0.50000000000000000         0.20714285714285730        -0.24166666666666667     
        3366    0.50000000000000000         0.17261904761904778        -0.20714285714285713     
        3367    0.50000000000000000         0.17261904761904778        -0.17261904761904759     
        3368    0.50000000000000000         0.20714285714285730        -0.17261904761904759     
        3369    0.50000000000000000         0.17261904761904778        -0.13809523809523805     
        3370    0.50000000000000000         0.17261904761904778        -0.10357142857142854     
        3371    0.50000000000000000         0.20714285714285730        -0.10357142857142854     
        3372    0.50000000000000000         0.17261904761904778         -6.9047619047619024E-002
        3373    0.50000000000000000         0.17261904761904778         -3.4523809523809457E-002
        3374    0.50000000000000000         0.20714285714285730         -3.4523809523809457E-002
        3375    0.50000000000000000         0.17261904761904778          1.1102230246251565E-016
        3376    0.50000000000000000         0.17261904761904778          3.4523809523809623E-002
        3377    0.50000000000000000         0.20714285714285730          3.4523809523809623E-002
        3378    0.50000000000000000         0.17261904761904778          6.9047619047619135E-002
        3379    0.50000000000000000         0.17261904761904778         0.10357142857142870     
        3380    0.50000000000000000         0.20714285714285730         0.10357142857142870     
        3381    0.50000000000000000         0.17261904761904778         0.13809523809523827     
        3382    0.50000000000000000         0.17261904761904778         0.17261904761904778     
        3383    0.50000000000000000         0.20714285714285730         0.17261904761904778     
        3384    0.50000000000000000         0.17261904761904778         0.20714285714285730     
        3385    0.50000000000000000         0.17261904761904778         0.24166666666666681     
        3386    0.50000000000000000         0.20714285714285730         0.24166666666666681     
        3387    0.50000000000000000         0.17261904761904778         0.27619047619047632     
        3388    0.50000000000000000         0.17261904761904778         0.31071428571428583     
        3389    0.50000000000000000         0.20714285714285730         0.31071428571428583     
        3390    0.50000000000000000         0.17261904761904778         0.34523809523809534     
        3391    0.50000000000000000         0.17261904761904778         0.37976190476190491     
        3392    0.50000000000000000         0.20714285714285730         0.37976190476190491     
        3393    0.50000000000000000         0.17261904761904778         0.41428571428571448     
        3394    0.50000000000000000         0.17261904761904778         0.44880952380952399     
        3395    0.50000000000000000         0.20714285714285730         0.44880952380952399     
        3396    0.50000000000000000         0.17261904761904778         0.48333333333333350     
        3397    0.50000000000000000         0.24166666666666681        -0.48333333333333334     
        3398    0.50000000000000000         0.24166666666666681        -0.44880952380952377     
        3399    0.50000000000000000         0.27619047619047632        -0.44880952380952377     
        3400    0.50000000000000000         0.24166666666666681        -0.41428571428571426     
        3401    0.50000000000000000         0.24166666666666681        -0.37976190476190474     
        3402    0.50000000000000000         0.27619047619047632        -0.37976190476190474     
        3403    0.50000000000000000         0.24166666666666681        -0.34523809523809523     
        3404    0.50000000000000000         0.24166666666666681        -0.31071428571428572     
        3405    0.50000000000000000         0.27619047619047632        -0.31071428571428572     
        3406    0.50000000000000000         0.24166666666666681        -0.27619047619047621     
        3407    0.50000000000000000         0.24166666666666681        -0.24166666666666667     
        3408    0.50000000000000000         0.27619047619047632        -0.24166666666666667     
        3409    0.50000000000000000         0.24166666666666681        -0.20714285714285713     
        3410    0.50000000000000000         0.24166666666666681        -0.17261904761904759     
        3411    0.50000000000000000         0.27619047619047632        -0.17261904761904759     
        3412    0.50000000000000000         0.24166666666666681        -0.13809523809523805     
        3413    0.50000000000000000         0.24166666666666681        -0.10357142857142854     
        3414    0.50000000000000000         0.27619047619047632        -0.10357142857142854     
        3415    0.50000000000000000         0.24166666666666681         -6.9047619047619024E-002
        3416    0.50000000000000000         0.24166666666666681         -3.4523809523809457E-002
        3417    0.50000000000000000         0.27619047619047632         -3.4523809523809457E-002
        3418    0.50000000000000000         0.24166666666666681          1.1102230246251565E-016
        3419    0.50000000000000000         0.24166666666666681          3.4523809523809623E-002
        3420    0.50000000000000000         0.27619047619047632          3.4523809523809623E-002
        3421    0.50000000000000000         0.24166666666666681          6.9047619047619135E-002
        3422    0.50000000000000000         0.24166666666666681         0.10357142857142870     
        3423    0.50000000000000000         0.27619047619047632         0.10357142857142870     
        3424    0.50000000000000000         0.24166666666666681         0.13809523809523827     
        3425    0.50000000000000000         0.24166666666666681         0.17261904761904778     
        3426    0.50000000000000000         0.27619047619047632         0.17261904761904778     
        3427    0.50000000000000000         0.24166666666666681         0.20714285714285730     
        3428    0.50000000000000000         0.24166666666666681         0.24166666666666681     
        3429    0.50000000000000000         0.27619047619047632         0.24166666666666681     
        3430    0.50000000000000000         0.24166666666666681         0.27619047619047632     
        3431    0.50000000000000000         0.24166666666666681         0.31071428571428583     
        3432    0.50000000000000000         0.27619047619047632         0.31071428571428583     
        3433    0.50000000000000000         0.24166666666666681         0.34523809523809534     
        3434    0.50000000000000000         0.24166666666666681         0.37976190476190491     
        3435    0.50000000000000000         0.27619047619047632         0.37976190476190491     
        3436    0.50000000000000000         0.24166666666666681         0.41428571428571448     
        3437    0.50000000000000000         0.24166666666666681         0.44880952380952399     
        3438    0.50000000000000000         0.27619047619047632         0.44880952380952399     
        3439    0.50000000000000000         0.24166666666666681         0.48333333333333350     
        3440    0.50000000000000000         0.31071428571428583        -0.48333333333333334     
        3441    0.50000000000000000         0.31071428571428583        -0.44880952380952377     
        3442    0.50000000000000000         0.34523809523809534        -0.44880952380952377     
        3443    0.50000000000000000         0.31071428571428583        -0.41428571428571426     
        3444    0.50000000000000000         0.31071428571428583        -0.37976190476190474     
        3445    0.50000000000000000         0.34523809523809534        -0.37976190476190474     
        3446    0.50000000000000000         0.31071428571428583        -0.34523809523809523     
        3447    0.50000000000000000         0.31071428571428583        -0.31071428571428572     
        3448    0.50000000000000000         0.34523809523809534        -0.31071428571428572     
        3449    0.50000000000000000         0.31071428571428583        -0.27619047619047621     
        3450    0.50000000000000000         0.31071428571428583        -0.24166666666666667     
        3451    0.50000000000000000         0.34523809523809534        -0.24166666666666667     
        3452    0.50000000000000000         0.31071428571428583        -0.20714285714285713     
        3453    0.50000000000000000         0.31071428571428583        -0.17261904761904759     
        3454    0.50000000000000000         0.34523809523809534        -0.17261904761904759     
        3455    0.50000000000000000         0.31071428571428583        -0.13809523809523805     
        3456    0.50000000000000000         0.31071428571428583        -0.10357142857142854     
        3457    0.50000000000000000         0.34523809523809534        -0.10357142857142854     
        3458    0.50000000000000000         0.31071428571428583         -6.9047619047619024E-002
        3459    0.50000000000000000         0.31071428571428583         -3.4523809523809457E-002
        3460    0.50000000000000000         0.34523809523809534         -3.4523809523809457E-002
        3461    0.50000000000000000         0.31071428571428583          1.1102230246251565E-016
        3462    0.50000000000000000         0.31071428571428583          3.4523809523809623E-002
        3463    0.50000000000000000         0.34523809523809534          3.4523809523809623E-002
        3464    0.50000000000000000         0.31071428571428583          6.9047619047619135E-002
        3465    0.50000000000000000         0.31071428571428583         0.10357142857142870     
        3466    0.50000000000000000         0.34523809523809534         0.10357142857142870     
        3467    0.50000000000000000         0.31071428571428583         0.13809523809523827     
        3468    0.50000000000000000         0.31071428571428583         0.17261904761904778     
        3469    0.50000000000000000         0.34523809523809534         0.17261904761904778     
        3470    0.50000000000000000         0.31071428571428583         0.20714285714285730     
        3471    0.50000000000000000         0.31071428571428583         0.24166666666666681     
        3472    0.50000000000000000         0.34523809523809534         0.24166666666666681     
        3473    0.50000000000000000         0.31071428571428583         0.27619047619047632     
        3474    0.50000000000000000         0.31071428571428583         0.31071428571428583     
        3475    0.50000000000000000         0.34523809523809534         0.31071428571428583     
        3476    0.50000000000000000         0.31071428571428583         0.34523809523809534     
        3477    0.50000000000000000         0.31071428571428583         0.37976190476190491     
        3478    0.50000000000000000         0.34523809523809534         0.37976190476190491     
        3479    0.50000000000000000         0.31071428571428583         0.41428571428571448     
        3480    0.50000000000000000         0.31071428571428583         0.44880952380952399     
        3481    0.50000000000000000         0.34523809523809534         0.44880952380952399     
        3482    0.50000000000000000         0.31071428571428583         0.48333333333333350     
        3483    0.50000000000000000         0.37976190476190491        -0.48333333333333334     
        3484    0.50000000000000000         0.37976190476190491        -0.44880952380952377     
        3485    0.50000000000000000         0.41428571428571448        -0.44880952380952377     
        3486    0.50000000000000000         0.37976190476190491        -0.41428571428571426     
        3487    0.50000000000000000         0.37976190476190491        -0.37976190476190474     
        3488    0.50000000000000000         0.41428571428571448        -0.37976190476190474     
        3489    0.50000000000000000         0.37976190476190491        -0.34523809523809523     
        3490    0.50000000000000000         0.37976190476190491        -0.31071428571428572     
        3491    0.50000000000000000         0.41428571428571448        -0.31071428571428572     
        3492    0.50000000000000000         0.37976190476190491        -0.27619047619047621     
        3493    0.50000000000000000         0.37976190476190491        -0.24166666666666667     
        3494    0.50000000000000000         0.41428571428571448        -0.24166666666666667     
        3495    0.50000000000000000         0.37976190476190491        -0.20714285714285713     
        3496    0.50000000000000000         0.37976190476190491        -0.17261904761904759     
        3497    0.50000000000000000         0.41428571428571448        -0.17261904761904759     
        3498    0.50000000000000000         0.37976190476190491        -0.13809523809523805     
        3499    0.50000000000000000         0.37976190476190491        -0.10357142857142854     
        3500    0.50000000000000000         0.41428571428571448        -0.10357142857142854     
        3501    0.50000000000000000         0.37976190476190491         -6.9047619047619024E-002
        3502    0.50000000000000000         0.37976190476190491         -3.4523809523809457E-002
        3503    0.50000000000000000         0.41428571428571448         -3.4523809523809457E-002
        3504    0.50000000000000000         0.37976190476190491          1.1102230246251565E-016
        3505    0.50000000000000000         0.37976190476190491          3.4523809523809623E-002
        3506    0.50000000000000000         0.41428571428571448          3.4523809523809623E-002
        3507    0.50000000000000000         0.37976190476190491          6.9047619047619135E-002
        3508    0.50000000000000000         0.37976190476190491         0.10357142857142870     
        3509    0.50000000000000000         0.41428571428571448         0.10357142857142870     
        3510    0.50000000000000000         0.37976190476190491         0.13809523809523827     
        3511    0.50000000000000000         0.37976190476190491         0.17261904761904778     
        3512    0.50000000000000000         0.41428571428571448         0.17261904761904778     
        3513    0.50000000000000000         0.37976190476190491         0.20714285714285730     
        3514    0.50000000000000000         0.37976190476190491         0.24166666666666681     
        3515    0.50000000000000000         0.41428571428571448         0.24166666666666681     
        3516    0.50000000000000000         0.37976190476190491         0.27619047619047632     
        3517    0.50000000000000000         0.37976190476190491         0.31071428571428583     
        3518    0.50000000000000000         0.41428571428571448         0.31071428571428583     
        3519    0.50000000000000000         0.37976190476190491         0.34523809523809534     
        3520    0.50000000000000000         0.37976190476190491         0.37976190476190491     
        3521    0.50000000000000000         0.41428571428571448         0.37976190476190491     
        3522    0.50000000000000000         0.37976190476190491         0.41428571428571448     
        3523    0.50000000000000000         0.37976190476190491         0.44880952380952399     
        3524    0.50000000000000000         0.41428571428571448         0.44880952380952399     
        3525    0.50000000000000000         0.37976190476190491         0.48333333333333350     
        3526    0.50000000000000000         0.44880952380952388        -0.48333333333333334     
        3527    0.50000000000000000         0.44880952380952388        -0.44880952380952377     
        3528    0.50000000000000000         0.44880952380952388        -0.41428571428571426     
        3529    0.50000000000000000         0.44880952380952388        -0.37976190476190474     
        3530    0.50000000000000000         0.44880952380952388        -0.34523809523809523     
        3531    0.50000000000000000         0.44880952380952388        -0.31071428571428572     
        3532    0.50000000000000000         0.44880952380952388        -0.27619047619047621     
        3533    0.50000000000000000         0.44880952380952388        -0.24166666666666667     
        3534    0.50000000000000000         0.44880952380952388        -0.20714285714285713     
        3535    0.50000000000000000         0.44880952380952388        -0.17261904761904759     
        3536    0.50000000000000000         0.44880952380952388        -0.13809523809523805     
        3537    0.50000000000000000         0.44880952380952388        -0.10357142857142854     
        3538    0.50000000000000000         0.44880952380952388         -6.9047619047619024E-002
        3539    0.50000000000000000         0.44880952380952388         -3.4523809523809457E-002
        3540    0.50000000000000000         0.44880952380952388          1.1102230246251565E-016
        3541    0.50000000000000000         0.44880952380952388          3.4523809523809623E-002
        3542    0.50000000000000000         0.44880952380952388          6.9047619047619135E-002
        3543    0.50000000000000000         0.44880952380952388         0.10357142857142870     
        3544    0.50000000000000000         0.44880952380952388         0.13809523809523827     
        3545    0.50000000000000000         0.44880952380952388         0.17261904761904778     
        3546    0.50000000000000000         0.44880952380952388         0.20714285714285730     
        3547    0.50000000000000000         0.44880952380952388         0.24166666666666681     
        3548    0.50000000000000000         0.44880952380952388         0.27619047619047632     
        3549    0.50000000000000000         0.44880952380952388         0.31071428571428583     
        3550    0.50000000000000000         0.44880952380952388         0.34523809523809534     
        3551    0.50000000000000000         0.44880952380952388         0.37976190476190491     
        3552    0.50000000000000000         0.44880952380952388         0.41428571428571448     
        3553    0.50000000000000000         0.44880952380952388         0.44880952380952399     
        3554    0.50000000000000000         0.44880952380952388         0.48333333333333350     
        3555    0.48333333377991416        -0.44880952336294289        -0.49999997365168430     
        3556    0.49583333333333263        -0.44880952380952444        -0.49583330653843610     
        3557    0.49583333333333329        -0.41428571428571426        -0.49583333333333335     
        3558    0.48333333333333328        -0.37976190476190474        -0.50000000000000000     
        3559    0.49583333333333329        -0.37976190476190474        -0.49583333333333335     
        3560    0.49583333333333329        -0.34523809523809523        -0.49583333333333335     
        3561    0.48333333333333328        -0.31071428571428572        -0.50000000000000000     
        3562    0.49583333333333329        -0.31071428571428572        -0.49583333333333335     
        3563    0.49583333333333329        -0.27619047619047621        -0.49583333333333335     
        3564    0.48333333333333328        -0.24166666666666667        -0.50000000000000000     
        3565    0.49583333333333329        -0.24166666666666667        -0.49583333333333335     
        3566    0.49583333333333329        -0.20714285714285713        -0.49583333333333335     
        3567    0.48333333333333328        -0.17261904761904759        -0.50000000000000000     
        3568    0.49583333333333329        -0.17261904761904759        -0.49583333333333335     
        3569    0.49583333333333329        -0.13809523809523805        -0.49583333333333335     
        3570    0.48333333333333328        -0.10357142857142854        -0.50000000000000000     
        3571    0.49583333333333329        -0.10357142857142854        -0.49583333333333335     
        3572    0.49583333333333329         -6.9047619047619024E-002   -0.49583333333333335     
        3573    0.48333333333333328         -3.4523809523809457E-002   -0.50000000000000000     
        3574    0.49583333333333329         -3.4523809523809457E-002   -0.49583333333333335     
        3575    0.49583333333333329          1.1102230246251565E-016   -0.49583333333333335     
        3576    0.48333333333333328          3.4523809523809623E-002   -0.50000000000000000     
        3577    0.49583333333333329          3.4523809523809623E-002   -0.49583333333333335     
        3578    0.49583333333333329          6.9047619047619135E-002   -0.49583333333333335     
        3579    0.48333333333333328         0.10357142857142870        -0.50000000000000000     
        3580    0.49583333333333329         0.10357142857142870        -0.49583333333333335     
        3581    0.49583333333333329         0.13809523809523827        -0.49583333333333335     
        3582    0.48333333333333328         0.17261904761904778        -0.50000000000000000     
        3583    0.49583333333333329         0.17261904761904778        -0.49583333333333335     
        3584    0.49583333333333329         0.20714285714285730        -0.49583333333333335     
        3585    0.48333333333333328         0.24166666666666681        -0.50000000000000000     
        3586    0.49583333333333329         0.24166666666666681        -0.49583333333333335     
        3587    0.49583333333333329         0.27619047619047632        -0.49583333333333335     
        3588    0.48333333333333328         0.31071428571428583        -0.50000000000000000     
        3589    0.49583333333333329         0.31071428571428583        -0.49583333333333335     
        3590    0.49583333333333329         0.34523809523809534        -0.49583333333333335     
        3591    0.48333333333333328         0.37976190476190491        -0.50000000000000000     
        3592    0.49583333333333329         0.37976190476190491        -0.49583333333333335     
        3593    0.49583333333333329         0.41428571428571448        -0.49583333333333335     
        3594    0.48333329314098761         0.44880952380952388        -0.50000001272757422     
        3595    0.49583329314098762         0.44880952380952388        -0.49583334606090756     
        3596    0.49583329358756995        -0.44880952336294072         0.49583334650749072     
        3597    0.49583333344497871        -0.41428571428571426         0.49583333344497876     
        3598    0.48333329369921535        -0.44880952336294072         0.50000001328580268     
        3599    0.49583333344497871        -0.37976190476190474         0.49583333344497876     
        3600    0.49583333344497871        -0.34523809523809523         0.49583333344497876     
        3601    0.48333333355662411        -0.37976190476190474         0.50000000022329072     
        3602    0.49583333344497871        -0.31071428571428572         0.49583333344497876     
        3603    0.49583333344497871        -0.27619047619047621         0.49583333344497876     
        3604    0.48333333355662411        -0.31071428571428572         0.50000000022329072     
        3605    0.49583333344497871        -0.24166666666666667         0.49583333344497876     
        3606    0.49583333344497871        -0.20714285714285713         0.49583333344497876     
        3607    0.48333333355662411        -0.24166666666666667         0.50000000022329072     
        3608    0.49583333344497871        -0.17261904761904759         0.49583333344497876     
        3609    0.49583333344497871        -0.13809523809523805         0.49583333344497876     
        3610    0.48333333355662411        -0.17261904761904759         0.50000000022329072     
        3611    0.49583333344497871        -0.10357142857142854         0.49583333344497876     
        3612    0.49583333344497871         -6.9047619047619024E-002    0.49583333344497876     
        3613    0.48333333355662411        -0.10357142857142854         0.50000000022329072     
        3614    0.49583333344497871         -3.4523809523809457E-002    0.49583333344497876     
        3615    0.49583333344497871          1.1102230246251565E-016    0.49583333344497876     
        3616    0.48333333355662411         -3.4523809523809457E-002    0.50000000022329072     
        3617    0.49583333344497871          3.4523809523809623E-002    0.49583333344497876     
        3618    0.49583333344497871          6.9047619047619135E-002    0.49583333344497876     
        3619    0.48333333355662411          3.4523809523809623E-002    0.50000000022329072     
        3620    0.49583333344497871         0.10357142857142870         0.49583333344497876     
        3621    0.49583333344497871         0.13809523809523827         0.49583333344497876     
        3622    0.48333333355662411         0.10357142857142870         0.50000000022329072     
        3623    0.49583333344497871         0.17261904761904778         0.49583333344497876     
        3624    0.49583333344497871         0.20714285714285730         0.49583333344497876     
        3625    0.48333333355662411         0.17261904761904778         0.50000000022329072     
        3626    0.49583333344497871         0.24166666666666681         0.49583333344497876     
        3627    0.49583333344497871         0.27619047619047632         0.49583333344497876     
        3628    0.48333333355662411         0.24166666666666681         0.50000000022329072     
        3629    0.49583333344497871         0.31071428571428583         0.49583333344497876     
        3630    0.49583333344497871         0.34523809523809534         0.49583333344497876     
        3631    0.48333333355662411         0.31071428571428583         0.50000000022329072     
        3632    0.49583333344497871         0.37976190476190491         0.49583333344497876     
        3633    0.49583333344497871         0.41428571428571448         0.49583333344497876     
        3634    0.48333333355662411         0.37976190476190491         0.50000000022329072     
        3635    0.49583333344497871         0.44880952380952388         0.49583333344497876     
        3636    0.48333333344497870         0.44880952380952388         0.50000000011164536     
        3637   -0.48333331948930192        -0.44880949746121024        -0.50000001272757422     
        3638   -0.44880950996549251        -0.44880949931133401        -0.50000000995238847     
        3639   -0.44880952380952377        -0.41428571428571426        -0.50000000000000000     
        3640   -0.41428570044168300        -0.44880949931133401        -0.50000000995238847     
        3641   -0.48333333333333334        -0.37976190476190474        -0.50000000000000000     
        3642   -0.44880952380952377        -0.37976190476190474        -0.50000000000000000     
        3643   -0.44880952380952377        -0.34523809523809523        -0.50000000000000000     
        3644   -0.41428571428571426        -0.37976190476190474        -0.50000000000000000     
        3645   -0.48333333333333334        -0.31071428571428572        -0.50000000000000000     
        3646   -0.44880952380952377        -0.31071428571428572        -0.50000000000000000     
        3647   -0.44880952380952377        -0.27619047619047621        -0.50000000000000000     
        3648   -0.41428571428571426        -0.31071428571428572        -0.50000000000000000     
        3649   -0.48333333333333334        -0.24166666666666667        -0.50000000000000000     
        3650   -0.44880952380952377        -0.24166666666666667        -0.50000000000000000     
        3651   -0.44880952380952377        -0.20714285714285713        -0.50000000000000000     
        3652   -0.41428571428571426        -0.24166666666666667        -0.50000000000000000     
        3653   -0.48333333333333334        -0.17261904761904759        -0.50000000000000000     
        3654   -0.44880952380952377        -0.17261904761904759        -0.50000000000000000     
        3655   -0.44880952380952377        -0.13809523809523805        -0.50000000000000000     
        3656   -0.41428571428571426        -0.17261904761904759        -0.50000000000000000     
        3657   -0.48333333333333334        -0.10357142857142854        -0.50000000000000000     
        3658   -0.44880952380952377        -0.10357142857142854        -0.50000000000000000     
        3659   -0.44880952380952377         -6.9047619047619024E-002   -0.50000000000000000     
        3660   -0.41428571428571426        -0.10357142857142854        -0.50000000000000000     
        3661   -0.48333333333333334         -3.4523809523809457E-002   -0.50000000000000000     
        3662   -0.44880952380952377         -3.4523809523809457E-002   -0.50000000000000000     
        3663   -0.44880952380952377          1.1102230246251565E-016   -0.50000000000000000     
        3664   -0.41428571428571426         -3.4523809523809457E-002   -0.50000000000000000     
        3665   -0.48333333333333334          3.4523809523809623E-002   -0.50000000000000000     
        3666   -0.44880952380952377          3.4523809523809623E-002   -0.50000000000000000     
        3667   -0.44880952380952377          6.9047619047619135E-002   -0.50000000000000000     
        3668   -0.41428571428571426          3.4523809523809623E-002   -0.50000000000000000     
        3669   -0.48333333333333334         0.10357142857142870        -0.50000000000000000     
        3670   -0.44880952380952377         0.10357142857142870        -0.50000000000000000     
        3671   -0.44880952380952377         0.13809523809523827        -0.50000000000000000     
        3672   -0.41428571428571426         0.10357142857142870        -0.50000000000000000     
        3673   -0.48333333333333334         0.17261904761904778        -0.50000000000000000     
        3674   -0.44880952380952377         0.17261904761904778        -0.50000000000000000     
        3675   -0.44880952380952377         0.20714285714285730        -0.50000000000000000     
        3676   -0.41428571428571426         0.17261904761904778        -0.50000000000000000     
        3677   -0.48333333333333334         0.24166666666666681        -0.50000000000000000     
        3678   -0.44880952380952377         0.24166666666666681        -0.50000000000000000     
        3679   -0.44880952380952377         0.27619047619047632        -0.50000000000000000     
        3680   -0.41428571428571426         0.24166666666666681        -0.50000000000000000     
        3681   -0.48333333333333334         0.31071428571428583        -0.50000000000000000     
        3682   -0.44880952380952377         0.31071428571428583        -0.50000000000000000     
        3683   -0.44880952380952377         0.34523809523809534        -0.50000000000000000     
        3684   -0.41428571428571426         0.31071428571428583        -0.50000000000000000     
        3685   -0.48333333333333334         0.37976190476190491        -0.50000000000000000     
        3686   -0.44880952380952377         0.37976190476190491        -0.50000000000000000     
        3687   -0.44880952380952377         0.41428571428571448        -0.50000000000000000     
        3688   -0.41428571428571426         0.37976190476190491        -0.50000000000000000     
        3689   -0.48333336012822914         0.44880952380952388        -0.49999997365168430     
        3690   -0.44880955060441963         0.44880952380952388        -0.49999997365168430     
        3691   -0.41428575447805854         0.44880952380952388        -0.49999997665015988     
        3692   -0.37976189091787360        -0.44880950116145785        -0.50000000717720272     
        3693   -0.37976190476190474        -0.41428571428571426        -0.50000000000000000     
        3694   -0.34523808139406409        -0.44880950116145785        -0.50000000717720272     
        3695   -0.37976190476190474        -0.37976190476190474        -0.50000000000000000     
        3696   -0.37976190476190474        -0.34523809523809523        -0.50000000000000000     
        3697   -0.34523809523809523        -0.37976190476190474        -0.50000000000000000     
        3698   -0.37976190476190474        -0.31071428571428572        -0.50000000000000000     
        3699   -0.37976190476190474        -0.27619047619047621        -0.50000000000000000     
        3700   -0.34523809523809523        -0.31071428571428572        -0.50000000000000000     
        3701   -0.37976190476190474        -0.24166666666666667        -0.50000000000000000     
        3702   -0.37976190476190474        -0.20714285714285713        -0.50000000000000000     
        3703   -0.34523809523809523        -0.24166666666666667        -0.50000000000000000     
        3704   -0.37976190476190474        -0.17261904761904759        -0.50000000000000000     
        3705   -0.37976190476190474        -0.13809523809523805        -0.50000000000000000     
        3706   -0.34523809523809523        -0.17261904761904759        -0.50000000000000000     
        3707   -0.37976190476190474        -0.10357142857142854        -0.50000000000000000     
        3708   -0.37976190476190474         -6.9047619047619024E-002   -0.50000000000000000     
        3709   -0.34523809523809523        -0.10357142857142854        -0.50000000000000000     
        3710   -0.37976190476190474         -3.4523809523809457E-002   -0.50000000000000000     
        3711   -0.37976190476190474          1.1102230246251565E-016   -0.50000000000000000     
        3712   -0.34523809523809523         -3.4523809523809457E-002   -0.50000000000000000     
        3713   -0.37976190476190474          3.4523809523809623E-002   -0.50000000000000000     
        3714   -0.37976190476190474          6.9047619047619135E-002   -0.50000000000000000     
        3715   -0.34523809523809523          3.4523809523809623E-002   -0.50000000000000000     
        3716   -0.37976190476190474         0.10357142857142870        -0.50000000000000000     
        3717   -0.37976190476190474         0.13809523809523827        -0.50000000000000000     
        3718   -0.34523809523809523         0.10357142857142870        -0.50000000000000000     
        3719   -0.37976190476190474         0.17261904761904778        -0.50000000000000000     
        3720   -0.37976190476190474         0.20714285714285730        -0.50000000000000000     
        3721   -0.34523809523809523         0.17261904761904778        -0.50000000000000000     
        3722   -0.37976190476190474         0.24166666666666681        -0.50000000000000000     
        3723   -0.37976190476190474         0.27619047619047632        -0.50000000000000000     
        3724   -0.34523809523809523         0.24166666666666681        -0.50000000000000000     
        3725   -0.37976190476190474         0.31071428571428583        -0.50000000000000000     
        3726   -0.37976190476190474         0.34523809523809534        -0.50000000000000000     
        3727   -0.34523809523809523         0.31071428571428583        -0.50000000000000000     
        3728   -0.37976190476190474         0.37976190476190491        -0.50000000000000000     
        3729   -0.37976190476190474         0.41428571428571448        -0.50000000000000000     
        3730   -0.34523809523809523         0.37976190476190491        -0.50000000000000000     
        3731   -0.37976194495424903         0.44880952380952388        -0.49999997665015988     
        3732   -0.34523813543043963         0.44880952380952388        -0.49999997942534558     
        3733   -0.31071427187025480        -0.44880950301158168        -0.50000000440201708     
        3734   -0.31071428571428572        -0.41428571428571426        -0.50000000000000000     
        3735   -0.27619046234644529        -0.44880950301158168        -0.50000000440201708     
        3736   -0.31071428571428572        -0.37976190476190474        -0.50000000000000000     
        3737   -0.31071428571428572        -0.34523809523809523        -0.50000000000000000     
        3738   -0.27619047619047621        -0.37976190476190474        -0.50000000000000000     
        3739   -0.31071428571428572        -0.31071428571428572        -0.50000000000000000     
        3740   -0.31071428571428572        -0.27619047619047621        -0.50000000000000000     
        3741   -0.27619047619047621        -0.31071428571428572        -0.50000000000000000     
        3742   -0.31071428571428572        -0.24166666666666667        -0.50000000000000000     
        3743   -0.31071428571428572        -0.20714285714285713        -0.50000000000000000     
        3744   -0.27619047619047621        -0.24166666666666667        -0.50000000000000000     
        3745   -0.31071428571428572        -0.17261904761904759        -0.50000000000000000     
        3746   -0.31071428571428572        -0.13809523809523805        -0.50000000000000000     
        3747   -0.27619047619047621        -0.17261904761904759        -0.50000000000000000     
        3748   -0.31071428571428572        -0.10357142857142854        -0.50000000000000000     
        3749   -0.31071428571428572         -6.9047619047619024E-002   -0.50000000000000000     
        3750   -0.27619047619047621        -0.10357142857142854        -0.50000000000000000     
        3751   -0.31071428571428572         -3.4523809523809457E-002   -0.50000000000000000     
        3752   -0.31071428571428572          1.1102230246251565E-016   -0.50000000000000000     
        3753   -0.27619047619047621         -3.4523809523809457E-002   -0.50000000000000000     
        3754   -0.31071428571428572          3.4523809523809623E-002   -0.50000000000000000     
        3755   -0.31071428571428572          6.9047619047619135E-002   -0.50000000000000000     
        3756   -0.27619047619047621          3.4523809523809623E-002   -0.50000000000000000     
        3757   -0.31071428571428572         0.10357142857142870        -0.50000000000000000     
        3758   -0.31071428571428572         0.13809523809523827        -0.50000000000000000     
        3759   -0.27619047619047621         0.10357142857142870        -0.50000000000000000     
        3760   -0.31071428571428572         0.17261904761904778        -0.50000000000000000     
        3761   -0.31071428571428572         0.20714285714285730        -0.50000000000000000     
        3762   -0.27619047619047621         0.17261904761904778        -0.50000000000000000     
        3763   -0.31071428571428572         0.24166666666666681        -0.50000000000000000     
        3764   -0.31071428571428572         0.27619047619047632        -0.50000000000000000     
        3765   -0.27619047619047621         0.24166666666666681        -0.50000000000000000     
        3766   -0.31071428571428572         0.31071428571428583        -0.50000000000000000     
        3767   -0.31071428571428572         0.34523809523809534        -0.50000000000000000     
        3768   -0.27619047619047621         0.31071428571428583        -0.50000000000000000     
        3769   -0.31071428571428572         0.37976190476190491        -0.50000000000000000     
        3770   -0.31071428571428572         0.41428571428571448        -0.50000000000000000     
        3771   -0.27619047619047621         0.37976190476190491        -0.50000000000000000     
        3772   -0.31071432590663012         0.44880952380952388        -0.49999997942534558     
        3773   -0.27619051638282072         0.44880952380952388        -0.49999998220053132     
        3774   -0.24166665282263594        -0.44880950486170545        -0.50000000162683134     
        3775   -0.24166666666666667        -0.41428571428571426        -0.50000000000000000     
        3776   -0.20714284329882640        -0.44880950486170545        -0.50000000162683134     
        3777   -0.24166666666666667        -0.37976190476190474        -0.50000000000000000     
        3778   -0.24166666666666667        -0.34523809523809523        -0.50000000000000000     
        3779   -0.20714285714285713        -0.37976190476190474        -0.50000000000000000     
        3780   -0.24166666666666667        -0.31071428571428572        -0.50000000000000000     
        3781   -0.24166666666666667        -0.27619047619047621        -0.50000000000000000     
        3782   -0.20714285714285713        -0.31071428571428572        -0.50000000000000000     
        3783   -0.24166666666666667        -0.24166666666666667        -0.50000000000000000     
        3784   -0.24166666666666667        -0.20714285714285713        -0.50000000000000000     
        3785   -0.20714285714285713        -0.24166666666666667        -0.50000000000000000     
        3786   -0.24166666666666667        -0.17261904761904759        -0.50000000000000000     
        3787   -0.24166666666666667        -0.13809523809523805        -0.50000000000000000     
        3788   -0.20714285714285713        -0.17261904761904759        -0.50000000000000000     
        3789   -0.24166666666666667        -0.10357142857142854        -0.50000000000000000     
        3790   -0.24166666666666667         -6.9047619047619024E-002   -0.50000000000000000     
        3791   -0.20714285714285713        -0.10357142857142854        -0.50000000000000000     
        3792   -0.24166666666666667         -3.4523809523809457E-002   -0.50000000000000000     
        3793   -0.24166666666666667          1.1102230246251565E-016   -0.50000000000000000     
        3794   -0.20714285714285713         -3.4523809523809457E-002   -0.50000000000000000     
        3795   -0.24166666666666667          3.4523809523809623E-002   -0.50000000000000000     
        3796   -0.24166666666666667          6.9047619047619135E-002   -0.50000000000000000     
        3797   -0.20714285714285713          3.4523809523809623E-002   -0.50000000000000000     
        3798   -0.24166666666666667         0.10357142857142870        -0.50000000000000000     
        3799   -0.24166666666666667         0.13809523809523827        -0.50000000000000000     
        3800   -0.20714285714285713         0.10357142857142870        -0.50000000000000000     
        3801   -0.24166666666666667         0.17261904761904778        -0.50000000000000000     
        3802   -0.24166666666666667         0.20714285714285730        -0.50000000000000000     
        3803   -0.20714285714285713         0.17261904761904778        -0.50000000000000000     
        3804   -0.24166666666666667         0.24166666666666681        -0.50000000000000000     
        3805   -0.24166666666666667         0.27619047619047632        -0.50000000000000000     
        3806   -0.20714285714285713         0.24166666666666681        -0.50000000000000000     
        3807   -0.24166666666666667         0.31071428571428583        -0.50000000000000000     
        3808   -0.24166666666666667         0.34523809523809534        -0.50000000000000000     
        3809   -0.20714285714285713         0.31071428571428583        -0.50000000000000000     
        3810   -0.24166666666666667         0.37976190476190491        -0.50000000000000000     
        3811   -0.24166666666666667         0.41428571428571448        -0.50000000000000000     
        3812   -0.20714285714285713         0.37976190476190491        -0.50000000000000000     
        3813   -0.24166670685901118         0.44880952380952388        -0.49999998220053132     
        3814   -0.20714289733520178         0.44880952380952388        -0.49999998497571707     
        3815   -0.17261903377501700        -0.44880950671182929        -0.49999999885164559     
        3816   -0.17261904761904759        -0.41428571428571426        -0.50000000000000000     
        3817   -0.13809522425120746        -0.44880950671182929        -0.49999999885164559     
        3818   -0.17261904761904759        -0.37976190476190474        -0.50000000000000000     
        3819   -0.17261904761904759        -0.34523809523809523        -0.50000000000000000     
        3820   -0.13809523809523805        -0.37976190476190474        -0.50000000000000000     
        3821   -0.17261904761904759        -0.31071428571428572        -0.50000000000000000     
        3822   -0.17261904761904759        -0.27619047619047621        -0.50000000000000000     
        3823   -0.13809523809523805        -0.31071428571428572        -0.50000000000000000     
        3824   -0.17261904761904759        -0.24166666666666667        -0.50000000000000000     
        3825   -0.17261904761904759        -0.20714285714285713        -0.50000000000000000     
        3826   -0.13809523809523805        -0.24166666666666667        -0.50000000000000000     
        3827   -0.17261904761904759        -0.17261904761904759        -0.50000000000000000     
        3828   -0.17261904761904759        -0.13809523809523805        -0.50000000000000000     
        3829   -0.13809523809523805        -0.17261904761904759        -0.50000000000000000     
        3830   -0.17261904761904759        -0.10357142857142854        -0.50000000000000000     
        3831   -0.17261904761904759         -6.9047619047619024E-002   -0.50000000000000000     
        3832   -0.13809523809523805        -0.10357142857142854        -0.50000000000000000     
        3833   -0.17261904761904759         -3.4523809523809457E-002   -0.50000000000000000     
        3834   -0.17261904761904759          1.1102230246251565E-016   -0.50000000000000000     
        3835   -0.13809523809523805         -3.4523809523809457E-002   -0.50000000000000000     
        3836   -0.17261904761904759          3.4523809523809623E-002   -0.50000000000000000     
        3837   -0.17261904761904759          6.9047619047619135E-002   -0.50000000000000000     
        3838   -0.13809523809523805          3.4523809523809623E-002   -0.50000000000000000     
        3839   -0.17261904761904759         0.10357142857142870        -0.50000000000000000     
        3840   -0.17261904761904759         0.13809523809523827        -0.50000000000000000     
        3841   -0.13809523809523805         0.10357142857142870        -0.50000000000000000     
        3842   -0.17261904761904759         0.17261904761904778        -0.50000000000000000     
        3843   -0.17261904761904759         0.20714285714285730        -0.50000000000000000     
        3844   -0.13809523809523805         0.17261904761904778        -0.50000000000000000     
        3845   -0.17261904761904759         0.24166666666666681        -0.50000000000000000     
        3846   -0.17261904761904759         0.27619047619047632        -0.50000000000000000     
        3847   -0.13809523809523805         0.24166666666666681        -0.50000000000000000     
        3848   -0.17261904761904759         0.31071428571428583        -0.50000000000000000     
        3849   -0.17261904761904759         0.34523809523809534        -0.50000000000000000     
        3850   -0.13809523809523805         0.31071428571428583        -0.50000000000000000     
        3851   -0.17261904761904759         0.37976190476190491        -0.50000000000000000     
        3852   -0.17261904761904759         0.41428571428571448        -0.50000000000000000     
        3853   -0.13809523809523805         0.37976190476190491        -0.50000000000000000     
        3854   -0.17261908781139224         0.44880952380952388        -0.49999998497571707     
        3855   -0.13809527828758283         0.44880952380952388        -0.49999998775090276     
        3856   -0.10357141472739806        -0.44880950856195312        -0.49999999607645995     
        3857   -0.10357142857142854        -0.41428571428571426        -0.50000000000000000     
        3858    -6.9047605203588547E-002   -0.44880950856195312        -0.49999999607645995     
        3859   -0.10357142857142854        -0.37976190476190474        -0.50000000000000000     
        3860   -0.10357142857142854        -0.34523809523809523        -0.50000000000000000     
        3861    -6.9047619047619024E-002   -0.37976190476190474        -0.50000000000000000     
        3862   -0.10357142857142854        -0.31071428571428572        -0.50000000000000000     
        3863   -0.10357142857142854        -0.27619047619047621        -0.50000000000000000     
        3864    -6.9047619047619024E-002   -0.31071428571428572        -0.50000000000000000     
        3865   -0.10357142857142854        -0.24166666666666667        -0.50000000000000000     
        3866   -0.10357142857142854        -0.20714285714285713        -0.50000000000000000     
        3867    -6.9047619047619024E-002   -0.24166666666666667        -0.50000000000000000     
        3868   -0.10357142857142854        -0.17261904761904759        -0.50000000000000000     
        3869   -0.10357142857142854        -0.13809523809523805        -0.50000000000000000     
        3870    -6.9047619047619024E-002   -0.17261904761904759        -0.50000000000000000     
        3871   -0.10357142857142854        -0.10357142857142854        -0.50000000000000000     
        3872   -0.10357142857142854         -6.9047619047619024E-002   -0.50000000000000000     
        3873    -6.9047619047619024E-002   -0.10357142857142854        -0.50000000000000000     
        3874   -0.10357142857142854         -3.4523809523809457E-002   -0.50000000000000000     
        3875   -0.10357142857142854          1.1102230246251565E-016   -0.50000000000000000     
        3876    -6.9047619047619024E-002    -3.4523809523809457E-002   -0.50000000000000000     
        3877   -0.10357142857142854          3.4523809523809623E-002   -0.50000000000000000     
        3878   -0.10357142857142854          6.9047619047619135E-002   -0.50000000000000000     
        3879    -6.9047619047619024E-002     3.4523809523809623E-002   -0.50000000000000000     
        3880   -0.10357142857142854         0.10357142857142870        -0.50000000000000000     
        3881   -0.10357142857142854         0.13809523809523827        -0.50000000000000000     
        3882    -6.9047619047619024E-002    0.10357142857142870        -0.50000000000000000     
        3883   -0.10357142857142854         0.17261904761904778        -0.50000000000000000     
        3884   -0.10357142857142854         0.20714285714285730        -0.50000000000000000     
        3885    -6.9047619047619024E-002    0.17261904761904778        -0.50000000000000000     
        3886   -0.10357142857142854         0.24166666666666681        -0.50000000000000000     
        3887   -0.10357142857142854         0.27619047619047632        -0.50000000000000000     
        3888    -6.9047619047619024E-002    0.24166666666666681        -0.50000000000000000     
        3889   -0.10357142857142854         0.31071428571428583        -0.50000000000000000     
        3890   -0.10357142857142854         0.34523809523809534        -0.50000000000000000     
        3891    -6.9047619047619024E-002    0.31071428571428583        -0.50000000000000000     
        3892   -0.10357142857142854         0.37976190476190491        -0.50000000000000000     
        3893   -0.10357142857142854         0.41428571428571448        -0.50000000000000000     
        3894    -6.9047619047619024E-002    0.37976190476190491        -0.50000000000000000     
        3895   -0.10357146876377332         0.44880952380952388        -0.49999998775090276     
        3896    -6.9047659239963921E-002    0.44880952380952388        -0.49999999052608851     
        3897    -3.4523795679779257E-002   -0.44880951041207690        -0.49999999330127426     
        3898    -3.4523809523809457E-002   -0.41428571428571426        -0.50000000000000000     
        3899     1.3844030311016553E-008   -0.44880951041207690        -0.49999999330127426     
        3900    -3.4523809523809457E-002   -0.37976190476190474        -0.50000000000000000     
        3901    -3.4523809523809457E-002   -0.34523809523809523        -0.50000000000000000     
        3902     1.1102230246251565E-016   -0.37976190476190474        -0.50000000000000000     
        3903    -3.4523809523809457E-002   -0.31071428571428572        -0.50000000000000000     
        3904    -3.4523809523809457E-002   -0.27619047619047621        -0.50000000000000000     
        3905     1.1102230246251565E-016   -0.31071428571428572        -0.50000000000000000     
        3906    -3.4523809523809457E-002   -0.24166666666666667        -0.50000000000000000     
        3907    -3.4523809523809457E-002   -0.20714285714285713        -0.50000000000000000     
        3908     1.1102230246251565E-016   -0.24166666666666667        -0.50000000000000000     
        3909    -3.4523809523809457E-002   -0.17261904761904759        -0.50000000000000000     
        3910    -3.4523809523809457E-002   -0.13809523809523805        -0.50000000000000000     
        3911     1.1102230246251565E-016   -0.17261904761904759        -0.50000000000000000     
        3912    -3.4523809523809457E-002   -0.10357142857142854        -0.50000000000000000     
        3913    -3.4523809523809457E-002    -6.9047619047619024E-002   -0.50000000000000000     
        3914     1.1102230246251565E-016   -0.10357142857142854        -0.50000000000000000     
        3915    -3.4523809523809457E-002    -3.4523809523809457E-002   -0.50000000000000000     
        3916    -3.4523809523809457E-002     1.1102230246251565E-016   -0.50000000000000000     
        3917     1.1102230246251565E-016    -3.4523809523809457E-002   -0.50000000000000000     
        3918    -3.4523809523809457E-002     3.4523809523809623E-002   -0.50000000000000000     
        3919    -3.4523809523809457E-002     6.9047619047619135E-002   -0.50000000000000000     
        3920     1.1102230246251565E-016     3.4523809523809623E-002   -0.50000000000000000     
        3921    -3.4523809523809457E-002    0.10357142857142870        -0.50000000000000000     
        3922    -3.4523809523809457E-002    0.13809523809523827        -0.50000000000000000     
        3923     1.1102230246251565E-016    0.10357142857142870        -0.50000000000000000     
        3924    -3.4523809523809457E-002    0.17261904761904778        -0.50000000000000000     
        3925    -3.4523809523809457E-002    0.20714285714285730        -0.50000000000000000     
        3926     1.1102230246251565E-016    0.17261904761904778        -0.50000000000000000     
        3927    -3.4523809523809457E-002    0.24166666666666681        -0.50000000000000000     
        3928    -3.4523809523809457E-002    0.27619047619047632        -0.50000000000000000     
        3929     1.1102230246251565E-016    0.24166666666666681        -0.50000000000000000     
        3930    -3.4523809523809457E-002    0.31071428571428583        -0.50000000000000000     
        3931    -3.4523809523809457E-002    0.34523809523809534        -0.50000000000000000     
        3932     1.1102230246251565E-016    0.31071428571428583        -0.50000000000000000     
        3933    -3.4523809523809457E-002    0.37976190476190491        -0.50000000000000000     
        3934    -3.4523809523809457E-002    0.41428571428571448        -0.50000000000000000     
        3935     1.1102230246251565E-016    0.37976190476190491        -0.50000000000000000     
        3936    -3.4523849716154353E-002    0.44880952380952388        -0.49999999052608851     
        3937    -4.0192344841205596E-008    0.44880952380952388        -0.49999999330127426     
        3938     3.4523823367839823E-002   -0.44880951226220073        -0.49999999052608851     
        3939     3.4523809523809623E-002   -0.41428571428571426        -0.50000000000000000     
        3940     6.9047632891649335E-002   -0.44880951226220073        -0.49999999052608851     
        3941     3.4523809523809623E-002   -0.37976190476190474        -0.50000000000000000     
        3942     3.4523809523809623E-002   -0.34523809523809523        -0.50000000000000000     
        3943     6.9047619047619135E-002   -0.37976190476190474        -0.50000000000000000     
        3944     3.4523809523809623E-002   -0.31071428571428572        -0.50000000000000000     
        3945     3.4523809523809623E-002   -0.27619047619047621        -0.50000000000000000     
        3946     6.9047619047619135E-002   -0.31071428571428572        -0.50000000000000000     
        3947     3.4523809523809623E-002   -0.24166666666666667        -0.50000000000000000     
        3948     3.4523809523809623E-002   -0.20714285714285713        -0.50000000000000000     
        3949     6.9047619047619135E-002   -0.24166666666666667        -0.50000000000000000     
        3950     3.4523809523809623E-002   -0.17261904761904759        -0.50000000000000000     
        3951     3.4523809523809623E-002   -0.13809523809523805        -0.50000000000000000     
        3952     6.9047619047619135E-002   -0.17261904761904759        -0.50000000000000000     
        3953     3.4523809523809623E-002   -0.10357142857142854        -0.50000000000000000     
        3954     3.4523809523809623E-002    -6.9047619047619024E-002   -0.50000000000000000     
        3955     6.9047619047619135E-002   -0.10357142857142854        -0.50000000000000000     
        3956     3.4523809523809623E-002    -3.4523809523809457E-002   -0.50000000000000000     
        3957     3.4523809523809623E-002     1.1102230246251565E-016   -0.50000000000000000     
        3958     6.9047619047619135E-002    -3.4523809523809457E-002   -0.50000000000000000     
        3959     3.4523809523809623E-002     3.4523809523809623E-002   -0.50000000000000000     
        3960     3.4523809523809623E-002     6.9047619047619135E-002   -0.50000000000000000     
        3961     6.9047619047619135E-002     3.4523809523809623E-002   -0.50000000000000000     
        3962     3.4523809523809623E-002    0.10357142857142870        -0.50000000000000000     
        3963     3.4523809523809623E-002    0.13809523809523827        -0.50000000000000000     
        3964     6.9047619047619135E-002    0.10357142857142870        -0.50000000000000000     
        3965     3.4523809523809623E-002    0.17261904761904778        -0.50000000000000000     
        3966     3.4523809523809623E-002    0.20714285714285730        -0.50000000000000000     
        3967     6.9047619047619135E-002    0.17261904761904778        -0.50000000000000000     
        3968     3.4523809523809623E-002    0.24166666666666681        -0.50000000000000000     
        3969     3.4523809523809623E-002    0.27619047619047632        -0.50000000000000000     
        3970     6.9047619047619135E-002    0.24166666666666681        -0.50000000000000000     
        3971     3.4523809523809623E-002    0.31071428571428583        -0.50000000000000000     
        3972     3.4523809523809623E-002    0.34523809523809534        -0.50000000000000000     
        3973     6.9047619047619135E-002    0.31071428571428583        -0.50000000000000000     
        3974     3.4523809523809623E-002    0.37976190476190491        -0.50000000000000000     
        3975     3.4523809523809623E-002    0.41428571428571448        -0.50000000000000000     
        3976     6.9047619047619135E-002    0.37976190476190491        -0.50000000000000000     
        3977     3.4523769331464671E-002    0.44880952380952388        -0.49999999330127426     
        3978     6.9047578855274017E-002    0.44880952380952388        -0.49999999607645995     
        3979    0.10357144241545863        -0.44880951411232456        -0.49999998775090276     
        3980    0.10357142857142870        -0.41428571428571426        -0.50000000000000000     
        3981    0.13809525193926819        -0.44880951411232456        -0.49999998775090276     
        3982    0.10357142857142870        -0.37976190476190474        -0.50000000000000000     
        3983    0.10357142857142870        -0.34523809523809523        -0.50000000000000000     
        3984    0.13809523809523827        -0.37976190476190474        -0.50000000000000000     
        3985    0.10357142857142870        -0.31071428571428572        -0.50000000000000000     
        3986    0.10357142857142870        -0.27619047619047621        -0.50000000000000000     
        3987    0.13809523809523827        -0.31071428571428572        -0.50000000000000000     
        3988    0.10357142857142870        -0.24166666666666667        -0.50000000000000000     
        3989    0.10357142857142870        -0.20714285714285713        -0.50000000000000000     
        3990    0.13809523809523827        -0.24166666666666667        -0.50000000000000000     
        3991    0.10357142857142870        -0.17261904761904759        -0.50000000000000000     
        3992    0.10357142857142870        -0.13809523809523805        -0.50000000000000000     
        3993    0.13809523809523827        -0.17261904761904759        -0.50000000000000000     
        3994    0.10357142857142870        -0.10357142857142854        -0.50000000000000000     
        3995    0.10357142857142870         -6.9047619047619024E-002   -0.50000000000000000     
        3996    0.13809523809523827        -0.10357142857142854        -0.50000000000000000     
        3997    0.10357142857142870         -3.4523809523809457E-002   -0.50000000000000000     
        3998    0.10357142857142870          1.1102230246251565E-016   -0.50000000000000000     
        3999    0.13809523809523827         -3.4523809523809457E-002   -0.50000000000000000     
        4000    0.10357142857142870          3.4523809523809623E-002   -0.50000000000000000     
        4001    0.10357142857142870          6.9047619047619135E-002   -0.50000000000000000     
        4002    0.13809523809523827          3.4523809523809623E-002   -0.50000000000000000     
        4003    0.10357142857142870         0.10357142857142870        -0.50000000000000000     
        4004    0.10357142857142870         0.13809523809523827        -0.50000000000000000     
        4005    0.13809523809523827         0.10357142857142870        -0.50000000000000000     
        4006    0.10357142857142870         0.17261904761904778        -0.50000000000000000     
        4007    0.10357142857142870         0.20714285714285730        -0.50000000000000000     
        4008    0.13809523809523827         0.17261904761904778        -0.50000000000000000     
        4009    0.10357142857142870         0.24166666666666681        -0.50000000000000000     
        4010    0.10357142857142870         0.27619047619047632        -0.50000000000000000     
        4011    0.13809523809523827         0.24166666666666681        -0.50000000000000000     
        4012    0.10357142857142870         0.31071428571428583        -0.50000000000000000     
        4013    0.10357142857142870         0.34523809523809534        -0.50000000000000000     
        4014    0.13809523809523827         0.31071428571428583        -0.50000000000000000     
        4015    0.10357142857142870         0.37976190476190491        -0.50000000000000000     
        4016    0.10357142857142870         0.41428571428571448        -0.50000000000000000     
        4017    0.13809523809523827         0.37976190476190491        -0.50000000000000000     
        4018    0.10357138837908358         0.44880952380952388        -0.49999999607645995     
        4019    0.13809519790289304         0.44880952380952388        -0.49999999885164559     
        4020    0.17261906146307759        -0.44880951596244834        -0.49999998497571707     
        4021    0.17261904761904778        -0.41428571428571426        -0.50000000000000000     
        4022    0.20714287098688711        -0.44880951596244834        -0.49999998497571707     
        4023    0.17261904761904778        -0.37976190476190474        -0.50000000000000000     
        4024    0.17261904761904778        -0.34523809523809523        -0.50000000000000000     
        4025    0.20714285714285730        -0.37976190476190474        -0.50000000000000000     
        4026    0.17261904761904778        -0.31071428571428572        -0.50000000000000000     
        4027    0.17261904761904778        -0.27619047619047621        -0.50000000000000000     
        4028    0.20714285714285730        -0.31071428571428572        -0.50000000000000000     
        4029    0.17261904761904778        -0.24166666666666667        -0.50000000000000000     
        4030    0.17261904761904778        -0.20714285714285713        -0.50000000000000000     
        4031    0.20714285714285730        -0.24166666666666667        -0.50000000000000000     
        4032    0.17261904761904778        -0.17261904761904759        -0.50000000000000000     
        4033    0.17261904761904778        -0.13809523809523805        -0.50000000000000000     
        4034    0.20714285714285730        -0.17261904761904759        -0.50000000000000000     
        4035    0.17261904761904778        -0.10357142857142854        -0.50000000000000000     
        4036    0.17261904761904778         -6.9047619047619024E-002   -0.50000000000000000     
        4037    0.20714285714285730        -0.10357142857142854        -0.50000000000000000     
        4038    0.17261904761904778         -3.4523809523809457E-002   -0.50000000000000000     
        4039    0.17261904761904778          1.1102230246251565E-016   -0.50000000000000000     
        4040    0.20714285714285730         -3.4523809523809457E-002   -0.50000000000000000     
        4041    0.17261904761904778          3.4523809523809623E-002   -0.50000000000000000     
        4042    0.17261904761904778          6.9047619047619135E-002   -0.50000000000000000     
        4043    0.20714285714285730          3.4523809523809623E-002   -0.50000000000000000     
        4044    0.17261904761904778         0.10357142857142870        -0.50000000000000000     
        4045    0.17261904761904778         0.13809523809523827        -0.50000000000000000     
        4046    0.20714285714285730         0.10357142857142870        -0.50000000000000000     
        4047    0.17261904761904778         0.17261904761904778        -0.50000000000000000     
        4048    0.17261904761904778         0.20714285714285730        -0.50000000000000000     
        4049    0.20714285714285730         0.17261904761904778        -0.50000000000000000     
        4050    0.17261904761904778         0.24166666666666681        -0.50000000000000000     
        4051    0.17261904761904778         0.27619047619047632        -0.50000000000000000     
        4052    0.20714285714285730         0.24166666666666681        -0.50000000000000000     
        4053    0.17261904761904778         0.31071428571428583        -0.50000000000000000     
        4054    0.17261904761904778         0.34523809523809534        -0.50000000000000000     
        4055    0.20714285714285730         0.31071428571428583        -0.50000000000000000     
        4056    0.17261904761904778         0.37976190476190491        -0.50000000000000000     
        4057    0.17261904761904778         0.41428571428571448        -0.50000000000000000     
        4058    0.20714285714285730         0.37976190476190491        -0.50000000000000000     
        4059    0.17261900742670255         0.44880952380952388        -0.49999999885164559     
        4060    0.20714281695051201         0.44880952380952388        -0.50000000162683134     
        4061    0.24166668051069645        -0.44880951781257217        -0.49999998220053132     
        4062    0.24166666666666681        -0.41428571428571426        -0.50000000000000000     
        4063    0.27619049003450596        -0.44880951781257217        -0.49999998220053132     
        4064    0.24166666666666681        -0.37976190476190474        -0.50000000000000000     
        4065    0.24166666666666681        -0.34523809523809523        -0.50000000000000000     
        4066    0.27619047619047632        -0.37976190476190474        -0.50000000000000000     
        4067    0.24166666666666681        -0.31071428571428572        -0.50000000000000000     
        4068    0.24166666666666681        -0.27619047619047621        -0.50000000000000000     
        4069    0.27619047619047632        -0.31071428571428572        -0.50000000000000000     
        4070    0.24166666666666681        -0.24166666666666667        -0.50000000000000000     
        4071    0.24166666666666681        -0.20714285714285713        -0.50000000000000000     
        4072    0.27619047619047632        -0.24166666666666667        -0.50000000000000000     
        4073    0.24166666666666681        -0.17261904761904759        -0.50000000000000000     
        4074    0.24166666666666681        -0.13809523809523805        -0.50000000000000000     
        4075    0.27619047619047632        -0.17261904761904759        -0.50000000000000000     
        4076    0.24166666666666681        -0.10357142857142854        -0.50000000000000000     
        4077    0.24166666666666681         -6.9047619047619024E-002   -0.50000000000000000     
        4078    0.27619047619047632        -0.10357142857142854        -0.50000000000000000     
        4079    0.24166666666666681         -3.4523809523809457E-002   -0.50000000000000000     
        4080    0.24166666666666681          1.1102230246251565E-016   -0.50000000000000000     
        4081    0.27619047619047632         -3.4523809523809457E-002   -0.50000000000000000     
        4082    0.24166666666666681          3.4523809523809623E-002   -0.50000000000000000     
        4083    0.24166666666666681          6.9047619047619135E-002   -0.50000000000000000     
        4084    0.27619047619047632          3.4523809523809623E-002   -0.50000000000000000     
        4085    0.24166666666666681         0.10357142857142870        -0.50000000000000000     
        4086    0.24166666666666681         0.13809523809523827        -0.50000000000000000     
        4087    0.27619047619047632         0.10357142857142870        -0.50000000000000000     
        4088    0.24166666666666681         0.17261904761904778        -0.50000000000000000     
        4089    0.24166666666666681         0.20714285714285730        -0.50000000000000000     
        4090    0.27619047619047632         0.17261904761904778        -0.50000000000000000     
        4091    0.24166666666666681         0.24166666666666681        -0.50000000000000000     
        4092    0.24166666666666681         0.27619047619047632        -0.50000000000000000     
        4093    0.27619047619047632         0.24166666666666681        -0.50000000000000000     
        4094    0.24166666666666681         0.31071428571428583        -0.50000000000000000     
        4095    0.24166666666666681         0.34523809523809534        -0.50000000000000000     
        4096    0.27619047619047632         0.31071428571428583        -0.50000000000000000     
        4097    0.24166666666666681         0.37976190476190491        -0.50000000000000000     
        4098    0.24166666666666681         0.41428571428571448        -0.50000000000000000     
        4099    0.27619047619047632         0.37976190476190491        -0.50000000000000000     
        4100    0.24166662647432152         0.44880952380952388        -0.50000000162683134     
        4101    0.27619043599813092         0.44880952380952388        -0.50000000440201708     
        4102    0.31071429955831531        -0.44880951966269594        -0.49999997942534558     
        4103    0.31071428571428583        -0.41428571428571426        -0.50000000000000000     
        4104    0.34523810908212482        -0.44880951966269594        -0.49999997942534558     
        4105    0.31071428571428583        -0.37976190476190474        -0.50000000000000000     
        4106    0.31071428571428583        -0.34523809523809523        -0.50000000000000000     
        4107    0.34523809523809534        -0.37976190476190474        -0.50000000000000000     
        4108    0.31071428571428583        -0.31071428571428572        -0.50000000000000000     
        4109    0.31071428571428583        -0.27619047619047621        -0.50000000000000000     
        4110    0.34523809523809534        -0.31071428571428572        -0.50000000000000000     
        4111    0.31071428571428583        -0.24166666666666667        -0.50000000000000000     
        4112    0.31071428571428583        -0.20714285714285713        -0.50000000000000000     
        4113    0.34523809523809534        -0.24166666666666667        -0.50000000000000000     
        4114    0.31071428571428583        -0.17261904761904759        -0.50000000000000000     
        4115    0.31071428571428583        -0.13809523809523805        -0.50000000000000000     
        4116    0.34523809523809534        -0.17261904761904759        -0.50000000000000000     
        4117    0.31071428571428583        -0.10357142857142854        -0.50000000000000000     
        4118    0.31071428571428583         -6.9047619047619024E-002   -0.50000000000000000     
        4119    0.34523809523809534        -0.10357142857142854        -0.50000000000000000     
        4120    0.31071428571428583         -3.4523809523809457E-002   -0.50000000000000000     
        4121    0.31071428571428583          1.1102230246251565E-016   -0.50000000000000000     
        4122    0.34523809523809534         -3.4523809523809457E-002   -0.50000000000000000     
        4123    0.31071428571428583          3.4523809523809623E-002   -0.50000000000000000     
        4124    0.31071428571428583          6.9047619047619135E-002   -0.50000000000000000     
        4125    0.34523809523809534          3.4523809523809623E-002   -0.50000000000000000     
        4126    0.31071428571428583         0.10357142857142870        -0.50000000000000000     
        4127    0.31071428571428583         0.13809523809523827        -0.50000000000000000     
        4128    0.34523809523809534         0.10357142857142870        -0.50000000000000000     
        4129    0.31071428571428583         0.17261904761904778        -0.50000000000000000     
        4130    0.31071428571428583         0.20714285714285730        -0.50000000000000000     
        4131    0.34523809523809534         0.17261904761904778        -0.50000000000000000     
        4132    0.31071428571428583         0.24166666666666681        -0.50000000000000000     
        4133    0.31071428571428583         0.27619047619047632        -0.50000000000000000     
        4134    0.34523809523809534         0.24166666666666681        -0.50000000000000000     
        4135    0.31071428571428583         0.31071428571428583        -0.50000000000000000     
        4136    0.31071428571428583         0.34523809523809534        -0.50000000000000000     
        4137    0.34523809523809534         0.31071428571428583        -0.50000000000000000     
        4138    0.31071428571428583         0.37976190476190491        -0.50000000000000000     
        4139    0.31071428571428583         0.41428571428571448        -0.50000000000000000     
        4140    0.34523809523809534         0.37976190476190491        -0.50000000000000000     
        4141    0.31071424552194044         0.44880952380952388        -0.50000000440201708     
        4142    0.34523805504574978         0.44880952380952388        -0.50000000717720272     
        4143    0.37976191860593417        -0.44880952151281978        -0.49999997665015988     
        4144    0.37976190476190491        -0.41428571428571426        -0.50000000000000000     
        4145    0.41428572812974374        -0.44880952151281978        -0.49999997665015988     
        4146    0.37976190476190491        -0.37976190476190474        -0.50000000000000000     
        4147    0.37976190476190491        -0.34523809523809523        -0.50000000000000000     
        4148    0.41428571428571448        -0.37976190476190474        -0.50000000000000000     
        4149    0.37976190476190491        -0.31071428571428572        -0.50000000000000000     
        4150    0.37976190476190491        -0.27619047619047621        -0.50000000000000000     
        4151    0.41428571428571448        -0.31071428571428572        -0.50000000000000000     
        4152    0.37976190476190491        -0.24166666666666667        -0.50000000000000000     
        4153    0.37976190476190491        -0.20714285714285713        -0.50000000000000000     
        4154    0.41428571428571448        -0.24166666666666667        -0.50000000000000000     
        4155    0.37976190476190491        -0.17261904761904759        -0.50000000000000000     
        4156    0.37976190476190491        -0.13809523809523805        -0.50000000000000000     
        4157    0.41428571428571448        -0.17261904761904759        -0.50000000000000000     
        4158    0.37976190476190491        -0.10357142857142854        -0.50000000000000000     
        4159    0.37976190476190491         -6.9047619047619024E-002   -0.50000000000000000     
        4160    0.41428571428571448        -0.10357142857142854        -0.50000000000000000     
        4161    0.37976190476190491         -3.4523809523809457E-002   -0.50000000000000000     
        4162    0.37976190476190491          1.1102230246251565E-016   -0.50000000000000000     
        4163    0.41428571428571448         -3.4523809523809457E-002   -0.50000000000000000     
        4164    0.37976190476190491          3.4523809523809623E-002   -0.50000000000000000     
        4165    0.37976190476190491          6.9047619047619135E-002   -0.50000000000000000     
        4166    0.41428571428571448          3.4523809523809623E-002   -0.50000000000000000     
        4167    0.37976190476190491         0.10357142857142870        -0.50000000000000000     
        4168    0.37976190476190491         0.13809523809523827        -0.50000000000000000     
        4169    0.41428571428571448         0.10357142857142870        -0.50000000000000000     
        4170    0.37976190476190491         0.17261904761904778        -0.50000000000000000     
        4171    0.37976190476190491         0.20714285714285730        -0.50000000000000000     
        4172    0.41428571428571448         0.17261904761904778        -0.50000000000000000     
        4173    0.37976190476190491         0.24166666666666681        -0.50000000000000000     
        4174    0.37976190476190491         0.27619047619047632        -0.50000000000000000     
        4175    0.41428571428571448         0.24166666666666681        -0.50000000000000000     
        4176    0.37976190476190491         0.31071428571428583        -0.50000000000000000     
        4177    0.37976190476190491         0.34523809523809534        -0.50000000000000000     
        4178    0.41428571428571448         0.31071428571428583        -0.50000000000000000     
        4179    0.37976190476190491         0.37976190476190491        -0.50000000000000000     
        4180    0.37976190476190491         0.41428571428571448        -0.50000000000000000     
        4181    0.41428571428571448         0.37976190476190491        -0.50000000000000000     
        4182    0.37976186456955935         0.44880952380952388        -0.50000000717720272     
        4183    0.41428567409336881         0.44880952380952388        -0.50000000995238847     
        4184    0.44880952425610476        -0.44880952336294289        -0.49999997365168430     
        4185    0.44880952380952388        -0.41428571428571426        -0.50000000000000000     
        4186    0.44880952380952388        -0.37976190476190474        -0.50000000000000000     
        4187    0.44880952380952388        -0.34523809523809523        -0.50000000000000000     
        4188    0.44880952380952388        -0.31071428571428572        -0.50000000000000000     
        4189    0.44880952380952388        -0.27619047619047621        -0.50000000000000000     
        4190    0.44880952380952388        -0.24166666666666667        -0.50000000000000000     
        4191    0.44880952380952388        -0.20714285714285713        -0.50000000000000000     
        4192    0.44880952380952388        -0.17261904761904759        -0.50000000000000000     
        4193    0.44880952380952388        -0.13809523809523805        -0.50000000000000000     
        4194    0.44880952380952388        -0.10357142857142854        -0.50000000000000000     
        4195    0.44880952380952388         -6.9047619047619024E-002   -0.50000000000000000     
        4196    0.44880952380952388         -3.4523809523809457E-002   -0.50000000000000000     
        4197    0.44880952380952388          1.1102230246251565E-016   -0.50000000000000000     
        4198    0.44880952380952388          3.4523809523809623E-002   -0.50000000000000000     
        4199    0.44880952380952388          6.9047619047619135E-002   -0.50000000000000000     
        4200    0.44880952380952388         0.10357142857142870        -0.50000000000000000     
        4201    0.44880952380952388         0.13809523809523827        -0.50000000000000000     
        4202    0.44880952380952388         0.17261904761904778        -0.50000000000000000     
        4203    0.44880952380952388         0.20714285714285730        -0.50000000000000000     
        4204    0.44880952380952388         0.24166666666666681        -0.50000000000000000     
        4205    0.44880952380952388         0.27619047619047632        -0.50000000000000000     
        4206    0.44880952380952388         0.31071428571428583        -0.50000000000000000     
        4207    0.44880952380952388         0.34523809523809534        -0.50000000000000000     
        4208    0.44880952380952388         0.37976190476190491        -0.50000000000000000     
        4209    0.44880952380952388         0.41428571428571448        -0.50000000000000000     
        4210    0.44880948361717821         0.44880952380952388        -0.50000000995238847     
        4211   -0.48333335968164759        -0.44880949746120807         0.50000000000000000     
        4212   -0.44880956355528645        -0.44880949931133118         0.50000000114835252     
        4213   -0.41428575403147688        -0.44880949931133118         0.50000000114835252     
        4214   -0.44880952380952377        -0.41428571428571426         0.50000000000000000     
        4215   -0.48333333333333334        -0.37976190476190474         0.50000000000000000     
        4216   -0.44880952380952377        -0.37976190476190474         0.50000000000000000     
        4217   -0.41428571428571426        -0.37976190476190474         0.50000000000000000     
        4218   -0.44880952380952377        -0.34523809523809523         0.50000000000000000     
        4219   -0.48333333333333334        -0.31071428571428572         0.50000000000000000     
        4220   -0.44880952380952377        -0.31071428571428572         0.50000000000000000     
        4221   -0.41428571428571426        -0.31071428571428572         0.50000000000000000     
        4222   -0.44880952380952377        -0.27619047619047621         0.50000000000000000     
        4223   -0.48333333333333334        -0.24166666666666667         0.50000000000000000     
        4224   -0.44880952380952377        -0.24166666666666667         0.50000000000000000     
        4225   -0.41428571428571426        -0.24166666666666667         0.50000000000000000     
        4226   -0.44880952380952377        -0.20714285714285713         0.50000000000000000     
        4227   -0.48333333333333334        -0.17261904761904759         0.50000000000000000     
        4228   -0.44880952380952377        -0.17261904761904759         0.50000000000000000     
        4229   -0.41428571428571426        -0.17261904761904759         0.50000000000000000     
        4230   -0.44880952380952377        -0.13809523809523805         0.50000000000000000     
        4231   -0.48333333333333334        -0.10357142857142854         0.50000000000000000     
        4232   -0.44880952380952377        -0.10357142857142854         0.50000000000000000     
        4233   -0.41428571428571426        -0.10357142857142854         0.50000000000000000     
        4234   -0.44880952380952377         -6.9047619047619024E-002    0.50000000000000000     
        4235   -0.48333333333333334         -3.4523809523809457E-002    0.50000000000000000     
        4236   -0.44880952380952377         -3.4523809523809457E-002    0.50000000000000000     
        4237   -0.41428571428571426         -3.4523809523809457E-002    0.50000000000000000     
        4238   -0.44880952380952377          1.1102230246251565E-016    0.50000000000000000     
        4239   -0.48333333333333334          3.4523809523809623E-002    0.50000000000000000     
        4240   -0.44880952380952377          3.4523809523809623E-002    0.50000000000000000     
        4241   -0.41428571428571426          3.4523809523809623E-002    0.50000000000000000     
        4242   -0.44880952380952377          6.9047619047619135E-002    0.50000000000000000     
        4243   -0.48333333333333334         0.10357142857142870         0.50000000000000000     
        4244   -0.44880952380952377         0.10357142857142870         0.50000000000000000     
        4245   -0.41428571428571426         0.10357142857142870         0.50000000000000000     
        4246   -0.44880952380952377         0.13809523809523827         0.50000000000000000     
        4247   -0.48333333333333334         0.17261904761904778         0.50000000000000000     
        4248   -0.44880952380952377         0.17261904761904778         0.50000000000000000     
        4249   -0.41428571428571426         0.17261904761904778         0.50000000000000000     
        4250   -0.44880952380952377         0.20714285714285730         0.50000000000000000     
        4251   -0.48333333333333334         0.24166666666666681         0.50000000000000000     
        4252   -0.44880952380952377         0.24166666666666681         0.50000000000000000     
        4253   -0.41428571428571426         0.24166666666666681         0.50000000000000000     
        4254   -0.44880952380952377         0.27619047619047632         0.50000000000000000     
        4255   -0.48333333333333334         0.31071428571428583         0.50000000000000000     
        4256   -0.44880952380952377         0.31071428571428583         0.50000000000000000     
        4257   -0.41428571428571426         0.31071428571428583         0.50000000000000000     
        4258   -0.44880952380952377         0.34523809523809534         0.50000000000000000     
        4259   -0.48333333333333334         0.37976190476190491         0.50000000000000000     
        4260   -0.44880952380952377         0.37976190476190491         0.50000000000000000     
        4261   -0.41428571428571426         0.37976190476190491         0.50000000000000000     
        4262   -0.44880952380952377         0.41428571428571448         0.50000000000000000     
        4263   -0.48333331993588491         0.44880952380952388         0.50000001317415732     
        4264   -0.44880951041207540         0.44880952380952388         0.50000001317415732     
        4265   -0.41428570088826588         0.44880952380952388         0.50000001224909540     
        4266   -0.37976194450766743        -0.44880950116145496         0.50000000207341444     
        4267   -0.34523813498385791        -0.44880950116145496         0.50000000207341444     
        4268   -0.37976190476190474        -0.41428571428571426         0.50000000000000000     
        4269   -0.37976190476190474        -0.37976190476190474         0.50000000000000000     
        4270   -0.34523809523809523        -0.37976190476190474         0.50000000000000000     
        4271   -0.37976190476190474        -0.34523809523809523         0.50000000000000000     
        4272   -0.37976190476190474        -0.31071428571428572         0.50000000000000000     
        4273   -0.34523809523809523        -0.31071428571428572         0.50000000000000000     
        4274   -0.37976190476190474        -0.27619047619047621         0.50000000000000000     
        4275   -0.37976190476190474        -0.24166666666666667         0.50000000000000000     
        4276   -0.34523809523809523        -0.24166666666666667         0.50000000000000000     
        4277   -0.37976190476190474        -0.20714285714285713         0.50000000000000000     
        4278   -0.37976190476190474        -0.17261904761904759         0.50000000000000000     
        4279   -0.34523809523809523        -0.17261904761904759         0.50000000000000000     
        4280   -0.37976190476190474        -0.13809523809523805         0.50000000000000000     
        4281   -0.37976190476190474        -0.10357142857142854         0.50000000000000000     
        4282   -0.34523809523809523        -0.10357142857142854         0.50000000000000000     
        4283   -0.37976190476190474         -6.9047619047619024E-002    0.50000000000000000     
        4284   -0.37976190476190474         -3.4523809523809457E-002    0.50000000000000000     
        4285   -0.34523809523809523         -3.4523809523809457E-002    0.50000000000000000     
        4286   -0.37976190476190474          1.1102230246251565E-016    0.50000000000000000     
        4287   -0.37976190476190474          3.4523809523809623E-002    0.50000000000000000     
        4288   -0.34523809523809523          3.4523809523809623E-002    0.50000000000000000     
        4289   -0.37976190476190474          6.9047619047619135E-002    0.50000000000000000     
        4290   -0.37976190476190474         0.10357142857142870         0.50000000000000000     
        4291   -0.34523809523809523         0.10357142857142870         0.50000000000000000     
        4292   -0.37976190476190474         0.13809523809523827         0.50000000000000000     
        4293   -0.37976190476190474         0.17261904761904778         0.50000000000000000     
        4294   -0.34523809523809523         0.17261904761904778         0.50000000000000000     
        4295   -0.37976190476190474         0.20714285714285730         0.50000000000000000     
        4296   -0.37976190476190474         0.24166666666666681         0.50000000000000000     
        4297   -0.34523809523809523         0.24166666666666681         0.50000000000000000     
        4298   -0.37976190476190474         0.27619047619047632         0.50000000000000000     
        4299   -0.37976190476190474         0.31071428571428583         0.50000000000000000     
        4300   -0.34523809523809523         0.31071428571428583         0.50000000000000000     
        4301   -0.37976190476190474         0.34523809523809534         0.50000000000000000     
        4302   -0.37976190476190474         0.37976190476190491         0.50000000000000000     
        4303   -0.34523809523809523         0.37976190476190491         0.50000000000000000     
        4304   -0.37976190476190474         0.41428571428571448         0.50000000000000000     
        4305   -0.37976189136445637         0.44880952380952388         0.50000001224909540     
        4306   -0.34523808184064680         0.44880952380952388         0.50000001132403349     
        4307   -0.31071432546004846        -0.44880950301157879         0.50000000299847636     
        4308   -0.27619051593623895        -0.44880950301157879         0.50000000299847636     
        4309   -0.31071428571428572        -0.41428571428571426         0.50000000000000000     
        4310   -0.31071428571428572        -0.37976190476190474         0.50000000000000000     
        4311   -0.27619047619047621        -0.37976190476190474         0.50000000000000000     
        4312   -0.31071428571428572        -0.34523809523809523         0.50000000000000000     
        4313   -0.31071428571428572        -0.31071428571428572         0.50000000000000000     
        4314   -0.27619047619047621        -0.31071428571428572         0.50000000000000000     
        4315   -0.31071428571428572        -0.27619047619047621         0.50000000000000000     
        4316   -0.31071428571428572        -0.24166666666666667         0.50000000000000000     
        4317   -0.27619047619047621        -0.24166666666666667         0.50000000000000000     
        4318   -0.31071428571428572        -0.20714285714285713         0.50000000000000000     
        4319   -0.31071428571428572        -0.17261904761904759         0.50000000000000000     
        4320   -0.27619047619047621        -0.17261904761904759         0.50000000000000000     
        4321   -0.31071428571428572        -0.13809523809523805         0.50000000000000000     
        4322   -0.31071428571428572        -0.10357142857142854         0.50000000000000000     
        4323   -0.27619047619047621        -0.10357142857142854         0.50000000000000000     
        4324   -0.31071428571428572         -6.9047619047619024E-002    0.50000000000000000     
        4325   -0.31071428571428572         -3.4523809523809457E-002    0.50000000000000000     
        4326   -0.27619047619047621         -3.4523809523809457E-002    0.50000000000000000     
        4327   -0.31071428571428572          1.1102230246251565E-016    0.50000000000000000     
        4328   -0.31071428571428572          3.4523809523809623E-002    0.50000000000000000     
        4329   -0.27619047619047621          3.4523809523809623E-002    0.50000000000000000     
        4330   -0.31071428571428572          6.9047619047619135E-002    0.50000000000000000     
        4331   -0.31071428571428572         0.10357142857142870         0.50000000000000000     
        4332   -0.27619047619047621         0.10357142857142870         0.50000000000000000     
        4333   -0.31071428571428572         0.13809523809523827         0.50000000000000000     
        4334   -0.31071428571428572         0.17261904761904778         0.50000000000000000     
        4335   -0.27619047619047621         0.17261904761904778         0.50000000000000000     
        4336   -0.31071428571428572         0.20714285714285730         0.50000000000000000     
        4337   -0.31071428571428572         0.24166666666666681         0.50000000000000000     
        4338   -0.27619047619047621         0.24166666666666681         0.50000000000000000     
        4339   -0.31071428571428572         0.27619047619047632         0.50000000000000000     
        4340   -0.31071428571428572         0.31071428571428583         0.50000000000000000     
        4341   -0.27619047619047621         0.31071428571428583         0.50000000000000000     
        4342   -0.31071428571428572         0.34523809523809534         0.50000000000000000     
        4343   -0.31071428571428572         0.37976190476190491         0.50000000000000000     
        4344   -0.27619047619047621         0.37976190476190491         0.50000000000000000     
        4345   -0.31071428571428572         0.41428571428571448         0.50000000000000000     
        4346   -0.31071427231683729         0.44880952380952388         0.50000001132403349     
        4347   -0.27619046279302784         0.44880952380952388         0.50000001039897157     
        4348   -0.24166670641242949        -0.44880950486170262         0.50000000392353827     
        4349   -0.20714289688861995        -0.44880950486170262         0.50000000392353827     
        4350   -0.24166666666666667        -0.41428571428571426         0.50000000000000000     
        4351   -0.24166666666666667        -0.37976190476190474         0.50000000000000000     
        4352   -0.20714285714285713        -0.37976190476190474         0.50000000000000000     
        4353   -0.24166666666666667        -0.34523809523809523         0.50000000000000000     
        4354   -0.24166666666666667        -0.31071428571428572         0.50000000000000000     
        4355   -0.20714285714285713        -0.31071428571428572         0.50000000000000000     
        4356   -0.24166666666666667        -0.27619047619047621         0.50000000000000000     
        4357   -0.24166666666666667        -0.24166666666666667         0.50000000000000000     
        4358   -0.20714285714285713        -0.24166666666666667         0.50000000000000000     
        4359   -0.24166666666666667        -0.20714285714285713         0.50000000000000000     
        4360   -0.24166666666666667        -0.17261904761904759         0.50000000000000000     
        4361   -0.20714285714285713        -0.17261904761904759         0.50000000000000000     
        4362   -0.24166666666666667        -0.13809523809523805         0.50000000000000000     
        4363   -0.24166666666666667        -0.10357142857142854         0.50000000000000000     
        4364   -0.20714285714285713        -0.10357142857142854         0.50000000000000000     
        4365   -0.24166666666666667         -6.9047619047619024E-002    0.50000000000000000     
        4366   -0.24166666666666667         -3.4523809523809457E-002    0.50000000000000000     
        4367   -0.20714285714285713         -3.4523809523809457E-002    0.50000000000000000     
        4368   -0.24166666666666667          1.1102230246251565E-016    0.50000000000000000     
        4369   -0.24166666666666667          3.4523809523809623E-002    0.50000000000000000     
        4370   -0.20714285714285713          3.4523809523809623E-002    0.50000000000000000     
        4371   -0.24166666666666667          6.9047619047619135E-002    0.50000000000000000     
        4372   -0.24166666666666667         0.10357142857142870         0.50000000000000000     
        4373   -0.20714285714285713         0.10357142857142870         0.50000000000000000     
        4374   -0.24166666666666667         0.13809523809523827         0.50000000000000000     
        4375   -0.24166666666666667         0.17261904761904778         0.50000000000000000     
        4376   -0.20714285714285713         0.17261904761904778         0.50000000000000000     
        4377   -0.24166666666666667         0.20714285714285730         0.50000000000000000     
        4378   -0.24166666666666667         0.24166666666666681         0.50000000000000000     
        4379   -0.20714285714285713         0.24166666666666681         0.50000000000000000     
        4380   -0.24166666666666667         0.27619047619047632         0.50000000000000000     
        4381   -0.24166666666666667         0.31071428571428583         0.50000000000000000     
        4382   -0.20714285714285713         0.31071428571428583         0.50000000000000000     
        4383   -0.24166666666666667         0.34523809523809534         0.50000000000000000     
        4384   -0.24166666666666667         0.37976190476190491         0.50000000000000000     
        4385   -0.20714285714285713         0.37976190476190491         0.50000000000000000     
        4386   -0.24166666666666667         0.41428571428571448         0.50000000000000000     
        4387   -0.24166665326921830         0.44880952380952388         0.50000001039897157     
        4388   -0.20714284374540878         0.44880952380952388         0.50000000947390966     
        4389   -0.17261908736481049        -0.44880950671182640         0.50000000484860019     
        4390   -0.13809527784100095        -0.44880950671182640         0.50000000484860019     
        4391   -0.17261904761904759        -0.41428571428571426         0.50000000000000000     
        4392   -0.17261904761904759        -0.37976190476190474         0.50000000000000000     
        4393   -0.13809523809523805        -0.37976190476190474         0.50000000000000000     
        4394   -0.17261904761904759        -0.34523809523809523         0.50000000000000000     
        4395   -0.17261904761904759        -0.31071428571428572         0.50000000000000000     
        4396   -0.13809523809523805        -0.31071428571428572         0.50000000000000000     
        4397   -0.17261904761904759        -0.27619047619047621         0.50000000000000000     
        4398   -0.17261904761904759        -0.24166666666666667         0.50000000000000000     
        4399   -0.13809523809523805        -0.24166666666666667         0.50000000000000000     
        4400   -0.17261904761904759        -0.20714285714285713         0.50000000000000000     
        4401   -0.17261904761904759        -0.17261904761904759         0.50000000000000000     
        4402   -0.13809523809523805        -0.17261904761904759         0.50000000000000000     
        4403   -0.17261904761904759        -0.13809523809523805         0.50000000000000000     
        4404   -0.17261904761904759        -0.10357142857142854         0.50000000000000000     
        4405   -0.13809523809523805        -0.10357142857142854         0.50000000000000000     
        4406   -0.17261904761904759         -6.9047619047619024E-002    0.50000000000000000     
        4407   -0.17261904761904759         -3.4523809523809457E-002    0.50000000000000000     
        4408   -0.13809523809523805         -3.4523809523809457E-002    0.50000000000000000     
        4409   -0.17261904761904759          1.1102230246251565E-016    0.50000000000000000     
        4410   -0.17261904761904759          3.4523809523809623E-002    0.50000000000000000     
        4411   -0.13809523809523805          3.4523809523809623E-002    0.50000000000000000     
        4412   -0.17261904761904759          6.9047619047619135E-002    0.50000000000000000     
        4413   -0.17261904761904759         0.10357142857142870         0.50000000000000000     
        4414   -0.13809523809523805         0.10357142857142870         0.50000000000000000     
        4415   -0.17261904761904759         0.13809523809523827         0.50000000000000000     
        4416   -0.17261904761904759         0.17261904761904778         0.50000000000000000     
        4417   -0.13809523809523805         0.17261904761904778         0.50000000000000000     
        4418   -0.17261904761904759         0.20714285714285730         0.50000000000000000     
        4419   -0.17261904761904759         0.24166666666666681         0.50000000000000000     
        4420   -0.13809523809523805         0.24166666666666681         0.50000000000000000     
        4421   -0.17261904761904759         0.27619047619047632         0.50000000000000000     
        4422   -0.17261904761904759         0.31071428571428583         0.50000000000000000     
        4423   -0.13809523809523805         0.31071428571428583         0.50000000000000000     
        4424   -0.17261904761904759         0.34523809523809534         0.50000000000000000     
        4425   -0.17261904761904759         0.37976190476190491         0.50000000000000000     
        4426   -0.13809523809523805         0.37976190476190491         0.50000000000000000     
        4427   -0.17261904761904759         0.41428571428571448         0.50000000000000000     
        4428   -0.17261903422159924         0.44880952380952388         0.50000000947390966     
        4429   -0.13809522469778973         0.44880952380952388         0.50000000854884774     
        4430   -0.10357146831719150        -0.44880950856195023         0.50000000577366210     
        4431    -6.9047658793381983E-002   -0.44880950856195023         0.50000000577366210     
        4432   -0.10357142857142854        -0.41428571428571426         0.50000000000000000     
        4433   -0.10357142857142854        -0.37976190476190474         0.50000000000000000     
        4434    -6.9047619047619024E-002   -0.37976190476190474         0.50000000000000000     
        4435   -0.10357142857142854        -0.34523809523809523         0.50000000000000000     
        4436   -0.10357142857142854        -0.31071428571428572         0.50000000000000000     
        4437    -6.9047619047619024E-002   -0.31071428571428572         0.50000000000000000     
        4438   -0.10357142857142854        -0.27619047619047621         0.50000000000000000     
        4439   -0.10357142857142854        -0.24166666666666667         0.50000000000000000     
        4440    -6.9047619047619024E-002   -0.24166666666666667         0.50000000000000000     
        4441   -0.10357142857142854        -0.20714285714285713         0.50000000000000000     
        4442   -0.10357142857142854        -0.17261904761904759         0.50000000000000000     
        4443    -6.9047619047619024E-002   -0.17261904761904759         0.50000000000000000     
        4444   -0.10357142857142854        -0.13809523809523805         0.50000000000000000     
        4445   -0.10357142857142854        -0.10357142857142854         0.50000000000000000     
        4446    -6.9047619047619024E-002   -0.10357142857142854         0.50000000000000000     
        4447   -0.10357142857142854         -6.9047619047619024E-002    0.50000000000000000     
        4448   -0.10357142857142854         -3.4523809523809457E-002    0.50000000000000000     
        4449    -6.9047619047619024E-002    -3.4523809523809457E-002    0.50000000000000000     
        4450   -0.10357142857142854          1.1102230246251565E-016    0.50000000000000000     
        4451   -0.10357142857142854          3.4523809523809623E-002    0.50000000000000000     
        4452    -6.9047619047619024E-002     3.4523809523809623E-002    0.50000000000000000     
        4453   -0.10357142857142854          6.9047619047619135E-002    0.50000000000000000     
        4454   -0.10357142857142854         0.10357142857142870         0.50000000000000000     
        4455    -6.9047619047619024E-002    0.10357142857142870         0.50000000000000000     
        4456   -0.10357142857142854         0.13809523809523827         0.50000000000000000     
        4457   -0.10357142857142854         0.17261904761904778         0.50000000000000000     
        4458    -6.9047619047619024E-002    0.17261904761904778         0.50000000000000000     
        4459   -0.10357142857142854         0.20714285714285730         0.50000000000000000     
        4460   -0.10357142857142854         0.24166666666666681         0.50000000000000000     
        4461    -6.9047619047619024E-002    0.24166666666666681         0.50000000000000000     
        4462   -0.10357142857142854         0.27619047619047632         0.50000000000000000     
        4463   -0.10357142857142854         0.31071428571428583         0.50000000000000000     
        4464    -6.9047619047619024E-002    0.31071428571428583         0.50000000000000000     
        4465   -0.10357142857142854         0.34523809523809534         0.50000000000000000     
        4466   -0.10357142857142854         0.37976190476190491         0.50000000000000000     
        4467    -6.9047619047619024E-002    0.37976190476190491         0.50000000000000000     
        4468   -0.10357142857142854         0.41428571428571448         0.50000000000000000     
        4469   -0.10357141517398022         0.44880952380952388         0.50000000854884774     
        4470    -6.9047605650170651E-002    0.44880952380952388         0.50000000762378594     
        4471    -3.4523849269572415E-002   -0.44880951041207406         0.50000000669872402     
        4472    -3.9745762847598343E-008   -0.44880951041207406         0.50000000669872402     
        4473    -3.4523809523809457E-002   -0.41428571428571426         0.50000000000000000     
        4474    -3.4523809523809457E-002   -0.37976190476190474         0.50000000000000000     
        4475     1.1102230246251565E-016   -0.37976190476190474         0.50000000000000000     
        4476    -3.4523809523809457E-002   -0.34523809523809523         0.50000000000000000     
        4477    -3.4523809523809457E-002   -0.31071428571428572         0.50000000000000000     
        4478     1.1102230246251565E-016   -0.31071428571428572         0.50000000000000000     
        4479    -3.4523809523809457E-002   -0.27619047619047621         0.50000000000000000     
        4480    -3.4523809523809457E-002   -0.24166666666666667         0.50000000000000000     
        4481     1.1102230246251565E-016   -0.24166666666666667         0.50000000000000000     
        4482    -3.4523809523809457E-002   -0.20714285714285713         0.50000000000000000     
        4483    -3.4523809523809457E-002   -0.17261904761904759         0.50000000000000000     
        4484     1.1102230246251565E-016   -0.17261904761904759         0.50000000000000000     
        4485    -3.4523809523809457E-002   -0.13809523809523805         0.50000000000000000     
        4486    -3.4523809523809457E-002   -0.10357142857142854         0.50000000000000000     
        4487     1.1102230246251565E-016   -0.10357142857142854         0.50000000000000000     
        4488    -3.4523809523809457E-002    -6.9047619047619024E-002    0.50000000000000000     
        4489    -3.4523809523809457E-002    -3.4523809523809457E-002    0.50000000000000000     
        4490     1.1102230246251565E-016    -3.4523809523809457E-002    0.50000000000000000     
        4491    -3.4523809523809457E-002     1.1102230246251565E-016    0.50000000000000000     
        4492    -3.4523809523809457E-002     3.4523809523809623E-002    0.50000000000000000     
        4493     1.1102230246251565E-016     3.4523809523809623E-002    0.50000000000000000     
        4494    -3.4523809523809457E-002     6.9047619047619135E-002    0.50000000000000000     
        4495    -3.4523809523809457E-002    0.10357142857142870         0.50000000000000000     
        4496     1.1102230246251565E-016    0.10357142857142870         0.50000000000000000     
        4497    -3.4523809523809457E-002    0.13809523809523827         0.50000000000000000     
        4498    -3.4523809523809457E-002    0.17261904761904778         0.50000000000000000     
        4499     1.1102230246251565E-016    0.17261904761904778         0.50000000000000000     
        4500    -3.4523809523809457E-002    0.20714285714285730         0.50000000000000000     
        4501    -3.4523809523809457E-002    0.24166666666666681         0.50000000000000000     
        4502     1.1102230246251565E-016    0.24166666666666681         0.50000000000000000     
        4503    -3.4523809523809457E-002    0.27619047619047632         0.50000000000000000     
        4504    -3.4523809523809457E-002    0.31071428571428583         0.50000000000000000     
        4505     1.1102230246251565E-016    0.31071428571428583         0.50000000000000000     
        4506    -3.4523809523809457E-002    0.34523809523809534         0.50000000000000000     
        4507    -3.4523809523809457E-002    0.37976190476190491         0.50000000000000000     
        4508     1.1102230246251565E-016    0.37976190476190491         0.50000000000000000     
        4509    -3.4523809523809457E-002    0.41428571428571448         0.50000000000000000     
        4510    -3.4523796126361084E-002    0.44880952380952388         0.50000000762378594     
        4511     1.3397448372920451E-008    0.44880952380952388         0.50000000669872402     
        4512     3.4523769778046554E-002   -0.44880951226219784         0.50000000762378594     
        4513     6.9047579301856066E-002   -0.44880951226219784         0.50000000762378594     
        4514     3.4523809523809623E-002   -0.41428571428571426         0.50000000000000000     
        4515     3.4523809523809623E-002   -0.37976190476190474         0.50000000000000000     
        4516     6.9047619047619135E-002   -0.37976190476190474         0.50000000000000000     
        4517     3.4523809523809623E-002   -0.34523809523809523         0.50000000000000000     
        4518     3.4523809523809623E-002   -0.31071428571428572         0.50000000000000000     
        4519     6.9047619047619135E-002   -0.31071428571428572         0.50000000000000000     
        4520     3.4523809523809623E-002   -0.27619047619047621         0.50000000000000000     
        4521     3.4523809523809623E-002   -0.24166666666666667         0.50000000000000000     
        4522     6.9047619047619135E-002   -0.24166666666666667         0.50000000000000000     
        4523     3.4523809523809623E-002   -0.20714285714285713         0.50000000000000000     
        4524     3.4523809523809623E-002   -0.17261904761904759         0.50000000000000000     
        4525     6.9047619047619135E-002   -0.17261904761904759         0.50000000000000000     
        4526     3.4523809523809623E-002   -0.13809523809523805         0.50000000000000000     
        4527     3.4523809523809623E-002   -0.10357142857142854         0.50000000000000000     
        4528     6.9047619047619135E-002   -0.10357142857142854         0.50000000000000000     
        4529     3.4523809523809623E-002    -6.9047619047619024E-002    0.50000000000000000     
        4530     3.4523809523809623E-002    -3.4523809523809457E-002    0.50000000000000000     
        4531     6.9047619047619135E-002    -3.4523809523809457E-002    0.50000000000000000     
        4532     3.4523809523809623E-002     1.1102230246251565E-016    0.50000000000000000     
        4533     3.4523809523809623E-002     3.4523809523809623E-002    0.50000000000000000     
        4534     6.9047619047619135E-002     3.4523809523809623E-002    0.50000000000000000     
        4535     3.4523809523809623E-002     6.9047619047619135E-002    0.50000000000000000     
        4536     3.4523809523809623E-002    0.10357142857142870         0.50000000000000000     
        4537     6.9047619047619135E-002    0.10357142857142870         0.50000000000000000     
        4538     3.4523809523809623E-002    0.13809523809523827         0.50000000000000000     
        4539     3.4523809523809623E-002    0.17261904761904778         0.50000000000000000     
        4540     6.9047619047619135E-002    0.17261904761904778         0.50000000000000000     
        4541     3.4523809523809623E-002    0.20714285714285730         0.50000000000000000     
        4542     3.4523809523809623E-002    0.24166666666666681         0.50000000000000000     
        4543     6.9047619047619135E-002    0.24166666666666681         0.50000000000000000     
        4544     3.4523809523809623E-002    0.27619047619047632         0.50000000000000000     
        4545     3.4523809523809623E-002    0.31071428571428583         0.50000000000000000     
        4546     6.9047619047619135E-002    0.31071428571428583         0.50000000000000000     
        4547     3.4523809523809623E-002    0.34523809523809534         0.50000000000000000     
        4548     3.4523809523809623E-002    0.37976190476190491         0.50000000000000000     
        4549     6.9047619047619135E-002    0.37976190476190491         0.50000000000000000     
        4550     3.4523809523809623E-002    0.41428571428571448         0.50000000000000000     
        4551     3.4523822921257885E-002    0.44880952380952388         0.50000000669872402     
        4552     6.9047632445067453E-002    0.44880952380952388         0.50000000577366210     
        4553    0.10357138882566558        -0.44880951411232167         0.50000000854884774     
        4554    0.13809519834947515        -0.44880951411232167         0.50000000854884774     
        4555    0.10357142857142870        -0.41428571428571426         0.50000000000000000     
        4556    0.10357142857142870        -0.37976190476190474         0.50000000000000000     
        4557    0.13809523809523827        -0.37976190476190474         0.50000000000000000     
        4558    0.10357142857142870        -0.34523809523809523         0.50000000000000000     
        4559    0.10357142857142870        -0.31071428571428572         0.50000000000000000     
        4560    0.13809523809523827        -0.31071428571428572         0.50000000000000000     
        4561    0.10357142857142870        -0.27619047619047621         0.50000000000000000     
        4562    0.10357142857142870        -0.24166666666666667         0.50000000000000000     
        4563    0.13809523809523827        -0.24166666666666667         0.50000000000000000     
        4564    0.10357142857142870        -0.20714285714285713         0.50000000000000000     
        4565    0.10357142857142870        -0.17261904761904759         0.50000000000000000     
        4566    0.13809523809523827        -0.17261904761904759         0.50000000000000000     
        4567    0.10357142857142870        -0.13809523809523805         0.50000000000000000     
        4568    0.10357142857142870        -0.10357142857142854         0.50000000000000000     
        4569    0.13809523809523827        -0.10357142857142854         0.50000000000000000     
        4570    0.10357142857142870         -6.9047619047619024E-002    0.50000000000000000     
        4571    0.10357142857142870         -3.4523809523809457E-002    0.50000000000000000     
        4572    0.13809523809523827         -3.4523809523809457E-002    0.50000000000000000     
        4573    0.10357142857142870          1.1102230246251565E-016    0.50000000000000000     
        4574    0.10357142857142870          3.4523809523809623E-002    0.50000000000000000     
        4575    0.13809523809523827          3.4523809523809623E-002    0.50000000000000000     
        4576    0.10357142857142870          6.9047619047619135E-002    0.50000000000000000     
        4577    0.10357142857142870         0.10357142857142870         0.50000000000000000     
        4578    0.13809523809523827         0.10357142857142870         0.50000000000000000     
        4579    0.10357142857142870         0.13809523809523827         0.50000000000000000     
        4580    0.10357142857142870         0.17261904761904778         0.50000000000000000     
        4581    0.13809523809523827         0.17261904761904778         0.50000000000000000     
        4582    0.10357142857142870         0.20714285714285730         0.50000000000000000     
        4583    0.10357142857142870         0.24166666666666681         0.50000000000000000     
        4584    0.13809523809523827         0.24166666666666681         0.50000000000000000     
        4585    0.10357142857142870         0.27619047619047632         0.50000000000000000     
        4586    0.10357142857142870         0.31071428571428583         0.50000000000000000     
        4587    0.13809523809523827         0.31071428571428583         0.50000000000000000     
        4588    0.10357142857142870         0.34523809523809534         0.50000000000000000     
        4589    0.10357142857142870         0.37976190476190491         0.50000000000000000     
        4590    0.13809523809523827         0.37976190476190491         0.50000000000000000     
        4591    0.10357142857142870         0.41428571428571448         0.50000000000000000     
        4592    0.10357144196887702         0.44880952380952388         0.50000000577366210     
        4593    0.13809525149268653         0.44880952380952388         0.50000000484860019     
        4594    0.17261900787328460        -0.44880951596244545         0.50000000947390966     
        4595    0.20714281739709411        -0.44880951596244545         0.50000000947390966     
        4596    0.17261904761904778        -0.41428571428571426         0.50000000000000000     
        4597    0.17261904761904778        -0.37976190476190474         0.50000000000000000     
        4598    0.20714285714285730        -0.37976190476190474         0.50000000000000000     
        4599    0.17261904761904778        -0.34523809523809523         0.50000000000000000     
        4600    0.17261904761904778        -0.31071428571428572         0.50000000000000000     
        4601    0.20714285714285730        -0.31071428571428572         0.50000000000000000     
        4602    0.17261904761904778        -0.27619047619047621         0.50000000000000000     
        4603    0.17261904761904778        -0.24166666666666667         0.50000000000000000     
        4604    0.20714285714285730        -0.24166666666666667         0.50000000000000000     
        4605    0.17261904761904778        -0.20714285714285713         0.50000000000000000     
        4606    0.17261904761904778        -0.17261904761904759         0.50000000000000000     
        4607    0.20714285714285730        -0.17261904761904759         0.50000000000000000     
        4608    0.17261904761904778        -0.13809523809523805         0.50000000000000000     
        4609    0.17261904761904778        -0.10357142857142854         0.50000000000000000     
        4610    0.20714285714285730        -0.10357142857142854         0.50000000000000000     
        4611    0.17261904761904778         -6.9047619047619024E-002    0.50000000000000000     
        4612    0.17261904761904778         -3.4523809523809457E-002    0.50000000000000000     
        4613    0.20714285714285730         -3.4523809523809457E-002    0.50000000000000000     
        4614    0.17261904761904778          1.1102230246251565E-016    0.50000000000000000     
        4615    0.17261904761904778          3.4523809523809623E-002    0.50000000000000000     
        4616    0.20714285714285730          3.4523809523809623E-002    0.50000000000000000     
        4617    0.17261904761904778          6.9047619047619135E-002    0.50000000000000000     
        4618    0.17261904761904778         0.10357142857142870         0.50000000000000000     
        4619    0.20714285714285730         0.10357142857142870         0.50000000000000000     
        4620    0.17261904761904778         0.13809523809523827         0.50000000000000000     
        4621    0.17261904761904778         0.17261904761904778         0.50000000000000000     
        4622    0.20714285714285730         0.17261904761904778         0.50000000000000000     
        4623    0.17261904761904778         0.20714285714285730         0.50000000000000000     
        4624    0.17261904761904778         0.24166666666666681         0.50000000000000000     
        4625    0.20714285714285730         0.24166666666666681         0.50000000000000000     
        4626    0.17261904761904778         0.27619047619047632         0.50000000000000000     
        4627    0.17261904761904778         0.31071428571428583         0.50000000000000000     
        4628    0.20714285714285730         0.31071428571428583         0.50000000000000000     
        4629    0.17261904761904778         0.34523809523809534         0.50000000000000000     
        4630    0.17261904761904778         0.37976190476190491         0.50000000000000000     
        4631    0.20714285714285730         0.37976190476190491         0.50000000000000000     
        4632    0.17261904761904778         0.41428571428571448         0.50000000000000000     
        4633    0.17261906101649604         0.44880952380952388         0.50000000484860019     
        4634    0.20714287054030556         0.44880952380952388         0.50000000392353827     
        4635    0.24166662692090357        -0.44880951781256928         0.50000001039897157     
        4636    0.27619043644471308        -0.44880951781256928         0.50000001039897157     
        4637    0.24166666666666681        -0.41428571428571426         0.50000000000000000     
        4638    0.24166666666666681        -0.37976190476190474         0.50000000000000000     
        4639    0.27619047619047632        -0.37976190476190474         0.50000000000000000     
        4640    0.24166666666666681        -0.34523809523809523         0.50000000000000000     
        4641    0.24166666666666681        -0.31071428571428572         0.50000000000000000     
        4642    0.27619047619047632        -0.31071428571428572         0.50000000000000000     
        4643    0.24166666666666681        -0.27619047619047621         0.50000000000000000     
        4644    0.24166666666666681        -0.24166666666666667         0.50000000000000000     
        4645    0.27619047619047632        -0.24166666666666667         0.50000000000000000     
        4646    0.24166666666666681        -0.20714285714285713         0.50000000000000000     
        4647    0.24166666666666681        -0.17261904761904759         0.50000000000000000     
        4648    0.27619047619047632        -0.17261904761904759         0.50000000000000000     
        4649    0.24166666666666681        -0.13809523809523805         0.50000000000000000     
        4650    0.24166666666666681        -0.10357142857142854         0.50000000000000000     
        4651    0.27619047619047632        -0.10357142857142854         0.50000000000000000     
        4652    0.24166666666666681         -6.9047619047619024E-002    0.50000000000000000     
        4653    0.24166666666666681         -3.4523809523809457E-002    0.50000000000000000     
        4654    0.27619047619047632         -3.4523809523809457E-002    0.50000000000000000     
        4655    0.24166666666666681          1.1102230246251565E-016    0.50000000000000000     
        4656    0.24166666666666681          3.4523809523809623E-002    0.50000000000000000     
        4657    0.27619047619047632          3.4523809523809623E-002    0.50000000000000000     
        4658    0.24166666666666681          6.9047619047619135E-002    0.50000000000000000     
        4659    0.24166666666666681         0.10357142857142870         0.50000000000000000     
        4660    0.27619047619047632         0.10357142857142870         0.50000000000000000     
        4661    0.24166666666666681         0.13809523809523827         0.50000000000000000     
        4662    0.24166666666666681         0.17261904761904778         0.50000000000000000     
        4663    0.27619047619047632         0.17261904761904778         0.50000000000000000     
        4664    0.24166666666666681         0.20714285714285730         0.50000000000000000     
        4665    0.24166666666666681         0.24166666666666681         0.50000000000000000     
        4666    0.27619047619047632         0.24166666666666681         0.50000000000000000     
        4667    0.24166666666666681         0.27619047619047632         0.50000000000000000     
        4668    0.24166666666666681         0.31071428571428583         0.50000000000000000     
        4669    0.27619047619047632         0.31071428571428583         0.50000000000000000     
        4670    0.24166666666666681         0.34523809523809534         0.50000000000000000     
        4671    0.24166666666666681         0.37976190476190491         0.50000000000000000     
        4672    0.27619047619047632         0.37976190476190491         0.50000000000000000     
        4673    0.24166666666666681         0.41428571428571448         0.50000000000000000     
        4674    0.24166668006411507         0.44880952380952388         0.50000000392353827     
        4675    0.27619048958792458         0.44880952380952388         0.50000000299847636     
        4676    0.31071424596852248        -0.44880951966269311         0.50000001132403349     
        4677    0.34523805549233200        -0.44880951966269311         0.50000001132403349     
        4678    0.31071428571428583        -0.41428571428571426         0.50000000000000000     
        4679    0.31071428571428583        -0.37976190476190474         0.50000000000000000     
        4680    0.34523809523809534        -0.37976190476190474         0.50000000000000000     
        4681    0.31071428571428583        -0.34523809523809523         0.50000000000000000     
        4682    0.31071428571428583        -0.31071428571428572         0.50000000000000000     
        4683    0.34523809523809534        -0.31071428571428572         0.50000000000000000     
        4684    0.31071428571428583        -0.27619047619047621         0.50000000000000000     
        4685    0.31071428571428583        -0.24166666666666667         0.50000000000000000     
        4686    0.34523809523809534        -0.24166666666666667         0.50000000000000000     
        4687    0.31071428571428583        -0.20714285714285713         0.50000000000000000     
        4688    0.31071428571428583        -0.17261904761904759         0.50000000000000000     
        4689    0.34523809523809534        -0.17261904761904759         0.50000000000000000     
        4690    0.31071428571428583        -0.13809523809523805         0.50000000000000000     
        4691    0.31071428571428583        -0.10357142857142854         0.50000000000000000     
        4692    0.34523809523809534        -0.10357142857142854         0.50000000000000000     
        4693    0.31071428571428583         -6.9047619047619024E-002    0.50000000000000000     
        4694    0.31071428571428583         -3.4523809523809457E-002    0.50000000000000000     
        4695    0.34523809523809534         -3.4523809523809457E-002    0.50000000000000000     
        4696    0.31071428571428583          1.1102230246251565E-016    0.50000000000000000     
        4697    0.31071428571428583          3.4523809523809623E-002    0.50000000000000000     
        4698    0.34523809523809534          3.4523809523809623E-002    0.50000000000000000     
        4699    0.31071428571428583          6.9047619047619135E-002    0.50000000000000000     
        4700    0.31071428571428583         0.10357142857142870         0.50000000000000000     
        4701    0.34523809523809534         0.10357142857142870         0.50000000000000000     
        4702    0.31071428571428583         0.13809523809523827         0.50000000000000000     
        4703    0.31071428571428583         0.17261904761904778         0.50000000000000000     
        4704    0.34523809523809534         0.17261904761904778         0.50000000000000000     
        4705    0.31071428571428583         0.20714285714285730         0.50000000000000000     
        4706    0.31071428571428583         0.24166666666666681         0.50000000000000000     
        4707    0.34523809523809534         0.24166666666666681         0.50000000000000000     
        4708    0.31071428571428583         0.27619047619047632         0.50000000000000000     
        4709    0.31071428571428583         0.31071428571428583         0.50000000000000000     
        4710    0.34523809523809534         0.31071428571428583         0.50000000000000000     
        4711    0.31071428571428583         0.34523809523809534         0.50000000000000000     
        4712    0.31071428571428583         0.37976190476190491         0.50000000000000000     
        4713    0.34523809523809534         0.37976190476190491         0.50000000000000000     
        4714    0.31071428571428583         0.41428571428571448         0.50000000000000000     
        4715    0.31071429911173409         0.44880952380952388         0.50000000299847636     
        4716    0.34523810863554361         0.44880952380952388         0.50000000207341444     
        4717    0.37976186501614151        -0.44880952151281689         0.50000001224909540     
        4718    0.41428567453995108        -0.44880952151281689         0.50000001224909540     
        4719    0.37976190476190491        -0.41428571428571426         0.50000000000000000     
        4720    0.37976190476190491        -0.37976190476190474         0.50000000000000000     
        4721    0.41428571428571448        -0.37976190476190474         0.50000000000000000     
        4722    0.37976190476190491        -0.34523809523809523         0.50000000000000000     
        4723    0.37976190476190491        -0.31071428571428572         0.50000000000000000     
        4724    0.41428571428571448        -0.31071428571428572         0.50000000000000000     
        4725    0.37976190476190491        -0.27619047619047621         0.50000000000000000     
        4726    0.37976190476190491        -0.24166666666666667         0.50000000000000000     
        4727    0.41428571428571448        -0.24166666666666667         0.50000000000000000     
        4728    0.37976190476190491        -0.20714285714285713         0.50000000000000000     
        4729    0.37976190476190491        -0.17261904761904759         0.50000000000000000     
        4730    0.41428571428571448        -0.17261904761904759         0.50000000000000000     
        4731    0.37976190476190491        -0.13809523809523805         0.50000000000000000     
        4732    0.37976190476190491        -0.10357142857142854         0.50000000000000000     
        4733    0.41428571428571448        -0.10357142857142854         0.50000000000000000     
        4734    0.37976190476190491         -6.9047619047619024E-002    0.50000000000000000     
        4735    0.37976190476190491         -3.4523809523809457E-002    0.50000000000000000     
        4736    0.41428571428571448         -3.4523809523809457E-002    0.50000000000000000     
        4737    0.37976190476190491          1.1102230246251565E-016    0.50000000000000000     
        4738    0.37976190476190491          3.4523809523809623E-002    0.50000000000000000     
        4739    0.41428571428571448          3.4523809523809623E-002    0.50000000000000000     
        4740    0.37976190476190491          6.9047619047619135E-002    0.50000000000000000     
        4741    0.37976190476190491         0.10357142857142870         0.50000000000000000     
        4742    0.41428571428571448         0.10357142857142870         0.50000000000000000     
        4743    0.37976190476190491         0.13809523809523827         0.50000000000000000     
        4744    0.37976190476190491         0.17261904761904778         0.50000000000000000     
        4745    0.41428571428571448         0.17261904761904778         0.50000000000000000     
        4746    0.37976190476190491         0.20714285714285730         0.50000000000000000     
        4747    0.37976190476190491         0.24166666666666681         0.50000000000000000     
        4748    0.41428571428571448         0.24166666666666681         0.50000000000000000     
        4749    0.37976190476190491         0.27619047619047632         0.50000000000000000     
        4750    0.37976190476190491         0.31071428571428583         0.50000000000000000     
        4751    0.41428571428571448         0.31071428571428583         0.50000000000000000     
        4752    0.37976190476190491         0.34523809523809534         0.50000000000000000     
        4753    0.37976190476190491         0.37976190476190491         0.50000000000000000     
        4754    0.41428571428571448         0.37976190476190491         0.50000000000000000     
        4755    0.37976190476190491         0.41428571428571448         0.50000000000000000     
        4756    0.37976191815935317         0.44880952380952388         0.50000000207341444     
        4757    0.41428572768316269         0.44880952380952388         0.50000000114835252     
        4758    0.44880948406376053        -0.44880952336294072         0.50000001317415732     
        4759    0.44880952392116930        -0.41428571428571426         0.50000000011164536     
        4760    0.44880952392116930        -0.37976190476190474         0.50000000011164536     
        4761    0.44880952392116930        -0.34523809523809523         0.50000000011164536     
        4762    0.44880952392116930        -0.31071428571428572         0.50000000011164536     
        4763    0.44880952392116930        -0.27619047619047621         0.50000000011164536     
        4764    0.44880952392116930        -0.24166666666666667         0.50000000011164536     
        4765    0.44880952392116930        -0.20714285714285713         0.50000000011164536     
        4766    0.44880952392116930        -0.17261904761904759         0.50000000011164536     
        4767    0.44880952392116930        -0.13809523809523805         0.50000000011164536     
        4768    0.44880952392116930        -0.10357142857142854         0.50000000011164536     
        4769    0.44880952392116930         -6.9047619047619024E-002    0.50000000011164536     
        4770    0.44880952392116930         -3.4523809523809457E-002    0.50000000011164536     
        4771    0.44880952392116930          1.1102230246251565E-016    0.50000000011164536     
        4772    0.44880952392116930          3.4523809523809623E-002    0.50000000011164536     
        4773    0.44880952392116930          6.9047619047619135E-002    0.50000000011164536     
        4774    0.44880952392116930         0.10357142857142870         0.50000000011164536     
        4775    0.44880952392116930         0.13809523809523827         0.50000000011164536     
        4776    0.44880952392116930         0.17261904761904778         0.50000000011164536     
        4777    0.44880952392116930         0.20714285714285730         0.50000000011164536     
        4778    0.44880952392116930         0.24166666666666681         0.50000000011164536     
        4779    0.44880952392116930         0.27619047619047632         0.50000000011164536     
        4780    0.44880952392116930         0.31071428571428583         0.50000000011164536     
        4781    0.44880952392116930         0.34523809523809534         0.50000000011164536     
        4782    0.44880952392116930         0.37976190476190491         0.50000000011164536     
        4783    0.44880952392116930         0.41428571428571448         0.50000000011164536     
        4784    0.44880953731861750         0.44880952380952388         0.50000000125999788     
        4785   -0.49583335968164755        -0.44880949746120807         0.49583333333333329     
        4786   -0.50000002634831431        -0.44880949701462647         0.48333333333333339     
        4787   -0.49583333333333335        -0.41428571428571426         0.49583333333333329     
        4788   -0.49583333333333335        -0.37976190476190474         0.49583333333333329     
        4789   -0.50000000000000000        -0.37976190476190474         0.48333333333333328     
        4790   -0.49583333333333335        -0.34523809523809523         0.49583333333333329     
        4791   -0.49583333333333335        -0.31071428571428572         0.49583333333333329     
        4792   -0.50000000000000000        -0.31071428571428572         0.48333333333333328     
        4793   -0.49583333333333335        -0.27619047619047621         0.49583333333333329     
        4794   -0.49583333333333335        -0.24166666666666667         0.49583333333333329     
        4795   -0.50000000000000000        -0.24166666666666667         0.48333333333333328     
        4796   -0.49583333333333335        -0.20714285714285713         0.49583333333333329     
        4797   -0.49583333333333335        -0.17261904761904759         0.49583333333333329     
        4798   -0.50000000000000000        -0.17261904761904759         0.48333333333333328     
        4799   -0.49583333333333335        -0.13809523809523805         0.49583333333333329     
        4800   -0.49583333333333335        -0.10357142857142854         0.49583333333333329     
        4801   -0.50000000000000000        -0.10357142857142854         0.48333333333333328     
        4802   -0.49583333333333335         -6.9047619047619024E-002    0.49583333333333329     
        4803   -0.49583333333333335         -3.4523809523809457E-002    0.49583333333333329     
        4804   -0.50000000000000000         -3.4523809523809457E-002    0.48333333333333328     
        4805   -0.49583333333333335          1.1102230246251565E-016    0.49583333333333329     
        4806   -0.49583333333333335          3.4523809523809623E-002    0.49583333333333329     
        4807   -0.50000000000000000          3.4523809523809623E-002    0.48333333333333328     
        4808   -0.49583333333333335          6.9047619047619135E-002    0.49583333333333329     
        4809   -0.49583333333333335         0.10357142857142870         0.49583333333333329     
        4810   -0.50000000000000000         0.10357142857142870         0.48333333333333328     
        4811   -0.49583333333333335         0.13809523809523827         0.49583333333333329     
        4812   -0.49583333333333335         0.17261904761904778         0.49583333333333329     
        4813   -0.50000000000000000         0.17261904761904778         0.48333333333333328     
        4814   -0.49583333333333335         0.20714285714285730         0.49583333333333329     
        4815   -0.49583333333333335         0.24166666666666681         0.49583333333333329     
        4816   -0.50000000000000000         0.24166666666666681         0.48333333333333328     
        4817   -0.49583333333333335         0.27619047619047632         0.49583333333333329     
        4818   -0.49583333333333335         0.31071428571428583         0.49583333333333329     
        4819   -0.50000000000000000         0.31071428571428583         0.48333333333333328     
        4820   -0.49583333333333335         0.34523809523809534         0.49583333333333329     
        4821   -0.49583333333333335         0.37976190476190491         0.49583333333333329     
        4822   -0.50000000000000000         0.37976190476190491         0.48333333333333328     
        4823   -0.49583333333333335         0.41428571428571448         0.49583333333333329     
        4824   -0.49583332015917569         0.44880952380952388         0.49583334673078144     
        4825   -0.49999998682584235         0.44880952380952388         0.48333334673078143     
        4826   -0.49583335968164766        -0.44880949701462647        -0.49583333333333335     
        4827   -0.50000002623666884        -0.44880949701462647        -0.48333333322168792     
        4828   -0.49583333322168788        -0.41428571428571426        -0.49583333322168788     
        4829   -0.49583333322168788        -0.37976190476190474        -0.49583333322168788     
        4830   -0.49999999977670917        -0.37976190476190474        -0.48333333311004251     
        4831   -0.49583333322168788        -0.34523809523809523        -0.49583333322168788     
        4832   -0.49583333322168788        -0.31071428571428572        -0.49583333322168788     
        4833   -0.49999999977670917        -0.31071428571428572        -0.48333333311004251     
        4834   -0.49583333322168788        -0.27619047619047621        -0.49583333322168788     
        4835   -0.49583333322168788        -0.24166666666666667        -0.49583333322168788     
        4836   -0.49999999977670917        -0.24166666666666667        -0.48333333311004251     
        4837   -0.49583333322168788        -0.20714285714285713        -0.49583333322168788     
        4838   -0.49583333322168788        -0.17261904761904759        -0.49583333322168788     
        4839   -0.49999999977670917        -0.17261904761904759        -0.48333333311004251     
        4840   -0.49583333322168788        -0.13809523809523805        -0.49583333322168788     
        4841   -0.49583333322168788        -0.10357142857142854        -0.49583333322168788     
        4842   -0.49999999977670917        -0.10357142857142854        -0.48333333311004251     
        4843   -0.49583333322168788         -6.9047619047619024E-002   -0.49583333322168788     
        4844   -0.49583333322168788         -3.4523809523809457E-002   -0.49583333322168788     
        4845   -0.49999999977670917         -3.4523809523809457E-002   -0.48333333311004251     
        4846   -0.49583333322168788          1.1102230246251565E-016   -0.49583333322168788     
        4847   -0.49583333322168788          3.4523809523809623E-002   -0.49583333322168788     
        4848   -0.49999999977670917          3.4523809523809623E-002   -0.48333333311004251     
        4849   -0.49583333322168788          6.9047619047619135E-002   -0.49583333322168788     
        4850   -0.49583333322168788         0.10357142857142870        -0.49583333322168788     
        4851   -0.49999999977670917         0.10357142857142870        -0.48333333311004251     
        4852   -0.49583333322168788         0.13809523809523827        -0.49583333322168788     
        4853   -0.49583333322168788         0.17261904761904778        -0.49583333322168788     
        4854   -0.49999999977670917         0.17261904761904778        -0.48333333311004251     
        4855   -0.49583333322168788         0.20714285714285730        -0.49583333322168788     
        4856   -0.49583333322168788         0.24166666666666681        -0.49583333322168788     
        4857   -0.49999999977670917         0.24166666666666681        -0.48333333311004251     
        4858   -0.49583333322168788         0.27619047619047632        -0.49583333322168788     
        4859   -0.49583333322168788         0.31071428571428583        -0.49583333322168788     
        4860   -0.49999999977670917         0.31071428571428583        -0.48333333311004251     
        4861   -0.49583333322168788         0.34523809523809534        -0.49583333322168788     
        4862   -0.49583333322168788         0.37976190476190491        -0.49583333322168788     
        4863   -0.49999999977670917         0.37976190476190491        -0.48333333311004251     
        4864   -0.49583333322168788         0.41428571428571448        -0.49583333322168788     
        4865   -0.49583336001658374         0.44880952380952388        -0.49583330687337224     
        4866   -0.50000002623666884         0.44880952380952388        -0.48333330642679073     
        4867   -0.50000002623666884        -0.44880949701462647        -0.44880952369787841     
        4868   -0.50000002634831431        -0.44880949701462647        -0.41428571428571426     
        4869   -0.49999999988835458        -0.41428571428571426        -0.44880952369787841     
        4870   -0.50000002634831431        -0.44880949701462647        -0.37976190476190474     
        4871   -0.50000002634831431        -0.44880949701462647        -0.34523809523809523     
        4872   -0.50000000000000000        -0.41428571428571426        -0.37976190476190474     
        4873   -0.50000002634831431        -0.44880949701462647        -0.31071428571428572     
        4874   -0.50000002634831431        -0.44880949701462647        -0.27619047619047621     
        4875   -0.50000000000000000        -0.41428571428571426        -0.31071428571428572     
        4876   -0.50000002634831431        -0.44880949701462647        -0.24166666666666667     
        4877   -0.50000002634831431        -0.44880949701462647        -0.20714285714285713     
        4878   -0.50000000000000000        -0.41428571428571426        -0.24166666666666667     
        4879   -0.50000002634831431        -0.44880949701462647        -0.17261904761904759     
        4880   -0.50000002634831431        -0.44880949701462647        -0.13809523809523805     
        4881   -0.50000000000000000        -0.41428571428571426        -0.17261904761904759     
        4882   -0.50000002634831431        -0.44880949701462647        -0.10357142857142854     
        4883   -0.50000002634831431        -0.44880949701462647         -6.9047619047619024E-002
        4884   -0.50000000000000000        -0.41428571428571426        -0.10357142857142854     
        4885   -0.50000002634831431        -0.44880949701462647         -3.4523809523809457E-002
        4886   -0.50000002634831431        -0.44880949701462647          1.1102230246251565E-016
        4887   -0.50000000000000000        -0.41428571428571426         -3.4523809523809457E-002
        4888   -0.50000002634831431        -0.44880949701462647          3.4523809523809623E-002
        4889   -0.50000002634831431        -0.44880949701462647          6.9047619047619135E-002
        4890   -0.50000000000000000        -0.41428571428571426          3.4523809523809623E-002
        4891   -0.50000002634831431        -0.44880949701462647         0.10357142857142870     
        4892   -0.50000002634831431        -0.44880949701462647         0.13809523809523827     
        4893   -0.50000000000000000        -0.41428571428571426         0.10357142857142870     
        4894   -0.50000002634831431        -0.44880949701462647         0.17261904761904778     
        4895   -0.50000002634831431        -0.44880949701462647         0.20714285714285730     
        4896   -0.50000000000000000        -0.41428571428571426         0.17261904761904778     
        4897   -0.50000002634831431        -0.44880949701462647         0.24166666666666681     
        4898   -0.50000002634831431        -0.44880949701462647         0.27619047619047632     
        4899   -0.50000000000000000        -0.41428571428571426         0.24166666666666681     
        4900   -0.50000002634831431        -0.44880949701462647         0.31071428571428583     
        4901   -0.50000002634831431        -0.44880949701462647         0.34523809523809534     
        4902   -0.50000000000000000        -0.41428571428571426         0.31071428571428583     
        4903   -0.50000002634831431        -0.44880949701462647         0.37976190476190491     
        4904   -0.50000002634831431        -0.44880949701462647         0.41428571428571448     
        4905   -0.50000000000000000        -0.41428571428571426         0.37976190476190491     
        4906   -0.50000002634831431        -0.44880949701462647         0.44880952380952399     
        4907   -0.50000000000000000        -0.41428571428571426         0.44880952380952388     
        4908   -0.49999999988835458        -0.37976190476190474        -0.44880952369787841     
        4909   -0.50000000000000000        -0.37976190476190474        -0.41428571428571426     
        4910   -0.49999999988835458        -0.34523809523809523        -0.44880952369787841     
        4911   -0.50000000000000000        -0.37976190476190474        -0.37976190476190474     
        4912   -0.50000000000000000        -0.37976190476190474        -0.34523809523809523     
        4913   -0.50000000000000000        -0.34523809523809523        -0.37976190476190474     
        4914   -0.50000000000000000        -0.37976190476190474        -0.31071428571428572     
        4915   -0.50000000000000000        -0.37976190476190474        -0.27619047619047621     
        4916   -0.50000000000000000        -0.34523809523809523        -0.31071428571428572     
        4917   -0.50000000000000000        -0.37976190476190474        -0.24166666666666667     
        4918   -0.50000000000000000        -0.37976190476190474        -0.20714285714285713     
        4919   -0.50000000000000000        -0.34523809523809523        -0.24166666666666667     
        4920   -0.50000000000000000        -0.37976190476190474        -0.17261904761904759     
        4921   -0.50000000000000000        -0.37976190476190474        -0.13809523809523805     
        4922   -0.50000000000000000        -0.34523809523809523        -0.17261904761904759     
        4923   -0.50000000000000000        -0.37976190476190474        -0.10357142857142854     
        4924   -0.50000000000000000        -0.37976190476190474         -6.9047619047619024E-002
        4925   -0.50000000000000000        -0.34523809523809523        -0.10357142857142854     
        4926   -0.50000000000000000        -0.37976190476190474         -3.4523809523809457E-002
        4927   -0.50000000000000000        -0.37976190476190474          1.1102230246251565E-016
        4928   -0.50000000000000000        -0.34523809523809523         -3.4523809523809457E-002
        4929   -0.50000000000000000        -0.37976190476190474          3.4523809523809623E-002
        4930   -0.50000000000000000        -0.37976190476190474          6.9047619047619135E-002
        4931   -0.50000000000000000        -0.34523809523809523          3.4523809523809623E-002
        4932   -0.50000000000000000        -0.37976190476190474         0.10357142857142870     
        4933   -0.50000000000000000        -0.37976190476190474         0.13809523809523827     
        4934   -0.50000000000000000        -0.34523809523809523         0.10357142857142870     
        4935   -0.50000000000000000        -0.37976190476190474         0.17261904761904778     
        4936   -0.50000000000000000        -0.37976190476190474         0.20714285714285730     
        4937   -0.50000000000000000        -0.34523809523809523         0.17261904761904778     
        4938   -0.50000000000000000        -0.37976190476190474         0.24166666666666681     
        4939   -0.50000000000000000        -0.37976190476190474         0.27619047619047632     
        4940   -0.50000000000000000        -0.34523809523809523         0.24166666666666681     
        4941   -0.50000000000000000        -0.37976190476190474         0.31071428571428583     
        4942   -0.50000000000000000        -0.37976190476190474         0.34523809523809534     
        4943   -0.50000000000000000        -0.34523809523809523         0.31071428571428583     
        4944   -0.50000000000000000        -0.37976190476190474         0.37976190476190491     
        4945   -0.50000000000000000        -0.37976190476190474         0.41428571428571448     
        4946   -0.50000000000000000        -0.34523809523809523         0.37976190476190491     
        4947   -0.50000000000000000        -0.37976190476190474         0.44880952380952388     
        4948   -0.50000000000000000        -0.34523809523809523         0.44880952380952388     
        4949   -0.49999999988835458        -0.31071428571428572        -0.44880952369787841     
        4950   -0.50000000000000000        -0.31071428571428572        -0.41428571428571426     
        4951   -0.49999999988835458        -0.27619047619047621        -0.44880952369787841     
        4952   -0.50000000000000000        -0.31071428571428572        -0.37976190476190474     
        4953   -0.50000000000000000        -0.31071428571428572        -0.34523809523809523     
        4954   -0.50000000000000000        -0.27619047619047621        -0.37976190476190474     
        4955   -0.50000000000000000        -0.31071428571428572        -0.31071428571428572     
        4956   -0.50000000000000000        -0.31071428571428572        -0.27619047619047621     
        4957   -0.50000000000000000        -0.27619047619047621        -0.31071428571428572     
        4958   -0.50000000000000000        -0.31071428571428572        -0.24166666666666667     
        4959   -0.50000000000000000        -0.31071428571428572        -0.20714285714285713     
        4960   -0.50000000000000000        -0.27619047619047621        -0.24166666666666667     
        4961   -0.50000000000000000        -0.31071428571428572        -0.17261904761904759     
        4962   -0.50000000000000000        -0.31071428571428572        -0.13809523809523805     
        4963   -0.50000000000000000        -0.27619047619047621        -0.17261904761904759     
        4964   -0.50000000000000000        -0.31071428571428572        -0.10357142857142854     
        4965   -0.50000000000000000        -0.31071428571428572         -6.9047619047619024E-002
        4966   -0.50000000000000000        -0.27619047619047621        -0.10357142857142854     
        4967   -0.50000000000000000        -0.31071428571428572         -3.4523809523809457E-002
        4968   -0.50000000000000000        -0.31071428571428572          1.1102230246251565E-016
        4969   -0.50000000000000000        -0.27619047619047621         -3.4523809523809457E-002
        4970   -0.50000000000000000        -0.31071428571428572          3.4523809523809623E-002
        4971   -0.50000000000000000        -0.31071428571428572          6.9047619047619135E-002
        4972   -0.50000000000000000        -0.27619047619047621          3.4523809523809623E-002
        4973   -0.50000000000000000        -0.31071428571428572         0.10357142857142870     
        4974   -0.50000000000000000        -0.31071428571428572         0.13809523809523827     
        4975   -0.50000000000000000        -0.27619047619047621         0.10357142857142870     
        4976   -0.50000000000000000        -0.31071428571428572         0.17261904761904778     
        4977   -0.50000000000000000        -0.31071428571428572         0.20714285714285730     
        4978   -0.50000000000000000        -0.27619047619047621         0.17261904761904778     
        4979   -0.50000000000000000        -0.31071428571428572         0.24166666666666681     
        4980   -0.50000000000000000        -0.31071428571428572         0.27619047619047632     
        4981   -0.50000000000000000        -0.27619047619047621         0.24166666666666681     
        4982   -0.50000000000000000        -0.31071428571428572         0.31071428571428583     
        4983   -0.50000000000000000        -0.31071428571428572         0.34523809523809534     
        4984   -0.50000000000000000        -0.27619047619047621         0.31071428571428583     
        4985   -0.50000000000000000        -0.31071428571428572         0.37976190476190491     
        4986   -0.50000000000000000        -0.31071428571428572         0.41428571428571448     
        4987   -0.50000000000000000        -0.27619047619047621         0.37976190476190491     
        4988   -0.50000000000000000        -0.31071428571428572         0.44880952380952388     
        4989   -0.50000000000000000        -0.27619047619047621         0.44880952380952388     
        4990   -0.49999999988835458        -0.24166666666666667        -0.44880952369787841     
        4991   -0.50000000000000000        -0.24166666666666667        -0.41428571428571426     
        4992   -0.49999999988835458        -0.20714285714285713        -0.44880952369787841     
        4993   -0.50000000000000000        -0.24166666666666667        -0.37976190476190474     
        4994   -0.50000000000000000        -0.24166666666666667        -0.34523809523809523     
        4995   -0.50000000000000000        -0.20714285714285713        -0.37976190476190474     
        4996   -0.50000000000000000        -0.24166666666666667        -0.31071428571428572     
        4997   -0.50000000000000000        -0.24166666666666667        -0.27619047619047621     
        4998   -0.50000000000000000        -0.20714285714285713        -0.31071428571428572     
        4999   -0.50000000000000000        -0.24166666666666667        -0.24166666666666667     
        5000   -0.50000000000000000        -0.24166666666666667        -0.20714285714285713     
        5001   -0.50000000000000000        -0.20714285714285713        -0.24166666666666667     
        5002   -0.50000000000000000        -0.24166666666666667        -0.17261904761904759     
        5003   -0.50000000000000000        -0.24166666666666667        -0.13809523809523805     
        5004   -0.50000000000000000        -0.20714285714285713        -0.17261904761904759     
        5005   -0.50000000000000000        -0.24166666666666667        -0.10357142857142854     
        5006   -0.50000000000000000        -0.24166666666666667         -6.9047619047619024E-002
        5007   -0.50000000000000000        -0.20714285714285713        -0.10357142857142854     
        5008   -0.50000000000000000        -0.24166666666666667         -3.4523809523809457E-002
        5009   -0.50000000000000000        -0.24166666666666667          1.1102230246251565E-016
        5010   -0.50000000000000000        -0.20714285714285713         -3.4523809523809457E-002
        5011   -0.50000000000000000        -0.24166666666666667          3.4523809523809623E-002
        5012   -0.50000000000000000        -0.24166666666666667          6.9047619047619135E-002
        5013   -0.50000000000000000        -0.20714285714285713          3.4523809523809623E-002
        5014   -0.50000000000000000        -0.24166666666666667         0.10357142857142870     
        5015   -0.50000000000000000        -0.24166666666666667         0.13809523809523827     
        5016   -0.50000000000000000        -0.20714285714285713         0.10357142857142870     
        5017   -0.50000000000000000        -0.24166666666666667         0.17261904761904778     
        5018   -0.50000000000000000        -0.24166666666666667         0.20714285714285730     
        5019   -0.50000000000000000        -0.20714285714285713         0.17261904761904778     
        5020   -0.50000000000000000        -0.24166666666666667         0.24166666666666681     
        5021   -0.50000000000000000        -0.24166666666666667         0.27619047619047632     
        5022   -0.50000000000000000        -0.20714285714285713         0.24166666666666681     
        5023   -0.50000000000000000        -0.24166666666666667         0.31071428571428583     
        5024   -0.50000000000000000        -0.24166666666666667         0.34523809523809534     
        5025   -0.50000000000000000        -0.20714285714285713         0.31071428571428583     
        5026   -0.50000000000000000        -0.24166666666666667         0.37976190476190491     
        5027   -0.50000000000000000        -0.24166666666666667         0.41428571428571448     
        5028   -0.50000000000000000        -0.20714285714285713         0.37976190476190491     
        5029   -0.50000000000000000        -0.24166666666666667         0.44880952380952388     
        5030   -0.50000000000000000        -0.20714285714285713         0.44880952380952388     
        5031   -0.49999999988835458        -0.17261904761904759        -0.44880952369787841     
        5032   -0.50000000000000000        -0.17261904761904759        -0.41428571428571426     
        5033   -0.49999999988835458        -0.13809523809523805        -0.44880952369787841     
        5034   -0.50000000000000000        -0.17261904761904759        -0.37976190476190474     
        5035   -0.50000000000000000        -0.17261904761904759        -0.34523809523809523     
        5036   -0.50000000000000000        -0.13809523809523805        -0.37976190476190474     
        5037   -0.50000000000000000        -0.17261904761904759        -0.31071428571428572     
        5038   -0.50000000000000000        -0.17261904761904759        -0.27619047619047621     
        5039   -0.50000000000000000        -0.13809523809523805        -0.31071428571428572     
        5040   -0.50000000000000000        -0.17261904761904759        -0.24166666666666667     
        5041   -0.50000000000000000        -0.17261904761904759        -0.20714285714285713     
        5042   -0.50000000000000000        -0.13809523809523805        -0.24166666666666667     
        5043   -0.50000000000000000        -0.17261904761904759        -0.17261904761904759     
        5044   -0.50000000000000000        -0.17261904761904759        -0.13809523809523805     
        5045   -0.50000000000000000        -0.13809523809523805        -0.17261904761904759     
        5046   -0.50000000000000000        -0.17261904761904759        -0.10357142857142854     
        5047   -0.50000000000000000        -0.17261904761904759         -6.9047619047619024E-002
        5048   -0.50000000000000000        -0.13809523809523805        -0.10357142857142854     
        5049   -0.50000000000000000        -0.17261904761904759         -3.4523809523809457E-002
        5050   -0.50000000000000000        -0.17261904761904759          1.1102230246251565E-016
        5051   -0.50000000000000000        -0.13809523809523805         -3.4523809523809457E-002
        5052   -0.50000000000000000        -0.17261904761904759          3.4523809523809623E-002
        5053   -0.50000000000000000        -0.17261904761904759          6.9047619047619135E-002
        5054   -0.50000000000000000        -0.13809523809523805          3.4523809523809623E-002
        5055   -0.50000000000000000        -0.17261904761904759         0.10357142857142870     
        5056   -0.50000000000000000        -0.17261904761904759         0.13809523809523827     
        5057   -0.50000000000000000        -0.13809523809523805         0.10357142857142870     
        5058   -0.50000000000000000        -0.17261904761904759         0.17261904761904778     
        5059   -0.50000000000000000        -0.17261904761904759         0.20714285714285730     
        5060   -0.50000000000000000        -0.13809523809523805         0.17261904761904778     
        5061   -0.50000000000000000        -0.17261904761904759         0.24166666666666681     
        5062   -0.50000000000000000        -0.17261904761904759         0.27619047619047632     
        5063   -0.50000000000000000        -0.13809523809523805         0.24166666666666681     
        5064   -0.50000000000000000        -0.17261904761904759         0.31071428571428583     
        5065   -0.50000000000000000        -0.17261904761904759         0.34523809523809534     
        5066   -0.50000000000000000        -0.13809523809523805         0.31071428571428583     
        5067   -0.50000000000000000        -0.17261904761904759         0.37976190476190491     
        5068   -0.50000000000000000        -0.17261904761904759         0.41428571428571448     
        5069   -0.50000000000000000        -0.13809523809523805         0.37976190476190491     
        5070   -0.50000000000000000        -0.17261904761904759         0.44880952380952388     
        5071   -0.50000000000000000        -0.13809523809523805         0.44880952380952388     
        5072   -0.49999999988835458        -0.10357142857142854        -0.44880952369787841     
        5073   -0.50000000000000000        -0.10357142857142854        -0.41428571428571426     
        5074   -0.49999999988835458         -6.9047619047619024E-002   -0.44880952369787841     
        5075   -0.50000000000000000        -0.10357142857142854        -0.37976190476190474     
        5076   -0.50000000000000000        -0.10357142857142854        -0.34523809523809523     
        5077   -0.50000000000000000         -6.9047619047619024E-002   -0.37976190476190474     
        5078   -0.50000000000000000        -0.10357142857142854        -0.31071428571428572     
        5079   -0.50000000000000000        -0.10357142857142854        -0.27619047619047621     
        5080   -0.50000000000000000         -6.9047619047619024E-002   -0.31071428571428572     
        5081   -0.50000000000000000        -0.10357142857142854        -0.24166666666666667     
        5082   -0.50000000000000000        -0.10357142857142854        -0.20714285714285713     
        5083   -0.50000000000000000         -6.9047619047619024E-002   -0.24166666666666667     
        5084   -0.50000000000000000        -0.10357142857142854        -0.17261904761904759     
        5085   -0.50000000000000000        -0.10357142857142854        -0.13809523809523805     
        5086   -0.50000000000000000         -6.9047619047619024E-002   -0.17261904761904759     
        5087   -0.50000000000000000        -0.10357142857142854        -0.10357142857142854     
        5088   -0.50000000000000000        -0.10357142857142854         -6.9047619047619024E-002
        5089   -0.50000000000000000         -6.9047619047619024E-002   -0.10357142857142854     
        5090   -0.50000000000000000        -0.10357142857142854         -3.4523809523809457E-002
        5091   -0.50000000000000000        -0.10357142857142854          1.1102230246251565E-016
        5092   -0.50000000000000000         -6.9047619047619024E-002    -3.4523809523809457E-002
        5093   -0.50000000000000000        -0.10357142857142854          3.4523809523809623E-002
        5094   -0.50000000000000000        -0.10357142857142854          6.9047619047619135E-002
        5095   -0.50000000000000000         -6.9047619047619024E-002     3.4523809523809623E-002
        5096   -0.50000000000000000        -0.10357142857142854         0.10357142857142870     
        5097   -0.50000000000000000        -0.10357142857142854         0.13809523809523827     
        5098   -0.50000000000000000         -6.9047619047619024E-002    0.10357142857142870     
        5099   -0.50000000000000000        -0.10357142857142854         0.17261904761904778     
        5100   -0.50000000000000000        -0.10357142857142854         0.20714285714285730     
        5101   -0.50000000000000000         -6.9047619047619024E-002    0.17261904761904778     
        5102   -0.50000000000000000        -0.10357142857142854         0.24166666666666681     
        5103   -0.50000000000000000        -0.10357142857142854         0.27619047619047632     
        5104   -0.50000000000000000         -6.9047619047619024E-002    0.24166666666666681     
        5105   -0.50000000000000000        -0.10357142857142854         0.31071428571428583     
        5106   -0.50000000000000000        -0.10357142857142854         0.34523809523809534     
        5107   -0.50000000000000000         -6.9047619047619024E-002    0.31071428571428583     
        5108   -0.50000000000000000        -0.10357142857142854         0.37976190476190491     
        5109   -0.50000000000000000        -0.10357142857142854         0.41428571428571448     
        5110   -0.50000000000000000         -6.9047619047619024E-002    0.37976190476190491     
        5111   -0.50000000000000000        -0.10357142857142854         0.44880952380952388     
        5112   -0.50000000000000000         -6.9047619047619024E-002    0.44880952380952388     
        5113   -0.49999999988835458         -3.4523809523809457E-002   -0.44880952369787841     
        5114   -0.50000000000000000         -3.4523809523809457E-002   -0.41428571428571426     
        5115   -0.49999999988835458          1.1102230246251565E-016   -0.44880952369787841     
        5116   -0.50000000000000000         -3.4523809523809457E-002   -0.37976190476190474     
        5117   -0.50000000000000000         -3.4523809523809457E-002   -0.34523809523809523     
        5118   -0.50000000000000000          1.1102230246251565E-016   -0.37976190476190474     
        5119   -0.50000000000000000         -3.4523809523809457E-002   -0.31071428571428572     
        5120   -0.50000000000000000         -3.4523809523809457E-002   -0.27619047619047621     
        5121   -0.50000000000000000          1.1102230246251565E-016   -0.31071428571428572     
        5122   -0.50000000000000000         -3.4523809523809457E-002   -0.24166666666666667     
        5123   -0.50000000000000000         -3.4523809523809457E-002   -0.20714285714285713     
        5124   -0.50000000000000000          1.1102230246251565E-016   -0.24166666666666667     
        5125   -0.50000000000000000         -3.4523809523809457E-002   -0.17261904761904759     
        5126   -0.50000000000000000         -3.4523809523809457E-002   -0.13809523809523805     
        5127   -0.50000000000000000          1.1102230246251565E-016   -0.17261904761904759     
        5128   -0.50000000000000000         -3.4523809523809457E-002   -0.10357142857142854     
        5129   -0.50000000000000000         -3.4523809523809457E-002    -6.9047619047619024E-002
        5130   -0.50000000000000000          1.1102230246251565E-016   -0.10357142857142854     
        5131   -0.50000000000000000         -3.4523809523809457E-002    -3.4523809523809457E-002
        5132   -0.50000000000000000         -3.4523809523809457E-002     1.1102230246251565E-016
        5133   -0.50000000000000000          1.1102230246251565E-016    -3.4523809523809457E-002
        5134   -0.50000000000000000         -3.4523809523809457E-002     3.4523809523809623E-002
        5135   -0.50000000000000000         -3.4523809523809457E-002     6.9047619047619135E-002
        5136   -0.50000000000000000          1.1102230246251565E-016     3.4523809523809623E-002
        5137   -0.50000000000000000         -3.4523809523809457E-002    0.10357142857142870     
        5138   -0.50000000000000000         -3.4523809523809457E-002    0.13809523809523827     
        5139   -0.50000000000000000          1.1102230246251565E-016    0.10357142857142870     
        5140   -0.50000000000000000         -3.4523809523809457E-002    0.17261904761904778     
        5141   -0.50000000000000000         -3.4523809523809457E-002    0.20714285714285730     
        5142   -0.50000000000000000          1.1102230246251565E-016    0.17261904761904778     
        5143   -0.50000000000000000         -3.4523809523809457E-002    0.24166666666666681     
        5144   -0.50000000000000000         -3.4523809523809457E-002    0.27619047619047632     
        5145   -0.50000000000000000          1.1102230246251565E-016    0.24166666666666681     
        5146   -0.50000000000000000         -3.4523809523809457E-002    0.31071428571428583     
        5147   -0.50000000000000000         -3.4523809523809457E-002    0.34523809523809534     
        5148   -0.50000000000000000          1.1102230246251565E-016    0.31071428571428583     
        5149   -0.50000000000000000         -3.4523809523809457E-002    0.37976190476190491     
        5150   -0.50000000000000000         -3.4523809523809457E-002    0.41428571428571448     
        5151   -0.50000000000000000          1.1102230246251565E-016    0.37976190476190491     
        5152   -0.50000000000000000         -3.4523809523809457E-002    0.44880952380952388     
        5153   -0.50000000000000000          1.1102230246251565E-016    0.44880952380952388     
        5154   -0.49999999988835458          3.4523809523809623E-002   -0.44880952369787841     
        5155   -0.50000000000000000          3.4523809523809623E-002   -0.41428571428571426     
        5156   -0.49999999988835458          6.9047619047619135E-002   -0.44880952369787841     
        5157   -0.50000000000000000          3.4523809523809623E-002   -0.37976190476190474     
        5158   -0.50000000000000000          3.4523809523809623E-002   -0.34523809523809523     
        5159   -0.50000000000000000          6.9047619047619135E-002   -0.37976190476190474     
        5160   -0.50000000000000000          3.4523809523809623E-002   -0.31071428571428572     
        5161   -0.50000000000000000          3.4523809523809623E-002   -0.27619047619047621     
        5162   -0.50000000000000000          6.9047619047619135E-002   -0.31071428571428572     
        5163   -0.50000000000000000          3.4523809523809623E-002   -0.24166666666666667     
        5164   -0.50000000000000000          3.4523809523809623E-002   -0.20714285714285713     
        5165   -0.50000000000000000          6.9047619047619135E-002   -0.24166666666666667     
        5166   -0.50000000000000000          3.4523809523809623E-002   -0.17261904761904759     
        5167   -0.50000000000000000          3.4523809523809623E-002   -0.13809523809523805     
        5168   -0.50000000000000000          6.9047619047619135E-002   -0.17261904761904759     
        5169   -0.50000000000000000          3.4523809523809623E-002   -0.10357142857142854     
        5170   -0.50000000000000000          3.4523809523809623E-002    -6.9047619047619024E-002
        5171   -0.50000000000000000          6.9047619047619135E-002   -0.10357142857142854     
        5172   -0.50000000000000000          3.4523809523809623E-002    -3.4523809523809457E-002
        5173   -0.50000000000000000          3.4523809523809623E-002     1.1102230246251565E-016
        5174   -0.50000000000000000          6.9047619047619135E-002    -3.4523809523809457E-002
        5175   -0.50000000000000000          3.4523809523809623E-002     3.4523809523809623E-002
        5176   -0.50000000000000000          3.4523809523809623E-002     6.9047619047619135E-002
        5177   -0.50000000000000000          6.9047619047619135E-002     3.4523809523809623E-002
        5178   -0.50000000000000000          3.4523809523809623E-002    0.10357142857142870     
        5179   -0.50000000000000000          3.4523809523809623E-002    0.13809523809523827     
        5180   -0.50000000000000000          6.9047619047619135E-002    0.10357142857142870     
        5181   -0.50000000000000000          3.4523809523809623E-002    0.17261904761904778     
        5182   -0.50000000000000000          3.4523809523809623E-002    0.20714285714285730     
        5183   -0.50000000000000000          6.9047619047619135E-002    0.17261904761904778     
        5184   -0.50000000000000000          3.4523809523809623E-002    0.24166666666666681     
        5185   -0.50000000000000000          3.4523809523809623E-002    0.27619047619047632     
        5186   -0.50000000000000000          6.9047619047619135E-002    0.24166666666666681     
        5187   -0.50000000000000000          3.4523809523809623E-002    0.31071428571428583     
        5188   -0.50000000000000000          3.4523809523809623E-002    0.34523809523809534     
        5189   -0.50000000000000000          6.9047619047619135E-002    0.31071428571428583     
        5190   -0.50000000000000000          3.4523809523809623E-002    0.37976190476190491     
        5191   -0.50000000000000000          3.4523809523809623E-002    0.41428571428571448     
        5192   -0.50000000000000000          6.9047619047619135E-002    0.37976190476190491     
        5193   -0.50000000000000000          3.4523809523809623E-002    0.44880952380952388     
        5194   -0.50000000000000000          6.9047619047619135E-002    0.44880952380952388     
        5195   -0.49999999988835458         0.10357142857142870        -0.44880952369787841     
        5196   -0.50000000000000000         0.10357142857142870        -0.41428571428571426     
        5197   -0.49999999988835458         0.13809523809523827        -0.44880952369787841     
        5198   -0.50000000000000000         0.10357142857142870        -0.37976190476190474     
        5199   -0.50000000000000000         0.10357142857142870        -0.34523809523809523     
        5200   -0.50000000000000000         0.13809523809523827        -0.37976190476190474     
        5201   -0.50000000000000000         0.10357142857142870        -0.31071428571428572     
        5202   -0.50000000000000000         0.10357142857142870        -0.27619047619047621     
        5203   -0.50000000000000000         0.13809523809523827        -0.31071428571428572     
        5204   -0.50000000000000000         0.10357142857142870        -0.24166666666666667     
        5205   -0.50000000000000000         0.10357142857142870        -0.20714285714285713     
        5206   -0.50000000000000000         0.13809523809523827        -0.24166666666666667     
        5207   -0.50000000000000000         0.10357142857142870        -0.17261904761904759     
        5208   -0.50000000000000000         0.10357142857142870        -0.13809523809523805     
        5209   -0.50000000000000000         0.13809523809523827        -0.17261904761904759     
        5210   -0.50000000000000000         0.10357142857142870        -0.10357142857142854     
        5211   -0.50000000000000000         0.10357142857142870         -6.9047619047619024E-002
        5212   -0.50000000000000000         0.13809523809523827        -0.10357142857142854     
        5213   -0.50000000000000000         0.10357142857142870         -3.4523809523809457E-002
        5214   -0.50000000000000000         0.10357142857142870          1.1102230246251565E-016
        5215   -0.50000000000000000         0.13809523809523827         -3.4523809523809457E-002
        5216   -0.50000000000000000         0.10357142857142870          3.4523809523809623E-002
        5217   -0.50000000000000000         0.10357142857142870          6.9047619047619135E-002
        5218   -0.50000000000000000         0.13809523809523827          3.4523809523809623E-002
        5219   -0.50000000000000000         0.10357142857142870         0.10357142857142870     
        5220   -0.50000000000000000         0.10357142857142870         0.13809523809523827     
        5221   -0.50000000000000000         0.13809523809523827         0.10357142857142870     
        5222   -0.50000000000000000         0.10357142857142870         0.17261904761904778     
        5223   -0.50000000000000000         0.10357142857142870         0.20714285714285730     
        5224   -0.50000000000000000         0.13809523809523827         0.17261904761904778     
        5225   -0.50000000000000000         0.10357142857142870         0.24166666666666681     
        5226   -0.50000000000000000         0.10357142857142870         0.27619047619047632     
        5227   -0.50000000000000000         0.13809523809523827         0.24166666666666681     
        5228   -0.50000000000000000         0.10357142857142870         0.31071428571428583     
        5229   -0.50000000000000000         0.10357142857142870         0.34523809523809534     
        5230   -0.50000000000000000         0.13809523809523827         0.31071428571428583     
        5231   -0.50000000000000000         0.10357142857142870         0.37976190476190491     
        5232   -0.50000000000000000         0.10357142857142870         0.41428571428571448     
        5233   -0.50000000000000000         0.13809523809523827         0.37976190476190491     
        5234   -0.50000000000000000         0.10357142857142870         0.44880952380952388     
        5235   -0.50000000000000000         0.13809523809523827         0.44880952380952388     
        5236   -0.49999999988835458         0.17261904761904778        -0.44880952369787841     
        5237   -0.50000000000000000         0.17261904761904778        -0.41428571428571426     
        5238   -0.49999999988835458         0.20714285714285730        -0.44880952369787841     
        5239   -0.50000000000000000         0.17261904761904778        -0.37976190476190474     
        5240   -0.50000000000000000         0.17261904761904778        -0.34523809523809523     
        5241   -0.50000000000000000         0.20714285714285730        -0.37976190476190474     
        5242   -0.50000000000000000         0.17261904761904778        -0.31071428571428572     
        5243   -0.50000000000000000         0.17261904761904778        -0.27619047619047621     
        5244   -0.50000000000000000         0.20714285714285730        -0.31071428571428572     
        5245   -0.50000000000000000         0.17261904761904778        -0.24166666666666667     
        5246   -0.50000000000000000         0.17261904761904778        -0.20714285714285713     
        5247   -0.50000000000000000         0.20714285714285730        -0.24166666666666667     
        5248   -0.50000000000000000         0.17261904761904778        -0.17261904761904759     
        5249   -0.50000000000000000         0.17261904761904778        -0.13809523809523805     
        5250   -0.50000000000000000         0.20714285714285730        -0.17261904761904759     
        5251   -0.50000000000000000         0.17261904761904778        -0.10357142857142854     
        5252   -0.50000000000000000         0.17261904761904778         -6.9047619047619024E-002
        5253   -0.50000000000000000         0.20714285714285730        -0.10357142857142854     
        5254   -0.50000000000000000         0.17261904761904778         -3.4523809523809457E-002
        5255   -0.50000000000000000         0.17261904761904778          1.1102230246251565E-016
        5256   -0.50000000000000000         0.20714285714285730         -3.4523809523809457E-002
        5257   -0.50000000000000000         0.17261904761904778          3.4523809523809623E-002
        5258   -0.50000000000000000         0.17261904761904778          6.9047619047619135E-002
        5259   -0.50000000000000000         0.20714285714285730          3.4523809523809623E-002
        5260   -0.50000000000000000         0.17261904761904778         0.10357142857142870     
        5261   -0.50000000000000000         0.17261904761904778         0.13809523809523827     
        5262   -0.50000000000000000         0.20714285714285730         0.10357142857142870     
        5263   -0.50000000000000000         0.17261904761904778         0.17261904761904778     
        5264   -0.50000000000000000         0.17261904761904778         0.20714285714285730     
        5265   -0.50000000000000000         0.20714285714285730         0.17261904761904778     
        5266   -0.50000000000000000         0.17261904761904778         0.24166666666666681     
        5267   -0.50000000000000000         0.17261904761904778         0.27619047619047632     
        5268   -0.50000000000000000         0.20714285714285730         0.24166666666666681     
        5269   -0.50000000000000000         0.17261904761904778         0.31071428571428583     
        5270   -0.50000000000000000         0.17261904761904778         0.34523809523809534     
        5271   -0.50000000000000000         0.20714285714285730         0.31071428571428583     
        5272   -0.50000000000000000         0.17261904761904778         0.37976190476190491     
        5273   -0.50000000000000000         0.17261904761904778         0.41428571428571448     
        5274   -0.50000000000000000         0.20714285714285730         0.37976190476190491     
        5275   -0.50000000000000000         0.17261904761904778         0.44880952380952388     
        5276   -0.50000000000000000         0.20714285714285730         0.44880952380952388     
        5277   -0.49999999988835458         0.24166666666666681        -0.44880952369787841     
        5278   -0.50000000000000000         0.24166666666666681        -0.41428571428571426     
        5279   -0.49999999988835458         0.27619047619047632        -0.44880952369787841     
        5280   -0.50000000000000000         0.24166666666666681        -0.37976190476190474     
        5281   -0.50000000000000000         0.24166666666666681        -0.34523809523809523     
        5282   -0.50000000000000000         0.27619047619047632        -0.37976190476190474     
        5283   -0.50000000000000000         0.24166666666666681        -0.31071428571428572     
        5284   -0.50000000000000000         0.24166666666666681        -0.27619047619047621     
        5285   -0.50000000000000000         0.27619047619047632        -0.31071428571428572     
        5286   -0.50000000000000000         0.24166666666666681        -0.24166666666666667     
        5287   -0.50000000000000000         0.24166666666666681        -0.20714285714285713     
        5288   -0.50000000000000000         0.27619047619047632        -0.24166666666666667     
        5289   -0.50000000000000000         0.24166666666666681        -0.17261904761904759     
        5290   -0.50000000000000000         0.24166666666666681        -0.13809523809523805     
        5291   -0.50000000000000000         0.27619047619047632        -0.17261904761904759     
        5292   -0.50000000000000000         0.24166666666666681        -0.10357142857142854     
        5293   -0.50000000000000000         0.24166666666666681         -6.9047619047619024E-002
        5294   -0.50000000000000000         0.27619047619047632        -0.10357142857142854     
        5295   -0.50000000000000000         0.24166666666666681         -3.4523809523809457E-002
        5296   -0.50000000000000000         0.24166666666666681          1.1102230246251565E-016
        5297   -0.50000000000000000         0.27619047619047632         -3.4523809523809457E-002
        5298   -0.50000000000000000         0.24166666666666681          3.4523809523809623E-002
        5299   -0.50000000000000000         0.24166666666666681          6.9047619047619135E-002
        5300   -0.50000000000000000         0.27619047619047632          3.4523809523809623E-002
        5301   -0.50000000000000000         0.24166666666666681         0.10357142857142870     
        5302   -0.50000000000000000         0.24166666666666681         0.13809523809523827     
        5303   -0.50000000000000000         0.27619047619047632         0.10357142857142870     
        5304   -0.50000000000000000         0.24166666666666681         0.17261904761904778     
        5305   -0.50000000000000000         0.24166666666666681         0.20714285714285730     
        5306   -0.50000000000000000         0.27619047619047632         0.17261904761904778     
        5307   -0.50000000000000000         0.24166666666666681         0.24166666666666681     
        5308   -0.50000000000000000         0.24166666666666681         0.27619047619047632     
        5309   -0.50000000000000000         0.27619047619047632         0.24166666666666681     
        5310   -0.50000000000000000         0.24166666666666681         0.31071428571428583     
        5311   -0.50000000000000000         0.24166666666666681         0.34523809523809534     
        5312   -0.50000000000000000         0.27619047619047632         0.31071428571428583     
        5313   -0.50000000000000000         0.24166666666666681         0.37976190476190491     
        5314   -0.50000000000000000         0.24166666666666681         0.41428571428571448     
        5315   -0.50000000000000000         0.27619047619047632         0.37976190476190491     
        5316   -0.50000000000000000         0.24166666666666681         0.44880952380952388     
        5317   -0.50000000000000000         0.27619047619047632         0.44880952380952388     
        5318   -0.49999999988835458         0.31071428571428583        -0.44880952369787841     
        5319   -0.50000000000000000         0.31071428571428583        -0.41428571428571426     
        5320   -0.49999999988835458         0.34523809523809534        -0.44880952369787841     
        5321   -0.50000000000000000         0.31071428571428583        -0.37976190476190474     
        5322   -0.50000000000000000         0.31071428571428583        -0.34523809523809523     
        5323   -0.50000000000000000         0.34523809523809534        -0.37976190476190474     
        5324   -0.50000000000000000         0.31071428571428583        -0.31071428571428572     
        5325   -0.50000000000000000         0.31071428571428583        -0.27619047619047621     
        5326   -0.50000000000000000         0.34523809523809534        -0.31071428571428572     
        5327   -0.50000000000000000         0.31071428571428583        -0.24166666666666667     
        5328   -0.50000000000000000         0.31071428571428583        -0.20714285714285713     
        5329   -0.50000000000000000         0.34523809523809534        -0.24166666666666667     
        5330   -0.50000000000000000         0.31071428571428583        -0.17261904761904759     
        5331   -0.50000000000000000         0.31071428571428583        -0.13809523809523805     
        5332   -0.50000000000000000         0.34523809523809534        -0.17261904761904759     
        5333   -0.50000000000000000         0.31071428571428583        -0.10357142857142854     
        5334   -0.50000000000000000         0.31071428571428583         -6.9047619047619024E-002
        5335   -0.50000000000000000         0.34523809523809534        -0.10357142857142854     
        5336   -0.50000000000000000         0.31071428571428583         -3.4523809523809457E-002
        5337   -0.50000000000000000         0.31071428571428583          1.1102230246251565E-016
        5338   -0.50000000000000000         0.34523809523809534         -3.4523809523809457E-002
        5339   -0.50000000000000000         0.31071428571428583          3.4523809523809623E-002
        5340   -0.50000000000000000         0.31071428571428583          6.9047619047619135E-002
        5341   -0.50000000000000000         0.34523809523809534          3.4523809523809623E-002
        5342   -0.50000000000000000         0.31071428571428583         0.10357142857142870     
        5343   -0.50000000000000000         0.31071428571428583         0.13809523809523827     
        5344   -0.50000000000000000         0.34523809523809534         0.10357142857142870     
        5345   -0.50000000000000000         0.31071428571428583         0.17261904761904778     
        5346   -0.50000000000000000         0.31071428571428583         0.20714285714285730     
        5347   -0.50000000000000000         0.34523809523809534         0.17261904761904778     
        5348   -0.50000000000000000         0.31071428571428583         0.24166666666666681     
        5349   -0.50000000000000000         0.31071428571428583         0.27619047619047632     
        5350   -0.50000000000000000         0.34523809523809534         0.24166666666666681     
        5351   -0.50000000000000000         0.31071428571428583         0.31071428571428583     
        5352   -0.50000000000000000         0.31071428571428583         0.34523809523809534     
        5353   -0.50000000000000000         0.34523809523809534         0.31071428571428583     
        5354   -0.50000000000000000         0.31071428571428583         0.37976190476190491     
        5355   -0.50000000000000000         0.31071428571428583         0.41428571428571448     
        5356   -0.50000000000000000         0.34523809523809534         0.37976190476190491     
        5357   -0.50000000000000000         0.31071428571428583         0.44880952380952388     
        5358   -0.50000000000000000         0.34523809523809534         0.44880952380952388     
        5359   -0.49999999988835458         0.37976190476190491        -0.44880952369787841     
        5360   -0.50000000000000000         0.37976190476190491        -0.41428571428571426     
        5361   -0.49999999988835458         0.41428571428571448        -0.44880952369787841     
        5362   -0.50000000000000000         0.37976190476190491        -0.37976190476190474     
        5363   -0.50000000000000000         0.37976190476190491        -0.34523809523809523     
        5364   -0.50000000000000000         0.41428571428571448        -0.37976190476190474     
        5365   -0.50000000000000000         0.37976190476190491        -0.31071428571428572     
        5366   -0.50000000000000000         0.37976190476190491        -0.27619047619047621     
        5367   -0.50000000000000000         0.41428571428571448        -0.31071428571428572     
        5368   -0.50000000000000000         0.37976190476190491        -0.24166666666666667     
        5369   -0.50000000000000000         0.37976190476190491        -0.20714285714285713     
        5370   -0.50000000000000000         0.41428571428571448        -0.24166666666666667     
        5371   -0.50000000000000000         0.37976190476190491        -0.17261904761904759     
        5372   -0.50000000000000000         0.37976190476190491        -0.13809523809523805     
        5373   -0.50000000000000000         0.41428571428571448        -0.17261904761904759     
        5374   -0.50000000000000000         0.37976190476190491        -0.10357142857142854     
        5375   -0.50000000000000000         0.37976190476190491         -6.9047619047619024E-002
        5376   -0.50000000000000000         0.41428571428571448        -0.10357142857142854     
        5377   -0.50000000000000000         0.37976190476190491         -3.4523809523809457E-002
        5378   -0.50000000000000000         0.37976190476190491          1.1102230246251565E-016
        5379   -0.50000000000000000         0.41428571428571448         -3.4523809523809457E-002
        5380   -0.50000000000000000         0.37976190476190491          3.4523809523809623E-002
        5381   -0.50000000000000000         0.37976190476190491          6.9047619047619135E-002
        5382   -0.50000000000000000         0.41428571428571448          3.4523809523809623E-002
        5383   -0.50000000000000000         0.37976190476190491         0.10357142857142870     
        5384   -0.50000000000000000         0.37976190476190491         0.13809523809523827     
        5385   -0.50000000000000000         0.41428571428571448         0.10357142857142870     
        5386   -0.50000000000000000         0.37976190476190491         0.17261904761904778     
        5387   -0.50000000000000000         0.37976190476190491         0.20714285714285730     
        5388   -0.50000000000000000         0.41428571428571448         0.17261904761904778     
        5389   -0.50000000000000000         0.37976190476190491         0.24166666666666681     
        5390   -0.50000000000000000         0.37976190476190491         0.27619047619047632     
        5391   -0.50000000000000000         0.41428571428571448         0.24166666666666681     
        5392   -0.50000000000000000         0.37976190476190491         0.31071428571428583     
        5393   -0.50000000000000000         0.37976190476190491         0.34523809523809534     
        5394   -0.50000000000000000         0.41428571428571448         0.31071428571428583     
        5395   -0.50000000000000000         0.37976190476190491         0.37976190476190491     
        5396   -0.50000000000000000         0.37976190476190491         0.41428571428571448     
        5397   -0.50000000000000000         0.41428571428571448         0.37976190476190491     
        5398   -0.50000000000000000         0.37976190476190491         0.44880952380952388     
        5399   -0.50000000000000000         0.41428571428571448         0.44880952380952388     
        5400   -0.50000002634831431         0.44880952380952388        -0.44880949701462658     
        5401   -0.50000002449819048         0.44880952380952388        -0.41428568749081712     
        5402   -0.50000002449819048         0.44880952380952388        -0.37976187796700761     
        5403   -0.50000002264806664         0.44880952380952388        -0.34523806844319810     
        5404   -0.50000002264806664         0.44880952380952388        -0.31071425891938859     
        5405   -0.50000002079794281         0.44880952380952388        -0.27619044939557913     
        5406   -0.50000002079794281         0.44880952380952388        -0.24166663987176959     
        5407   -0.50000001894781898         0.44880952380952388        -0.20714283034796013     
        5408   -0.50000001894781898         0.44880952380952388        -0.17261902082415059     
        5409   -0.50000001709769515         0.44880952380952388        -0.13809521130034114     
        5410   -0.50000001709769515         0.44880952380952388        -0.10357140177653162     
        5411   -0.50000001524757143         0.44880952380952388         -6.9047592252722112E-002
        5412   -0.50000001524757143         0.44880952380952388         -3.4523782728912544E-002
        5413   -0.50000001339744760         0.44880952380952388          2.6794896912374355E-008
        5414   -0.50000001339744760         0.44880952380952388          3.4523836318706425E-002
        5415   -0.50000001154732376         0.44880952380952388          6.9047645842515937E-002
        5416   -0.50000001154732376         0.44880952380952388         0.10357145536632550     
        5417   -0.50000000969719993         0.44880952380952388         0.13809526489013502     
        5418   -0.50000000969719993         0.44880952380952388         0.17261907441394453     
        5419   -0.50000000784707610         0.44880952380952388         0.20714288393775404     
        5420   -0.50000000784707610         0.44880952380952388         0.24166669346156355     
        5421   -0.50000000599695227         0.44880952380952388         0.27619050298537301     
        5422   -0.50000000599695227         0.44880952380952388         0.31071431250918252     
        5423   -0.50000000414682855         0.44880952380952388         0.34523812203299198     
        5424   -0.50000000414682855         0.44880952380952388         0.37976193155680155     
        5425   -0.50000000229670472         0.44880952380952388         0.41428574108061106     
        5426   -0.50000000229670472         0.44880952380952388         0.44880955060442046     
 $EndNodes
 $Elements
        2712
       1        1        1        1        1        2        1       16     1359     1360     1361 
       2        2        2        2        2        2       16       17     1361     1362     1363 
       3        3        3        3        3        3        2       17     1364     1363     1365 
       4        4        4        4        4        3       17       18     1365     1366     1367 
       5        5        5        5        5        4        3       18     1368     1367     1369 
       6        6        6        6        6        4       18       19     1369     1370     1371 
       7        7        7        7        7        5        4       19     1372     1371     1373 
       8        8        8        8        8        5       19       20     1373     1374     1375 
       9        9        9        9        9        6        5       20     1376     1375     1377 
      10       10       10       10       10        6       20       21     1377     1378     1379 
      11       11       11       11       11        7        6       21     1380     1379     1381 
      12       12       12       12       12        7       21       22     1381     1382     1383 
      13       13       13       13       13        8        7       22     1384     1383     1385 
      14       14       14       14       14        8       22       23     1385     1386     1387 
      15       15       15       15       15        9        8       23     1388     1387     1389 
      16       16       16       16       16        9       23       24     1389     1390     1391 
      17       17       17       17       17       10        9       24     1392     1391     1393 
      18       18       18       18       18       10       24       25     1393     1394     1395 
      19       19       19       19       19       11       10       25     1396     1395     1397 
      20       20       20       20       20       11       25       26     1397     1398     1399 
      21       21       21       21       21       12       11       26     1400     1399     1401 
      22       22       22       22       22       12       26       27     1401     1402     1403 
      23       23       23       23       23       13       12       27     1404     1403     1405 
      24       24       24       24       24       13       27       28     1405     1406     1407 
      25       25       25       25       25       14       13       28     1408     1407     1409 
      26       26       26       26       26       14       28       29     1409     1410     1411 
      27       27       27       27       27       15       14       29     1412     1411     1413 
      28       28       28       28       28       15       29       30     1413     1414     1415 
      29       29       29       29       29       15       30       32     1415     1416     1417 
      30       30       30       30       30       30       31       32     1418     1419     1416 
      31       31       31       31       31       31       15       32     1420     1417     1419 
      32       32       32       32       32       33       31       30     1421     1418     1422 
      33       33       33       33       33       33       30       47     1422     1423     1424 
      34       34       34       34       34       34       33       47     1425     1424     1426 
      35       35       35       35       35       34       47       48     1426     1427     1428 
      36       36       36       36       36       35       34       48     1429     1428     1430 
      37       37       37       37       37       35       48       49     1430     1431     1432 
      38       38       38       38       38       36       35       49     1433     1432     1434 
      39       39       39       39       39       36       49       50     1434     1435     1436 
      40       40       40       40       40       37       36       50     1437     1436     1438 
      41       41       41       41       41       37       50       51     1438     1439     1440 
      42       42       42       42       42       38       37       51     1441     1440     1442 
      43       43       43       43       43       38       51       52     1442     1443     1444 
      44       44       44       44       44       39       38       52     1445     1444     1446 
      45       45       45       45       45       39       52       53     1446     1447     1448 
      46       46       46       46       46       40       39       53     1449     1448     1450 
      47       47       47       47       47       40       53       54     1450     1451     1452 
      48       48       48       48       48       41       40       54     1453     1452     1454 
      49       49       49       49       49       41       54       55     1454     1455     1456 
      50       50       50       50       50       42       41       55     1457     1456     1458 
      51       51       51       51       51       42       55       56     1458     1459     1460 
      52       52       52       52       52       43       42       56     1461     1460     1462 
      53       53       53       53       53       43       56       57     1462     1463     1464 
      54       54       54       54       54       44       43       57     1465     1464     1466 
      55       55       55       55       55       44       57       58     1466     1467     1468 
      56       56       56       56       56       45       44       58     1469     1468     1470 
      57       57       57       57       57       45       58       59     1470     1471     1472 
      58       58       58       58       58       46       45       59     1473     1472     1474 
      59       59       59       59       59       46       59       60     1474     1475     1476 
      60       60       60       60       60       46       60       62     1476     1477     1478 
      61       61       61       61       61       60       61       62     1479     1480     1477 
      62       62       62       62       62       61       46       62     1481     1478     1480 
      63       63       63       63       63       63       61       60     1482     1479     1483 
      64       64       64       64       64       63       60       77     1483     1484     1485 
      65       65       65       65       65       64       63       77     1486     1485     1487 
      66       66       66       66       66       64       77       78     1487     1488     1489 
      67       67       67       67       67       65       64       78     1490     1489     1491 
      68       68       68       68       68       65       78       79     1491     1492     1493 
      69       69       69       69       69       66       65       79     1494     1493     1495 
      70       70       70       70       70       66       79       80     1495     1496     1497 
      71       71       71       71       71       67       66       80     1498     1497     1499 
      72       72       72       72       72       67       80       81     1499     1500     1501 
      73       73       73       73       73       68       67       81     1502     1501     1503 
      74       74       74       74       74       68       81       82     1503     1504     1505 
      75       75       75       75       75       69       68       82     1506     1505     1507 
      76       76       76       76       76       69       82       83     1507     1508     1509 
      77       77       77       77       77       70       69       83     1510     1509     1511 
      78       78       78       78       78       70       83       84     1511     1512     1513 
      79       79       79       79       79       71       70       84     1514     1513     1515 
      80       80       80       80       80       71       84       85     1515     1516     1517 
      81       81       81       81       81       72       71       85     1518     1517     1519 
      82       82       82       82       82       72       85       86     1519     1520     1521 
      83       83       83       83       83       73       72       86     1522     1521     1523 
      84       84       84       84       84       73       86       87     1523     1524     1525 
      85       85       85       85       85       74       73       87     1526     1525     1527 
      86       86       86       86       86       74       87       88     1527     1528     1529 
      87       87       87       87       87       75       74       88     1530     1529     1531 
      88       88       88       88       88       75       88       89     1531     1532     1533 
      89       89       89       89       89       76       75       89     1534     1533     1535 
      90       90       90       90       90       76       89       90     1535     1536     1537 
      91       91       91       91       91       76       90       92     1537     1538     1539 
      92       92       92       92       92       90       91       92     1540     1541     1538 
      93       93       93       93       93       91       76       92     1542     1539     1541 
      94       94       94       94       94       93       91       90     1543     1540     1544 
      95       95       95       95       95       93       90      107     1544     1545     1546 
      96       96       96       96       96       94       93      107     1547     1546     1548 
      97       97       97       97       97       94      107      108     1548     1549     1550 
      98       98       98       98       98       95       94      108     1551     1550     1552 
      99       99       99       99       99       95      108      109     1552     1553     1554 
     100      100      100      100      100       96       95      109     1555     1554     1556 
     101      101      101      101      101       96      109      110     1556     1557     1558 
     102      102      102      102      102       97       96      110     1559     1558     1560 
     103      103      103      103      103       97      110      111     1560     1561     1562 
     104      104      104      104      104       98       97      111     1563     1562     1564 
     105      105      105      105      105       98      111      112     1564     1565     1566 
     106      106      106      106      106       99       98      112     1567     1566     1568 
     107      107      107      107      107       99      112      113     1568     1569     1570 
     108      108      108      108      108      100       99      113     1571     1570     1572 
     109      109      109      109      109      100      113      114     1572     1573     1574 
     110      110      110      110      110      101      100      114     1575     1574     1576 
     111      111      111      111      111      101      114      115     1576     1577     1578 
     112      112      112      112      112      102      101      115     1579     1578     1580 
     113      113      113      113      113      102      115      116     1580     1581     1582 
     114      114      114      114      114      103      102      116     1583     1582     1584 
     115      115      115      115      115      103      116      117     1584     1585     1586 
     116      116      116      116      116      104      103      117     1587     1586     1588 
     117      117      117      117      117      104      117      118     1588     1589     1590 
     118      118      118      118      118      105      104      118     1591     1590     1592 
     119      119      119      119      119      105      118      119     1592     1593     1594 
     120      120      120      120      120      106      105      119     1595     1594     1596 
     121      121      121      121      121      106      119       16     1596     1597     1598 
     122      122      122      122      122      106       16      120     1598     1599     1600 
     123      123      123      123      123       16        1      120     1360     1601     1599 
     124      124      124      124      124        1      106      120     1602     1600     1601 
     125      125      125      125      125       90       89      107     1536     1603     1545 
     126      126      126      126      126      107       89      121     1603     1604     1605 
     127      127      127      127      127       89       88      121     1532     1606     1604 
     128      128      128      128      128      121       88      122     1606     1607     1608 
     129      129      129      129      129       88       87      122     1528     1609     1607 
     130      130      130      130      130      122       87      123     1609     1610     1611 
     131      131      131      131      131       87       86      123     1524     1612     1610 
     132      132      132      132      132      123       86      124     1612     1613     1614 
     133      133      133      133      133       86       85      124     1520     1615     1613 
     134      134      134      134      134      124       85      125     1615     1616     1617 
     135      135      135      135      135       85       84      125     1516     1618     1616 
     136      136      136      136      136      125       84      126     1618     1619     1620 
     137      137      137      137      137       84       83      126     1512     1621     1619 
     138      138      138      138      138      126       83      127     1621     1622     1623 
     139      139      139      139      139       83       82      127     1508     1624     1622 
     140      140      140      140      140      127       82      128     1624     1625     1626 
     141      141      141      141      141       82       81      128     1504     1627     1625 
     142      142      142      142      142      128       81      129     1627     1628     1629 
     143      143      143      143      143       81       80      129     1500     1630     1628 
     144      144      144      144      144      129       80      130     1630     1631     1632 
     145      145      145      145      145       80       79      130     1496     1633     1631 
     146      146      146      146      146      130       79      131     1633     1634     1635 
     147      147      147      147      147       79       78      131     1492     1636     1634 
     148      148      148      148      148      131       78      132     1636     1637     1638 
     149      149      149      149      149       78       77      132     1488     1639     1637 
     150      150      150      150      150      132       77      133     1639     1640     1641 
     151      151      151      151      151       77       60      133     1484     1642     1640 
     152      152      152      152      152      133       60       59     1642     1475     1643 
     153      153      153      153      153      107      121      108     1605     1644     1549 
     154      154      154      154      154      108      121      134     1644     1645     1646 
     155      155      155      155      155      121      122      134     1608     1647     1645 
     156      156      156      156      156      134      122      135     1647     1648     1649 
     157      157      157      157      157      122      123      135     1611     1650     1648 
     158      158      158      158      158      135      123      136     1650     1651     1652 
     159      159      159      159      159      123      124      136     1614     1653     1651 
     160      160      160      160      160      136      124      137     1653     1654     1655 
     161      161      161      161      161      124      125      137     1617     1656     1654 
     162      162      162      162      162      137      125      138     1656     1657     1658 
     163      163      163      163      163      125      126      138     1620     1659     1657 
     164      164      164      164      164      138      126      139     1659     1660     1661 
     165      165      165      165      165      126      127      139     1623     1662     1660 
     166      166      166      166      166      139      127      140     1662     1663     1664 
     167      167      167      167      167      127      128      140     1626     1665     1663 
     168      168      168      168      168      140      128      141     1665     1666     1667 
     169      169      169      169      169      128      129      141     1629     1668     1666 
     170      170      170      170      170      141      129      142     1668     1669     1670 
     171      171      171      171      171      129      130      142     1632     1671     1669 
     172      172      172      172      172      142      130      143     1671     1672     1673 
     173      173      173      173      173      130      131      143     1635     1674     1672 
     174      174      174      174      174      143      131      144     1674     1675     1676 
     175      175      175      175      175      131      132      144     1638     1677     1675 
     176      176      176      176      176      144      132      145     1677     1678     1679 
     177      177      177      177      177      132      133      145     1641     1680     1678 
     178      178      178      178      178      145      133      146     1680     1681     1682 
     179      179      179      179      179      133       59      146     1643     1683     1681 
     180      180      180      180      180      146       59       58     1683     1471     1684 
     181      181      181      181      181      108      134      109     1646     1685     1553 
     182      182      182      182      182      109      134      147     1685     1686     1687 
     183      183      183      183      183      134      135      147     1649     1688     1686 
     184      184      184      184      184      147      135      148     1688     1689     1690 
     185      185      185      185      185      135      136      148     1652     1691     1689 
     186      186      186      186      186      148      136      149     1691     1692     1693 
     187      187      187      187      187      136      137      149     1655     1694     1692 
     188      188      188      188      188      149      137      150     1694     1695     1696 
     189      189      189      189      189      137      138      150     1658     1697     1695 
     190      190      190      190      190      150      138      151     1697     1698     1699 
     191      191      191      191      191      138      139      151     1661     1700     1698 
     192      192      192      192      192      151      139      152     1700     1701     1702 
     193      193      193      193      193      139      140      152     1664     1703     1701 
     194      194      194      194      194      152      140      153     1703     1704     1705 
     195      195      195      195      195      140      141      153     1667     1706     1704 
     196      196      196      196      196      153      141      154     1706     1707     1708 
     197      197      197      197      197      141      142      154     1670     1709     1707 
     198      198      198      198      198      154      142      155     1709     1710     1711 
     199      199      199      199      199      142      143      155     1673     1712     1710 
     200      200      200      200      200      155      143      156     1712     1713     1714 
     201      201      201      201      201      143      144      156     1676     1715     1713 
     202      202      202      202      202      156      144      157     1715     1716     1717 
     203      203      203      203      203      144      145      157     1679     1718     1716 
     204      204      204      204      204      157      145      158     1718     1719     1720 
     205      205      205      205      205      145      146      158     1682     1721     1719 
     206      206      206      206      206      158      146      159     1721     1722     1723 
     207      207      207      207      207      146       58      159     1684     1724     1722 
     208      208      208      208      208      159       58       57     1724     1467     1725 
     209      209      209      209      209      109      147      110     1687     1726     1557 
     210      210      210      210      210      110      147      160     1726     1727     1728 
     211      211      211      211      211      147      148      160     1690     1729     1727 
     212      212      212      212      212      160      148      161     1729     1730     1731 
     213      213      213      213      213      148      149      161     1693     1732     1730 
     214      214      214      214      214      161      149      162     1732     1733     1734 
     215      215      215      215      215      149      150      162     1696     1735     1733 
     216      216      216      216      216      162      150      163     1735     1736     1737 
     217      217      217      217      217      150      151      163     1699     1738     1736 
     218      218      218      218      218      163      151      164     1738     1739     1740 
     219      219      219      219      219      151      152      164     1702     1741     1739 
     220      220      220      220      220      164      152      165     1741     1742     1743 
     221      221      221      221      221      152      153      165     1705     1744     1742 
     222      222      222      222      222      165      153      166     1744     1745     1746 
     223      223      223      223      223      153      154      166     1708     1747     1745 
     224      224      224      224      224      166      154      167     1747     1748     1749 
     225      225      225      225      225      154      155      167     1711     1750     1748 
     226      226      226      226      226      167      155      168     1750     1751     1752 
     227      227      227      227      227      155      156      168     1714     1753     1751 
     228      228      228      228      228      168      156      169     1753     1754     1755 
     229      229      229      229      229      156      157      169     1717     1756     1754 
     230      230      230      230      230      169      157      170     1756     1757     1758 
     231      231      231      231      231      157      158      170     1720     1759     1757 
     232      232      232      232      232      170      158      171     1759     1760     1761 
     233      233      233      233      233      158      159      171     1723     1762     1760 
     234      234      234      234      234      171      159      172     1762     1763     1764 
     235      235      235      235      235      159       57      172     1725     1765     1763 
     236      236      236      236      236      172       57       56     1765     1463     1766 
     237      237      237      237      237      110      160      111     1728     1767     1561 
     238      238      238      238      238      111      160      173     1767     1768     1769 
     239      239      239      239      239      160      161      173     1731     1770     1768 
     240      240      240      240      240      173      161      174     1770     1771     1772 
     241      241      241      241      241      161      162      174     1734     1773     1771 
     242      242      242      242      242      174      162      175     1773     1774     1775 
     243      243      243      243      243      162      163      175     1737     1776     1774 
     244      244      244      244      244      175      163      176     1776     1777     1778 
     245      245      245      245      245      163      164      176     1740     1779     1777 
     246      246      246      246      246      176      164      177     1779     1780     1781 
     247      247      247      247      247      164      165      177     1743     1782     1780 
     248      248      248      248      248      177      165      178     1782     1783     1784 
     249      249      249      249      249      165      166      178     1746     1785     1783 
     250      250      250      250      250      178      166      179     1785     1786     1787 
     251      251      251      251      251      166      167      179     1749     1788     1786 
     252      252      252      252      252      179      167      180     1788     1789     1790 
     253      253      253      253      253      167      168      180     1752     1791     1789 
     254      254      254      254      254      180      168      181     1791     1792     1793 
     255      255      255      255      255      168      169      181     1755     1794     1792 
     256      256      256      256      256      181      169      182     1794     1795     1796 
     257      257      257      257      257      169      170      182     1758     1797     1795 
     258      258      258      258      258      182      170      183     1797     1798     1799 
     259      259      259      259      259      170      171      183     1761     1800     1798 
     260      260      260      260      260      183      171      184     1800     1801     1802 
     261      261      261      261      261      171      172      184     1764     1803     1801 
     262      262      262      262      262      184      172      185     1803     1804     1805 
     263      263      263      263      263      172       56      185     1766     1806     1804 
     264      264      264      264      264      185       56       55     1806     1459     1807 
     265      265      265      265      265      111      173      112     1769     1808     1565 
     266      266      266      266      266      112      173      186     1808     1809     1810 
     267      267      267      267      267      173      174      186     1772     1811     1809 
     268      268      268      268      268      186      174      187     1811     1812     1813 
     269      269      269      269      269      174      175      187     1775     1814     1812 
     270      270      270      270      270      187      175      188     1814     1815     1816 
     271      271      271      271      271      175      176      188     1778     1817     1815 
     272      272      272      272      272      188      176      189     1817     1818     1819 
     273      273      273      273      273      176      177      189     1781     1820     1818 
     274      274      274      274      274      189      177      190     1820     1821     1822 
     275      275      275      275      275      177      178      190     1784     1823     1821 
     276      276      276      276      276      190      178      191     1823     1824     1825 
     277      277      277      277      277      178      179      191     1787     1826     1824 
     278      278      278      278      278      191      179      192     1826     1827     1828 
     279      279      279      279      279      179      180      192     1790     1829     1827 
     280      280      280      280      280      192      180      193     1829     1830     1831 
     281      281      281      281      281      180      181      193     1793     1832     1830 
     282      282      282      282      282      193      181      194     1832     1833     1834 
     283      283      283      283      283      181      182      194     1796     1835     1833 
     284      284      284      284      284      194      182      195     1835     1836     1837 
     285      285      285      285      285      182      183      195     1799     1838     1836 
     286      286      286      286      286      195      183      196     1838     1839     1840 
     287      287      287      287      287      183      184      196     1802     1841     1839 
     288      288      288      288      288      196      184      197     1841     1842     1843 
     289      289      289      289      289      184      185      197     1805     1844     1842 
     290      290      290      290      290      197      185      198     1844     1845     1846 
     291      291      291      291      291      185       55      198     1807     1847     1845 
     292      292      292      292      292      198       55       54     1847     1455     1848 
     293      293      293      293      293      112      186      113     1810     1849     1569 
     294      294      294      294      294      113      186      199     1849     1850     1851 
     295      295      295      295      295      186      187      199     1813     1852     1850 
     296      296      296      296      296      199      187      200     1852     1853     1854 
     297      297      297      297      297      187      188      200     1816     1855     1853 
     298      298      298      298      298      200      188      201     1855     1856     1857 
     299      299      299      299      299      188      189      201     1819     1858     1856 
     300      300      300      300      300      201      189      202     1858     1859     1860 
     301      301      301      301      301      189      190      202     1822     1861     1859 
     302      302      302      302      302      202      190      203     1861     1862     1863 
     303      303      303      303      303      190      191      203     1825     1864     1862 
     304      304      304      304      304      203      191      204     1864     1865     1866 
     305      305      305      305      305      191      192      204     1828     1867     1865 
     306      306      306      306      306      204      192      205     1867     1868     1869 
     307      307      307      307      307      192      193      205     1831     1870     1868 
     308      308      308      308      308      205      193      206     1870     1871     1872 
     309      309      309      309      309      193      194      206     1834     1873     1871 
     310      310      310      310      310      206      194      207     1873     1874     1875 
     311      311      311      311      311      194      195      207     1837     1876     1874 
     312      312      312      312      312      207      195      208     1876     1877     1878 
     313      313      313      313      313      195      196      208     1840     1879     1877 
     314      314      314      314      314      208      196      209     1879     1880     1881 
     315      315      315      315      315      196      197      209     1843     1882     1880 
     316      316      316      316      316      209      197      210     1882     1883     1884 
     317      317      317      317      317      197      198      210     1846     1885     1883 
     318      318      318      318      318      210      198      211     1885     1886     1887 
     319      319      319      319      319      198       54      211     1848     1888     1886 
     320      320      320      320      320      211       54       53     1888     1451     1889 
     321      321      321      321      321      113      199      114     1851     1890     1573 
     322      322      322      322      322      114      199      212     1890     1891     1892 
     323      323      323      323      323      199      200      212     1854     1893     1891 
     324      324      324      324      324      212      200      213     1893     1894     1895 
     325      325      325      325      325      200      201      213     1857     1896     1894 
     326      326      326      326      326      213      201      214     1896     1897     1898 
     327      327      327      327      327      201      202      214     1860     1899     1897 
     328      328      328      328      328      214      202      215     1899     1900     1901 
     329      329      329      329      329      202      203      215     1863     1902     1900 
     330      330      330      330      330      215      203      216     1902     1903     1904 
     331      331      331      331      331      203      204      216     1866     1905     1903 
     332      332      332      332      332      216      204      217     1905     1906     1907 
     333      333      333      333      333      204      205      217     1869     1908     1906 
     334      334      334      334      334      217      205      218     1908     1909     1910 
     335      335      335      335      335      205      206      218     1872     1911     1909 
     336      336      336      336      336      218      206      219     1911     1912     1913 
     337      337      337      337      337      206      207      219     1875     1914     1912 
     338      338      338      338      338      219      207      220     1914     1915     1916 
     339      339      339      339      339      207      208      220     1878     1917     1915 
     340      340      340      340      340      220      208      221     1917     1918     1919 
     341      341      341      341      341      208      209      221     1881     1920     1918 
     342      342      342      342      342      221      209      222     1920     1921     1922 
     343      343      343      343      343      209      210      222     1884     1923     1921 
     344      344      344      344      344      222      210      223     1923     1924     1925 
     345      345      345      345      345      210      211      223     1887     1926     1924 
     346      346      346      346      346      223      211      224     1926     1927     1928 
     347      347      347      347      347      211       53      224     1889     1929     1927 
     348      348      348      348      348      224       53       52     1929     1447     1930 
     349      349      349      349      349      114      212      115     1892     1931     1577 
     350      350      350      350      350      115      212      225     1931     1932     1933 
     351      351      351      351      351      212      213      225     1895     1934     1932 
     352      352      352      352      352      225      213      226     1934     1935     1936 
     353      353      353      353      353      213      214      226     1898     1937     1935 
     354      354      354      354      354      226      214      227     1937     1938     1939 
     355      355      355      355      355      214      215      227     1901     1940     1938 
     356      356      356      356      356      227      215      228     1940     1941     1942 
     357      357      357      357      357      215      216      228     1904     1943     1941 
     358      358      358      358      358      228      216      229     1943     1944     1945 
     359      359      359      359      359      216      217      229     1907     1946     1944 
     360      360      360      360      360      229      217      230     1946     1947     1948 
     361      361      361      361      361      217      218      230     1910     1949     1947 
     362      362      362      362      362      230      218      231     1949     1950     1951 
     363      363      363      363      363      218      219      231     1913     1952     1950 
     364      364      364      364      364      231      219      232     1952     1953     1954 
     365      365      365      365      365      219      220      232     1916     1955     1953 
     366      366      366      366      366      232      220      233     1955     1956     1957 
     367      367      367      367      367      220      221      233     1919     1958     1956 
     368      368      368      368      368      233      221      234     1958     1959     1960 
     369      369      369      369      369      221      222      234     1922     1961     1959 
     370      370      370      370      370      234      222      235     1961     1962     1963 
     371      371      371      371      371      222      223      235     1925     1964     1962 
     372      372      372      372      372      235      223      236     1964     1965     1966 
     373      373      373      373      373      223      224      236     1928     1967     1965 
     374      374      374      374      374      236      224      237     1967     1968     1969 
     375      375      375      375      375      224       52      237     1930     1970     1968 
     376      376      376      376      376      237       52       51     1970     1443     1971 
     377      377      377      377      377      115      225      116     1933     1972     1581 
     378      378      378      378      378      116      225      238     1972     1973     1974 
     379      379      379      379      379      225      226      238     1936     1975     1973 
     380      380      380      380      380      238      226      239     1975     1976     1977 
     381      381      381      381      381      226      227      239     1939     1978     1976 
     382      382      382      382      382      239      227      240     1978     1979     1980 
     383      383      383      383      383      227      228      240     1942     1981     1979 
     384      384      384      384      384      240      228      241     1981     1982     1983 
     385      385      385      385      385      228      229      241     1945     1984     1982 
     386      386      386      386      386      241      229      242     1984     1985     1986 
     387      387      387      387      387      229      230      242     1948     1987     1985 
     388      388      388      388      388      242      230      243     1987     1988     1989 
     389      389      389      389      389      230      231      243     1951     1990     1988 
     390      390      390      390      390      243      231      244     1990     1991     1992 
     391      391      391      391      391      231      232      244     1954     1993     1991 
     392      392      392      392      392      244      232      245     1993     1994     1995 
     393      393      393      393      393      232      233      245     1957     1996     1994 
     394      394      394      394      394      245      233      246     1996     1997     1998 
     395      395      395      395      395      233      234      246     1960     1999     1997 
     396      396      396      396      396      246      234      247     1999     2000     2001 
     397      397      397      397      397      234      235      247     1963     2002     2000 
     398      398      398      398      398      247      235      248     2002     2003     2004 
     399      399      399      399      399      235      236      248     1966     2005     2003 
     400      400      400      400      400      248      236      249     2005     2006     2007 
     401      401      401      401      401      236      237      249     1969     2008     2006 
     402      402      402      402      402      249      237      250     2008     2009     2010 
     403      403      403      403      403      237       51      250     1971     2011     2009 
     404      404      404      404      404      250       51       50     2011     1439     2012 
     405      405      405      405      405      116      238      117     1974     2013     1585 
     406      406      406      406      406      117      238      251     2013     2014     2015 
     407      407      407      407      407      238      239      251     1977     2016     2014 
     408      408      408      408      408      251      239      252     2016     2017     2018 
     409      409      409      409      409      239      240      252     1980     2019     2017 
     410      410      410      410      410      252      240      253     2019     2020     2021 
     411      411      411      411      411      240      241      253     1983     2022     2020 
     412      412      412      412      412      253      241      254     2022     2023     2024 
     413      413      413      413      413      241      242      254     1986     2025     2023 
     414      414      414      414      414      254      242      255     2025     2026     2027 
     415      415      415      415      415      242      243      255     1989     2028     2026 
     416      416      416      416      416      255      243      256     2028     2029     2030 
     417      417      417      417      417      243      244      256     1992     2031     2029 
     418      418      418      418      418      256      244      257     2031     2032     2033 
     419      419      419      419      419      244      245      257     1995     2034     2032 
     420      420      420      420      420      257      245      258     2034     2035     2036 
     421      421      421      421      421      245      246      258     1998     2037     2035 
     422      422      422      422      422      258      246      259     2037     2038     2039 
     423      423      423      423      423      246      247      259     2001     2040     2038 
     424      424      424      424      424      259      247      260     2040     2041     2042 
     425      425      425      425      425      247      248      260     2004     2043     2041 
     426      426      426      426      426      260      248      261     2043     2044     2045 
     427      427      427      427      427      248      249      261     2007     2046     2044 
     428      428      428      428      428      261      249      262     2046     2047     2048 
     429      429      429      429      429      249      250      262     2010     2049     2047 
     430      430      430      430      430      262      250      263     2049     2050     2051 
     431      431      431      431      431      250       50      263     2012     2052     2050 
     432      432      432      432      432      263       50       49     2052     1435     2053 
     433      433      433      433      433      117      251      118     2015     2054     1589 
     434      434      434      434      434      118      251      264     2054     2055     2056 
     435      435      435      435      435      251      252      264     2018     2057     2055 
     436      436      436      436      436      264      252      265     2057     2058     2059 
     437      437      437      437      437      252      253      265     2021     2060     2058 
     438      438      438      438      438      265      253      266     2060     2061     2062 
     439      439      439      439      439      253      254      266     2024     2063     2061 
     440      440      440      440      440      266      254      267     2063     2064     2065 
     441      441      441      441      441      254      255      267     2027     2066     2064 
     442      442      442      442      442      267      255      268     2066     2067     2068 
     443      443      443      443      443      255      256      268     2030     2069     2067 
     444      444      444      444      444      268      256      269     2069     2070     2071 
     445      445      445      445      445      256      257      269     2033     2072     2070 
     446      446      446      446      446      269      257      270     2072     2073     2074 
     447      447      447      447      447      257      258      270     2036     2075     2073 
     448      448      448      448      448      270      258      271     2075     2076     2077 
     449      449      449      449      449      258      259      271     2039     2078     2076 
     450      450      450      450      450      271      259      272     2078     2079     2080 
     451      451      451      451      451      259      260      272     2042     2081     2079 
     452      452      452      452      452      272      260      273     2081     2082     2083 
     453      453      453      453      453      260      261      273     2045     2084     2082 
     454      454      454      454      454      273      261      274     2084     2085     2086 
     455      455      455      455      455      261      262      274     2048     2087     2085 
     456      456      456      456      456      274      262      275     2087     2088     2089 
     457      457      457      457      457      262      263      275     2051     2090     2088 
     458      458      458      458      458      275      263      276     2090     2091     2092 
     459      459      459      459      459      263       49      276     2053     2093     2091 
     460      460      460      460      460      276       49       48     2093     1431     2094 
     461      461      461      461      461      118      264      119     2056     2095     1593 
     462      462      462      462      462      119      264      277     2095     2096     2097 
     463      463      463      463      463      264      265      277     2059     2098     2096 
     464      464      464      464      464      277      265      278     2098     2099     2100 
     465      465      465      465      465      265      266      278     2062     2101     2099 
     466      466      466      466      466      278      266      279     2101     2102     2103 
     467      467      467      467      467      266      267      279     2065     2104     2102 
     468      468      468      468      468      279      267      280     2104     2105     2106 
     469      469      469      469      469      267      268      280     2068     2107     2105 
     470      470      470      470      470      280      268      281     2107     2108     2109 
     471      471      471      471      471      268      269      281     2071     2110     2108 
     472      472      472      472      472      281      269      282     2110     2111     2112 
     473      473      473      473      473      269      270      282     2074     2113     2111 
     474      474      474      474      474      282      270      283     2113     2114     2115 
     475      475      475      475      475      270      271      283     2077     2116     2114 
     476      476      476      476      476      283      271      284     2116     2117     2118 
     477      477      477      477      477      271      272      284     2080     2119     2117 
     478      478      478      478      478      284      272      285     2119     2120     2121 
     479      479      479      479      479      272      273      285     2083     2122     2120 
     480      480      480      480      480      285      273      286     2122     2123     2124 
     481      481      481      481      481      273      274      286     2086     2125     2123 
     482      482      482      482      482      286      274      287     2125     2126     2127 
     483      483      483      483      483      274      275      287     2089     2128     2126 
     484      484      484      484      484      287      275      288     2128     2129     2130 
     485      485      485      485      485      275      276      288     2092     2131     2129 
     486      486      486      486      486      288      276      289     2131     2132     2133 
     487      487      487      487      487      276       48      289     2094     2134     2132 
     488      488      488      488      488      289       48       47     2134     1427     2135 
     489      489      489      489      489      119      277       16     2097     2136     1597 
     490      490      490      490      490       16      277       17     2136     2137     1362 
     491      491      491      491      491      277      278       17     2100     2138     2137 
     492      492      492      492      492       17      278       18     2138     2139     1366 
     493      493      493      493      493      278      279       18     2103     2140     2139 
     494      494      494      494      494       18      279       19     2140     2141     1370 
     495      495      495      495      495      279      280       19     2106     2142     2141 
     496      496      496      496      496       19      280       20     2142     2143     1374 
     497      497      497      497      497      280      281       20     2109     2144     2143 
     498      498      498      498      498       20      281       21     2144     2145     1378 
     499      499      499      499      499      281      282       21     2112     2146     2145 
     500      500      500      500      500       21      282       22     2146     2147     1382 
     501      501      501      501      501      282      283       22     2115     2148     2147 
     502      502      502      502      502       22      283       23     2148     2149     1386 
     503      503      503      503      503      283      284       23     2118     2150     2149 
     504      504      504      504      504       23      284       24     2150     2151     1390 
     505      505      505      505      505      284      285       24     2121     2152     2151 
     506      506      506      506      506       24      285       25     2152     2153     1394 
     507      507      507      507      507      285      286       25     2124     2154     2153 
     508      508      508      508      508       25      286       26     2154     2155     1398 
     509      509      509      509      509      286      287       26     2127     2156     2155 
     510      510      510      510      510       26      287       27     2156     2157     1402 
     511      511      511      511      511      287      288       27     2130     2158     2157 
     512      512      512      512      512       27      288       28     2158     2159     1406 
     513      513      513      513      513      288      289       28     2133     2160     2159 
     514      514      514      514      514       28      289       29     2160     2161     1410 
     515      515      515      515      515      289       47       29     2135     2162     2161 
     516      516      516      516      516       29       47       30     2162     1423     1414 
     517      517      517      517      517      291      290      305     2163     2164     2165 
     518      518      518      518      518      291      305      306     2165     2166     2167 
     519      519      519      519      519      292      291      306     2168     2167     2169 
     520      520      520      520      520      292      306      307     2169     2170     2171 
     521      521      521      521      521      293      292      307     2172     2171     2173 
     522      522      522      522      522      293      307      308     2173     2174     2175 
     523      523      523      523      523      294      293      308     2176     2175     2177 
     524      524      524      524      524      294      308      309     2177     2178     2179 
     525      525      525      525      525      295      294      309     2180     2179     2181 
     526      526      526      526      526      295      309      310     2181     2182     2183 
     527      527      527      527      527      296      295      310     2184     2183     2185 
     528      528      528      528      528      296      310      311     2185     2186     2187 
     529      529      529      529      529      297      296      311     2188     2187     2189 
     530      530      530      530      530      297      311      312     2189     2190     2191 
     531      531      531      531      531      298      297      312     2192     2191     2193 
     532      532      532      532      532      298      312      313     2193     2194     2195 
     533      533      533      533      533      299      298      313     2196     2195     2197 
     534      534      534      534      534      299      313      314     2197     2198     2199 
     535      535      535      535      535      300      299      314     2200     2199     2201 
     536      536      536      536      536      300      314      315     2201     2202     2203 
     537      537      537      537      537      301      300      315     2204     2203     2205 
     538      538      538      538      538      301      315      316     2205     2206     2207 
     539      539      539      539      539      302      301      316     2208     2207     2209 
     540      540      540      540      540      302      316      317     2209     2210     2211 
     541      541      541      541      541      303      302      317     2212     2211     2213 
     542      542      542      542      542      303      317      318     2213     2214     2215 
     543      543      543      543      543      304      303      318     2216     2215     2217 
     544      544      544      544      544      304      318      319     2217     2218     2219 
     545      545      545      545      545      304      319      321     2219     2220     2221 
     546      546      546      546      546      319      320      321     2222     2223     2220 
     547      547      547      547      547      320      304      321     2224     2221     2223 
     548      548      548      548      548      322      320      319     2225     2222     2226 
     549      549      549      549      549      322      319      336     2226     2227     2228 
     550      550      550      550      550      323      322      336     2229     2228     2230 
     551      551      551      551      551      323      336      337     2230     2231     2232 
     552      552      552      552      552      324      323      337     2233     2232     2234 
     553      553      553      553      553      324      337      338     2234     2235     2236 
     554      554      554      554      554      325      324      338     2237     2236     2238 
     555      555      555      555      555      325      338      339     2238     2239     2240 
     556      556      556      556      556      326      325      339     2241     2240     2242 
     557      557      557      557      557      326      339      340     2242     2243     2244 
     558      558      558      558      558      327      326      340     2245     2244     2246 
     559      559      559      559      559      327      340      341     2246     2247     2248 
     560      560      560      560      560      328      327      341     2249     2248     2250 
     561      561      561      561      561      328      341      342     2250     2251     2252 
     562      562      562      562      562      329      328      342     2253     2252     2254 
     563      563      563      563      563      329      342      343     2254     2255     2256 
     564      564      564      564      564      330      329      343     2257     2256     2258 
     565      565      565      565      565      330      343      344     2258     2259     2260 
     566      566      566      566      566      331      330      344     2261     2260     2262 
     567      567      567      567      567      331      344      345     2262     2263     2264 
     568      568      568      568      568      332      331      345     2265     2264     2266 
     569      569      569      569      569      332      345      346     2266     2267     2268 
     570      570      570      570      570      333      332      346     2269     2268     2270 
     571      571      571      571      571      333      346      347     2270     2271     2272 
     572      572      572      572      572      334      333      347     2273     2272     2274 
     573      573      573      573      573      334      347      348     2274     2275     2276 
     574      574      574      574      574      335      334      348     2277     2276     2278 
     575      575      575      575      575      335      348      349     2278     2279     2280 
     576      576      576      576      576      335      349      351     2280     2281     2282 
     577      577      577      577      577      349      350      351     2283     2284     2281 
     578      578      578      578      578      350      335      351     2285     2282     2284 
     579      579      579      579      579      352      350      349     2286     2283     2287 
     580      580      580      580      580      352      349      366     2287     2288     2289 
     581      581      581      581      581      353      352      366     2290     2289     2291 
     582      582      582      582      582      353      366      367     2291     2292     2293 
     583      583      583      583      583      354      353      367     2294     2293     2295 
     584      584      584      584      584      354      367      368     2295     2296     2297 
     585      585      585      585      585      355      354      368     2298     2297     2299 
     586      586      586      586      586      355      368      369     2299     2300     2301 
     587      587      587      587      587      356      355      369     2302     2301     2303 
     588      588      588      588      588      356      369      370     2303     2304     2305 
     589      589      589      589      589      357      356      370     2306     2305     2307 
     590      590      590      590      590      357      370      371     2307     2308     2309 
     591      591      591      591      591      358      357      371     2310     2309     2311 
     592      592      592      592      592      358      371      372     2311     2312     2313 
     593      593      593      593      593      359      358      372     2314     2313     2315 
     594      594      594      594      594      359      372      373     2315     2316     2317 
     595      595      595      595      595      360      359      373     2318     2317     2319 
     596      596      596      596      596      360      373      374     2319     2320     2321 
     597      597      597      597      597      361      360      374     2322     2321     2323 
     598      598      598      598      598      361      374      375     2323     2324     2325 
     599      599      599      599      599      362      361      375     2326     2325     2327 
     600      600      600      600      600      362      375      376     2327     2328     2329 
     601      601      601      601      601      363      362      376     2330     2329     2331 
     602      602      602      602      602      363      376      377     2331     2332     2333 
     603      603      603      603      603      364      363      377     2334     2333     2335 
     604      604      604      604      604      364      377      378     2335     2336     2337 
     605      605      605      605      605      365      364      378     2338     2337     2339 
     606      606      606      606      606      365      378      379     2339     2340     2341 
     607      607      607      607      607      365      379      381     2341     2342     2343 
     608      608      608      608      608      379      380      381     2344     2345     2342 
     609      609      609      609      609      380      365      381     2346     2343     2345 
     610      610      610      610      610      382      380      379     2347     2344     2348 
     611      611      611      611      611      382      379      396     2348     2349     2350 
     612      612      612      612      612      383      382      396     2351     2350     2352 
     613      613      613      613      613      383      396      397     2352     2353     2354 
     614      614      614      614      614      384      383      397     2355     2354     2356 
     615      615      615      615      615      384      397      398     2356     2357     2358 
     616      616      616      616      616      385      384      398     2359     2358     2360 
     617      617      617      617      617      385      398      399     2360     2361     2362 
     618      618      618      618      618      386      385      399     2363     2362     2364 
     619      619      619      619      619      386      399      400     2364     2365     2366 
     620      620      620      620      620      387      386      400     2367     2366     2368 
     621      621      621      621      621      387      400      401     2368     2369     2370 
     622      622      622      622      622      388      387      401     2371     2370     2372 
     623      623      623      623      623      388      401      402     2372     2373     2374 
     624      624      624      624      624      389      388      402     2375     2374     2376 
     625      625      625      625      625      389      402      403     2376     2377     2378 
     626      626      626      626      626      390      389      403     2379     2378     2380 
     627      627      627      627      627      390      403      404     2380     2381     2382 
     628      628      628      628      628      391      390      404     2383     2382     2384 
     629      629      629      629      629      391      404      405     2384     2385     2386 
     630      630      630      630      630      392      391      405     2387     2386     2388 
     631      631      631      631      631      392      405      406     2388     2389     2390 
     632      632      632      632      632      393      392      406     2391     2390     2392 
     633      633      633      633      633      393      406      407     2392     2393     2394 
     634      634      634      634      634      394      393      407     2395     2394     2396 
     635      635      635      635      635      394      407      408     2396     2397     2398 
     636      636      636      636      636      395      394      408     2399     2398     2400 
     637      637      637      637      637      395      408      305     2400     2401     2402 
     638      638      638      638      638      395      305      409     2402     2403     2404 
     639      639      639      639      639      305      290      409     2164     2405     2403 
     640      640      640      640      640      290      395      409     2406     2404     2405 
     641      641      641      641      641      379      378      396     2340     2407     2349 
     642      642      642      642      642      396      378      410     2407     2408     2409 
     643      643      643      643      643      378      377      410     2336     2410     2408 
     644      644      644      644      644      410      377      411     2410     2411     2412 
     645      645      645      645      645      377      376      411     2332     2413     2411 
     646      646      646      646      646      411      376      412     2413     2414     2415 
     647      647      647      647      647      376      375      412     2328     2416     2414 
     648      648      648      648      648      412      375      413     2416     2417     2418 
     649      649      649      649      649      375      374      413     2324     2419     2417 
     650      650      650      650      650      413      374      414     2419     2420     2421 
     651      651      651      651      651      374      373      414     2320     2422     2420 
     652      652      652      652      652      414      373      415     2422     2423     2424 
     653      653      653      653      653      373      372      415     2316     2425     2423 
     654      654      654      654      654      415      372      416     2425     2426     2427 
     655      655      655      655      655      372      371      416     2312     2428     2426 
     656      656      656      656      656      416      371      417     2428     2429     2430 
     657      657      657      657      657      371      370      417     2308     2431     2429 
     658      658      658      658      658      417      370      418     2431     2432     2433 
     659      659      659      659      659      370      369      418     2304     2434     2432 
     660      660      660      660      660      418      369      419     2434     2435     2436 
     661      661      661      661      661      369      368      419     2300     2437     2435 
     662      662      662      662      662      419      368      420     2437     2438     2439 
     663      663      663      663      663      368      367      420     2296     2440     2438 
     664      664      664      664      664      420      367      421     2440     2441     2442 
     665      665      665      665      665      367      366      421     2292     2443     2441 
     666      666      666      666      666      421      366      422     2443     2444     2445 
     667      667      667      667      667      366      349      422     2288     2446     2444 
     668      668      668      668      668      422      349      348     2446     2279     2447 
     669      669      669      669      669      396      410      397     2409     2448     2353 
     670      670      670      670      670      397      410      423     2448     2449     2450 
     671      671      671      671      671      410      411      423     2412     2451     2449 
     672      672      672      672      672      423      411      424     2451     2452     2453 
     673      673      673      673      673      411      412      424     2415     2454     2452 
     674      674      674      674      674      424      412      425     2454     2455     2456 
     675      675      675      675      675      412      413      425     2418     2457     2455 
     676      676      676      676      676      425      413      426     2457     2458     2459 
     677      677      677      677      677      413      414      426     2421     2460     2458 
     678      678      678      678      678      426      414      427     2460     2461     2462 
     679      679      679      679      679      414      415      427     2424     2463     2461 
     680      680      680      680      680      427      415      428     2463     2464     2465 
     681      681      681      681      681      415      416      428     2427     2466     2464 
     682      682      682      682      682      428      416      429     2466     2467     2468 
     683      683      683      683      683      416      417      429     2430     2469     2467 
     684      684      684      684      684      429      417      430     2469     2470     2471 
     685      685      685      685      685      417      418      430     2433     2472     2470 
     686      686      686      686      686      430      418      431     2472     2473     2474 
     687      687      687      687      687      418      419      431     2436     2475     2473 
     688      688      688      688      688      431      419      432     2475     2476     2477 
     689      689      689      689      689      419      420      432     2439     2478     2476 
     690      690      690      690      690      432      420      433     2478     2479     2480 
     691      691      691      691      691      420      421      433     2442     2481     2479 
     692      692      692      692      692      433      421      434     2481     2482     2483 
     693      693      693      693      693      421      422      434     2445     2484     2482 
     694      694      694      694      694      434      422      435     2484     2485     2486 
     695      695      695      695      695      422      348      435     2447     2487     2485 
     696      696      696      696      696      435      348      347     2487     2275     2488 
     697      697      697      697      697      397      423      398     2450     2489     2357 
     698      698      698      698      698      398      423      436     2489     2490     2491 
     699      699      699      699      699      423      424      436     2453     2492     2490 
     700      700      700      700      700      436      424      437     2492     2493     2494 
     701      701      701      701      701      424      425      437     2456     2495     2493 
     702      702      702      702      702      437      425      438     2495     2496     2497 
     703      703      703      703      703      425      426      438     2459     2498     2496 
     704      704      704      704      704      438      426      439     2498     2499     2500 
     705      705      705      705      705      426      427      439     2462     2501     2499 
     706      706      706      706      706      439      427      440     2501     2502     2503 
     707      707      707      707      707      427      428      440     2465     2504     2502 
     708      708      708      708      708      440      428      441     2504     2505     2506 
     709      709      709      709      709      428      429      441     2468     2507     2505 
     710      710      710      710      710      441      429      442     2507     2508     2509 
     711      711      711      711      711      429      430      442     2471     2510     2508 
     712      712      712      712      712      442      430      443     2510     2511     2512 
     713      713      713      713      713      430      431      443     2474     2513     2511 
     714      714      714      714      714      443      431      444     2513     2514     2515 
     715      715      715      715      715      431      432      444     2477     2516     2514 
     716      716      716      716      716      444      432      445     2516     2517     2518 
     717      717      717      717      717      432      433      445     2480     2519     2517 
     718      718      718      718      718      445      433      446     2519     2520     2521 
     719      719      719      719      719      433      434      446     2483     2522     2520 
     720      720      720      720      720      446      434      447     2522     2523     2524 
     721      721      721      721      721      434      435      447     2486     2525     2523 
     722      722      722      722      722      447      435      448     2525     2526     2527 
     723      723      723      723      723      435      347      448     2488     2528     2526 
     724      724      724      724      724      448      347      346     2528     2271     2529 
     725      725      725      725      725      398      436      399     2491     2530     2361 
     726      726      726      726      726      399      436      449     2530     2531     2532 
     727      727      727      727      727      436      437      449     2494     2533     2531 
     728      728      728      728      728      449      437      450     2533     2534     2535 
     729      729      729      729      729      437      438      450     2497     2536     2534 
     730      730      730      730      730      450      438      451     2536     2537     2538 
     731      731      731      731      731      438      439      451     2500     2539     2537 
     732      732      732      732      732      451      439      452     2539     2540     2541 
     733      733      733      733      733      439      440      452     2503     2542     2540 
     734      734      734      734      734      452      440      453     2542     2543     2544 
     735      735      735      735      735      440      441      453     2506     2545     2543 
     736      736      736      736      736      453      441      454     2545     2546     2547 
     737      737      737      737      737      441      442      454     2509     2548     2546 
     738      738      738      738      738      454      442      455     2548     2549     2550 
     739      739      739      739      739      442      443      455     2512     2551     2549 
     740      740      740      740      740      455      443      456     2551     2552     2553 
     741      741      741      741      741      443      444      456     2515     2554     2552 
     742      742      742      742      742      456      444      457     2554     2555     2556 
     743      743      743      743      743      444      445      457     2518     2557     2555 
     744      744      744      744      744      457      445      458     2557     2558     2559 
     745      745      745      745      745      445      446      458     2521     2560     2558 
     746      746      746      746      746      458      446      459     2560     2561     2562 
     747      747      747      747      747      446      447      459     2524     2563     2561 
     748      748      748      748      748      459      447      460     2563     2564     2565 
     749      749      749      749      749      447      448      460     2527     2566     2564 
     750      750      750      750      750      460      448      461     2566     2567     2568 
     751      751      751      751      751      448      346      461     2529     2569     2567 
     752      752      752      752      752      461      346      345     2569     2267     2570 
     753      753      753      753      753      399      449      400     2532     2571     2365 
     754      754      754      754      754      400      449      462     2571     2572     2573 
     755      755      755      755      755      449      450      462     2535     2574     2572 
     756      756      756      756      756      462      450      463     2574     2575     2576 
     757      757      757      757      757      450      451      463     2538     2577     2575 
     758      758      758      758      758      463      451      464     2577     2578     2579 
     759      759      759      759      759      451      452      464     2541     2580     2578 
     760      760      760      760      760      464      452      465     2580     2581     2582 
     761      761      761      761      761      452      453      465     2544     2583     2581 
     762      762      762      762      762      465      453      466     2583     2584     2585 
     763      763      763      763      763      453      454      466     2547     2586     2584 
     764      764      764      764      764      466      454      467     2586     2587     2588 
     765      765      765      765      765      454      455      467     2550     2589     2587 
     766      766      766      766      766      467      455      468     2589     2590     2591 
     767      767      767      767      767      455      456      468     2553     2592     2590 
     768      768      768      768      768      468      456      469     2592     2593     2594 
     769      769      769      769      769      456      457      469     2556     2595     2593 
     770      770      770      770      770      469      457      470     2595     2596     2597 
     771      771      771      771      771      457      458      470     2559     2598     2596 
     772      772      772      772      772      470      458      471     2598     2599     2600 
     773      773      773      773      773      458      459      471     2562     2601     2599 
     774      774      774      774      774      471      459      472     2601     2602     2603 
     775      775      775      775      775      459      460      472     2565     2604     2602 
     776      776      776      776      776      472      460      473     2604     2605     2606 
     777      777      777      777      777      460      461      473     2568     2607     2605 
     778      778      778      778      778      473      461      474     2607     2608     2609 
     779      779      779      779      779      461      345      474     2570     2610     2608 
     780      780      780      780      780      474      345      344     2610     2263     2611 
     781      781      781      781      781      400      462      401     2573     2612     2369 
     782      782      782      782      782      401      462      475     2612     2613     2614 
     783      783      783      783      783      462      463      475     2576     2615     2613 
     784      784      784      784      784      475      463      476     2615     2616     2617 
     785      785      785      785      785      463      464      476     2579     2618     2616 
     786      786      786      786      786      476      464      477     2618     2619     2620 
     787      787      787      787      787      464      465      477     2582     2621     2619 
     788      788      788      788      788      477      465      478     2621     2622     2623 
     789      789      789      789      789      465      466      478     2585     2624     2622 
     790      790      790      790      790      478      466      479     2624     2625     2626 
     791      791      791      791      791      466      467      479     2588     2627     2625 
     792      792      792      792      792      479      467      480     2627     2628     2629 
     793      793      793      793      793      467      468      480     2591     2630     2628 
     794      794      794      794      794      480      468      481     2630     2631     2632 
     795      795      795      795      795      468      469      481     2594     2633     2631 
     796      796      796      796      796      481      469      482     2633     2634     2635 
     797      797      797      797      797      469      470      482     2597     2636     2634 
     798      798      798      798      798      482      470      483     2636     2637     2638 
     799      799      799      799      799      470      471      483     2600     2639     2637 
     800      800      800      800      800      483      471      484     2639     2640     2641 
     801      801      801      801      801      471      472      484     2603     2642     2640 
     802      802      802      802      802      484      472      485     2642     2643     2644 
     803      803      803      803      803      472      473      485     2606     2645     2643 
     804      804      804      804      804      485      473      486     2645     2646     2647 
     805      805      805      805      805      473      474      486     2609     2648     2646 
     806      806      806      806      806      486      474      487     2648     2649     2650 
     807      807      807      807      807      474      344      487     2611     2651     2649 
     808      808      808      808      808      487      344      343     2651     2259     2652 
     809      809      809      809      809      401      475      402     2614     2653     2373 
     810      810      810      810      810      402      475      488     2653     2654     2655 
     811      811      811      811      811      475      476      488     2617     2656     2654 
     812      812      812      812      812      488      476      489     2656     2657     2658 
     813      813      813      813      813      476      477      489     2620     2659     2657 
     814      814      814      814      814      489      477      490     2659     2660     2661 
     815      815      815      815      815      477      478      490     2623     2662     2660 
     816      816      816      816      816      490      478      491     2662     2663     2664 
     817      817      817      817      817      478      479      491     2626     2665     2663 
     818      818      818      818      818      491      479      492     2665     2666     2667 
     819      819      819      819      819      479      480      492     2629     2668     2666 
     820      820      820      820      820      492      480      493     2668     2669     2670 
     821      821      821      821      821      480      481      493     2632     2671     2669 
     822      822      822      822      822      493      481      494     2671     2672     2673 
     823      823      823      823      823      481      482      494     2635     2674     2672 
     824      824      824      824      824      494      482      495     2674     2675     2676 
     825      825      825      825      825      482      483      495     2638     2677     2675 
     826      826      826      826      826      495      483      496     2677     2678     2679 
     827      827      827      827      827      483      484      496     2641     2680     2678 
     828      828      828      828      828      496      484      497     2680     2681     2682 
     829      829      829      829      829      484      485      497     2644     2683     2681 
     830      830      830      830      830      497      485      498     2683     2684     2685 
     831      831      831      831      831      485      486      498     2647     2686     2684 
     832      832      832      832      832      498      486      499     2686     2687     2688 
     833      833      833      833      833      486      487      499     2650     2689     2687 
     834      834      834      834      834      499      487      500     2689     2690     2691 
     835      835      835      835      835      487      343      500     2652     2692     2690 
     836      836      836      836      836      500      343      342     2692     2255     2693 
     837      837      837      837      837      402      488      403     2655     2694     2377 
     838      838      838      838      838      403      488      501     2694     2695     2696 
     839      839      839      839      839      488      489      501     2658     2697     2695 
     840      840      840      840      840      501      489      502     2697     2698     2699 
     841      841      841      841      841      489      490      502     2661     2700     2698 
     842      842      842      842      842      502      490      503     2700     2701     2702 
     843      843      843      843      843      490      491      503     2664     2703     2701 
     844      844      844      844      844      503      491      504     2703     2704     2705 
     845      845      845      845      845      491      492      504     2667     2706     2704 
     846      846      846      846      846      504      492      505     2706     2707     2708 
     847      847      847      847      847      492      493      505     2670     2709     2707 
     848      848      848      848      848      505      493      506     2709     2710     2711 
     849      849      849      849      849      493      494      506     2673     2712     2710 
     850      850      850      850      850      506      494      507     2712     2713     2714 
     851      851      851      851      851      494      495      507     2676     2715     2713 
     852      852      852      852      852      507      495      508     2715     2716     2717 
     853      853      853      853      853      495      496      508     2679     2718     2716 
     854      854      854      854      854      508      496      509     2718     2719     2720 
     855      855      855      855      855      496      497      509     2682     2721     2719 
     856      856      856      856      856      509      497      510     2721     2722     2723 
     857      857      857      857      857      497      498      510     2685     2724     2722 
     858      858      858      858      858      510      498      511     2724     2725     2726 
     859      859      859      859      859      498      499      511     2688     2727     2725 
     860      860      860      860      860      511      499      512     2727     2728     2729 
     861      861      861      861      861      499      500      512     2691     2730     2728 
     862      862      862      862      862      512      500      513     2730     2731     2732 
     863      863      863      863      863      500      342      513     2693     2733     2731 
     864      864      864      864      864      513      342      341     2733     2251     2734 
     865      865      865      865      865      403      501      404     2696     2735     2381 
     866      866      866      866      866      404      501      514     2735     2736     2737 
     867      867      867      867      867      501      502      514     2699     2738     2736 
     868      868      868      868      868      514      502      515     2738     2739     2740 
     869      869      869      869      869      502      503      515     2702     2741     2739 
     870      870      870      870      870      515      503      516     2741     2742     2743 
     871      871      871      871      871      503      504      516     2705     2744     2742 
     872      872      872      872      872      516      504      517     2744     2745     2746 
     873      873      873      873      873      504      505      517     2708     2747     2745 
     874      874      874      874      874      517      505      518     2747     2748     2749 
     875      875      875      875      875      505      506      518     2711     2750     2748 
     876      876      876      876      876      518      506      519     2750     2751     2752 
     877      877      877      877      877      506      507      519     2714     2753     2751 
     878      878      878      878      878      519      507      520     2753     2754     2755 
     879      879      879      879      879      507      508      520     2717     2756     2754 
     880      880      880      880      880      520      508      521     2756     2757     2758 
     881      881      881      881      881      508      509      521     2720     2759     2757 
     882      882      882      882      882      521      509      522     2759     2760     2761 
     883      883      883      883      883      509      510      522     2723     2762     2760 
     884      884      884      884      884      522      510      523     2762     2763     2764 
     885      885      885      885      885      510      511      523     2726     2765     2763 
     886      886      886      886      886      523      511      524     2765     2766     2767 
     887      887      887      887      887      511      512      524     2729     2768     2766 
     888      888      888      888      888      524      512      525     2768     2769     2770 
     889      889      889      889      889      512      513      525     2732     2771     2769 
     890      890      890      890      890      525      513      526     2771     2772     2773 
     891      891      891      891      891      513      341      526     2734     2774     2772 
     892      892      892      892      892      526      341      340     2774     2247     2775 
     893      893      893      893      893      404      514      405     2737     2776     2385 
     894      894      894      894      894      405      514      527     2776     2777     2778 
     895      895      895      895      895      514      515      527     2740     2779     2777 
     896      896      896      896      896      527      515      528     2779     2780     2781 
     897      897      897      897      897      515      516      528     2743     2782     2780 
     898      898      898      898      898      528      516      529     2782     2783     2784 
     899      899      899      899      899      516      517      529     2746     2785     2783 
     900      900      900      900      900      529      517      530     2785     2786     2787 
     901      901      901      901      901      517      518      530     2749     2788     2786 
     902      902      902      902      902      530      518      531     2788     2789     2790 
     903      903      903      903      903      518      519      531     2752     2791     2789 
     904      904      904      904      904      531      519      532     2791     2792     2793 
     905      905      905      905      905      519      520      532     2755     2794     2792 
     906      906      906      906      906      532      520      533     2794     2795     2796 
     907      907      907      907      907      520      521      533     2758     2797     2795 
     908      908      908      908      908      533      521      534     2797     2798     2799 
     909      909      909      909      909      521      522      534     2761     2800     2798 
     910      910      910      910      910      534      522      535     2800     2801     2802 
     911      911      911      911      911      522      523      535     2764     2803     2801 
     912      912      912      912      912      535      523      536     2803     2804     2805 
     913      913      913      913      913      523      524      536     2767     2806     2804 
     914      914      914      914      914      536      524      537     2806     2807     2808 
     915      915      915      915      915      524      525      537     2770     2809     2807 
     916      916      916      916      916      537      525      538     2809     2810     2811 
     917      917      917      917      917      525      526      538     2773     2812     2810 
     918      918      918      918      918      538      526      539     2812     2813     2814 
     919      919      919      919      919      526      340      539     2775     2815     2813 
     920      920      920      920      920      539      340      339     2815     2243     2816 
     921      921      921      921      921      405      527      406     2778     2817     2389 
     922      922      922      922      922      406      527      540     2817     2818     2819 
     923      923      923      923      923      527      528      540     2781     2820     2818 
     924      924      924      924      924      540      528      541     2820     2821     2822 
     925      925      925      925      925      528      529      541     2784     2823     2821 
     926      926      926      926      926      541      529      542     2823     2824     2825 
     927      927      927      927      927      529      530      542     2787     2826     2824 
     928      928      928      928      928      542      530      543     2826     2827     2828 
     929      929      929      929      929      530      531      543     2790     2829     2827 
     930      930      930      930      930      543      531      544     2829     2830     2831 
     931      931      931      931      931      531      532      544     2793     2832     2830 
     932      932      932      932      932      544      532      545     2832     2833     2834 
     933      933      933      933      933      532      533      545     2796     2835     2833 
     934      934      934      934      934      545      533      546     2835     2836     2837 
     935      935      935      935      935      533      534      546     2799     2838     2836 
     936      936      936      936      936      546      534      547     2838     2839     2840 
     937      937      937      937      937      534      535      547     2802     2841     2839 
     938      938      938      938      938      547      535      548     2841     2842     2843 
     939      939      939      939      939      535      536      548     2805     2844     2842 
     940      940      940      940      940      548      536      549     2844     2845     2846 
     941      941      941      941      941      536      537      549     2808     2847     2845 
     942      942      942      942      942      549      537      550     2847     2848     2849 
     943      943      943      943      943      537      538      550     2811     2850     2848 
     944      944      944      944      944      550      538      551     2850     2851     2852 
     945      945      945      945      945      538      539      551     2814     2853     2851 
     946      946      946      946      946      551      539      552     2853     2854     2855 
     947      947      947      947      947      539      339      552     2816     2856     2854 
     948      948      948      948      948      552      339      338     2856     2239     2857 
     949      949      949      949      949      406      540      407     2819     2858     2393 
     950      950      950      950      950      407      540      553     2858     2859     2860 
     951      951      951      951      951      540      541      553     2822     2861     2859 
     952      952      952      952      952      553      541      554     2861     2862     2863 
     953      953      953      953      953      541      542      554     2825     2864     2862 
     954      954      954      954      954      554      542      555     2864     2865     2866 
     955      955      955      955      955      542      543      555     2828     2867     2865 
     956      956      956      956      956      555      543      556     2867     2868     2869 
     957      957      957      957      957      543      544      556     2831     2870     2868 
     958      958      958      958      958      556      544      557     2870     2871     2872 
     959      959      959      959      959      544      545      557     2834     2873     2871 
     960      960      960      960      960      557      545      558     2873     2874     2875 
     961      961      961      961      961      545      546      558     2837     2876     2874 
     962      962      962      962      962      558      546      559     2876     2877     2878 
     963      963      963      963      963      546      547      559     2840     2879     2877 
     964      964      964      964      964      559      547      560     2879     2880     2881 
     965      965      965      965      965      547      548      560     2843     2882     2880 
     966      966      966      966      966      560      548      561     2882     2883     2884 
     967      967      967      967      967      548      549      561     2846     2885     2883 
     968      968      968      968      968      561      549      562     2885     2886     2887 
     969      969      969      969      969      549      550      562     2849     2888     2886 
     970      970      970      970      970      562      550      563     2888     2889     2890 
     971      971      971      971      971      550      551      563     2852     2891     2889 
     972      972      972      972      972      563      551      564     2891     2892     2893 
     973      973      973      973      973      551      552      564     2855     2894     2892 
     974      974      974      974      974      564      552      565     2894     2895     2896 
     975      975      975      975      975      552      338      565     2857     2897     2895 
     976      976      976      976      976      565      338      337     2897     2235     2898 
     977      977      977      977      977      407      553      408     2860     2899     2397 
     978      978      978      978      978      408      553      566     2899     2900     2901 
     979      979      979      979      979      553      554      566     2863     2902     2900 
     980      980      980      980      980      566      554      567     2902     2903     2904 
     981      981      981      981      981      554      555      567     2866     2905     2903 
     982      982      982      982      982      567      555      568     2905     2906     2907 
     983      983      983      983      983      555      556      568     2869     2908     2906 
     984      984      984      984      984      568      556      569     2908     2909     2910 
     985      985      985      985      985      556      557      569     2872     2911     2909 
     986      986      986      986      986      569      557      570     2911     2912     2913 
     987      987      987      987      987      557      558      570     2875     2914     2912 
     988      988      988      988      988      570      558      571     2914     2915     2916 
     989      989      989      989      989      558      559      571     2878     2917     2915 
     990      990      990      990      990      571      559      572     2917     2918     2919 
     991      991      991      991      991      559      560      572     2881     2920     2918 
     992      992      992      992      992      572      560      573     2920     2921     2922 
     993      993      993      993      993      560      561      573     2884     2923     2921 
     994      994      994      994      994      573      561      574     2923     2924     2925 
     995      995      995      995      995      561      562      574     2887     2926     2924 
     996      996      996      996      996      574      562      575     2926     2927     2928 
     997      997      997      997      997      562      563      575     2890     2929     2927 
     998      998      998      998      998      575      563      576     2929     2930     2931 
     999      999      999      999      999      563      564      576     2893     2932     2930 
    1000     1000     1000     1000     1000      576      564      577     2932     2933     2934 
    1001     1001     1001     1001     1001      564      565      577     2896     2935     2933 
    1002     1002     1002     1002     1002      577      565      578     2935     2936     2937 
    1003     1003     1003     1003     1003      565      337      578     2898     2938     2936 
    1004     1004     1004     1004     1004      578      337      336     2938     2231     2939 
    1005     1005     1005     1005     1005      408      566      305     2901     2940     2401 
    1006     1006     1006     1006     1006      305      566      306     2940     2941     2166 
    1007     1007     1007     1007     1007      566      567      306     2904     2942     2941 
    1008     1008     1008     1008     1008      306      567      307     2942     2943     2170 
    1009     1009     1009     1009     1009      567      568      307     2907     2944     2943 
    1010     1010     1010     1010     1010      307      568      308     2944     2945     2174 
    1011     1011     1011     1011     1011      568      569      308     2910     2946     2945 
    1012     1012     1012     1012     1012      308      569      309     2946     2947     2178 
    1013     1013     1013     1013     1013      569      570      309     2913     2948     2947 
    1014     1014     1014     1014     1014      309      570      310     2948     2949     2182 
    1015     1015     1015     1015     1015      570      571      310     2916     2950     2949 
    1016     1016     1016     1016     1016      310      571      311     2950     2951     2186 
    1017     1017     1017     1017     1017      571      572      311     2919     2952     2951 
    1018     1018     1018     1018     1018      311      572      312     2952     2953     2190 
    1019     1019     1019     1019     1019      572      573      312     2922     2954     2953 
    1020     1020     1020     1020     1020      312      573      313     2954     2955     2194 
    1021     1021     1021     1021     1021      573      574      313     2925     2956     2955 
    1022     1022     1022     1022     1022      313      574      314     2956     2957     2198 
    1023     1023     1023     1023     1023      574      575      314     2928     2958     2957 
    1024     1024     1024     1024     1024      314      575      315     2958     2959     2202 
    1025     1025     1025     1025     1025      575      576      315     2931     2960     2959 
    1026     1026     1026     1026     1026      315      576      316     2960     2961     2206 
    1027     1027     1027     1027     1027      576      577      316     2934     2962     2961 
    1028     1028     1028     1028     1028      316      577      317     2962     2963     2210 
    1029     1029     1029     1029     1029      577      578      317     2937     2964     2963 
    1030     1030     1030     1030     1030      317      578      318     2964     2965     2214 
    1031     1031     1031     1031     1031      578      336      318     2939     2966     2965 
    1032     1032     1032     1032     1032      318      336      319     2966     2227     2218 
    1033     1033     1033     1033     1033      364      365      579     2338     2967     2968 
    1034     1034     1034     1034     1034      364      579      580     2968     2969     2970 
    1035     1035     1035     1035     1035      363      364      580     2334     2970     2971 
    1036     1036     1036     1036     1036      363      580      581     2971     2972     2973 
    1037     1037     1037     1037     1037      362      363      581     2330     2973     2974 
    1038     1038     1038     1038     1038      362      581      582     2974     2975     2976 
    1039     1039     1039     1039     1039      361      362      582     2326     2976     2977 
    1040     1040     1040     1040     1040      361      582      583     2977     2978     2979 
    1041     1041     1041     1041     1041      360      361      583     2322     2979     2980 
    1042     1042     1042     1042     1042      360      583      584     2980     2981     2982 
    1043     1043     1043     1043     1043      359      360      584     2318     2982     2983 
    1044     1044     1044     1044     1044      359      584      585     2983     2984     2985 
    1045     1045     1045     1045     1045      358      359      585     2314     2985     2986 
    1046     1046     1046     1046     1046      358      585      586     2986     2987     2988 
    1047     1047     1047     1047     1047      357      358      586     2310     2988     2989 
    1048     1048     1048     1048     1048      357      586      587     2989     2990     2991 
    1049     1049     1049     1049     1049      356      357      587     2306     2991     2992 
    1050     1050     1050     1050     1050      356      587      588     2992     2993     2994 
    1051     1051     1051     1051     1051      355      356      588     2302     2994     2995 
    1052     1052     1052     1052     1052      355      588      589     2995     2996     2997 
    1053     1053     1053     1053     1053      354      355      589     2298     2997     2998 
    1054     1054     1054     1054     1054      354      589      590     2998     2999     3000 
    1055     1055     1055     1055     1055      353      354      590     2294     3000     3001 
    1056     1056     1056     1056     1056      353      590      591     3001     3002     3003 
    1057     1057     1057     1057     1057      352      353      591     2290     3003     3004 
    1058     1058     1058     1058     1058      352      591      592     3004     3005     3006 
    1059     1059     1059     1059     1059      350      352      592     2286     3006     3007 
    1060     1060     1060     1060     1060      350      592      593     3007     3008     3009 
    1061     1061     1061     1061     1061      580      579      594     2969     3010     3011 
    1062     1062     1062     1062     1062      580      594      595     3011     3012     3013 
    1063     1063     1063     1063     1063      581      580      595     2972     3013     3014 
    1064     1064     1064     1064     1064      581      595      596     3014     3015     3016 
    1065     1065     1065     1065     1065      582      581      596     2975     3016     3017 
    1066     1066     1066     1066     1066      582      596      597     3017     3018     3019 
    1067     1067     1067     1067     1067      583      582      597     2978     3019     3020 
    1068     1068     1068     1068     1068      583      597      598     3020     3021     3022 
    1069     1069     1069     1069     1069      584      583      598     2981     3022     3023 
    1070     1070     1070     1070     1070      584      598      599     3023     3024     3025 
    1071     1071     1071     1071     1071      585      584      599     2984     3025     3026 
    1072     1072     1072     1072     1072      585      599      600     3026     3027     3028 
    1073     1073     1073     1073     1073      586      585      600     2987     3028     3029 
    1074     1074     1074     1074     1074      586      600      601     3029     3030     3031 
    1075     1075     1075     1075     1075      587      586      601     2990     3031     3032 
    1076     1076     1076     1076     1076      587      601      602     3032     3033     3034 
    1077     1077     1077     1077     1077      588      587      602     2993     3034     3035 
    1078     1078     1078     1078     1078      588      602      603     3035     3036     3037 
    1079     1079     1079     1079     1079      589      588      603     2996     3037     3038 
    1080     1080     1080     1080     1080      589      603      604     3038     3039     3040 
    1081     1081     1081     1081     1081      590      589      604     2999     3040     3041 
    1082     1082     1082     1082     1082      590      604      605     3041     3042     3043 
    1083     1083     1083     1083     1083      591      590      605     3002     3043     3044 
    1084     1084     1084     1084     1084      591      605      606     3044     3045     3046 
    1085     1085     1085     1085     1085      592      591      606     3005     3046     3047 
    1086     1086     1086     1086     1086      592      606      607     3047     3048     3049 
    1087     1087     1087     1087     1087      593      592      607     3008     3049     3050 
    1088     1088     1088     1088     1088      593      607      608     3050     3051     3052 
    1089     1089     1089     1089     1089      595      594      609     3012     3053     3054 
    1090     1090     1090     1090     1090      595      609      610     3054     3055     3056 
    1091     1091     1091     1091     1091      596      595      610     3015     3056     3057 
    1092     1092     1092     1092     1092      596      610      611     3057     3058     3059 
    1093     1093     1093     1093     1093      597      596      611     3018     3059     3060 
    1094     1094     1094     1094     1094      597      611      612     3060     3061     3062 
    1095     1095     1095     1095     1095      598      597      612     3021     3062     3063 
    1096     1096     1096     1096     1096      598      612      613     3063     3064     3065 
    1097     1097     1097     1097     1097      599      598      613     3024     3065     3066 
    1098     1098     1098     1098     1098      599      613      614     3066     3067     3068 
    1099     1099     1099     1099     1099      600      599      614     3027     3068     3069 
    1100     1100     1100     1100     1100      600      614      615     3069     3070     3071 
    1101     1101     1101     1101     1101      601      600      615     3030     3071     3072 
    1102     1102     1102     1102     1102      601      615      616     3072     3073     3074 
    1103     1103     1103     1103     1103      602      601      616     3033     3074     3075 
    1104     1104     1104     1104     1104      602      616      617     3075     3076     3077 
    1105     1105     1105     1105     1105      603      602      617     3036     3077     3078 
    1106     1106     1106     1106     1106      603      617      618     3078     3079     3080 
    1107     1107     1107     1107     1107      604      603      618     3039     3080     3081 
    1108     1108     1108     1108     1108      604      618      619     3081     3082     3083 
    1109     1109     1109     1109     1109      605      604      619     3042     3083     3084 
    1110     1110     1110     1110     1110      605      619      620     3084     3085     3086 
    1111     1111     1111     1111     1111      606      605      620     3045     3086     3087 
    1112     1112     1112     1112     1112      606      620      621     3087     3088     3089 
    1113     1113     1113     1113     1113      607      606      621     3048     3089     3090 
    1114     1114     1114     1114     1114      607      621      622     3090     3091     3092 
    1115     1115     1115     1115     1115      608      607      622     3051     3092     3093 
    1116     1116     1116     1116     1116      608      622      623     3093     3094     3095 
    1117     1117     1117     1117     1117      610      609      624     3055     3096     3097 
    1118     1118     1118     1118     1118      610      624      625     3097     3098     3099 
    1119     1119     1119     1119     1119      611      610      625     3058     3099     3100 
    1120     1120     1120     1120     1120      611      625      626     3100     3101     3102 
    1121     1121     1121     1121     1121      612      611      626     3061     3102     3103 
    1122     1122     1122     1122     1122      612      626      627     3103     3104     3105 
    1123     1123     1123     1123     1123      613      612      627     3064     3105     3106 
    1124     1124     1124     1124     1124      613      627      628     3106     3107     3108 
    1125     1125     1125     1125     1125      614      613      628     3067     3108     3109 
    1126     1126     1126     1126     1126      614      628      629     3109     3110     3111 
    1127     1127     1127     1127     1127      615      614      629     3070     3111     3112 
    1128     1128     1128     1128     1128      615      629      630     3112     3113     3114 
    1129     1129     1129     1129     1129      616      615      630     3073     3114     3115 
    1130     1130     1130     1130     1130      616      630      631     3115     3116     3117 
    1131     1131     1131     1131     1131      617      616      631     3076     3117     3118 
    1132     1132     1132     1132     1132      617      631      632     3118     3119     3120 
    1133     1133     1133     1133     1133      618      617      632     3079     3120     3121 
    1134     1134     1134     1134     1134      618      632      633     3121     3122     3123 
    1135     1135     1135     1135     1135      619      618      633     3082     3123     3124 
    1136     1136     1136     1136     1136      619      633      634     3124     3125     3126 
    1137     1137     1137     1137     1137      620      619      634     3085     3126     3127 
    1138     1138     1138     1138     1138      620      634      635     3127     3128     3129 
    1139     1139     1139     1139     1139      621      620      635     3088     3129     3130 
    1140     1140     1140     1140     1140      621      635      636     3130     3131     3132 
    1141     1141     1141     1141     1141      622      621      636     3091     3132     3133 
    1142     1142     1142     1142     1142      622      636      637     3133     3134     3135 
    1143     1143     1143     1143     1143      623      622      637     3094     3135     3136 
    1144     1144     1144     1144     1144      623      637      638     3136     3137     3138 
    1145     1145     1145     1145     1145      625      624      639     3098     3139     3140 
    1146     1146     1146     1146     1146      625      639      640     3140     3141     3142 
    1147     1147     1147     1147     1147      626      625      640     3101     3142     3143 
    1148     1148     1148     1148     1148      626      640      641     3143     3144     3145 
    1149     1149     1149     1149     1149      627      626      641     3104     3145     3146 
    1150     1150     1150     1150     1150      627      641      642     3146     3147     3148 
    1151     1151     1151     1151     1151      628      627      642     3107     3148     3149 
    1152     1152     1152     1152     1152      628      642      643     3149     3150     3151 
    1153     1153     1153     1153     1153      629      628      643     3110     3151     3152 
    1154     1154     1154     1154     1154      629      643      644     3152     3153     3154 
    1155     1155     1155     1155     1155      630      629      644     3113     3154     3155 
    1156     1156     1156     1156     1156      630      644      645     3155     3156     3157 
    1157     1157     1157     1157     1157      631      630      645     3116     3157     3158 
    1158     1158     1158     1158     1158      631      645      646     3158     3159     3160 
    1159     1159     1159     1159     1159      632      631      646     3119     3160     3161 
    1160     1160     1160     1160     1160      632      646      647     3161     3162     3163 
    1161     1161     1161     1161     1161      633      632      647     3122     3163     3164 
    1162     1162     1162     1162     1162      633      647      648     3164     3165     3166 
    1163     1163     1163     1163     1163      634      633      648     3125     3166     3167 
    1164     1164     1164     1164     1164      634      648      649     3167     3168     3169 
    1165     1165     1165     1165     1165      635      634      649     3128     3169     3170 
    1166     1166     1166     1166     1166      635      649      650     3170     3171     3172 
    1167     1167     1167     1167     1167      636      635      650     3131     3172     3173 
    1168     1168     1168     1168     1168      636      650      651     3173     3174     3175 
    1169     1169     1169     1169     1169      637      636      651     3134     3175     3176 
    1170     1170     1170     1170     1170      637      651      652     3176     3177     3178 
    1171     1171     1171     1171     1171      638      637      652     3137     3178     3179 
    1172     1172     1172     1172     1172      638      652      653     3179     3180     3181 
    1173     1173     1173     1173     1173      640      639      654     3141     3182     3183 
    1174     1174     1174     1174     1174      640      654      655     3183     3184     3185 
    1175     1175     1175     1175     1175      641      640      655     3144     3185     3186 
    1176     1176     1176     1176     1176      641      655      656     3186     3187     3188 
    1177     1177     1177     1177     1177      642      641      656     3147     3188     3189 
    1178     1178     1178     1178     1178      642      656      657     3189     3190     3191 
    1179     1179     1179     1179     1179      643      642      657     3150     3191     3192 
    1180     1180     1180     1180     1180      643      657      658     3192     3193     3194 
    1181     1181     1181     1181     1181      644      643      658     3153     3194     3195 
    1182     1182     1182     1182     1182      644      658      659     3195     3196     3197 
    1183     1183     1183     1183     1183      645      644      659     3156     3197     3198 
    1184     1184     1184     1184     1184      645      659      660     3198     3199     3200 
    1185     1185     1185     1185     1185      646      645      660     3159     3200     3201 
    1186     1186     1186     1186     1186      646      660      661     3201     3202     3203 
    1187     1187     1187     1187     1187      647      646      661     3162     3203     3204 
    1188     1188     1188     1188     1188      647      661      662     3204     3205     3206 
    1189     1189     1189     1189     1189      648      647      662     3165     3206     3207 
    1190     1190     1190     1190     1190      648      662      663     3207     3208     3209 
    1191     1191     1191     1191     1191      649      648      663     3168     3209     3210 
    1192     1192     1192     1192     1192      649      663      664     3210     3211     3212 
    1193     1193     1193     1193     1193      650      649      664     3171     3212     3213 
    1194     1194     1194     1194     1194      650      664      665     3213     3214     3215 
    1195     1195     1195     1195     1195      651      650      665     3174     3215     3216 
    1196     1196     1196     1196     1196      651      665      666     3216     3217     3218 
    1197     1197     1197     1197     1197      652      651      666     3177     3218     3219 
    1198     1198     1198     1198     1198      652      666      667     3219     3220     3221 
    1199     1199     1199     1199     1199      653      652      667     3180     3221     3222 
    1200     1200     1200     1200     1200      653      667      668     3222     3223     3224 
    1201     1201     1201     1201     1201      655      654      669     3184     3225     3226 
    1202     1202     1202     1202     1202      655      669      670     3226     3227     3228 
    1203     1203     1203     1203     1203      656      655      670     3187     3228     3229 
    1204     1204     1204     1204     1204      656      670      671     3229     3230     3231 
    1205     1205     1205     1205     1205      657      656      671     3190     3231     3232 
    1206     1206     1206     1206     1206      657      671      672     3232     3233     3234 
    1207     1207     1207     1207     1207      658      657      672     3193     3234     3235 
    1208     1208     1208     1208     1208      658      672      673     3235     3236     3237 
    1209     1209     1209     1209     1209      659      658      673     3196     3237     3238 
    1210     1210     1210     1210     1210      659      673      674     3238     3239     3240 
    1211     1211     1211     1211     1211      660      659      674     3199     3240     3241 
    1212     1212     1212     1212     1212      660      674      675     3241     3242     3243 
    1213     1213     1213     1213     1213      661      660      675     3202     3243     3244 
    1214     1214     1214     1214     1214      661      675      676     3244     3245     3246 
    1215     1215     1215     1215     1215      662      661      676     3205     3246     3247 
    1216     1216     1216     1216     1216      662      676      677     3247     3248     3249 
    1217     1217     1217     1217     1217      663      662      677     3208     3249     3250 
    1218     1218     1218     1218     1218      663      677      678     3250     3251     3252 
    1219     1219     1219     1219     1219      664      663      678     3211     3252     3253 
    1220     1220     1220     1220     1220      664      678      679     3253     3254     3255 
    1221     1221     1221     1221     1221      665      664      679     3214     3255     3256 
    1222     1222     1222     1222     1222      665      679      680     3256     3257     3258 
    1223     1223     1223     1223     1223      666      665      680     3217     3258     3259 
    1224     1224     1224     1224     1224      666      680      681     3259     3260     3261 
    1225     1225     1225     1225     1225      667      666      681     3220     3261     3262 
    1226     1226     1226     1226     1226      667      681      682     3262     3263     3264 
    1227     1227     1227     1227     1227      668      667      682     3223     3264     3265 
    1228     1228     1228     1228     1228      668      682      683     3265     3266     3267 
    1229     1229     1229     1229     1229      670      669      684     3227     3268     3269 
    1230     1230     1230     1230     1230      670      684      685     3269     3270     3271 
    1231     1231     1231     1231     1231      671      670      685     3230     3271     3272 
    1232     1232     1232     1232     1232      671      685      686     3272     3273     3274 
    1233     1233     1233     1233     1233      672      671      686     3233     3274     3275 
    1234     1234     1234     1234     1234      672      686      687     3275     3276     3277 
    1235     1235     1235     1235     1235      673      672      687     3236     3277     3278 
    1236     1236     1236     1236     1236      673      687      688     3278     3279     3280 
    1237     1237     1237     1237     1237      674      673      688     3239     3280     3281 
    1238     1238     1238     1238     1238      674      688      689     3281     3282     3283 
    1239     1239     1239     1239     1239      675      674      689     3242     3283     3284 
    1240     1240     1240     1240     1240      675      689      690     3284     3285     3286 
    1241     1241     1241     1241     1241      676      675      690     3245     3286     3287 
    1242     1242     1242     1242     1242      676      690      691     3287     3288     3289 
    1243     1243     1243     1243     1243      677      676      691     3248     3289     3290 
    1244     1244     1244     1244     1244      677      691      692     3290     3291     3292 
    1245     1245     1245     1245     1245      678      677      692     3251     3292     3293 
    1246     1246     1246     1246     1246      678      692      693     3293     3294     3295 
    1247     1247     1247     1247     1247      679      678      693     3254     3295     3296 
    1248     1248     1248     1248     1248      679      693      694     3296     3297     3298 
    1249     1249     1249     1249     1249      680      679      694     3257     3298     3299 
    1250     1250     1250     1250     1250      680      694      695     3299     3300     3301 
    1251     1251     1251     1251     1251      681      680      695     3260     3301     3302 
    1252     1252     1252     1252     1252      681      695      696     3302     3303     3304 
    1253     1253     1253     1253     1253      682      681      696     3263     3304     3305 
    1254     1254     1254     1254     1254      682      696      697     3305     3306     3307 
    1255     1255     1255     1255     1255      683      682      697     3266     3307     3308 
    1256     1256     1256     1256     1256      683      697      698     3308     3309     3310 
    1257     1257     1257     1257     1257      685      684      699     3270     3311     3312 
    1258     1258     1258     1258     1258      685      699      700     3312     3313     3314 
    1259     1259     1259     1259     1259      686      685      700     3273     3314     3315 
    1260     1260     1260     1260     1260      686      700      701     3315     3316     3317 
    1261     1261     1261     1261     1261      687      686      701     3276     3317     3318 
    1262     1262     1262     1262     1262      687      701      702     3318     3319     3320 
    1263     1263     1263     1263     1263      688      687      702     3279     3320     3321 
    1264     1264     1264     1264     1264      688      702      703     3321     3322     3323 
    1265     1265     1265     1265     1265      689      688      703     3282     3323     3324 
    1266     1266     1266     1266     1266      689      703      704     3324     3325     3326 
    1267     1267     1267     1267     1267      690      689      704     3285     3326     3327 
    1268     1268     1268     1268     1268      690      704      705     3327     3328     3329 
    1269     1269     1269     1269     1269      691      690      705     3288     3329     3330 
    1270     1270     1270     1270     1270      691      705      706     3330     3331     3332 
    1271     1271     1271     1271     1271      692      691      706     3291     3332     3333 
    1272     1272     1272     1272     1272      692      706      707     3333     3334     3335 
    1273     1273     1273     1273     1273      693      692      707     3294     3335     3336 
    1274     1274     1274     1274     1274      693      707      708     3336     3337     3338 
    1275     1275     1275     1275     1275      694      693      708     3297     3338     3339 
    1276     1276     1276     1276     1276      694      708      709     3339     3340     3341 
    1277     1277     1277     1277     1277      695      694      709     3300     3341     3342 
    1278     1278     1278     1278     1278      695      709      710     3342     3343     3344 
    1279     1279     1279     1279     1279      696      695      710     3303     3344     3345 
    1280     1280     1280     1280     1280      696      710      711     3345     3346     3347 
    1281     1281     1281     1281     1281      697      696      711     3306     3347     3348 
    1282     1282     1282     1282     1282      697      711      712     3348     3349     3350 
    1283     1283     1283     1283     1283      698      697      712     3309     3350     3351 
    1284     1284     1284     1284     1284      698      712      713     3351     3352     3353 
    1285     1285     1285     1285     1285      700      699      714     3313     3354     3355 
    1286     1286     1286     1286     1286      700      714      715     3355     3356     3357 
    1287     1287     1287     1287     1287      701      700      715     3316     3357     3358 
    1288     1288     1288     1288     1288      701      715      716     3358     3359     3360 
    1289     1289     1289     1289     1289      702      701      716     3319     3360     3361 
    1290     1290     1290     1290     1290      702      716      717     3361     3362     3363 
    1291     1291     1291     1291     1291      703      702      717     3322     3363     3364 
    1292     1292     1292     1292     1292      703      717      718     3364     3365     3366 
    1293     1293     1293     1293     1293      704      703      718     3325     3366     3367 
    1294     1294     1294     1294     1294      704      718      719     3367     3368     3369 
    1295     1295     1295     1295     1295      705      704      719     3328     3369     3370 
    1296     1296     1296     1296     1296      705      719      720     3370     3371     3372 
    1297     1297     1297     1297     1297      706      705      720     3331     3372     3373 
    1298     1298     1298     1298     1298      706      720      721     3373     3374     3375 
    1299     1299     1299     1299     1299      707      706      721     3334     3375     3376 
    1300     1300     1300     1300     1300      707      721      722     3376     3377     3378 
    1301     1301     1301     1301     1301      708      707      722     3337     3378     3379 
    1302     1302     1302     1302     1302      708      722      723     3379     3380     3381 
    1303     1303     1303     1303     1303      709      708      723     3340     3381     3382 
    1304     1304     1304     1304     1304      709      723      724     3382     3383     3384 
    1305     1305     1305     1305     1305      710      709      724     3343     3384     3385 
    1306     1306     1306     1306     1306      710      724      725     3385     3386     3387 
    1307     1307     1307     1307     1307      711      710      725     3346     3387     3388 
    1308     1308     1308     1308     1308      711      725      726     3388     3389     3390 
    1309     1309     1309     1309     1309      712      711      726     3349     3390     3391 
    1310     1310     1310     1310     1310      712      726      727     3391     3392     3393 
    1311     1311     1311     1311     1311      713      712      727     3352     3393     3394 
    1312     1312     1312     1312     1312      713      727      728     3394     3395     3396 
    1313     1313     1313     1313     1313      715      714      729     3356     3397     3398 
    1314     1314     1314     1314     1314      715      729      730     3398     3399     3400 
    1315     1315     1315     1315     1315      716      715      730     3359     3400     3401 
    1316     1316     1316     1316     1316      716      730      731     3401     3402     3403 
    1317     1317     1317     1317     1317      717      716      731     3362     3403     3404 
    1318     1318     1318     1318     1318      717      731      732     3404     3405     3406 
    1319     1319     1319     1319     1319      718      717      732     3365     3406     3407 
    1320     1320     1320     1320     1320      718      732      733     3407     3408     3409 
    1321     1321     1321     1321     1321      719      718      733     3368     3409     3410 
    1322     1322     1322     1322     1322      719      733      734     3410     3411     3412 
    1323     1323     1323     1323     1323      720      719      734     3371     3412     3413 
    1324     1324     1324     1324     1324      720      734      735     3413     3414     3415 
    1325     1325     1325     1325     1325      721      720      735     3374     3415     3416 
    1326     1326     1326     1326     1326      721      735      736     3416     3417     3418 
    1327     1327     1327     1327     1327      722      721      736     3377     3418     3419 
    1328     1328     1328     1328     1328      722      736      737     3419     3420     3421 
    1329     1329     1329     1329     1329      723      722      737     3380     3421     3422 
    1330     1330     1330     1330     1330      723      737      738     3422     3423     3424 
    1331     1331     1331     1331     1331      724      723      738     3383     3424     3425 
    1332     1332     1332     1332     1332      724      738      739     3425     3426     3427 
    1333     1333     1333     1333     1333      725      724      739     3386     3427     3428 
    1334     1334     1334     1334     1334      725      739      740     3428     3429     3430 
    1335     1335     1335     1335     1335      726      725      740     3389     3430     3431 
    1336     1336     1336     1336     1336      726      740      741     3431     3432     3433 
    1337     1337     1337     1337     1337      727      726      741     3392     3433     3434 
    1338     1338     1338     1338     1338      727      741      742     3434     3435     3436 
    1339     1339     1339     1339     1339      728      727      742     3395     3436     3437 
    1340     1340     1340     1340     1340      728      742      743     3437     3438     3439 
    1341     1341     1341     1341     1341      730      729      744     3399     3440     3441 
    1342     1342     1342     1342     1342      730      744      745     3441     3442     3443 
    1343     1343     1343     1343     1343      731      730      745     3402     3443     3444 
    1344     1344     1344     1344     1344      731      745      746     3444     3445     3446 
    1345     1345     1345     1345     1345      732      731      746     3405     3446     3447 
    1346     1346     1346     1346     1346      732      746      747     3447     3448     3449 
    1347     1347     1347     1347     1347      733      732      747     3408     3449     3450 
    1348     1348     1348     1348     1348      733      747      748     3450     3451     3452 
    1349     1349     1349     1349     1349      734      733      748     3411     3452     3453 
    1350     1350     1350     1350     1350      734      748      749     3453     3454     3455 
    1351     1351     1351     1351     1351      735      734      749     3414     3455     3456 
    1352     1352     1352     1352     1352      735      749      750     3456     3457     3458 
    1353     1353     1353     1353     1353      736      735      750     3417     3458     3459 
    1354     1354     1354     1354     1354      736      750      751     3459     3460     3461 
    1355     1355     1355     1355     1355      737      736      751     3420     3461     3462 
    1356     1356     1356     1356     1356      737      751      752     3462     3463     3464 
    1357     1357     1357     1357     1357      738      737      752     3423     3464     3465 
    1358     1358     1358     1358     1358      738      752      753     3465     3466     3467 
    1359     1359     1359     1359     1359      739      738      753     3426     3467     3468 
    1360     1360     1360     1360     1360      739      753      754     3468     3469     3470 
    1361     1361     1361     1361     1361      740      739      754     3429     3470     3471 
    1362     1362     1362     1362     1362      740      754      755     3471     3472     3473 
    1363     1363     1363     1363     1363      741      740      755     3432     3473     3474 
    1364     1364     1364     1364     1364      741      755      756     3474     3475     3476 
    1365     1365     1365     1365     1365      742      741      756     3435     3476     3477 
    1366     1366     1366     1366     1366      742      756      757     3477     3478     3479 
    1367     1367     1367     1367     1367      743      742      757     3438     3479     3480 
    1368     1368     1368     1368     1368      743      757      758     3480     3481     3482 
    1369     1369     1369     1369     1369      745      744      759     3442     3483     3484 
    1370     1370     1370     1370     1370      745      759      760     3484     3485     3486 
    1371     1371     1371     1371     1371      746      745      760     3445     3486     3487 
    1372     1372     1372     1372     1372      746      760      761     3487     3488     3489 
    1373     1373     1373     1373     1373      747      746      761     3448     3489     3490 
    1374     1374     1374     1374     1374      747      761      762     3490     3491     3492 
    1375     1375     1375     1375     1375      748      747      762     3451     3492     3493 
    1376     1376     1376     1376     1376      748      762      763     3493     3494     3495 
    1377     1377     1377     1377     1377      749      748      763     3454     3495     3496 
    1378     1378     1378     1378     1378      749      763      764     3496     3497     3498 
    1379     1379     1379     1379     1379      750      749      764     3457     3498     3499 
    1380     1380     1380     1380     1380      750      764      765     3499     3500     3501 
    1381     1381     1381     1381     1381      751      750      765     3460     3501     3502 
    1382     1382     1382     1382     1382      751      765      766     3502     3503     3504 
    1383     1383     1383     1383     1383      752      751      766     3463     3504     3505 
    1384     1384     1384     1384     1384      752      766      767     3505     3506     3507 
    1385     1385     1385     1385     1385      753      752      767     3466     3507     3508 
    1386     1386     1386     1386     1386      753      767      768     3508     3509     3510 
    1387     1387     1387     1387     1387      754      753      768     3469     3510     3511 
    1388     1388     1388     1388     1388      754      768      769     3511     3512     3513 
    1389     1389     1389     1389     1389      755      754      769     3472     3513     3514 
    1390     1390     1390     1390     1390      755      769      770     3514     3515     3516 
    1391     1391     1391     1391     1391      756      755      770     3475     3516     3517 
    1392     1392     1392     1392     1392      756      770      771     3517     3518     3519 
    1393     1393     1393     1393     1393      757      756      771     3478     3519     3520 
    1394     1394     1394     1394     1394      757      771      772     3520     3521     3522 
    1395     1395     1395     1395     1395      758      757      772     3481     3522     3523 
    1396     1396     1396     1396     1396      758      772      773     3523     3524     3525 
    1397     1397     1397     1397     1397      760      759        1     3485     3526     3527 
    1398     1398     1398     1398     1398      760        1        2     3527     1359     3528 
    1399     1399     1399     1399     1399      761      760        2     3488     3528     3529 
    1400     1400     1400     1400     1400      761        2        3     3529     1364     3530 
    1401     1401     1401     1401     1401      762      761        3     3491     3530     3531 
    1402     1402     1402     1402     1402      762        3        4     3531     1368     3532 
    1403     1403     1403     1403     1403      763      762        4     3494     3532     3533 
    1404     1404     1404     1404     1404      763        4        5     3533     1372     3534 
    1405     1405     1405     1405     1405      764      763        5     3497     3534     3535 
    1406     1406     1406     1406     1406      764        5        6     3535     1376     3536 
    1407     1407     1407     1407     1407      765      764        6     3500     3536     3537 
    1408     1408     1408     1408     1408      765        6        7     3537     1380     3538 
    1409     1409     1409     1409     1409      766      765        7     3503     3538     3539 
    1410     1410     1410     1410     1410      766        7        8     3539     1384     3540 
    1411     1411     1411     1411     1411      767      766        8     3506     3540     3541 
    1412     1412     1412     1412     1412      767        8        9     3541     1388     3542 
    1413     1413     1413     1413     1413      768      767        9     3509     3542     3543 
    1414     1414     1414     1414     1414      768        9       10     3543     1392     3544 
    1415     1415     1415     1415     1415      769      768       10     3512     3544     3545 
    1416     1416     1416     1416     1416      769       10       11     3545     1396     3546 
    1417     1417     1417     1417     1417      770      769       11     3515     3546     3547 
    1418     1418     1418     1418     1418      770       11       12     3547     1400     3548 
    1419     1419     1419     1419     1419      771      770       12     3518     3548     3549 
    1420     1420     1420     1420     1420      771       12       13     3549     1404     3550 
    1421     1421     1421     1421     1421      772      771       13     3521     3550     3551 
    1422     1422     1422     1422     1422      772       13       14     3551     1408     3552 
    1423     1423     1423     1423     1423      773      772       14     3524     3552     3553 
    1424     1424     1424     1424     1424      773       14       15     3553     1412     3554 
    1425     1425     1425     1425     1425      365      380      774     2346     3555     3556 
    1426     1426     1426     1426     1426      365      774      579     3556     3557     2967 
    1427     1427     1427     1427     1427      579      774      775     3557     3558     3559 
    1428     1428     1428     1428     1428      579      775      594     3559     3560     3010 
    1429     1429     1429     1429     1429      594      775      776     3560     3561     3562 
    1430     1430     1430     1430     1430      594      776      609     3562     3563     3053 
    1431     1431     1431     1431     1431      609      776      777     3563     3564     3565 
    1432     1432     1432     1432     1432      609      777      624     3565     3566     3096 
    1433     1433     1433     1433     1433      624      777      778     3566     3567     3568 
    1434     1434     1434     1434     1434      624      778      639     3568     3569     3139 
    1435     1435     1435     1435     1435      639      778      779     3569     3570     3571 
    1436     1436     1436     1436     1436      639      779      654     3571     3572     3182 
    1437     1437     1437     1437     1437      654      779      780     3572     3573     3574 
    1438     1438     1438     1438     1438      654      780      669     3574     3575     3225 
    1439     1439     1439     1439     1439      669      780      781     3575     3576     3577 
    1440     1440     1440     1440     1440      669      781      684     3577     3578     3268 
    1441     1441     1441     1441     1441      684      781      782     3578     3579     3580 
    1442     1442     1442     1442     1442      684      782      699     3580     3581     3311 
    1443     1443     1443     1443     1443      699      782      783     3581     3582     3583 
    1444     1444     1444     1444     1444      699      783      714     3583     3584     3354 
    1445     1445     1445     1445     1445      714      783      784     3584     3585     3586 
    1446     1446     1446     1446     1446      714      784      729     3586     3587     3397 
    1447     1447     1447     1447     1447      729      784      785     3587     3588     3589 
    1448     1448     1448     1448     1448      729      785      744     3589     3590     3440 
    1449     1449     1449     1449     1449      744      785      786     3590     3591     3592 
    1450     1450     1450     1450     1450      744      786      759     3592     3593     3483 
    1451     1451     1451     1451     1451      759      786      106     3593     3594     3595 
    1452     1452     1452     1452     1452      759      106        1     3595     1602     3526 
    1453     1453     1453     1453     1453      335      350      593     2285     3009     3596 
    1454     1454     1454     1454     1454      335      593      787     3596     3597     3598 
    1455     1455     1455     1455     1455      787      593      608     3597     3052     3599 
    1456     1456     1456     1456     1456      787      608      788     3599     3600     3601 
    1457     1457     1457     1457     1457      788      608      623     3600     3095     3602 
    1458     1458     1458     1458     1458      788      623      789     3602     3603     3604 
    1459     1459     1459     1459     1459      789      623      638     3603     3138     3605 
    1460     1460     1460     1460     1460      789      638      790     3605     3606     3607 
    1461     1461     1461     1461     1461      790      638      653     3606     3181     3608 
    1462     1462     1462     1462     1462      790      653      791     3608     3609     3610 
    1463     1463     1463     1463     1463      791      653      668     3609     3224     3611 
    1464     1464     1464     1464     1464      791      668      792     3611     3612     3613 
    1465     1465     1465     1465     1465      792      668      683     3612     3267     3614 
    1466     1466     1466     1466     1466      792      683      793     3614     3615     3616 
    1467     1467     1467     1467     1467      793      683      698     3615     3310     3617 
    1468     1468     1468     1468     1468      793      698      794     3617     3618     3619 
    1469     1469     1469     1469     1469      794      698      713     3618     3353     3620 
    1470     1470     1470     1470     1470      794      713      795     3620     3621     3622 
    1471     1471     1471     1471     1471      795      713      728     3621     3396     3623 
    1472     1472     1472     1472     1472      795      728      796     3623     3624     3625 
    1473     1473     1473     1473     1473      796      728      743     3624     3439     3626 
    1474     1474     1474     1474     1474      796      743      797     3626     3627     3628 
    1475     1475     1475     1475     1475      797      743      758     3627     3482     3629 
    1476     1476     1476     1476     1476      797      758      798     3629     3630     3631 
    1477     1477     1477     1477     1477      798      758      773     3630     3525     3632 
    1478     1478     1478     1478     1478      798      773      799     3632     3633     3634 
    1479     1479     1479     1479     1479      799      773       15     3633     3554     3635 
    1480     1480     1480     1480     1480      799       15       31     3635     1420     3636 
    1481     1481     1481     1481     1481      395      800      394     3637     3638     2399 
    1482     1482     1482     1482     1482      394      800      813     3638     3639     3640 
    1483     1483     1483     1483     1483      800      801      813     3641     3642     3639 
    1484     1484     1484     1484     1484      813      801      814     3642     3643     3644 
    1485     1485     1485     1485     1485      801      802      814     3645     3646     3643 
    1486     1486     1486     1486     1486      814      802      815     3646     3647     3648 
    1487     1487     1487     1487     1487      802      803      815     3649     3650     3647 
    1488     1488     1488     1488     1488      815      803      816     3650     3651     3652 
    1489     1489     1489     1489     1489      803      804      816     3653     3654     3651 
    1490     1490     1490     1490     1490      816      804      817     3654     3655     3656 
    1491     1491     1491     1491     1491      804      805      817     3657     3658     3655 
    1492     1492     1492     1492     1492      817      805      818     3658     3659     3660 
    1493     1493     1493     1493     1493      805      806      818     3661     3662     3659 
    1494     1494     1494     1494     1494      818      806      819     3662     3663     3664 
    1495     1495     1495     1495     1495      806      807      819     3665     3666     3663 
    1496     1496     1496     1496     1496      819      807      820     3666     3667     3668 
    1497     1497     1497     1497     1497      807      808      820     3669     3670     3667 
    1498     1498     1498     1498     1498      820      808      821     3670     3671     3672 
    1499     1499     1499     1499     1499      808      809      821     3673     3674     3671 
    1500     1500     1500     1500     1500      821      809      822     3674     3675     3676 
    1501     1501     1501     1501     1501      809      810      822     3677     3678     3675 
    1502     1502     1502     1502     1502      822      810      823     3678     3679     3680 
    1503     1503     1503     1503     1503      810      811      823     3681     3682     3679 
    1504     1504     1504     1504     1504      823      811      824     3682     3683     3684 
    1505     1505     1505     1505     1505      811      812      824     3685     3686     3683 
    1506     1506     1506     1506     1506      824      812      825     3686     3687     3688 
    1507     1507     1507     1507     1507      812       91      825     3689     3690     3687 
    1508     1508     1508     1508     1508      825       91       93     3690     1543     3691 
    1509     1509     1509     1509     1509      394      813      393     3640     3692     2395 
    1510     1510     1510     1510     1510      393      813      826     3692     3693     3694 
    1511     1511     1511     1511     1511      813      814      826     3644     3695     3693 
    1512     1512     1512     1512     1512      826      814      827     3695     3696     3697 
    1513     1513     1513     1513     1513      814      815      827     3648     3698     3696 
    1514     1514     1514     1514     1514      827      815      828     3698     3699     3700 
    1515     1515     1515     1515     1515      815      816      828     3652     3701     3699 
    1516     1516     1516     1516     1516      828      816      829     3701     3702     3703 
    1517     1517     1517     1517     1517      816      817      829     3656     3704     3702 
    1518     1518     1518     1518     1518      829      817      830     3704     3705     3706 
    1519     1519     1519     1519     1519      817      818      830     3660     3707     3705 
    1520     1520     1520     1520     1520      830      818      831     3707     3708     3709 
    1521     1521     1521     1521     1521      818      819      831     3664     3710     3708 
    1522     1522     1522     1522     1522      831      819      832     3710     3711     3712 
    1523     1523     1523     1523     1523      819      820      832     3668     3713     3711 
    1524     1524     1524     1524     1524      832      820      833     3713     3714     3715 
    1525     1525     1525     1525     1525      820      821      833     3672     3716     3714 
    1526     1526     1526     1526     1526      833      821      834     3716     3717     3718 
    1527     1527     1527     1527     1527      821      822      834     3676     3719     3717 
    1528     1528     1528     1528     1528      834      822      835     3719     3720     3721 
    1529     1529     1529     1529     1529      822      823      835     3680     3722     3720 
    1530     1530     1530     1530     1530      835      823      836     3722     3723     3724 
    1531     1531     1531     1531     1531      823      824      836     3684     3725     3723 
    1532     1532     1532     1532     1532      836      824      837     3725     3726     3727 
    1533     1533     1533     1533     1533      824      825      837     3688     3728     3726 
    1534     1534     1534     1534     1534      837      825      838     3728     3729     3730 
    1535     1535     1535     1535     1535      825       93      838     3691     3731     3729 
    1536     1536     1536     1536     1536      838       93       94     3731     1547     3732 
    1537     1537     1537     1537     1537      393      826      392     3694     3733     2391 
    1538     1538     1538     1538     1538      392      826      839     3733     3734     3735 
    1539     1539     1539     1539     1539      826      827      839     3697     3736     3734 
    1540     1540     1540     1540     1540      839      827      840     3736     3737     3738 
    1541     1541     1541     1541     1541      827      828      840     3700     3739     3737 
    1542     1542     1542     1542     1542      840      828      841     3739     3740     3741 
    1543     1543     1543     1543     1543      828      829      841     3703     3742     3740 
    1544     1544     1544     1544     1544      841      829      842     3742     3743     3744 
    1545     1545     1545     1545     1545      829      830      842     3706     3745     3743 
    1546     1546     1546     1546     1546      842      830      843     3745     3746     3747 
    1547     1547     1547     1547     1547      830      831      843     3709     3748     3746 
    1548     1548     1548     1548     1548      843      831      844     3748     3749     3750 
    1549     1549     1549     1549     1549      831      832      844     3712     3751     3749 
    1550     1550     1550     1550     1550      844      832      845     3751     3752     3753 
    1551     1551     1551     1551     1551      832      833      845     3715     3754     3752 
    1552     1552     1552     1552     1552      845      833      846     3754     3755     3756 
    1553     1553     1553     1553     1553      833      834      846     3718     3757     3755 
    1554     1554     1554     1554     1554      846      834      847     3757     3758     3759 
    1555     1555     1555     1555     1555      834      835      847     3721     3760     3758 
    1556     1556     1556     1556     1556      847      835      848     3760     3761     3762 
    1557     1557     1557     1557     1557      835      836      848     3724     3763     3761 
    1558     1558     1558     1558     1558      848      836      849     3763     3764     3765 
    1559     1559     1559     1559     1559      836      837      849     3727     3766     3764 
    1560     1560     1560     1560     1560      849      837      850     3766     3767     3768 
    1561     1561     1561     1561     1561      837      838      850     3730     3769     3767 
    1562     1562     1562     1562     1562      850      838      851     3769     3770     3771 
    1563     1563     1563     1563     1563      838       94      851     3732     3772     3770 
    1564     1564     1564     1564     1564      851       94       95     3772     1551     3773 
    1565     1565     1565     1565     1565      392      839      391     3735     3774     2387 
    1566     1566     1566     1566     1566      391      839      852     3774     3775     3776 
    1567     1567     1567     1567     1567      839      840      852     3738     3777     3775 
    1568     1568     1568     1568     1568      852      840      853     3777     3778     3779 
    1569     1569     1569     1569     1569      840      841      853     3741     3780     3778 
    1570     1570     1570     1570     1570      853      841      854     3780     3781     3782 
    1571     1571     1571     1571     1571      841      842      854     3744     3783     3781 
    1572     1572     1572     1572     1572      854      842      855     3783     3784     3785 
    1573     1573     1573     1573     1573      842      843      855     3747     3786     3784 
    1574     1574     1574     1574     1574      855      843      856     3786     3787     3788 
    1575     1575     1575     1575     1575      843      844      856     3750     3789     3787 
    1576     1576     1576     1576     1576      856      844      857     3789     3790     3791 
    1577     1577     1577     1577     1577      844      845      857     3753     3792     3790 
    1578     1578     1578     1578     1578      857      845      858     3792     3793     3794 
    1579     1579     1579     1579     1579      845      846      858     3756     3795     3793 
    1580     1580     1580     1580     1580      858      846      859     3795     3796     3797 
    1581     1581     1581     1581     1581      846      847      859     3759     3798     3796 
    1582     1582     1582     1582     1582      859      847      860     3798     3799     3800 
    1583     1583     1583     1583     1583      847      848      860     3762     3801     3799 
    1584     1584     1584     1584     1584      860      848      861     3801     3802     3803 
    1585     1585     1585     1585     1585      848      849      861     3765     3804     3802 
    1586     1586     1586     1586     1586      861      849      862     3804     3805     3806 
    1587     1587     1587     1587     1587      849      850      862     3768     3807     3805 
    1588     1588     1588     1588     1588      862      850      863     3807     3808     3809 
    1589     1589     1589     1589     1589      850      851      863     3771     3810     3808 
    1590     1590     1590     1590     1590      863      851      864     3810     3811     3812 
    1591     1591     1591     1591     1591      851       95      864     3773     3813     3811 
    1592     1592     1592     1592     1592      864       95       96     3813     1555     3814 
    1593     1593     1593     1593     1593      391      852      390     3776     3815     2383 
    1594     1594     1594     1594     1594      390      852      865     3815     3816     3817 
    1595     1595     1595     1595     1595      852      853      865     3779     3818     3816 
    1596     1596     1596     1596     1596      865      853      866     3818     3819     3820 
    1597     1597     1597     1597     1597      853      854      866     3782     3821     3819 
    1598     1598     1598     1598     1598      866      854      867     3821     3822     3823 
    1599     1599     1599     1599     1599      854      855      867     3785     3824     3822 
    1600     1600     1600     1600     1600      867      855      868     3824     3825     3826 
    1601     1601     1601     1601     1601      855      856      868     3788     3827     3825 
    1602     1602     1602     1602     1602      868      856      869     3827     3828     3829 
    1603     1603     1603     1603     1603      856      857      869     3791     3830     3828 
    1604     1604     1604     1604     1604      869      857      870     3830     3831     3832 
    1605     1605     1605     1605     1605      857      858      870     3794     3833     3831 
    1606     1606     1606     1606     1606      870      858      871     3833     3834     3835 
    1607     1607     1607     1607     1607      858      859      871     3797     3836     3834 
    1608     1608     1608     1608     1608      871      859      872     3836     3837     3838 
    1609     1609     1609     1609     1609      859      860      872     3800     3839     3837 
    1610     1610     1610     1610     1610      872      860      873     3839     3840     3841 
    1611     1611     1611     1611     1611      860      861      873     3803     3842     3840 
    1612     1612     1612     1612     1612      873      861      874     3842     3843     3844 
    1613     1613     1613     1613     1613      861      862      874     3806     3845     3843 
    1614     1614     1614     1614     1614      874      862      875     3845     3846     3847 
    1615     1615     1615     1615     1615      862      863      875     3809     3848     3846 
    1616     1616     1616     1616     1616      875      863      876     3848     3849     3850 
    1617     1617     1617     1617     1617      863      864      876     3812     3851     3849 
    1618     1618     1618     1618     1618      876      864      877     3851     3852     3853 
    1619     1619     1619     1619     1619      864       96      877     3814     3854     3852 
    1620     1620     1620     1620     1620      877       96       97     3854     1559     3855 
    1621     1621     1621     1621     1621      390      865      389     3817     3856     2379 
    1622     1622     1622     1622     1622      389      865      878     3856     3857     3858 
    1623     1623     1623     1623     1623      865      866      878     3820     3859     3857 
    1624     1624     1624     1624     1624      878      866      879     3859     3860     3861 
    1625     1625     1625     1625     1625      866      867      879     3823     3862     3860 
    1626     1626     1626     1626     1626      879      867      880     3862     3863     3864 
    1627     1627     1627     1627     1627      867      868      880     3826     3865     3863 
    1628     1628     1628     1628     1628      880      868      881     3865     3866     3867 
    1629     1629     1629     1629     1629      868      869      881     3829     3868     3866 
    1630     1630     1630     1630     1630      881      869      882     3868     3869     3870 
    1631     1631     1631     1631     1631      869      870      882     3832     3871     3869 
    1632     1632     1632     1632     1632      882      870      883     3871     3872     3873 
    1633     1633     1633     1633     1633      870      871      883     3835     3874     3872 
    1634     1634     1634     1634     1634      883      871      884     3874     3875     3876 
    1635     1635     1635     1635     1635      871      872      884     3838     3877     3875 
    1636     1636     1636     1636     1636      884      872      885     3877     3878     3879 
    1637     1637     1637     1637     1637      872      873      885     3841     3880     3878 
    1638     1638     1638     1638     1638      885      873      886     3880     3881     3882 
    1639     1639     1639     1639     1639      873      874      886     3844     3883     3881 
    1640     1640     1640     1640     1640      886      874      887     3883     3884     3885 
    1641     1641     1641     1641     1641      874      875      887     3847     3886     3884 
    1642     1642     1642     1642     1642      887      875      888     3886     3887     3888 
    1643     1643     1643     1643     1643      875      876      888     3850     3889     3887 
    1644     1644     1644     1644     1644      888      876      889     3889     3890     3891 
    1645     1645     1645     1645     1645      876      877      889     3853     3892     3890 
    1646     1646     1646     1646     1646      889      877      890     3892     3893     3894 
    1647     1647     1647     1647     1647      877       97      890     3855     3895     3893 
    1648     1648     1648     1648     1648      890       97       98     3895     1563     3896 
    1649     1649     1649     1649     1649      389      878      388     3858     3897     2375 
    1650     1650     1650     1650     1650      388      878      891     3897     3898     3899 
    1651     1651     1651     1651     1651      878      879      891     3861     3900     3898 
    1652     1652     1652     1652     1652      891      879      892     3900     3901     3902 
    1653     1653     1653     1653     1653      879      880      892     3864     3903     3901 
    1654     1654     1654     1654     1654      892      880      893     3903     3904     3905 
    1655     1655     1655     1655     1655      880      881      893     3867     3906     3904 
    1656     1656     1656     1656     1656      893      881      894     3906     3907     3908 
    1657     1657     1657     1657     1657      881      882      894     3870     3909     3907 
    1658     1658     1658     1658     1658      894      882      895     3909     3910     3911 
    1659     1659     1659     1659     1659      882      883      895     3873     3912     3910 
    1660     1660     1660     1660     1660      895      883      896     3912     3913     3914 
    1661     1661     1661     1661     1661      883      884      896     3876     3915     3913 
    1662     1662     1662     1662     1662      896      884      897     3915     3916     3917 
    1663     1663     1663     1663     1663      884      885      897     3879     3918     3916 
    1664     1664     1664     1664     1664      897      885      898     3918     3919     3920 
    1665     1665     1665     1665     1665      885      886      898     3882     3921     3919 
    1666     1666     1666     1666     1666      898      886      899     3921     3922     3923 
    1667     1667     1667     1667     1667      886      887      899     3885     3924     3922 
    1668     1668     1668     1668     1668      899      887      900     3924     3925     3926 
    1669     1669     1669     1669     1669      887      888      900     3888     3927     3925 
    1670     1670     1670     1670     1670      900      888      901     3927     3928     3929 
    1671     1671     1671     1671     1671      888      889      901     3891     3930     3928 
    1672     1672     1672     1672     1672      901      889      902     3930     3931     3932 
    1673     1673     1673     1673     1673      889      890      902     3894     3933     3931 
    1674     1674     1674     1674     1674      902      890      903     3933     3934     3935 
    1675     1675     1675     1675     1675      890       98      903     3896     3936     3934 
    1676     1676     1676     1676     1676      903       98       99     3936     1567     3937 
    1677     1677     1677     1677     1677      388      891      387     3899     3938     2371 
    1678     1678     1678     1678     1678      387      891      904     3938     3939     3940 
    1679     1679     1679     1679     1679      891      892      904     3902     3941     3939 
    1680     1680     1680     1680     1680      904      892      905     3941     3942     3943 
    1681     1681     1681     1681     1681      892      893      905     3905     3944     3942 
    1682     1682     1682     1682     1682      905      893      906     3944     3945     3946 
    1683     1683     1683     1683     1683      893      894      906     3908     3947     3945 
    1684     1684     1684     1684     1684      906      894      907     3947     3948     3949 
    1685     1685     1685     1685     1685      894      895      907     3911     3950     3948 
    1686     1686     1686     1686     1686      907      895      908     3950     3951     3952 
    1687     1687     1687     1687     1687      895      896      908     3914     3953     3951 
    1688     1688     1688     1688     1688      908      896      909     3953     3954     3955 
    1689     1689     1689     1689     1689      896      897      909     3917     3956     3954 
    1690     1690     1690     1690     1690      909      897      910     3956     3957     3958 
    1691     1691     1691     1691     1691      897      898      910     3920     3959     3957 
    1692     1692     1692     1692     1692      910      898      911     3959     3960     3961 
    1693     1693     1693     1693     1693      898      899      911     3923     3962     3960 
    1694     1694     1694     1694     1694      911      899      912     3962     3963     3964 
    1695     1695     1695     1695     1695      899      900      912     3926     3965     3963 
    1696     1696     1696     1696     1696      912      900      913     3965     3966     3967 
    1697     1697     1697     1697     1697      900      901      913     3929     3968     3966 
    1698     1698     1698     1698     1698      913      901      914     3968     3969     3970 
    1699     1699     1699     1699     1699      901      902      914     3932     3971     3969 
    1700     1700     1700     1700     1700      914      902      915     3971     3972     3973 
    1701     1701     1701     1701     1701      902      903      915     3935     3974     3972 
    1702     1702     1702     1702     1702      915      903      916     3974     3975     3976 
    1703     1703     1703     1703     1703      903       99      916     3937     3977     3975 
    1704     1704     1704     1704     1704      916       99      100     3977     1571     3978 
    1705     1705     1705     1705     1705      387      904      386     3940     3979     2367 
    1706     1706     1706     1706     1706      386      904      917     3979     3980     3981 
    1707     1707     1707     1707     1707      904      905      917     3943     3982     3980 
    1708     1708     1708     1708     1708      917      905      918     3982     3983     3984 
    1709     1709     1709     1709     1709      905      906      918     3946     3985     3983 
    1710     1710     1710     1710     1710      918      906      919     3985     3986     3987 
    1711     1711     1711     1711     1711      906      907      919     3949     3988     3986 
    1712     1712     1712     1712     1712      919      907      920     3988     3989     3990 
    1713     1713     1713     1713     1713      907      908      920     3952     3991     3989 
    1714     1714     1714     1714     1714      920      908      921     3991     3992     3993 
    1715     1715     1715     1715     1715      908      909      921     3955     3994     3992 
    1716     1716     1716     1716     1716      921      909      922     3994     3995     3996 
    1717     1717     1717     1717     1717      909      910      922     3958     3997     3995 
    1718     1718     1718     1718     1718      922      910      923     3997     3998     3999 
    1719     1719     1719     1719     1719      910      911      923     3961     4000     3998 
    1720     1720     1720     1720     1720      923      911      924     4000     4001     4002 
    1721     1721     1721     1721     1721      911      912      924     3964     4003     4001 
    1722     1722     1722     1722     1722      924      912      925     4003     4004     4005 
    1723     1723     1723     1723     1723      912      913      925     3967     4006     4004 
    1724     1724     1724     1724     1724      925      913      926     4006     4007     4008 
    1725     1725     1725     1725     1725      913      914      926     3970     4009     4007 
    1726     1726     1726     1726     1726      926      914      927     4009     4010     4011 
    1727     1727     1727     1727     1727      914      915      927     3973     4012     4010 
    1728     1728     1728     1728     1728      927      915      928     4012     4013     4014 
    1729     1729     1729     1729     1729      915      916      928     3976     4015     4013 
    1730     1730     1730     1730     1730      928      916      929     4015     4016     4017 
    1731     1731     1731     1731     1731      916      100      929     3978     4018     4016 
    1732     1732     1732     1732     1732      929      100      101     4018     1575     4019 
    1733     1733     1733     1733     1733      386      917      385     3981     4020     2363 
    1734     1734     1734     1734     1734      385      917      930     4020     4021     4022 
    1735     1735     1735     1735     1735      917      918      930     3984     4023     4021 
    1736     1736     1736     1736     1736      930      918      931     4023     4024     4025 
    1737     1737     1737     1737     1737      918      919      931     3987     4026     4024 
    1738     1738     1738     1738     1738      931      919      932     4026     4027     4028 
    1739     1739     1739     1739     1739      919      920      932     3990     4029     4027 
    1740     1740     1740     1740     1740      932      920      933     4029     4030     4031 
    1741     1741     1741     1741     1741      920      921      933     3993     4032     4030 
    1742     1742     1742     1742     1742      933      921      934     4032     4033     4034 
    1743     1743     1743     1743     1743      921      922      934     3996     4035     4033 
    1744     1744     1744     1744     1744      934      922      935     4035     4036     4037 
    1745     1745     1745     1745     1745      922      923      935     3999     4038     4036 
    1746     1746     1746     1746     1746      935      923      936     4038     4039     4040 
    1747     1747     1747     1747     1747      923      924      936     4002     4041     4039 
    1748     1748     1748     1748     1748      936      924      937     4041     4042     4043 
    1749     1749     1749     1749     1749      924      925      937     4005     4044     4042 
    1750     1750     1750     1750     1750      937      925      938     4044     4045     4046 
    1751     1751     1751     1751     1751      925      926      938     4008     4047     4045 
    1752     1752     1752     1752     1752      938      926      939     4047     4048     4049 
    1753     1753     1753     1753     1753      926      927      939     4011     4050     4048 
    1754     1754     1754     1754     1754      939      927      940     4050     4051     4052 
    1755     1755     1755     1755     1755      927      928      940     4014     4053     4051 
    1756     1756     1756     1756     1756      940      928      941     4053     4054     4055 
    1757     1757     1757     1757     1757      928      929      941     4017     4056     4054 
    1758     1758     1758     1758     1758      941      929      942     4056     4057     4058 
    1759     1759     1759     1759     1759      929      101      942     4019     4059     4057 
    1760     1760     1760     1760     1760      942      101      102     4059     1579     4060 
    1761     1761     1761     1761     1761      385      930      384     4022     4061     2359 
    1762     1762     1762     1762     1762      384      930      943     4061     4062     4063 
    1763     1763     1763     1763     1763      930      931      943     4025     4064     4062 
    1764     1764     1764     1764     1764      943      931      944     4064     4065     4066 
    1765     1765     1765     1765     1765      931      932      944     4028     4067     4065 
    1766     1766     1766     1766     1766      944      932      945     4067     4068     4069 
    1767     1767     1767     1767     1767      932      933      945     4031     4070     4068 
    1768     1768     1768     1768     1768      945      933      946     4070     4071     4072 
    1769     1769     1769     1769     1769      933      934      946     4034     4073     4071 
    1770     1770     1770     1770     1770      946      934      947     4073     4074     4075 
    1771     1771     1771     1771     1771      934      935      947     4037     4076     4074 
    1772     1772     1772     1772     1772      947      935      948     4076     4077     4078 
    1773     1773     1773     1773     1773      935      936      948     4040     4079     4077 
    1774     1774     1774     1774     1774      948      936      949     4079     4080     4081 
    1775     1775     1775     1775     1775      936      937      949     4043     4082     4080 
    1776     1776     1776     1776     1776      949      937      950     4082     4083     4084 
    1777     1777     1777     1777     1777      937      938      950     4046     4085     4083 
    1778     1778     1778     1778     1778      950      938      951     4085     4086     4087 
    1779     1779     1779     1779     1779      938      939      951     4049     4088     4086 
    1780     1780     1780     1780     1780      951      939      952     4088     4089     4090 
    1781     1781     1781     1781     1781      939      940      952     4052     4091     4089 
    1782     1782     1782     1782     1782      952      940      953     4091     4092     4093 
    1783     1783     1783     1783     1783      940      941      953     4055     4094     4092 
    1784     1784     1784     1784     1784      953      941      954     4094     4095     4096 
    1785     1785     1785     1785     1785      941      942      954     4058     4097     4095 
    1786     1786     1786     1786     1786      954      942      955     4097     4098     4099 
    1787     1787     1787     1787     1787      942      102      955     4060     4100     4098 
    1788     1788     1788     1788     1788      955      102      103     4100     1583     4101 
    1789     1789     1789     1789     1789      384      943      383     4063     4102     2355 
    1790     1790     1790     1790     1790      383      943      956     4102     4103     4104 
    1791     1791     1791     1791     1791      943      944      956     4066     4105     4103 
    1792     1792     1792     1792     1792      956      944      957     4105     4106     4107 
    1793     1793     1793     1793     1793      944      945      957     4069     4108     4106 
    1794     1794     1794     1794     1794      957      945      958     4108     4109     4110 
    1795     1795     1795     1795     1795      945      946      958     4072     4111     4109 
    1796     1796     1796     1796     1796      958      946      959     4111     4112     4113 
    1797     1797     1797     1797     1797      946      947      959     4075     4114     4112 
    1798     1798     1798     1798     1798      959      947      960     4114     4115     4116 
    1799     1799     1799     1799     1799      947      948      960     4078     4117     4115 
    1800     1800     1800     1800     1800      960      948      961     4117     4118     4119 
    1801     1801     1801     1801     1801      948      949      961     4081     4120     4118 
    1802     1802     1802     1802     1802      961      949      962     4120     4121     4122 
    1803     1803     1803     1803     1803      949      950      962     4084     4123     4121 
    1804     1804     1804     1804     1804      962      950      963     4123     4124     4125 
    1805     1805     1805     1805     1805      950      951      963     4087     4126     4124 
    1806     1806     1806     1806     1806      963      951      964     4126     4127     4128 
    1807     1807     1807     1807     1807      951      952      964     4090     4129     4127 
    1808     1808     1808     1808     1808      964      952      965     4129     4130     4131 
    1809     1809     1809     1809     1809      952      953      965     4093     4132     4130 
    1810     1810     1810     1810     1810      965      953      966     4132     4133     4134 
    1811     1811     1811     1811     1811      953      954      966     4096     4135     4133 
    1812     1812     1812     1812     1812      966      954      967     4135     4136     4137 
    1813     1813     1813     1813     1813      954      955      967     4099     4138     4136 
    1814     1814     1814     1814     1814      967      955      968     4138     4139     4140 
    1815     1815     1815     1815     1815      955      103      968     4101     4141     4139 
    1816     1816     1816     1816     1816      968      103      104     4141     1587     4142 
    1817     1817     1817     1817     1817      383      956      382     4104     4143     2351 
    1818     1818     1818     1818     1818      382      956      969     4143     4144     4145 
    1819     1819     1819     1819     1819      956      957      969     4107     4146     4144 
    1820     1820     1820     1820     1820      969      957      970     4146     4147     4148 
    1821     1821     1821     1821     1821      957      958      970     4110     4149     4147 
    1822     1822     1822     1822     1822      970      958      971     4149     4150     4151 
    1823     1823     1823     1823     1823      958      959      971     4113     4152     4150 
    1824     1824     1824     1824     1824      971      959      972     4152     4153     4154 
    1825     1825     1825     1825     1825      959      960      972     4116     4155     4153 
    1826     1826     1826     1826     1826      972      960      973     4155     4156     4157 
    1827     1827     1827     1827     1827      960      961      973     4119     4158     4156 
    1828     1828     1828     1828     1828      973      961      974     4158     4159     4160 
    1829     1829     1829     1829     1829      961      962      974     4122     4161     4159 
    1830     1830     1830     1830     1830      974      962      975     4161     4162     4163 
    1831     1831     1831     1831     1831      962      963      975     4125     4164     4162 
    1832     1832     1832     1832     1832      975      963      976     4164     4165     4166 
    1833     1833     1833     1833     1833      963      964      976     4128     4167     4165 
    1834     1834     1834     1834     1834      976      964      977     4167     4168     4169 
    1835     1835     1835     1835     1835      964      965      977     4131     4170     4168 
    1836     1836     1836     1836     1836      977      965      978     4170     4171     4172 
    1837     1837     1837     1837     1837      965      966      978     4134     4173     4171 
    1838     1838     1838     1838     1838      978      966      979     4173     4174     4175 
    1839     1839     1839     1839     1839      966      967      979     4137     4176     4174 
    1840     1840     1840     1840     1840      979      967      980     4176     4177     4178 
    1841     1841     1841     1841     1841      967      968      980     4140     4179     4177 
    1842     1842     1842     1842     1842      980      968      981     4179     4180     4181 
    1843     1843     1843     1843     1843      968      104      981     4142     4182     4180 
    1844     1844     1844     1844     1844      981      104      105     4182     1591     4183 
    1845     1845     1845     1845     1845      382      969      380     4145     4184     2347 
    1846     1846     1846     1846     1846      380      969      774     4184     4185     3555 
    1847     1847     1847     1847     1847      969      970      774     4148     4186     4185 
    1848     1848     1848     1848     1848      774      970      775     4186     4187     3558 
    1849     1849     1849     1849     1849      970      971      775     4151     4188     4187 
    1850     1850     1850     1850     1850      775      971      776     4188     4189     3561 
    1851     1851     1851     1851     1851      971      972      776     4154     4190     4189 
    1852     1852     1852     1852     1852      776      972      777     4190     4191     3564 
    1853     1853     1853     1853     1853      972      973      777     4157     4192     4191 
    1854     1854     1854     1854     1854      777      973      778     4192     4193     3567 
    1855     1855     1855     1855     1855      973      974      778     4160     4194     4193 
    1856     1856     1856     1856     1856      778      974      779     4194     4195     3570 
    1857     1857     1857     1857     1857      974      975      779     4163     4196     4195 
    1858     1858     1858     1858     1858      779      975      780     4196     4197     3573 
    1859     1859     1859     1859     1859      975      976      780     4166     4198     4197 
    1860     1860     1860     1860     1860      780      976      781     4198     4199     3576 
    1861     1861     1861     1861     1861      976      977      781     4169     4200     4199 
    1862     1862     1862     1862     1862      781      977      782     4200     4201     3579 
    1863     1863     1863     1863     1863      977      978      782     4172     4202     4201 
    1864     1864     1864     1864     1864      782      978      783     4202     4203     3582 
    1865     1865     1865     1865     1865      978      979      783     4175     4204     4203 
    1866     1866     1866     1866     1866      783      979      784     4204     4205     3585 
    1867     1867     1867     1867     1867      979      980      784     4178     4206     4205 
    1868     1868     1868     1868     1868      784      980      785     4206     4207     3588 
    1869     1869     1869     1869     1869      980      981      785     4181     4208     4207 
    1870     1870     1870     1870     1870      785      981      786     4208     4209     3591 
    1871     1871     1871     1871     1871      981      105      786     4183     4210     4209 
    1872     1872     1872     1872     1872      786      105      106     4210     1595     3594 
    1873     1873     1873     1873     1873      982      320      322     4211     2225     4212 
    1874     1874     1874     1874     1874      982      322      995     4212     4213     4214 
    1875     1875     1875     1875     1875      983      982      995     4215     4214     4216 
    1876     1876     1876     1876     1876      983      995      996     4216     4217     4218 
    1877     1877     1877     1877     1877      984      983      996     4219     4218     4220 
    1878     1878     1878     1878     1878      984      996      997     4220     4221     4222 
    1879     1879     1879     1879     1879      985      984      997     4223     4222     4224 
    1880     1880     1880     1880     1880      985      997      998     4224     4225     4226 
    1881     1881     1881     1881     1881      986      985      998     4227     4226     4228 
    1882     1882     1882     1882     1882      986      998      999     4228     4229     4230 
    1883     1883     1883     1883     1883      987      986      999     4231     4230     4232 
    1884     1884     1884     1884     1884      987      999     1000     4232     4233     4234 
    1885     1885     1885     1885     1885      988      987     1000     4235     4234     4236 
    1886     1886     1886     1886     1886      988     1000     1001     4236     4237     4238 
    1887     1887     1887     1887     1887      989      988     1001     4239     4238     4240 
    1888     1888     1888     1888     1888      989     1001     1002     4240     4241     4242 
    1889     1889     1889     1889     1889      990      989     1002     4243     4242     4244 
    1890     1890     1890     1890     1890      990     1002     1003     4244     4245     4246 
    1891     1891     1891     1891     1891      991      990     1003     4247     4246     4248 
    1892     1892     1892     1892     1892      991     1003     1004     4248     4249     4250 
    1893     1893     1893     1893     1893      992      991     1004     4251     4250     4252 
    1894     1894     1894     1894     1894      992     1004     1005     4252     4253     4254 
    1895     1895     1895     1895     1895      993      992     1005     4255     4254     4256 
    1896     1896     1896     1896     1896      993     1005     1006     4256     4257     4258 
    1897     1897     1897     1897     1897      994      993     1006     4259     4258     4260 
    1898     1898     1898     1898     1898      994     1006     1007     4260     4261     4262 
    1899     1899     1899     1899     1899       46      994     1007     4263     4262     4264 
    1900     1900     1900     1900     1900       46     1007       45     4264     4265     1473 
    1901     1901     1901     1901     1901      995      322      323     4213     2229     4266 
    1902     1902     1902     1902     1902      995      323     1008     4266     4267     4268 
    1903     1903     1903     1903     1903      996      995     1008     4217     4268     4269 
    1904     1904     1904     1904     1904      996     1008     1009     4269     4270     4271 
    1905     1905     1905     1905     1905      997      996     1009     4221     4271     4272 
    1906     1906     1906     1906     1906      997     1009     1010     4272     4273     4274 
    1907     1907     1907     1907     1907      998      997     1010     4225     4274     4275 
    1908     1908     1908     1908     1908      998     1010     1011     4275     4276     4277 
    1909     1909     1909     1909     1909      999      998     1011     4229     4277     4278 
    1910     1910     1910     1910     1910      999     1011     1012     4278     4279     4280 
    1911     1911     1911     1911     1911     1000      999     1012     4233     4280     4281 
    1912     1912     1912     1912     1912     1000     1012     1013     4281     4282     4283 
    1913     1913     1913     1913     1913     1001     1000     1013     4237     4283     4284 
    1914     1914     1914     1914     1914     1001     1013     1014     4284     4285     4286 
    1915     1915     1915     1915     1915     1002     1001     1014     4241     4286     4287 
    1916     1916     1916     1916     1916     1002     1014     1015     4287     4288     4289 
    1917     1917     1917     1917     1917     1003     1002     1015     4245     4289     4290 
    1918     1918     1918     1918     1918     1003     1015     1016     4290     4291     4292 
    1919     1919     1919     1919     1919     1004     1003     1016     4249     4292     4293 
    1920     1920     1920     1920     1920     1004     1016     1017     4293     4294     4295 
    1921     1921     1921     1921     1921     1005     1004     1017     4253     4295     4296 
    1922     1922     1922     1922     1922     1005     1017     1018     4296     4297     4298 
    1923     1923     1923     1923     1923     1006     1005     1018     4257     4298     4299 
    1924     1924     1924     1924     1924     1006     1018     1019     4299     4300     4301 
    1925     1925     1925     1925     1925     1007     1006     1019     4261     4301     4302 
    1926     1926     1926     1926     1926     1007     1019     1020     4302     4303     4304 
    1927     1927     1927     1927     1927       45     1007     1020     4265     4304     4305 
    1928     1928     1928     1928     1928       45     1020       44     4305     4306     1469 
    1929     1929     1929     1929     1929     1008      323      324     4267     2233     4307 
    1930     1930     1930     1930     1930     1008      324     1021     4307     4308     4309 
    1931     1931     1931     1931     1931     1009     1008     1021     4270     4309     4310 
    1932     1932     1932     1932     1932     1009     1021     1022     4310     4311     4312 
    1933     1933     1933     1933     1933     1010     1009     1022     4273     4312     4313 
    1934     1934     1934     1934     1934     1010     1022     1023     4313     4314     4315 
    1935     1935     1935     1935     1935     1011     1010     1023     4276     4315     4316 
    1936     1936     1936     1936     1936     1011     1023     1024     4316     4317     4318 
    1937     1937     1937     1937     1937     1012     1011     1024     4279     4318     4319 
    1938     1938     1938     1938     1938     1012     1024     1025     4319     4320     4321 
    1939     1939     1939     1939     1939     1013     1012     1025     4282     4321     4322 
    1940     1940     1940     1940     1940     1013     1025     1026     4322     4323     4324 
    1941     1941     1941     1941     1941     1014     1013     1026     4285     4324     4325 
    1942     1942     1942     1942     1942     1014     1026     1027     4325     4326     4327 
    1943     1943     1943     1943     1943     1015     1014     1027     4288     4327     4328 
    1944     1944     1944     1944     1944     1015     1027     1028     4328     4329     4330 
    1945     1945     1945     1945     1945     1016     1015     1028     4291     4330     4331 
    1946     1946     1946     1946     1946     1016     1028     1029     4331     4332     4333 
    1947     1947     1947     1947     1947     1017     1016     1029     4294     4333     4334 
    1948     1948     1948     1948     1948     1017     1029     1030     4334     4335     4336 
    1949     1949     1949     1949     1949     1018     1017     1030     4297     4336     4337 
    1950     1950     1950     1950     1950     1018     1030     1031     4337     4338     4339 
    1951     1951     1951     1951     1951     1019     1018     1031     4300     4339     4340 
    1952     1952     1952     1952     1952     1019     1031     1032     4340     4341     4342 
    1953     1953     1953     1953     1953     1020     1019     1032     4303     4342     4343 
    1954     1954     1954     1954     1954     1020     1032     1033     4343     4344     4345 
    1955     1955     1955     1955     1955       44     1020     1033     4306     4345     4346 
    1956     1956     1956     1956     1956       44     1033       43     4346     4347     1465 
    1957     1957     1957     1957     1957     1021      324      325     4308     2237     4348 
    1958     1958     1958     1958     1958     1021      325     1034     4348     4349     4350 
    1959     1959     1959     1959     1959     1022     1021     1034     4311     4350     4351 
    1960     1960     1960     1960     1960     1022     1034     1035     4351     4352     4353 
    1961     1961     1961     1961     1961     1023     1022     1035     4314     4353     4354 
    1962     1962     1962     1962     1962     1023     1035     1036     4354     4355     4356 
    1963     1963     1963     1963     1963     1024     1023     1036     4317     4356     4357 
    1964     1964     1964     1964     1964     1024     1036     1037     4357     4358     4359 
    1965     1965     1965     1965     1965     1025     1024     1037     4320     4359     4360 
    1966     1966     1966     1966     1966     1025     1037     1038     4360     4361     4362 
    1967     1967     1967     1967     1967     1026     1025     1038     4323     4362     4363 
    1968     1968     1968     1968     1968     1026     1038     1039     4363     4364     4365 
    1969     1969     1969     1969     1969     1027     1026     1039     4326     4365     4366 
    1970     1970     1970     1970     1970     1027     1039     1040     4366     4367     4368 
    1971     1971     1971     1971     1971     1028     1027     1040     4329     4368     4369 
    1972     1972     1972     1972     1972     1028     1040     1041     4369     4370     4371 
    1973     1973     1973     1973     1973     1029     1028     1041     4332     4371     4372 
    1974     1974     1974     1974     1974     1029     1041     1042     4372     4373     4374 
    1975     1975     1975     1975     1975     1030     1029     1042     4335     4374     4375 
    1976     1976     1976     1976     1976     1030     1042     1043     4375     4376     4377 
    1977     1977     1977     1977     1977     1031     1030     1043     4338     4377     4378 
    1978     1978     1978     1978     1978     1031     1043     1044     4378     4379     4380 
    1979     1979     1979     1979     1979     1032     1031     1044     4341     4380     4381 
    1980     1980     1980     1980     1980     1032     1044     1045     4381     4382     4383 
    1981     1981     1981     1981     1981     1033     1032     1045     4344     4383     4384 
    1982     1982     1982     1982     1982     1033     1045     1046     4384     4385     4386 
    1983     1983     1983     1983     1983       43     1033     1046     4347     4386     4387 
    1984     1984     1984     1984     1984       43     1046       42     4387     4388     1461 
    1985     1985     1985     1985     1985     1034      325      326     4349     2241     4389 
    1986     1986     1986     1986     1986     1034      326     1047     4389     4390     4391 
    1987     1987     1987     1987     1987     1035     1034     1047     4352     4391     4392 
    1988     1988     1988     1988     1988     1035     1047     1048     4392     4393     4394 
    1989     1989     1989     1989     1989     1036     1035     1048     4355     4394     4395 
    1990     1990     1990     1990     1990     1036     1048     1049     4395     4396     4397 
    1991     1991     1991     1991     1991     1037     1036     1049     4358     4397     4398 
    1992     1992     1992     1992     1992     1037     1049     1050     4398     4399     4400 
    1993     1993     1993     1993     1993     1038     1037     1050     4361     4400     4401 
    1994     1994     1994     1994     1994     1038     1050     1051     4401     4402     4403 
    1995     1995     1995     1995     1995     1039     1038     1051     4364     4403     4404 
    1996     1996     1996     1996     1996     1039     1051     1052     4404     4405     4406 
    1997     1997     1997     1997     1997     1040     1039     1052     4367     4406     4407 
    1998     1998     1998     1998     1998     1040     1052     1053     4407     4408     4409 
    1999     1999     1999     1999     1999     1041     1040     1053     4370     4409     4410 
    2000     2000     2000     2000     2000     1041     1053     1054     4410     4411     4412 
    2001     2001     2001     2001     2001     1042     1041     1054     4373     4412     4413 
    2002     2002     2002     2002     2002     1042     1054     1055     4413     4414     4415 
    2003     2003     2003     2003     2003     1043     1042     1055     4376     4415     4416 
    2004     2004     2004     2004     2004     1043     1055     1056     4416     4417     4418 
    2005     2005     2005     2005     2005     1044     1043     1056     4379     4418     4419 
    2006     2006     2006     2006     2006     1044     1056     1057     4419     4420     4421 
    2007     2007     2007     2007     2007     1045     1044     1057     4382     4421     4422 
    2008     2008     2008     2008     2008     1045     1057     1058     4422     4423     4424 
    2009     2009     2009     2009     2009     1046     1045     1058     4385     4424     4425 
    2010     2010     2010     2010     2010     1046     1058     1059     4425     4426     4427 
    2011     2011     2011     2011     2011       42     1046     1059     4388     4427     4428 
    2012     2012     2012     2012     2012       42     1059       41     4428     4429     1457 
    2013     2013     2013     2013     2013     1047      326      327     4390     2245     4430 
    2014     2014     2014     2014     2014     1047      327     1060     4430     4431     4432 
    2015     2015     2015     2015     2015     1048     1047     1060     4393     4432     4433 
    2016     2016     2016     2016     2016     1048     1060     1061     4433     4434     4435 
    2017     2017     2017     2017     2017     1049     1048     1061     4396     4435     4436 
    2018     2018     2018     2018     2018     1049     1061     1062     4436     4437     4438 
    2019     2019     2019     2019     2019     1050     1049     1062     4399     4438     4439 
    2020     2020     2020     2020     2020     1050     1062     1063     4439     4440     4441 
    2021     2021     2021     2021     2021     1051     1050     1063     4402     4441     4442 
    2022     2022     2022     2022     2022     1051     1063     1064     4442     4443     4444 
    2023     2023     2023     2023     2023     1052     1051     1064     4405     4444     4445 
    2024     2024     2024     2024     2024     1052     1064     1065     4445     4446     4447 
    2025     2025     2025     2025     2025     1053     1052     1065     4408     4447     4448 
    2026     2026     2026     2026     2026     1053     1065     1066     4448     4449     4450 
    2027     2027     2027     2027     2027     1054     1053     1066     4411     4450     4451 
    2028     2028     2028     2028     2028     1054     1066     1067     4451     4452     4453 
    2029     2029     2029     2029     2029     1055     1054     1067     4414     4453     4454 
    2030     2030     2030     2030     2030     1055     1067     1068     4454     4455     4456 
    2031     2031     2031     2031     2031     1056     1055     1068     4417     4456     4457 
    2032     2032     2032     2032     2032     1056     1068     1069     4457     4458     4459 
    2033     2033     2033     2033     2033     1057     1056     1069     4420     4459     4460 
    2034     2034     2034     2034     2034     1057     1069     1070     4460     4461     4462 
    2035     2035     2035     2035     2035     1058     1057     1070     4423     4462     4463 
    2036     2036     2036     2036     2036     1058     1070     1071     4463     4464     4465 
    2037     2037     2037     2037     2037     1059     1058     1071     4426     4465     4466 
    2038     2038     2038     2038     2038     1059     1071     1072     4466     4467     4468 
    2039     2039     2039     2039     2039       41     1059     1072     4429     4468     4469 
    2040     2040     2040     2040     2040       41     1072       40     4469     4470     1453 
    2041     2041     2041     2041     2041     1060      327      328     4431     2249     4471 
    2042     2042     2042     2042     2042     1060      328     1073     4471     4472     4473 
    2043     2043     2043     2043     2043     1061     1060     1073     4434     4473     4474 
    2044     2044     2044     2044     2044     1061     1073     1074     4474     4475     4476 
    2045     2045     2045     2045     2045     1062     1061     1074     4437     4476     4477 
    2046     2046     2046     2046     2046     1062     1074     1075     4477     4478     4479 
    2047     2047     2047     2047     2047     1063     1062     1075     4440     4479     4480 
    2048     2048     2048     2048     2048     1063     1075     1076     4480     4481     4482 
    2049     2049     2049     2049     2049     1064     1063     1076     4443     4482     4483 
    2050     2050     2050     2050     2050     1064     1076     1077     4483     4484     4485 
    2051     2051     2051     2051     2051     1065     1064     1077     4446     4485     4486 
    2052     2052     2052     2052     2052     1065     1077     1078     4486     4487     4488 
    2053     2053     2053     2053     2053     1066     1065     1078     4449     4488     4489 
    2054     2054     2054     2054     2054     1066     1078     1079     4489     4490     4491 
    2055     2055     2055     2055     2055     1067     1066     1079     4452     4491     4492 
    2056     2056     2056     2056     2056     1067     1079     1080     4492     4493     4494 
    2057     2057     2057     2057     2057     1068     1067     1080     4455     4494     4495 
    2058     2058     2058     2058     2058     1068     1080     1081     4495     4496     4497 
    2059     2059     2059     2059     2059     1069     1068     1081     4458     4497     4498 
    2060     2060     2060     2060     2060     1069     1081     1082     4498     4499     4500 
    2061     2061     2061     2061     2061     1070     1069     1082     4461     4500     4501 
    2062     2062     2062     2062     2062     1070     1082     1083     4501     4502     4503 
    2063     2063     2063     2063     2063     1071     1070     1083     4464     4503     4504 
    2064     2064     2064     2064     2064     1071     1083     1084     4504     4505     4506 
    2065     2065     2065     2065     2065     1072     1071     1084     4467     4506     4507 
    2066     2066     2066     2066     2066     1072     1084     1085     4507     4508     4509 
    2067     2067     2067     2067     2067       40     1072     1085     4470     4509     4510 
    2068     2068     2068     2068     2068       40     1085       39     4510     4511     1449 
    2069     2069     2069     2069     2069     1073      328      329     4472     2253     4512 
    2070     2070     2070     2070     2070     1073      329     1086     4512     4513     4514 
    2071     2071     2071     2071     2071     1074     1073     1086     4475     4514     4515 
    2072     2072     2072     2072     2072     1074     1086     1087     4515     4516     4517 
    2073     2073     2073     2073     2073     1075     1074     1087     4478     4517     4518 
    2074     2074     2074     2074     2074     1075     1087     1088     4518     4519     4520 
    2075     2075     2075     2075     2075     1076     1075     1088     4481     4520     4521 
    2076     2076     2076     2076     2076     1076     1088     1089     4521     4522     4523 
    2077     2077     2077     2077     2077     1077     1076     1089     4484     4523     4524 
    2078     2078     2078     2078     2078     1077     1089     1090     4524     4525     4526 
    2079     2079     2079     2079     2079     1078     1077     1090     4487     4526     4527 
    2080     2080     2080     2080     2080     1078     1090     1091     4527     4528     4529 
    2081     2081     2081     2081     2081     1079     1078     1091     4490     4529     4530 
    2082     2082     2082     2082     2082     1079     1091     1092     4530     4531     4532 
    2083     2083     2083     2083     2083     1080     1079     1092     4493     4532     4533 
    2084     2084     2084     2084     2084     1080     1092     1093     4533     4534     4535 
    2085     2085     2085     2085     2085     1081     1080     1093     4496     4535     4536 
    2086     2086     2086     2086     2086     1081     1093     1094     4536     4537     4538 
    2087     2087     2087     2087     2087     1082     1081     1094     4499     4538     4539 
    2088     2088     2088     2088     2088     1082     1094     1095     4539     4540     4541 
    2089     2089     2089     2089     2089     1083     1082     1095     4502     4541     4542 
    2090     2090     2090     2090     2090     1083     1095     1096     4542     4543     4544 
    2091     2091     2091     2091     2091     1084     1083     1096     4505     4544     4545 
    2092     2092     2092     2092     2092     1084     1096     1097     4545     4546     4547 
    2093     2093     2093     2093     2093     1085     1084     1097     4508     4547     4548 
    2094     2094     2094     2094     2094     1085     1097     1098     4548     4549     4550 
    2095     2095     2095     2095     2095       39     1085     1098     4511     4550     4551 
    2096     2096     2096     2096     2096       39     1098       38     4551     4552     1445 
    2097     2097     2097     2097     2097     1086      329      330     4513     2257     4553 
    2098     2098     2098     2098     2098     1086      330     1099     4553     4554     4555 
    2099     2099     2099     2099     2099     1087     1086     1099     4516     4555     4556 
    2100     2100     2100     2100     2100     1087     1099     1100     4556     4557     4558 
    2101     2101     2101     2101     2101     1088     1087     1100     4519     4558     4559 
    2102     2102     2102     2102     2102     1088     1100     1101     4559     4560     4561 
    2103     2103     2103     2103     2103     1089     1088     1101     4522     4561     4562 
    2104     2104     2104     2104     2104     1089     1101     1102     4562     4563     4564 
    2105     2105     2105     2105     2105     1090     1089     1102     4525     4564     4565 
    2106     2106     2106     2106     2106     1090     1102     1103     4565     4566     4567 
    2107     2107     2107     2107     2107     1091     1090     1103     4528     4567     4568 
    2108     2108     2108     2108     2108     1091     1103     1104     4568     4569     4570 
    2109     2109     2109     2109     2109     1092     1091     1104     4531     4570     4571 
    2110     2110     2110     2110     2110     1092     1104     1105     4571     4572     4573 
    2111     2111     2111     2111     2111     1093     1092     1105     4534     4573     4574 
    2112     2112     2112     2112     2112     1093     1105     1106     4574     4575     4576 
    2113     2113     2113     2113     2113     1094     1093     1106     4537     4576     4577 
    2114     2114     2114     2114     2114     1094     1106     1107     4577     4578     4579 
    2115     2115     2115     2115     2115     1095     1094     1107     4540     4579     4580 
    2116     2116     2116     2116     2116     1095     1107     1108     4580     4581     4582 
    2117     2117     2117     2117     2117     1096     1095     1108     4543     4582     4583 
    2118     2118     2118     2118     2118     1096     1108     1109     4583     4584     4585 
    2119     2119     2119     2119     2119     1097     1096     1109     4546     4585     4586 
    2120     2120     2120     2120     2120     1097     1109     1110     4586     4587     4588 
    2121     2121     2121     2121     2121     1098     1097     1110     4549     4588     4589 
    2122     2122     2122     2122     2122     1098     1110     1111     4589     4590     4591 
    2123     2123     2123     2123     2123       38     1098     1111     4552     4591     4592 
    2124     2124     2124     2124     2124       38     1111       37     4592     4593     1441 
    2125     2125     2125     2125     2125     1099      330      331     4554     2261     4594 
    2126     2126     2126     2126     2126     1099      331     1112     4594     4595     4596 
    2127     2127     2127     2127     2127     1100     1099     1112     4557     4596     4597 
    2128     2128     2128     2128     2128     1100     1112     1113     4597     4598     4599 
    2129     2129     2129     2129     2129     1101     1100     1113     4560     4599     4600 
    2130     2130     2130     2130     2130     1101     1113     1114     4600     4601     4602 
    2131     2131     2131     2131     2131     1102     1101     1114     4563     4602     4603 
    2132     2132     2132     2132     2132     1102     1114     1115     4603     4604     4605 
    2133     2133     2133     2133     2133     1103     1102     1115     4566     4605     4606 
    2134     2134     2134     2134     2134     1103     1115     1116     4606     4607     4608 
    2135     2135     2135     2135     2135     1104     1103     1116     4569     4608     4609 
    2136     2136     2136     2136     2136     1104     1116     1117     4609     4610     4611 
    2137     2137     2137     2137     2137     1105     1104     1117     4572     4611     4612 
    2138     2138     2138     2138     2138     1105     1117     1118     4612     4613     4614 
    2139     2139     2139     2139     2139     1106     1105     1118     4575     4614     4615 
    2140     2140     2140     2140     2140     1106     1118     1119     4615     4616     4617 
    2141     2141     2141     2141     2141     1107     1106     1119     4578     4617     4618 
    2142     2142     2142     2142     2142     1107     1119     1120     4618     4619     4620 
    2143     2143     2143     2143     2143     1108     1107     1120     4581     4620     4621 
    2144     2144     2144     2144     2144     1108     1120     1121     4621     4622     4623 
    2145     2145     2145     2145     2145     1109     1108     1121     4584     4623     4624 
    2146     2146     2146     2146     2146     1109     1121     1122     4624     4625     4626 
    2147     2147     2147     2147     2147     1110     1109     1122     4587     4626     4627 
    2148     2148     2148     2148     2148     1110     1122     1123     4627     4628     4629 
    2149     2149     2149     2149     2149     1111     1110     1123     4590     4629     4630 
    2150     2150     2150     2150     2150     1111     1123     1124     4630     4631     4632 
    2151     2151     2151     2151     2151       37     1111     1124     4593     4632     4633 
    2152     2152     2152     2152     2152       37     1124       36     4633     4634     1437 
    2153     2153     2153     2153     2153     1112      331      332     4595     2265     4635 
    2154     2154     2154     2154     2154     1112      332     1125     4635     4636     4637 
    2155     2155     2155     2155     2155     1113     1112     1125     4598     4637     4638 
    2156     2156     2156     2156     2156     1113     1125     1126     4638     4639     4640 
    2157     2157     2157     2157     2157     1114     1113     1126     4601     4640     4641 
    2158     2158     2158     2158     2158     1114     1126     1127     4641     4642     4643 
    2159     2159     2159     2159     2159     1115     1114     1127     4604     4643     4644 
    2160     2160     2160     2160     2160     1115     1127     1128     4644     4645     4646 
    2161     2161     2161     2161     2161     1116     1115     1128     4607     4646     4647 
    2162     2162     2162     2162     2162     1116     1128     1129     4647     4648     4649 
    2163     2163     2163     2163     2163     1117     1116     1129     4610     4649     4650 
    2164     2164     2164     2164     2164     1117     1129     1130     4650     4651     4652 
    2165     2165     2165     2165     2165     1118     1117     1130     4613     4652     4653 
    2166     2166     2166     2166     2166     1118     1130     1131     4653     4654     4655 
    2167     2167     2167     2167     2167     1119     1118     1131     4616     4655     4656 
    2168     2168     2168     2168     2168     1119     1131     1132     4656     4657     4658 
    2169     2169     2169     2169     2169     1120     1119     1132     4619     4658     4659 
    2170     2170     2170     2170     2170     1120     1132     1133     4659     4660     4661 
    2171     2171     2171     2171     2171     1121     1120     1133     4622     4661     4662 
    2172     2172     2172     2172     2172     1121     1133     1134     4662     4663     4664 
    2173     2173     2173     2173     2173     1122     1121     1134     4625     4664     4665 
    2174     2174     2174     2174     2174     1122     1134     1135     4665     4666     4667 
    2175     2175     2175     2175     2175     1123     1122     1135     4628     4667     4668 
    2176     2176     2176     2176     2176     1123     1135     1136     4668     4669     4670 
    2177     2177     2177     2177     2177     1124     1123     1136     4631     4670     4671 
    2178     2178     2178     2178     2178     1124     1136     1137     4671     4672     4673 
    2179     2179     2179     2179     2179       36     1124     1137     4634     4673     4674 
    2180     2180     2180     2180     2180       36     1137       35     4674     4675     1433 
    2181     2181     2181     2181     2181     1125      332      333     4636     2269     4676 
    2182     2182     2182     2182     2182     1125      333     1138     4676     4677     4678 
    2183     2183     2183     2183     2183     1126     1125     1138     4639     4678     4679 
    2184     2184     2184     2184     2184     1126     1138     1139     4679     4680     4681 
    2185     2185     2185     2185     2185     1127     1126     1139     4642     4681     4682 
    2186     2186     2186     2186     2186     1127     1139     1140     4682     4683     4684 
    2187     2187     2187     2187     2187     1128     1127     1140     4645     4684     4685 
    2188     2188     2188     2188     2188     1128     1140     1141     4685     4686     4687 
    2189     2189     2189     2189     2189     1129     1128     1141     4648     4687     4688 
    2190     2190     2190     2190     2190     1129     1141     1142     4688     4689     4690 
    2191     2191     2191     2191     2191     1130     1129     1142     4651     4690     4691 
    2192     2192     2192     2192     2192     1130     1142     1143     4691     4692     4693 
    2193     2193     2193     2193     2193     1131     1130     1143     4654     4693     4694 
    2194     2194     2194     2194     2194     1131     1143     1144     4694     4695     4696 
    2195     2195     2195     2195     2195     1132     1131     1144     4657     4696     4697 
    2196     2196     2196     2196     2196     1132     1144     1145     4697     4698     4699 
    2197     2197     2197     2197     2197     1133     1132     1145     4660     4699     4700 
    2198     2198     2198     2198     2198     1133     1145     1146     4700     4701     4702 
    2199     2199     2199     2199     2199     1134     1133     1146     4663     4702     4703 
    2200     2200     2200     2200     2200     1134     1146     1147     4703     4704     4705 
    2201     2201     2201     2201     2201     1135     1134     1147     4666     4705     4706 
    2202     2202     2202     2202     2202     1135     1147     1148     4706     4707     4708 
    2203     2203     2203     2203     2203     1136     1135     1148     4669     4708     4709 
    2204     2204     2204     2204     2204     1136     1148     1149     4709     4710     4711 
    2205     2205     2205     2205     2205     1137     1136     1149     4672     4711     4712 
    2206     2206     2206     2206     2206     1137     1149     1150     4712     4713     4714 
    2207     2207     2207     2207     2207       35     1137     1150     4675     4714     4715 
    2208     2208     2208     2208     2208       35     1150       34     4715     4716     1429 
    2209     2209     2209     2209     2209     1138      333      334     4677     2273     4717 
    2210     2210     2210     2210     2210     1138      334     1151     4717     4718     4719 
    2211     2211     2211     2211     2211     1139     1138     1151     4680     4719     4720 
    2212     2212     2212     2212     2212     1139     1151     1152     4720     4721     4722 
    2213     2213     2213     2213     2213     1140     1139     1152     4683     4722     4723 
    2214     2214     2214     2214     2214     1140     1152     1153     4723     4724     4725 
    2215     2215     2215     2215     2215     1141     1140     1153     4686     4725     4726 
    2216     2216     2216     2216     2216     1141     1153     1154     4726     4727     4728 
    2217     2217     2217     2217     2217     1142     1141     1154     4689     4728     4729 
    2218     2218     2218     2218     2218     1142     1154     1155     4729     4730     4731 
    2219     2219     2219     2219     2219     1143     1142     1155     4692     4731     4732 
    2220     2220     2220     2220     2220     1143     1155     1156     4732     4733     4734 
    2221     2221     2221     2221     2221     1144     1143     1156     4695     4734     4735 
    2222     2222     2222     2222     2222     1144     1156     1157     4735     4736     4737 
    2223     2223     2223     2223     2223     1145     1144     1157     4698     4737     4738 
    2224     2224     2224     2224     2224     1145     1157     1158     4738     4739     4740 
    2225     2225     2225     2225     2225     1146     1145     1158     4701     4740     4741 
    2226     2226     2226     2226     2226     1146     1158     1159     4741     4742     4743 
    2227     2227     2227     2227     2227     1147     1146     1159     4704     4743     4744 
    2228     2228     2228     2228     2228     1147     1159     1160     4744     4745     4746 
    2229     2229     2229     2229     2229     1148     1147     1160     4707     4746     4747 
    2230     2230     2230     2230     2230     1148     1160     1161     4747     4748     4749 
    2231     2231     2231     2231     2231     1149     1148     1161     4710     4749     4750 
    2232     2232     2232     2232     2232     1149     1161     1162     4750     4751     4752 
    2233     2233     2233     2233     2233     1150     1149     1162     4713     4752     4753 
    2234     2234     2234     2234     2234     1150     1162     1163     4753     4754     4755 
    2235     2235     2235     2235     2235       34     1150     1163     4716     4755     4756 
    2236     2236     2236     2236     2236       34     1163       33     4756     4757     1425 
    2237     2237     2237     2237     2237     1151      334      335     4718     2277     4758 
    2238     2238     2238     2238     2238     1151      335      787     4758     3598     4759 
    2239     2239     2239     2239     2239     1152     1151      787     4721     4759     4760 
    2240     2240     2240     2240     2240     1152      787      788     4760     3601     4761 
    2241     2241     2241     2241     2241     1153     1152      788     4724     4761     4762 
    2242     2242     2242     2242     2242     1153      788      789     4762     3604     4763 
    2243     2243     2243     2243     2243     1154     1153      789     4727     4763     4764 
    2244     2244     2244     2244     2244     1154      789      790     4764     3607     4765 
    2245     2245     2245     2245     2245     1155     1154      790     4730     4765     4766 
    2246     2246     2246     2246     2246     1155      790      791     4766     3610     4767 
    2247     2247     2247     2247     2247     1156     1155      791     4733     4767     4768 
    2248     2248     2248     2248     2248     1156      791      792     4768     3613     4769 
    2249     2249     2249     2249     2249     1157     1156      792     4736     4769     4770 
    2250     2250     2250     2250     2250     1157      792      793     4770     3616     4771 
    2251     2251     2251     2251     2251     1158     1157      793     4739     4771     4772 
    2252     2252     2252     2252     2252     1158      793      794     4772     3619     4773 
    2253     2253     2253     2253     2253     1159     1158      794     4742     4773     4774 
    2254     2254     2254     2254     2254     1159      794      795     4774     3622     4775 
    2255     2255     2255     2255     2255     1160     1159      795     4745     4775     4776 
    2256     2256     2256     2256     2256     1160      795      796     4776     3625     4777 
    2257     2257     2257     2257     2257     1161     1160      796     4748     4777     4778 
    2258     2258     2258     2258     2258     1161      796      797     4778     3628     4779 
    2259     2259     2259     2259     2259     1162     1161      797     4751     4779     4780 
    2260     2260     2260     2260     2260     1162      797      798     4780     3631     4781 
    2261     2261     2261     2261     2261     1163     1162      798     4754     4781     4782 
    2262     2262     2262     2262     2262     1163      798      799     4782     3634     4783 
    2263     2263     2263     2263     2263       33     1163      799     4757     4783     4784 
    2264     2264     2264     2264     2264       33      799       31     4784     3636     1421 
    2265     2265     2265     2265     2265      304      320     1164     2224     4785     4786 
    2266     2266     2266     2266     2266     1164      320      982     4785     4211     4787 
    2267     2267     2267     2267     2267     1164      982     1165     4787     4788     4789 
    2268     2268     2268     2268     2268     1165      982      983     4788     4215     4790 
    2269     2269     2269     2269     2269     1165      983     1166     4790     4791     4792 
    2270     2270     2270     2270     2270     1166      983      984     4791     4219     4793 
    2271     2271     2271     2271     2271     1166      984     1167     4793     4794     4795 
    2272     2272     2272     2272     2272     1167      984      985     4794     4223     4796 
    2273     2273     2273     2273     2273     1167      985     1168     4796     4797     4798 
    2274     2274     2274     2274     2274     1168      985      986     4797     4227     4799 
    2275     2275     2275     2275     2275     1168      986     1169     4799     4800     4801 
    2276     2276     2276     2276     2276     1169      986      987     4800     4231     4802 
    2277     2277     2277     2277     2277     1169      987     1170     4802     4803     4804 
    2278     2278     2278     2278     2278     1170      987      988     4803     4235     4805 
    2279     2279     2279     2279     2279     1170      988     1171     4805     4806     4807 
    2280     2280     2280     2280     2280     1171      988      989     4806     4239     4808 
    2281     2281     2281     2281     2281     1171      989     1172     4808     4809     4810 
    2282     2282     2282     2282     2282     1172      989      990     4809     4243     4811 
    2283     2283     2283     2283     2283     1172      990     1173     4811     4812     4813 
    2284     2284     2284     2284     2284     1173      990      991     4812     4247     4814 
    2285     2285     2285     2285     2285     1173      991     1174     4814     4815     4816 
    2286     2286     2286     2286     2286     1174      991      992     4815     4251     4817 
    2287     2287     2287     2287     2287     1174      992     1175     4817     4818     4819 
    2288     2288     2288     2288     2288     1175      992      993     4818     4255     4820 
    2289     2289     2289     2289     2289     1175      993     1176     4820     4821     4822 
    2290     2290     2290     2290     2290     1176      993      994     4821     4259     4823 
    2291     2291     2291     2291     2291     1176      994       61     4823     4824     4825 
    2292     2292     2292     2292     2292       61      994       46     4824     4263     1481 
    2293     2293     2293     2293     2293      395      290      800     2406     4826     3637 
    2294     2294     2294     2294     2294      800      290     1177     4826     4827     4828 
    2295     2295     2295     2295     2295      800     1177      801     4828     4829     3641 
    2296     2296     2296     2296     2296      801     1177     1178     4829     4830     4831 
    2297     2297     2297     2297     2297      801     1178      802     4831     4832     3645 
    2298     2298     2298     2298     2298      802     1178     1179     4832     4833     4834 
    2299     2299     2299     2299     2299      802     1179      803     4834     4835     3649 
    2300     2300     2300     2300     2300      803     1179     1180     4835     4836     4837 
    2301     2301     2301     2301     2301      803     1180      804     4837     4838     3653 
    2302     2302     2302     2302     2302      804     1180     1181     4838     4839     4840 
    2303     2303     2303     2303     2303      804     1181      805     4840     4841     3657 
    2304     2304     2304     2304     2304      805     1181     1182     4841     4842     4843 
    2305     2305     2305     2305     2305      805     1182      806     4843     4844     3661 
    2306     2306     2306     2306     2306      806     1182     1183     4844     4845     4846 
    2307     2307     2307     2307     2307      806     1183      807     4846     4847     3665 
    2308     2308     2308     2308     2308      807     1183     1184     4847     4848     4849 
    2309     2309     2309     2309     2309      807     1184      808     4849     4850     3669 
    2310     2310     2310     2310     2310      808     1184     1185     4850     4851     4852 
    2311     2311     2311     2311     2311      808     1185      809     4852     4853     3673 
    2312     2312     2312     2312     2312      809     1185     1186     4853     4854     4855 
    2313     2313     2313     2313     2313      809     1186      810     4855     4856     3677 
    2314     2314     2314     2314     2314      810     1186     1187     4856     4857     4858 
    2315     2315     2315     2315     2315      810     1187      811     4858     4859     3681 
    2316     2316     2316     2316     2316      811     1187     1188     4859     4860     4861 
    2317     2317     2317     2317     2317      811     1188      812     4861     4862     3685 
    2318     2318     2318     2318     2318      812     1188     1189     4862     4863     4864 
    2319     2319     2319     2319     2319      812     1189       91     4864     4865     3689 
    2320     2320     2320     2320     2320       91     1189       76     4865     4866     1542 
    2321     2321     2321     2321     2321      290      291     1177     2163     4867     4827 
    2322     2322     2322     2322     2322     1177      291     1190     4867     4868     4869 
    2323     2323     2323     2323     2323      291      292     1190     2168     4870     4868 
    2324     2324     2324     2324     2324     1190      292     1191     4870     4871     4872 
    2325     2325     2325     2325     2325      292      293     1191     2172     4873     4871 
    2326     2326     2326     2326     2326     1191      293     1192     4873     4874     4875 
    2327     2327     2327     2327     2327      293      294     1192     2176     4876     4874 
    2328     2328     2328     2328     2328     1192      294     1193     4876     4877     4878 
    2329     2329     2329     2329     2329      294      295     1193     2180     4879     4877 
    2330     2330     2330     2330     2330     1193      295     1194     4879     4880     4881 
    2331     2331     2331     2331     2331      295      296     1194     2184     4882     4880 
    2332     2332     2332     2332     2332     1194      296     1195     4882     4883     4884 
    2333     2333     2333     2333     2333      296      297     1195     2188     4885     4883 
    2334     2334     2334     2334     2334     1195      297     1196     4885     4886     4887 
    2335     2335     2335     2335     2335      297      298     1196     2192     4888     4886 
    2336     2336     2336     2336     2336     1196      298     1197     4888     4889     4890 
    2337     2337     2337     2337     2337      298      299     1197     2196     4891     4889 
    2338     2338     2338     2338     2338     1197      299     1198     4891     4892     4893 
    2339     2339     2339     2339     2339      299      300     1198     2200     4894     4892 
    2340     2340     2340     2340     2340     1198      300     1199     4894     4895     4896 
    2341     2341     2341     2341     2341      300      301     1199     2204     4897     4895 
    2342     2342     2342     2342     2342     1199      301     1200     4897     4898     4899 
    2343     2343     2343     2343     2343      301      302     1200     2208     4900     4898 
    2344     2344     2344     2344     2344     1200      302     1201     4900     4901     4902 
    2345     2345     2345     2345     2345      302      303     1201     2212     4903     4901 
    2346     2346     2346     2346     2346     1201      303     1202     4903     4904     4905 
    2347     2347     2347     2347     2347      303      304     1202     2216     4906     4904 
    2348     2348     2348     2348     2348     1202      304     1164     4906     4786     4907 
    2349     2349     2349     2349     2349     1177     1190     1178     4869     4908     4830 
    2350     2350     2350     2350     2350     1178     1190     1203     4908     4909     4910 
    2351     2351     2351     2351     2351     1190     1191     1203     4872     4911     4909 
    2352     2352     2352     2352     2352     1203     1191     1204     4911     4912     4913 
    2353     2353     2353     2353     2353     1191     1192     1204     4875     4914     4912 
    2354     2354     2354     2354     2354     1204     1192     1205     4914     4915     4916 
    2355     2355     2355     2355     2355     1192     1193     1205     4878     4917     4915 
    2356     2356     2356     2356     2356     1205     1193     1206     4917     4918     4919 
    2357     2357     2357     2357     2357     1193     1194     1206     4881     4920     4918 
    2358     2358     2358     2358     2358     1206     1194     1207     4920     4921     4922 
    2359     2359     2359     2359     2359     1194     1195     1207     4884     4923     4921 
    2360     2360     2360     2360     2360     1207     1195     1208     4923     4924     4925 
    2361     2361     2361     2361     2361     1195     1196     1208     4887     4926     4924 
    2362     2362     2362     2362     2362     1208     1196     1209     4926     4927     4928 
    2363     2363     2363     2363     2363     1196     1197     1209     4890     4929     4927 
    2364     2364     2364     2364     2364     1209     1197     1210     4929     4930     4931 
    2365     2365     2365     2365     2365     1197     1198     1210     4893     4932     4930 
    2366     2366     2366     2366     2366     1210     1198     1211     4932     4933     4934 
    2367     2367     2367     2367     2367     1198     1199     1211     4896     4935     4933 
    2368     2368     2368     2368     2368     1211     1199     1212     4935     4936     4937 
    2369     2369     2369     2369     2369     1199     1200     1212     4899     4938     4936 
    2370     2370     2370     2370     2370     1212     1200     1213     4938     4939     4940 
    2371     2371     2371     2371     2371     1200     1201     1213     4902     4941     4939 
    2372     2372     2372     2372     2372     1213     1201     1214     4941     4942     4943 
    2373     2373     2373     2373     2373     1201     1202     1214     4905     4944     4942 
    2374     2374     2374     2374     2374     1214     1202     1215     4944     4945     4946 
    2375     2375     2375     2375     2375     1202     1164     1215     4907     4947     4945 
    2376     2376     2376     2376     2376     1215     1164     1165     4947     4789     4948 
    2377     2377     2377     2377     2377     1178     1203     1179     4910     4949     4833 
    2378     2378     2378     2378     2378     1179     1203     1216     4949     4950     4951 
    2379     2379     2379     2379     2379     1203     1204     1216     4913     4952     4950 
    2380     2380     2380     2380     2380     1216     1204     1217     4952     4953     4954 
    2381     2381     2381     2381     2381     1204     1205     1217     4916     4955     4953 
    2382     2382     2382     2382     2382     1217     1205     1218     4955     4956     4957 
    2383     2383     2383     2383     2383     1205     1206     1218     4919     4958     4956 
    2384     2384     2384     2384     2384     1218     1206     1219     4958     4959     4960 
    2385     2385     2385     2385     2385     1206     1207     1219     4922     4961     4959 
    2386     2386     2386     2386     2386     1219     1207     1220     4961     4962     4963 
    2387     2387     2387     2387     2387     1207     1208     1220     4925     4964     4962 
    2388     2388     2388     2388     2388     1220     1208     1221     4964     4965     4966 
    2389     2389     2389     2389     2389     1208     1209     1221     4928     4967     4965 
    2390     2390     2390     2390     2390     1221     1209     1222     4967     4968     4969 
    2391     2391     2391     2391     2391     1209     1210     1222     4931     4970     4968 
    2392     2392     2392     2392     2392     1222     1210     1223     4970     4971     4972 
    2393     2393     2393     2393     2393     1210     1211     1223     4934     4973     4971 
    2394     2394     2394     2394     2394     1223     1211     1224     4973     4974     4975 
    2395     2395     2395     2395     2395     1211     1212     1224     4937     4976     4974 
    2396     2396     2396     2396     2396     1224     1212     1225     4976     4977     4978 
    2397     2397     2397     2397     2397     1212     1213     1225     4940     4979     4977 
    2398     2398     2398     2398     2398     1225     1213     1226     4979     4980     4981 
    2399     2399     2399     2399     2399     1213     1214     1226     4943     4982     4980 
    2400     2400     2400     2400     2400     1226     1214     1227     4982     4983     4984 
    2401     2401     2401     2401     2401     1214     1215     1227     4946     4985     4983 
    2402     2402     2402     2402     2402     1227     1215     1228     4985     4986     4987 
    2403     2403     2403     2403     2403     1215     1165     1228     4948     4988     4986 
    2404     2404     2404     2404     2404     1228     1165     1166     4988     4792     4989 
    2405     2405     2405     2405     2405     1179     1216     1180     4951     4990     4836 
    2406     2406     2406     2406     2406     1180     1216     1229     4990     4991     4992 
    2407     2407     2407     2407     2407     1216     1217     1229     4954     4993     4991 
    2408     2408     2408     2408     2408     1229     1217     1230     4993     4994     4995 
    2409     2409     2409     2409     2409     1217     1218     1230     4957     4996     4994 
    2410     2410     2410     2410     2410     1230     1218     1231     4996     4997     4998 
    2411     2411     2411     2411     2411     1218     1219     1231     4960     4999     4997 
    2412     2412     2412     2412     2412     1231     1219     1232     4999     5000     5001 
    2413     2413     2413     2413     2413     1219     1220     1232     4963     5002     5000 
    2414     2414     2414     2414     2414     1232     1220     1233     5002     5003     5004 
    2415     2415     2415     2415     2415     1220     1221     1233     4966     5005     5003 
    2416     2416     2416     2416     2416     1233     1221     1234     5005     5006     5007 
    2417     2417     2417     2417     2417     1221     1222     1234     4969     5008     5006 
    2418     2418     2418     2418     2418     1234     1222     1235     5008     5009     5010 
    2419     2419     2419     2419     2419     1222     1223     1235     4972     5011     5009 
    2420     2420     2420     2420     2420     1235     1223     1236     5011     5012     5013 
    2421     2421     2421     2421     2421     1223     1224     1236     4975     5014     5012 
    2422     2422     2422     2422     2422     1236     1224     1237     5014     5015     5016 
    2423     2423     2423     2423     2423     1224     1225     1237     4978     5017     5015 
    2424     2424     2424     2424     2424     1237     1225     1238     5017     5018     5019 
    2425     2425     2425     2425     2425     1225     1226     1238     4981     5020     5018 
    2426     2426     2426     2426     2426     1238     1226     1239     5020     5021     5022 
    2427     2427     2427     2427     2427     1226     1227     1239     4984     5023     5021 
    2428     2428     2428     2428     2428     1239     1227     1240     5023     5024     5025 
    2429     2429     2429     2429     2429     1227     1228     1240     4987     5026     5024 
    2430     2430     2430     2430     2430     1240     1228     1241     5026     5027     5028 
    2431     2431     2431     2431     2431     1228     1166     1241     4989     5029     5027 
    2432     2432     2432     2432     2432     1241     1166     1167     5029     4795     5030 
    2433     2433     2433     2433     2433     1180     1229     1181     4992     5031     4839 
    2434     2434     2434     2434     2434     1181     1229     1242     5031     5032     5033 
    2435     2435     2435     2435     2435     1229     1230     1242     4995     5034     5032 
    2436     2436     2436     2436     2436     1242     1230     1243     5034     5035     5036 
    2437     2437     2437     2437     2437     1230     1231     1243     4998     5037     5035 
    2438     2438     2438     2438     2438     1243     1231     1244     5037     5038     5039 
    2439     2439     2439     2439     2439     1231     1232     1244     5001     5040     5038 
    2440     2440     2440     2440     2440     1244     1232     1245     5040     5041     5042 
    2441     2441     2441     2441     2441     1232     1233     1245     5004     5043     5041 
    2442     2442     2442     2442     2442     1245     1233     1246     5043     5044     5045 
    2443     2443     2443     2443     2443     1233     1234     1246     5007     5046     5044 
    2444     2444     2444     2444     2444     1246     1234     1247     5046     5047     5048 
    2445     2445     2445     2445     2445     1234     1235     1247     5010     5049     5047 
    2446     2446     2446     2446     2446     1247     1235     1248     5049     5050     5051 
    2447     2447     2447     2447     2447     1235     1236     1248     5013     5052     5050 
    2448     2448     2448     2448     2448     1248     1236     1249     5052     5053     5054 
    2449     2449     2449     2449     2449     1236     1237     1249     5016     5055     5053 
    2450     2450     2450     2450     2450     1249     1237     1250     5055     5056     5057 
    2451     2451     2451     2451     2451     1237     1238     1250     5019     5058     5056 
    2452     2452     2452     2452     2452     1250     1238     1251     5058     5059     5060 
    2453     2453     2453     2453     2453     1238     1239     1251     5022     5061     5059 
    2454     2454     2454     2454     2454     1251     1239     1252     5061     5062     5063 
    2455     2455     2455     2455     2455     1239     1240     1252     5025     5064     5062 
    2456     2456     2456     2456     2456     1252     1240     1253     5064     5065     5066 
    2457     2457     2457     2457     2457     1240     1241     1253     5028     5067     5065 
    2458     2458     2458     2458     2458     1253     1241     1254     5067     5068     5069 
    2459     2459     2459     2459     2459     1241     1167     1254     5030     5070     5068 
    2460     2460     2460     2460     2460     1254     1167     1168     5070     4798     5071 
    2461     2461     2461     2461     2461     1181     1242     1182     5033     5072     4842 
    2462     2462     2462     2462     2462     1182     1242     1255     5072     5073     5074 
    2463     2463     2463     2463     2463     1242     1243     1255     5036     5075     5073 
    2464     2464     2464     2464     2464     1255     1243     1256     5075     5076     5077 
    2465     2465     2465     2465     2465     1243     1244     1256     5039     5078     5076 
    2466     2466     2466     2466     2466     1256     1244     1257     5078     5079     5080 
    2467     2467     2467     2467     2467     1244     1245     1257     5042     5081     5079 
    2468     2468     2468     2468     2468     1257     1245     1258     5081     5082     5083 
    2469     2469     2469     2469     2469     1245     1246     1258     5045     5084     5082 
    2470     2470     2470     2470     2470     1258     1246     1259     5084     5085     5086 
    2471     2471     2471     2471     2471     1246     1247     1259     5048     5087     5085 
    2472     2472     2472     2472     2472     1259     1247     1260     5087     5088     5089 
    2473     2473     2473     2473     2473     1247     1248     1260     5051     5090     5088 
    2474     2474     2474     2474     2474     1260     1248     1261     5090     5091     5092 
    2475     2475     2475     2475     2475     1248     1249     1261     5054     5093     5091 
    2476     2476     2476     2476     2476     1261     1249     1262     5093     5094     5095 
    2477     2477     2477     2477     2477     1249     1250     1262     5057     5096     5094 
    2478     2478     2478     2478     2478     1262     1250     1263     5096     5097     5098 
    2479     2479     2479     2479     2479     1250     1251     1263     5060     5099     5097 
    2480     2480     2480     2480     2480     1263     1251     1264     5099     5100     5101 
    2481     2481     2481     2481     2481     1251     1252     1264     5063     5102     5100 
    2482     2482     2482     2482     2482     1264     1252     1265     5102     5103     5104 
    2483     2483     2483     2483     2483     1252     1253     1265     5066     5105     5103 
    2484     2484     2484     2484     2484     1265     1253     1266     5105     5106     5107 
    2485     2485     2485     2485     2485     1253     1254     1266     5069     5108     5106 
    2486     2486     2486     2486     2486     1266     1254     1267     5108     5109     5110 
    2487     2487     2487     2487     2487     1254     1168     1267     5071     5111     5109 
    2488     2488     2488     2488     2488     1267     1168     1169     5111     4801     5112 
    2489     2489     2489     2489     2489     1182     1255     1183     5074     5113     4845 
    2490     2490     2490     2490     2490     1183     1255     1268     5113     5114     5115 
    2491     2491     2491     2491     2491     1255     1256     1268     5077     5116     5114 
    2492     2492     2492     2492     2492     1268     1256     1269     5116     5117     5118 
    2493     2493     2493     2493     2493     1256     1257     1269     5080     5119     5117 
    2494     2494     2494     2494     2494     1269     1257     1270     5119     5120     5121 
    2495     2495     2495     2495     2495     1257     1258     1270     5083     5122     5120 
    2496     2496     2496     2496     2496     1270     1258     1271     5122     5123     5124 
    2497     2497     2497     2497     2497     1258     1259     1271     5086     5125     5123 
    2498     2498     2498     2498     2498     1271     1259     1272     5125     5126     5127 
    2499     2499     2499     2499     2499     1259     1260     1272     5089     5128     5126 
    2500     2500     2500     2500     2500     1272     1260     1273     5128     5129     5130 
    2501     2501     2501     2501     2501     1260     1261     1273     5092     5131     5129 
    2502     2502     2502     2502     2502     1273     1261     1274     5131     5132     5133 
    2503     2503     2503     2503     2503     1261     1262     1274     5095     5134     5132 
    2504     2504     2504     2504     2504     1274     1262     1275     5134     5135     5136 
    2505     2505     2505     2505     2505     1262     1263     1275     5098     5137     5135 
    2506     2506     2506     2506     2506     1275     1263     1276     5137     5138     5139 
    2507     2507     2507     2507     2507     1263     1264     1276     5101     5140     5138 
    2508     2508     2508     2508     2508     1276     1264     1277     5140     5141     5142 
    2509     2509     2509     2509     2509     1264     1265     1277     5104     5143     5141 
    2510     2510     2510     2510     2510     1277     1265     1278     5143     5144     5145 
    2511     2511     2511     2511     2511     1265     1266     1278     5107     5146     5144 
    2512     2512     2512     2512     2512     1278     1266     1279     5146     5147     5148 
    2513     2513     2513     2513     2513     1266     1267     1279     5110     5149     5147 
    2514     2514     2514     2514     2514     1279     1267     1280     5149     5150     5151 
    2515     2515     2515     2515     2515     1267     1169     1280     5112     5152     5150 
    2516     2516     2516     2516     2516     1280     1169     1170     5152     4804     5153 
    2517     2517     2517     2517     2517     1183     1268     1184     5115     5154     4848 
    2518     2518     2518     2518     2518     1184     1268     1281     5154     5155     5156 
    2519     2519     2519     2519     2519     1268     1269     1281     5118     5157     5155 
    2520     2520     2520     2520     2520     1281     1269     1282     5157     5158     5159 
    2521     2521     2521     2521     2521     1269     1270     1282     5121     5160     5158 
    2522     2522     2522     2522     2522     1282     1270     1283     5160     5161     5162 
    2523     2523     2523     2523     2523     1270     1271     1283     5124     5163     5161 
    2524     2524     2524     2524     2524     1283     1271     1284     5163     5164     5165 
    2525     2525     2525     2525     2525     1271     1272     1284     5127     5166     5164 
    2526     2526     2526     2526     2526     1284     1272     1285     5166     5167     5168 
    2527     2527     2527     2527     2527     1272     1273     1285     5130     5169     5167 
    2528     2528     2528     2528     2528     1285     1273     1286     5169     5170     5171 
    2529     2529     2529     2529     2529     1273     1274     1286     5133     5172     5170 
    2530     2530     2530     2530     2530     1286     1274     1287     5172     5173     5174 
    2531     2531     2531     2531     2531     1274     1275     1287     5136     5175     5173 
    2532     2532     2532     2532     2532     1287     1275     1288     5175     5176     5177 
    2533     2533     2533     2533     2533     1275     1276     1288     5139     5178     5176 
    2534     2534     2534     2534     2534     1288     1276     1289     5178     5179     5180 
    2535     2535     2535     2535     2535     1276     1277     1289     5142     5181     5179 
    2536     2536     2536     2536     2536     1289     1277     1290     5181     5182     5183 
    2537     2537     2537     2537     2537     1277     1278     1290     5145     5184     5182 
    2538     2538     2538     2538     2538     1290     1278     1291     5184     5185     5186 
    2539     2539     2539     2539     2539     1278     1279     1291     5148     5187     5185 
    2540     2540     2540     2540     2540     1291     1279     1292     5187     5188     5189 
    2541     2541     2541     2541     2541     1279     1280     1292     5151     5190     5188 
    2542     2542     2542     2542     2542     1292     1280     1293     5190     5191     5192 
    2543     2543     2543     2543     2543     1280     1170     1293     5153     5193     5191 
    2544     2544     2544     2544     2544     1293     1170     1171     5193     4807     5194 
    2545     2545     2545     2545     2545     1184     1281     1185     5156     5195     4851 
    2546     2546     2546     2546     2546     1185     1281     1294     5195     5196     5197 
    2547     2547     2547     2547     2547     1281     1282     1294     5159     5198     5196 
    2548     2548     2548     2548     2548     1294     1282     1295     5198     5199     5200 
    2549     2549     2549     2549     2549     1282     1283     1295     5162     5201     5199 
    2550     2550     2550     2550     2550     1295     1283     1296     5201     5202     5203 
    2551     2551     2551     2551     2551     1283     1284     1296     5165     5204     5202 
    2552     2552     2552     2552     2552     1296     1284     1297     5204     5205     5206 
    2553     2553     2553     2553     2553     1284     1285     1297     5168     5207     5205 
    2554     2554     2554     2554     2554     1297     1285     1298     5207     5208     5209 
    2555     2555     2555     2555     2555     1285     1286     1298     5171     5210     5208 
    2556     2556     2556     2556     2556     1298     1286     1299     5210     5211     5212 
    2557     2557     2557     2557     2557     1286     1287     1299     5174     5213     5211 
    2558     2558     2558     2558     2558     1299     1287     1300     5213     5214     5215 
    2559     2559     2559     2559     2559     1287     1288     1300     5177     5216     5214 
    2560     2560     2560     2560     2560     1300     1288     1301     5216     5217     5218 
    2561     2561     2561     2561     2561     1288     1289     1301     5180     5219     5217 
    2562     2562     2562     2562     2562     1301     1289     1302     5219     5220     5221 
    2563     2563     2563     2563     2563     1289     1290     1302     5183     5222     5220 
    2564     2564     2564     2564     2564     1302     1290     1303     5222     5223     5224 
    2565     2565     2565     2565     2565     1290     1291     1303     5186     5225     5223 
    2566     2566     2566     2566     2566     1303     1291     1304     5225     5226     5227 
    2567     2567     2567     2567     2567     1291     1292     1304     5189     5228     5226 
    2568     2568     2568     2568     2568     1304     1292     1305     5228     5229     5230 
    2569     2569     2569     2569     2569     1292     1293     1305     5192     5231     5229 
    2570     2570     2570     2570     2570     1305     1293     1306     5231     5232     5233 
    2571     2571     2571     2571     2571     1293     1171     1306     5194     5234     5232 
    2572     2572     2572     2572     2572     1306     1171     1172     5234     4810     5235 
    2573     2573     2573     2573     2573     1185     1294     1186     5197     5236     4854 
    2574     2574     2574     2574     2574     1186     1294     1307     5236     5237     5238 
    2575     2575     2575     2575     2575     1294     1295     1307     5200     5239     5237 
    2576     2576     2576     2576     2576     1307     1295     1308     5239     5240     5241 
    2577     2577     2577     2577     2577     1295     1296     1308     5203     5242     5240 
    2578     2578     2578     2578     2578     1308     1296     1309     5242     5243     5244 
    2579     2579     2579     2579     2579     1296     1297     1309     5206     5245     5243 
    2580     2580     2580     2580     2580     1309     1297     1310     5245     5246     5247 
    2581     2581     2581     2581     2581     1297     1298     1310     5209     5248     5246 
    2582     2582     2582     2582     2582     1310     1298     1311     5248     5249     5250 
    2583     2583     2583     2583     2583     1298     1299     1311     5212     5251     5249 
    2584     2584     2584     2584     2584     1311     1299     1312     5251     5252     5253 
    2585     2585     2585     2585     2585     1299     1300     1312     5215     5254     5252 
    2586     2586     2586     2586     2586     1312     1300     1313     5254     5255     5256 
    2587     2587     2587     2587     2587     1300     1301     1313     5218     5257     5255 
    2588     2588     2588     2588     2588     1313     1301     1314     5257     5258     5259 
    2589     2589     2589     2589     2589     1301     1302     1314     5221     5260     5258 
    2590     2590     2590     2590     2590     1314     1302     1315     5260     5261     5262 
    2591     2591     2591     2591     2591     1302     1303     1315     5224     5263     5261 
    2592     2592     2592     2592     2592     1315     1303     1316     5263     5264     5265 
    2593     2593     2593     2593     2593     1303     1304     1316     5227     5266     5264 
    2594     2594     2594     2594     2594     1316     1304     1317     5266     5267     5268 
    2595     2595     2595     2595     2595     1304     1305     1317     5230     5269     5267 
    2596     2596     2596     2596     2596     1317     1305     1318     5269     5270     5271 
    2597     2597     2597     2597     2597     1305     1306     1318     5233     5272     5270 
    2598     2598     2598     2598     2598     1318     1306     1319     5272     5273     5274 
    2599     2599     2599     2599     2599     1306     1172     1319     5235     5275     5273 
    2600     2600     2600     2600     2600     1319     1172     1173     5275     4813     5276 
    2601     2601     2601     2601     2601     1186     1307     1187     5238     5277     4857 
    2602     2602     2602     2602     2602     1187     1307     1320     5277     5278     5279 
    2603     2603     2603     2603     2603     1307     1308     1320     5241     5280     5278 
    2604     2604     2604     2604     2604     1320     1308     1321     5280     5281     5282 
    2605     2605     2605     2605     2605     1308     1309     1321     5244     5283     5281 
    2606     2606     2606     2606     2606     1321     1309     1322     5283     5284     5285 
    2607     2607     2607     2607     2607     1309     1310     1322     5247     5286     5284 
    2608     2608     2608     2608     2608     1322     1310     1323     5286     5287     5288 
    2609     2609     2609     2609     2609     1310     1311     1323     5250     5289     5287 
    2610     2610     2610     2610     2610     1323     1311     1324     5289     5290     5291 
    2611     2611     2611     2611     2611     1311     1312     1324     5253     5292     5290 
    2612     2612     2612     2612     2612     1324     1312     1325     5292     5293     5294 
    2613     2613     2613     2613     2613     1312     1313     1325     5256     5295     5293 
    2614     2614     2614     2614     2614     1325     1313     1326     5295     5296     5297 
    2615     2615     2615     2615     2615     1313     1314     1326     5259     5298     5296 
    2616     2616     2616     2616     2616     1326     1314     1327     5298     5299     5300 
    2617     2617     2617     2617     2617     1314     1315     1327     5262     5301     5299 
    2618     2618     2618     2618     2618     1327     1315     1328     5301     5302     5303 
    2619     2619     2619     2619     2619     1315     1316     1328     5265     5304     5302 
    2620     2620     2620     2620     2620     1328     1316     1329     5304     5305     5306 
    2621     2621     2621     2621     2621     1316     1317     1329     5268     5307     5305 
    2622     2622     2622     2622     2622     1329     1317     1330     5307     5308     5309 
    2623     2623     2623     2623     2623     1317     1318     1330     5271     5310     5308 
    2624     2624     2624     2624     2624     1330     1318     1331     5310     5311     5312 
    2625     2625     2625     2625     2625     1318     1319     1331     5274     5313     5311 
    2626     2626     2626     2626     2626     1331     1319     1332     5313     5314     5315 
    2627     2627     2627     2627     2627     1319     1173     1332     5276     5316     5314 
    2628     2628     2628     2628     2628     1332     1173     1174     5316     4816     5317 
    2629     2629     2629     2629     2629     1187     1320     1188     5279     5318     4860 
    2630     2630     2630     2630     2630     1188     1320     1333     5318     5319     5320 
    2631     2631     2631     2631     2631     1320     1321     1333     5282     5321     5319 
    2632     2632     2632     2632     2632     1333     1321     1334     5321     5322     5323 
    2633     2633     2633     2633     2633     1321     1322     1334     5285     5324     5322 
    2634     2634     2634     2634     2634     1334     1322     1335     5324     5325     5326 
    2635     2635     2635     2635     2635     1322     1323     1335     5288     5327     5325 
    2636     2636     2636     2636     2636     1335     1323     1336     5327     5328     5329 
    2637     2637     2637     2637     2637     1323     1324     1336     5291     5330     5328 
    2638     2638     2638     2638     2638     1336     1324     1337     5330     5331     5332 
    2639     2639     2639     2639     2639     1324     1325     1337     5294     5333     5331 
    2640     2640     2640     2640     2640     1337     1325     1338     5333     5334     5335 
    2641     2641     2641     2641     2641     1325     1326     1338     5297     5336     5334 
    2642     2642     2642     2642     2642     1338     1326     1339     5336     5337     5338 
    2643     2643     2643     2643     2643     1326     1327     1339     5300     5339     5337 
    2644     2644     2644     2644     2644     1339     1327     1340     5339     5340     5341 
    2645     2645     2645     2645     2645     1327     1328     1340     5303     5342     5340 
    2646     2646     2646     2646     2646     1340     1328     1341     5342     5343     5344 
    2647     2647     2647     2647     2647     1328     1329     1341     5306     5345     5343 
    2648     2648     2648     2648     2648     1341     1329     1342     5345     5346     5347 
    2649     2649     2649     2649     2649     1329     1330     1342     5309     5348     5346 
    2650     2650     2650     2650     2650     1342     1330     1343     5348     5349     5350 
    2651     2651     2651     2651     2651     1330     1331     1343     5312     5351     5349 
    2652     2652     2652     2652     2652     1343     1331     1344     5351     5352     5353 
    2653     2653     2653     2653     2653     1331     1332     1344     5315     5354     5352 
    2654     2654     2654     2654     2654     1344     1332     1345     5354     5355     5356 
    2655     2655     2655     2655     2655     1332     1174     1345     5317     5357     5355 
    2656     2656     2656     2656     2656     1345     1174     1175     5357     4819     5358 
    2657     2657     2657     2657     2657     1188     1333     1189     5320     5359     4863 
    2658     2658     2658     2658     2658     1189     1333     1346     5359     5360     5361 
    2659     2659     2659     2659     2659     1333     1334     1346     5323     5362     5360 
    2660     2660     2660     2660     2660     1346     1334     1347     5362     5363     5364 
    2661     2661     2661     2661     2661     1334     1335     1347     5326     5365     5363 
    2662     2662     2662     2662     2662     1347     1335     1348     5365     5366     5367 
    2663     2663     2663     2663     2663     1335     1336     1348     5329     5368     5366 
    2664     2664     2664     2664     2664     1348     1336     1349     5368     5369     5370 
    2665     2665     2665     2665     2665     1336     1337     1349     5332     5371     5369 
    2666     2666     2666     2666     2666     1349     1337     1350     5371     5372     5373 
    2667     2667     2667     2667     2667     1337     1338     1350     5335     5374     5372 
    2668     2668     2668     2668     2668     1350     1338     1351     5374     5375     5376 
    2669     2669     2669     2669     2669     1338     1339     1351     5338     5377     5375 
    2670     2670     2670     2670     2670     1351     1339     1352     5377     5378     5379 
    2671     2671     2671     2671     2671     1339     1340     1352     5341     5380     5378 
    2672     2672     2672     2672     2672     1352     1340     1353     5380     5381     5382 
    2673     2673     2673     2673     2673     1340     1341     1353     5344     5383     5381 
    2674     2674     2674     2674     2674     1353     1341     1354     5383     5384     5385 
    2675     2675     2675     2675     2675     1341     1342     1354     5347     5386     5384 
    2676     2676     2676     2676     2676     1354     1342     1355     5386     5387     5388 
    2677     2677     2677     2677     2677     1342     1343     1355     5350     5389     5387 
    2678     2678     2678     2678     2678     1355     1343     1356     5389     5390     5391 
    2679     2679     2679     2679     2679     1343     1344     1356     5353     5392     5390 
    2680     2680     2680     2680     2680     1356     1344     1357     5392     5393     5394 
    2681     2681     2681     2681     2681     1344     1345     1357     5356     5395     5393 
    2682     2682     2682     2682     2682     1357     1345     1358     5395     5396     5397 
    2683     2683     2683     2683     2683     1345     1175     1358     5358     5398     5396 
    2684     2684     2684     2684     2684     1358     1175     1176     5398     4822     5399 
    2685     2685     2685     2685     2685     1189     1346       76     5361     5400     4866 
    2686     2686     2686     2686     2686       76     1346       75     5400     5401     1534 
    2687     2687     2687     2687     2687     1346     1347       75     5364     5402     5401 
    2688     2688     2688     2688     2688       75     1347       74     5402     5403     1530 
    2689     2689     2689     2689     2689     1347     1348       74     5367     5404     5403 
    2690     2690     2690     2690     2690       74     1348       73     5404     5405     1526 
    2691     2691     2691     2691     2691     1348     1349       73     5370     5406     5405 
    2692     2692     2692     2692     2692       73     1349       72     5406     5407     1522 
    2693     2693     2693     2693     2693     1349     1350       72     5373     5408     5407 
    2694     2694     2694     2694     2694       72     1350       71     5408     5409     1518 
    2695     2695     2695     2695     2695     1350     1351       71     5376     5410     5409 
    2696     2696     2696     2696     2696       71     1351       70     5410     5411     1514 
    2697     2697     2697     2697     2697     1351     1352       70     5379     5412     5411 
    2698     2698     2698     2698     2698       70     1352       69     5412     5413     1510 
    2699     2699     2699     2699     2699     1352     1353       69     5382     5414     5413 
    2700     2700     2700     2700     2700       69     1353       68     5414     5415     1506 
    2701     2701     2701     2701     2701     1353     1354       68     5385     5416     5415 
    2702     2702     2702     2702     2702       68     1354       67     5416     5417     1502 
    2703     2703     2703     2703     2703     1354     1355       67     5388     5418     5417 
    2704     2704     2704     2704     2704       67     1355       66     5418     5419     1498 
    2705     2705     2705     2705     2705     1355     1356       66     5391     5420     5419 
    2706     2706     2706     2706     2706       66     1356       65     5420     5421     1494 
    2707     2707     2707     2707     2707     1356     1357       65     5394     5422     5421 
    2708     2708     2708     2708     2708       65     1357       64     5422     5423     1490 
    2709     2709     2709     2709     2709     1357     1358       64     5397     5424     5423 
    2710     2710     2710     2710     2710       64     1358       63     5424     5425     1486 
    2711     2711     2711     2711     2711     1358     1176       63     5399     5426     5425 
    2712     2712     2712     2712     2712       63     1176       61     5426     4825     1482 
